T,E_mean,E_std,Rg_back_mean,Rg_back_std,
0.5,14.966999999999999,0.8665592882197966,5.382333333333333,0.13580255274969344,
0.631578947368421,18.676000000000002,0.32543355696670245,4.898333333333333,0.05600297611139394,
0.763157894736842,21.241666666666667,0.22139858475910051,4.602,0.07597367965289034,
0.8947368421052632,22.875333333333334,0.5700055555284823,4.398333333333333,0.09436277514641753,
1.026315789473684,24.486,0.7035716026105657,4.232333333333334,0.05612783029240777,
1.1578947368421053,26.10066666666667,0.4598155427270084,4.1466666666666665,0.02768272626265931,
1.2894736842105263,26.660666666666664,0.5830405932122852,4.116,0.07192357054540595,
1.4210526315789473,27.149,0.1515024752273031,4.085333333333334,0.03407834111768574,
1.5526315789473684,27.72,0.3942245552981198,4.0793333333333335,0.1360747343680427,
1.6842105263157894,28.232,0.17364619201122677,4.009333333333333,0.08396626306638474,
1.8157894736842104,27.108666666666664,0.3066110456805707,3.8606666666666665,0.03066485501895187,
1.9473684210526314,-83.146,15.24115412296589,1.9983333333333333,0.07007377065160211
2.0789473684210527,-309.6673333333333,41.51040862643169,2.0923333333333334,0.2560514271261407
2.2105263157894735,-299.88933333333335,146.56775859080787,3.1823333333333332,1.7715711482560708
2.3421052631578947,-329.09,116.57525585217473,2.2746666666666666,0.4319552445952397
2.473684210526316,-352.4116666666667,103.48281040507807,2.4623333333333335,0.7657612769873737
2.6052631578947367,-342.726,55.481766842810636,2.1973333333333334,0.2604348926955321
2.736842105263158,-224.27033333333333,26.61490165928353,2.8533333333333335,0.5067547072631228
2.8684210526315788,-321.4166666666667,89.16989869531832,2.6016666666666666,0.8535644869213651
3.0,-357.25,90.06664199358161,2.421666666666667,0.6694044616921322
