baseline,model,seed,temperature_index,temperature,split,target_vs_fit_contact_js,target_vs_remd_contact_js,fit_vs_remd_contact_js,target_vs_fit_rg_js,target_vs_remd_rg_js,fit_vs_remd_rg_js,target_mean_contacts,fit_mean_contacts,remd_mean_contacts,target_mean_rg,fit_mean_rg,remd_mean_rg
final_joint_baseline_44mer,hs,1,0,280.0,train,0.062090813433788056,0.08549611591508251,0.0070771619053926135,0.016931225796636543,0.025578398989916956,0.010212779313016087,8.984389264195727,9.225096178084602,9.318000000000001,1.7330192887155929,1.7145363817574557,1.7064359292546458
final_joint_baseline_44mer,hs,1,1,281.119,train,0.059080395418248915,0.06675861790352348,0.004278956626141431,0.016575632719088657,0.021685586900295657,0.009419934650286316,9.245772472764894,9.32340239600168,9.257333333333332,1.7254357146970922,1.710083653443943,1.7289741310661904
final_joint_baseline_44mer,hs,1,2,282.243,train,0.06321644095505119,0.06700142616242334,0.0014059385824632788,0.017449298907112797,0.02045462597017554,0.008076639311978828,9.307776459132127,9.422876169398691,9.335333333333335,1.7239583652442858,1.7055913989849256,1.7205899881554427
final_joint_baseline_44mer,hs,1,3,283.371,train,0.06561963183327768,0.06975714839313843,0.0030087115368909595,0.016482937929952615,0.020546594502564387,0.007332102170604097,9.5004241220863,9.523442130784534,9.578666666666667,1.7181079388731155,1.701063464293021,1.698199567718798
final_joint_baseline_44mer,hs,1,4,284.504,train,0.06583128892832611,0.07322315743159633,0.0030430644688508057,0.01570741402589568,0.022107704948774298,0.010186870165104205,9.659105501795388,9.62520255348112,9.690000000000001,1.7148231530757665,1.696495695678403,1.6858465717477507
final_joint_baseline_44mer,hs,1,5,285.641,train,0.064248791224271,0.06566507066459412,0.0038181236169714337,0.015150103746441695,0.026434076642412555,0.010489937865449103,9.834191086969753,9.72808069720752,9.652666666666665,1.70995073357408,1.6918919973426858,1.6918062606980702
final_joint_baseline_44mer,hs,1,6,286.783,train,0.06774474512679304,0.06609716472033127,0.002289518370049283,0.015446969328101978,0.023070880055698705,0.009072820978036075,10.003320324386829,9.832180056240741,9.758666666666667,1.700945718091396,1.6872482062966678,1.6934001426856584
final_joint_baseline_44mer,hs,1,7,287.929,train,0.06958311316628384,0.06816315693497539,0.0026447884641863737,0.015282064259753043,0.015161090559801499,0.00758364540841237,10.215862546406182,9.937422389661705,9.723333333333333,1.6943485754338155,1.682568289378287,1.68767768884737
final_joint_baseline_44mer,hs,1,8,289.08,train,0.0744137364642203,0.09002168329673252,0.005330049189405326,0.015368957027929994,0.020789153476671665,0.008569111029017008,10.399694936400707,10.043912325324627,10.168666666666667,1.6849675212879243,1.6778480791729704,1.674522468754306
final_joint_baseline_44mer,hs,1,9,290.235,train,0.0737524201610635,0.08469687273290044,0.007561257606432507,0.014998798405816216,0.018624291026528704,0.007337438925992004,10.524419922707079,10.151569976434864,10.193333333333335,1.681340394793113,1.6730916099522928,1.6767956032513949
final_joint_baseline_44mer,hs,1,10,291.395,train,0.07167252433492974,0.07354800731944228,0.005067689704228339,0.01558565485469663,0.02150472352668939,0.008061742473593711,10.66035238269125,10.260500996301994,10.136000000000001,1.6777821959555088,1.6682947154089174,1.6571628251109392
final_joint_baseline_44mer,hs,1,11,292.56,train,0.07285258250190091,0.07980924376506145,0.004268787638540798,0.015693659827359718,0.02448338271408009,0.00882934486166302,10.742928001947536,10.370718647612104,10.465333333333334,1.6731364718597481,1.663457341803712,1.6637948440878274
final_joint_baseline_44mer,hs,1,12,293.729,train,0.07185183005927237,0.08501420375496876,0.0028984995862686934,0.01576139101357918,0.02251738812227178,0.00782344536772201,10.807456941147832,10.48214026799837,10.532666666666668,1.6738479584546968,1.6585836347593932,1.6543381552584222
final_joint_baseline_44mer,hs,1,13,294.903,train,0.07106778706678121,0.08330744414234276,0.004296095704569047,0.015986027610984745,0.02404957380212895,0.009193408288721026,10.913218154707565,10.594872802899417,10.497333333333335,1.6724701711734125,1.653669441740782,1.6614633148840268
final_joint_baseline_44mer,hs,1,14,296.082,train,0.07472570039348256,0.0766802014973138,0.0046836431893930025,0.01785878092705153,0.02668836338517115,0.009155687499361352,11.137181242772805,10.708928592679532,10.596,1.665708368001392,1.648714779236065,1.6592548256732669
final_joint_baseline_44mer,hs,1,15,297.266,train,0.07426716487541543,0.07580892521438119,0.005048903730033747,0.017408124545326403,0.021349165028989127,0.007202944890089469,11.28130401375449,10.824319576979889,10.745333333333331,1.6584518174231966,1.6437196908403813,1.6464151944928327
final_joint_baseline_44mer,hs,1,16,298.454,train,0.07463676571563226,0.09498605543757935,0.004965223060111522,0.015119295816806672,0.02387896526440076,0.007652397023341202,11.462236397662954,10.940958696563625,11.002666666666666,1.653061674629598,1.638688492226517,1.6431512705899078
final_joint_baseline_44mer,hs,1,17,299.647,train,0.07512865171375507,0.07537380435899571,0.005326640826079018,0.01572251036214667,0.02298666356300779,0.00787446286793356,11.609464579149169,11.058954011009074,11.058666666666666,1.6439808387239871,1.6336170757426767,1.6335782342553904
final_joint_baseline_44mer,hs,1,18,300.845,train,0.0790519595291542,0.08976888643903064,0.0029878583356610228,0.015454030879344473,0.01970097310175365,0.009364870745228479,11.843582253058244,11.178315908274588,11.193999999999999,1.6384022936673557,1.628505577426884,1.6274083323682567
final_joint_baseline_44mer,hs,1,19,302.047,train,0.08093427283657682,0.08877844291839639,0.004457904387524298,0.015870541189328916,0.02324451667757696,0.008028840964266854,12.03045767147465,11.298953409218882,11.204666666666666,1.6302856790997862,1.6233584582384497,1.617772765595279
final_joint_baseline_44mer,hs,1,20,303.254,train,0.08314634412146733,0.08735156858817242,0.004743939561637652,0.015776582561894334,0.020310847637711932,0.00657312294629531,12.269134182338263,11.420974824127715,11.446666666666667,1.6206763978222538,1.6181716669742907,1.612252440958539
final_joint_baseline_44mer,hs,1,21,304.467,train,0.0818801360103697,0.08828150637992901,0.003780076565598986,0.01404969211305149,0.01940894498805699,0.007937446860587281,12.378670272655349,11.544490611282608,11.398666666666667,1.611008910967524,1.6129411314923883,1.6092720137346834
final_joint_baseline_44mer,hs,1,22,305.683,train,0.0848641477085035,0.08404671073137956,0.0042879775823509774,0.014306568058675233,0.016554877581842868,0.006704753029025685,12.575666042845839,11.669201611159398,11.911333333333333,1.6024266517823778,1.607680098855876,1.6030926593298196
final_joint_baseline_44mer,hs,1,23,306.905,train,0.08291919809774506,0.09161783570291565,0.0036615114967797507,0.013589996916871853,0.019260003767276455,0.008598562838101138,12.589017710425416,11.795420892718626,11.836000000000002,1.6065431646433592,1.6023759442407945,1.6062133753639722
final_joint_baseline_44mer,hs,1,24,308.132,train,0.07744844201558268,0.08236831419266616,0.0035410144257108215,0.014004070038236317,0.01915911937221203,0.007671112174428958,12.680625798794962,11.923051750034325,12.076,1.6048980912246824,1.597033366751441,1.5851332143777883
final_joint_baseline_44mer,hs,1,25,309.364,train,0.07854380886592,0.08611483636121131,0.006287716901555189,0.014312325011734458,0.018888715000579273,0.008318753988959128,12.839442212890269,12.052098581385199,12.131333333333334,1.602065164513469,1.5916527950991388,1.5891075482646353
final_joint_baseline_44mer,hs,1,26,310.6,train,0.0729221360903951,0.07557602882694786,0.004434963772220251,0.015118025943089624,0.02174182896892703,0.009315621403716955,12.760165616821862,12.182458782102579,12.393333333333334,1.6043305868470101,1.5862390955268681,1.5730449381477898
final_joint_baseline_44mer,hs,1,27,311.842,train,0.07384418481695626,0.07486344293659644,0.003379334993552765,0.015210069605861468,0.02108139554761727,0.009215598287947668,12.944969113261518,12.31434525943373,12.362666666666668,1.5958195529076442,1.5807840413758611,1.5783311626281327
final_joint_baseline_44mer,hs,1,28,313.088,train,0.07830816633322578,0.08449526475103383,0.0041794986573104745,0.0161781270462694,0.02600714162710739,0.007655723158348343,13.29451341975534,12.447546264439897,12.372666666666667,1.5835136685075968,1.5752970056364135,1.5844567028381888
final_joint_baseline_44mer,hs,1,29,314.34,train,0.0748210521074752,0.08727570784536179,0.003579557640139899,0.013811245360998549,0.020042709443322457,0.006892927873655267,13.48962745724545,12.582274785593542,12.568666666666667,1.5730841481092992,1.5697698287582917,1.5648464777020963
final_joint_baseline_44mer,hs,1,30,315.596,train,0.0763428456716969,0.0825345252573845,0.004508272479938121,0.014174972231271505,0.022720236200391937,0.010368819987815608,13.672765276002677,12.718313266095484,12.744,1.567634268012788,1.5642120478280603,1.5734486654812652
final_joint_baseline_44mer,hs,1,31,316.858,train,0.07623675974331373,0.08564812484815001,0.005554085743332746,0.013826496189374262,0.019259335681782574,0.005943194271418742,13.829060921429004,12.85587436046102,12.528,1.5631233357800103,1.5586155844302638,1.5621480487291073
final_joint_baseline_44mer,hs,1,32,318.124,train,0.07700933778740632,0.08604267396889462,0.005839362477177033,0.013622634006697096,0.022180094711742007,0.0076083312702393425,14.070463605380073,12.99473439821008,12.922,1.558760215078798,1.552990143393708,1.558467261844412
final_joint_baseline_44mer,hs,1,33,319.396,train,0.0808522922712542,0.07857881474514028,0.005143681152980818,0.013636736808536314,0.02139298112322642,0.008028394903274207,14.099472795325909,13.135105264216147,13.28,1.560315682543106,1.5473277414809836,1.537454902066263
final_joint_baseline_44mer,hs,1,34,320.672,train,0.082620691001806,0.08764706274058426,0.0067692860828921925,0.013478125930216103,0.013988262938824119,0.00730017168833845,14.246917031830076,13.276756890549201,13.471333333333334,1.5576941339806614,1.541638253421362,1.5399479057748078
final_joint_baseline_44mer,hs,1,35,321.954,train,0.07970746554178146,0.0891703094123473,0.004727876956842514,0.01219686564404606,0.017676299604760227,0.009072814698881541,14.381535283914552,13.419899943592664,13.348666666666666,1.553315696022292,1.5359138049226373,1.5386091157571835
final_joint_baseline_44mer,hs,1,36,323.241,train,0.08185448035703152,0.08667767276590074,0.002895937269361615,0.012195598508039068,0.020794872016824492,0.008118580289312297,14.587121903718579,13.56441030064655,13.588666666666668,1.545519977992165,1.5301599677584123,1.5282671196897064
final_joint_baseline_44mer,hs,1,37,324.533,train,0.07728269404777996,0.08578457656698707,0.00583142867963176,0.011409525747417812,0.01872671241075039,0.009011541978835302,14.566468109062138,13.710272373091641,13.487333333333336,1.5455605687236313,1.5243779320387172,1.530790927432828
final_joint_baseline_44mer,hs,1,38,325.83,train,0.0802407393025583,0.0879957071632686,0.0037612647279304107,0.01159922170365758,0.017899688584948163,0.008953528652738987,14.80466496257075,13.857468342889375,13.822000000000001,1.5404790686617498,1.5185689626921635,1.5276685651676292
final_joint_baseline_44mer,hs,1,39,327.132,train,0.0818790215728969,0.09209641697909066,0.004788667537563866,0.013299043986567767,0.02068468130139615,0.008744724664570155,14.926329042663259,14.005978089096505,14.086666666666666,1.543821294173438,1.5127344003549819,1.5054833691718217
final_joint_baseline_44mer,hs,1,40,328.44,train,0.07709520355297342,0.07802709726673965,0.0031426438107592302,0.012617635563719629,0.020985510472929635,0.009572783629507139,15.05278513176313,14.155894002619446,14.123333333333335,1.540026443712756,1.5068711791093836,1.5133584259270065
final_joint_baseline_44mer,hs,1,41,329.753,train,0.08131350443486074,0.0809633791752771,0.00790028330502418,0.014134863872608362,0.020378320394412508,0.0058764921006972705,15.265959923315682,14.307077309679187,14.576,1.5372187904758519,1.5009852762325244,1.4971532837317183
final_joint_baseline_44mer,hs,1,42,331.071,train,0.07605886203681694,0.08442372875086163,0.005053769786792622,0.015382872118196897,0.02354428257200077,0.010406202484253748,15.465113961414396,14.459500522572089,14.356000000000002,1.5314127841504375,1.4950782656825312,1.5102518067981678
final_joint_baseline_44mer,hs,1,43,332.394,train,0.08063525451302148,0.09404716875690455,0.005144425956850244,0.015510256860542157,0.020221606551607686,0.009330701269702622,15.650857373257864,14.613133614030982,14.443333333333333,1.5244549200868058,1.489151797965392,1.4948863369903633
final_joint_baseline_44mer,hs,1,44,333.723,train,0.07743586500086054,0.08560921854944686,0.00486767708919638,0.01675502955619349,0.021930962142773083,0.008715654573335237,15.79094470817357,14.768060768556424,14.353333333333333,1.5161238639190366,1.4832031256150915,1.508495796806544
final_joint_baseline_44mer,hs,1,45,335.057,train,0.07644145180297719,0.07689552684375067,0.0033543892323417775,0.01601411438909485,0.025438550504774497,0.00773658875761075,15.881811058365287,14.924130795904684,15.031333333333334,1.5139679599741689,1.477238534773516,1.4715411600943922
final_joint_baseline_44mer,hs,1,46,336.396,train,0.07738203291355353,0.08893908832344467,0.006395678758077389,0.015767091464624444,0.022701227129937093,0.008776380304625712,15.95942996470087,15.081305766510766,15.061333333333334,1.5107176380054235,1.4712599042979844,1.4829271966003235
final_joint_baseline_44mer,hs,1,47,337.741,train,0.07735310599848784,0.07821554280682486,0.00483804451808743,0.01617377872878539,0.02317128870025955,0.00802067382652403,16.191268790700505,15.239663018175296,15.052666666666667,1.5031807816212521,1.465264731755853,1.473188954461002
final_joint_baseline_44mer,hs,1,48,339.091,train,0.0730146315655271,0.0747440835669234,0.007480014925836406,0.015218343915840133,0.02702775051781838,0.010104218003604767,16.2934658572211,15.399042054943633,15.585333333333335,1.4997236766808852,1.4592595100887737,1.43871671802199
final_joint_baseline_44mer,hs,1,49,340.446,train,0.07278090051282836,0.07377189071557191,0.00617008334332257,0.01519096088761789,0.022315085096579493,0.0060385968898446375,16.485230661554375,15.559396952943239,15.626,1.4953283897396434,1.4532463310214063,1.444957856826162
final_joint_baseline_44mer,hs,1,50,341.807,train,0.07565726658025382,0.08628081403793289,0.00634494717805734,0.016170348570495166,0.02134384515029654,0.0066810145947050524,16.691355897389087,15.72079789688431,15.639333333333333,1.4903387932207046,1.4472229311823377,1.4534841949975277
final_joint_baseline_44mer,hs,1,51,343.173,train,0.0684333381326377,0.06986467698801793,0.004920402121138382,0.01494141235384298,0.01522957485155104,0.008023801389848862,16.85042336132919,15.883075496515222,15.698666666666668,1.4792115717588992,1.4411959749583119,1.4476979644907346
final_joint_baseline_44mer,hs,1,52,344.545,train,0.06904819996103648,0.06870999811481648,0.006948705991084282,0.01505782395117157,0.024308177734143028,0.0067059046623473145,17.108302522670563,16.04629510332385,16.114,1.4707794216938925,1.4351633514936522,1.4393647783656571
final_joint_baseline_44mer,hs,1,53,345.922,train,0.06459977808209079,0.065502923730207,0.005695301120323456,0.0150630242973416,0.02310572756726445,0.008269068381907059,17.151692684559674,16.210281777286035,16.104,1.4674249423764787,1.429131815400149,1.424018575945105
final_joint_baseline_44mer,hs,1,54,347.305,train,0.06839652176982536,0.06270984111203776,0.005126905430207596,0.01692910116660505,0.025277944734613554,0.007644382046528682,17.198451478911814,16.375096123979386,16.521333333333335,1.4707388309624263,1.4230993980841857,1.4225729481080056
final_joint_baseline_44mer,hs,1,55,348.693,train,0.06717873359213389,0.06607812225396784,0.004301031899081687,0.01673266183055623,0.024299175727324415,0.007841044704406053,17.365968291643842,16.540558126713982,16.490666666666666,1.46534792230597,1.417072919885081,1.4178212365219902
final_joint_baseline_44mer,hs,1,56,350.086,train,0.06898339875510273,0.07295130386537602,0.00573309323435086,0.017159255719662855,0.025362329160219434,0.008233549451378452,17.642026124398996,16.706604652194837,16.724,1.4586152219225486,1.4110548500657276,1.3960986229782077
final_joint_baseline_44mer,hs,1,57,351.486,train,0.06723535730682259,0.06622385735984822,0.005873714202694121,0.01923659090296247,0.024436232058608127,0.005604273010181741,17.59089830199014,16.873408744267657,16.859333333333332,1.459674410254965,1.4050391204110946,1.4060347955531547
final_joint_baseline_44mer,hs,1,58,352.891,train,0.06481274896884151,0.06266671108087954,0.006401896730075039,0.01884599215013316,0.022692364806041646,0.007699935261095922,17.764145137240583,17.04066463787472,17.086,1.454219169118449,1.3990369308629211,1.3998550046109948
final_joint_baseline_44mer,hs,1,59,354.301,train,0.06421822948915866,0.07160240419043962,0.005395851454390074,0.020364528385803583,0.030594546076348407,0.009640101269156827,17.849990870914734,17.208303241104524,17.127333333333333,1.4515792398474154,1.3930508385487432,1.3931567793308153
final_joint_baseline_44mer,hs,1,60,355.717,train,0.06270078209426333,0.054262254057093964,0.00990924454580661,0.021326457636040227,0.034543686090163284,0.011605023147867842,17.95618609640314,17.376372446154896,17.629333333333335,1.4478678684382402,1.3870792113102492,1.377039757337978
final_joint_baseline_44mer,hs,1,61,357.139,train,0.061672474251527346,0.060145046286906846,0.006455588710568889,0.023316219690683145,0.030606617663490397,0.009286720333447686,17.985555124459857,17.544799323185508,17.670666666666666,1.4474435804149874,1.381124718167223,1.384257517897177
final_joint_baseline_44mer,hs,1,62,358.567,train,0.0586819391769606,0.05595445794111047,0.0068036841464089535,0.02532233681690524,0.03916086544406239,0.008159033501425998,17.929191771651148,17.713509397584954,17.84466666666667,1.4479398595468786,1.3751900375734978,1.36111236674151
final_joint_baseline_44mer,hs,1,63,360.0,train,0.058008129246278226,0.05436468173832705,0.006718503896663217,0.027190818323866432,0.03014824548255352,0.009014424145620243,18.00590271438135,17.88230923186387,17.346666666666668,1.448537998438865,1.36928195608066,1.3879953850139743
final_joint_baseline_44mer,hs,2,0,280.0,train,0.062090813433788056,0.06822187856705131,0.0038190760631986505,0.016931225796636543,0.023391330584883126,0.008163297778813767,8.984389264195727,9.225096178084602,9.212,1.7330192887155929,1.7145363817574557,1.7259723435266978
final_joint_baseline_44mer,hs,2,1,281.119,train,0.059080395418248915,0.06274990800517347,0.005195429500319475,0.016575632719088657,0.023981306625958543,0.009623749096556194,9.245772472764894,9.32340239600168,9.607333333333333,1.7254357146970922,1.710083653443943,1.7012723203483548
final_joint_baseline_44mer,hs,2,2,282.243,train,0.06321644095505119,0.06279241457592169,0.002636088646849392,0.017449298907112797,0.019254522877216983,0.007947027381777673,9.307776459132127,9.422876169398691,9.353333333333332,1.7239583652442858,1.7055913989849256,1.7174323169365602
final_joint_baseline_44mer,hs,2,3,283.371,train,0.06561963183327768,0.07450251182940115,0.004534375521456963,0.016482937929952615,0.021559622285543485,0.008541868549574413,9.5004241220863,9.523442130784534,9.335333333333333,1.7181079388731155,1.701063464293021,1.7073828650345004
final_joint_baseline_44mer,hs,2,4,284.504,train,0.06583128892832611,0.06715575891001876,0.00465928966944373,0.01570741402589568,0.024393468063765744,0.008624947668184422,9.659105501795388,9.62520255348112,9.562,1.7148231530757665,1.696495695678403,1.7006731631309413
final_joint_baseline_44mer,hs,2,5,285.641,train,0.064248791224271,0.06349052818839973,0.005812306139951869,0.015150103746441695,0.019323487211550475,0.007492659517462582,9.834191086969753,9.72808069720752,9.891333333333334,1.70995073357408,1.6918919973426858,1.6829734670395795
final_joint_baseline_44mer,hs,2,6,286.783,train,0.06774474512679304,0.07931289271180574,0.005071809621948963,0.015446969328101978,0.02181541702187173,0.009155976172576527,10.003320324386829,9.832180056240741,9.979333333333333,1.700945718091396,1.6872482062966678,1.6840449050504784
final_joint_baseline_44mer,hs,2,7,287.929,train,0.06958311316628384,0.08308333635644384,0.003817177781674368,0.015282064259753043,0.015965247992222174,0.008688116400870648,10.215862546406182,9.937422389661705,9.97,1.6943485754338155,1.682568289378287,1.685264236292211
final_joint_baseline_44mer,hs,2,8,289.08,train,0.0744137364642203,0.07888903457186545,0.0033817512949797955,0.015368957027929994,0.02188882302546894,0.010778461461981633,10.399694936400707,10.043912325324627,10.059333333333335,1.6849675212879243,1.6778480791729704,1.6729779259554811
final_joint_baseline_44mer,hs,2,9,290.235,train,0.0737524201610635,0.0851481999996036,0.004653972363931684,0.014998798405816216,0.020486578397421556,0.009075492664776839,10.524419922707079,10.151569976434864,10.104,1.681340394793113,1.6730916099522928,1.6780886463594236
final_joint_baseline_44mer,hs,2,10,291.395,train,0.07167252433492974,0.08218874759420991,0.004555222628675674,0.01558565485469663,0.021218679636976254,0.008134462029120208,10.66035238269125,10.260500996301994,10.405333333333333,1.6777821959555088,1.6682947154089174,1.6641655099173283
final_joint_baseline_44mer,hs,2,11,292.56,train,0.07285258250190091,0.07670098260511296,0.0034023198915331494,0.015693659827359718,0.023254363010824484,0.009078611426333302,10.742928001947536,10.370718647612104,10.488666666666667,1.6731364718597481,1.663457341803712,1.6645703486638241
final_joint_baseline_44mer,hs,2,12,293.729,train,0.07185183005927237,0.07362684127084676,0.004761246975785736,0.01576139101357918,0.022256522459931267,0.008019375968716266,10.807456941147832,10.48214026799837,10.732,1.6738479584546968,1.6585836347593932,1.6403527708972832
final_joint_baseline_44mer,hs,2,13,294.903,train,0.07106778706678121,0.07413468887590335,0.002631897659520565,0.015986027610984745,0.02051214494878655,0.00911722222595001,10.913218154707565,10.594872802899417,10.545333333333332,1.6724701711734125,1.653669441740782,1.6553897637799524
final_joint_baseline_44mer,hs,2,14,296.082,train,0.07472570039348256,0.07528758919000847,0.004959199725607507,0.01785878092705153,0.02261258006544173,0.00756812790335939,11.137181242772805,10.708928592679532,10.722000000000001,1.665708368001392,1.648714779236065,1.648423647026675
final_joint_baseline_44mer,hs,2,15,297.266,train,0.07426716487541543,0.07637149757024653,0.004128872927635552,0.017408124545326403,0.024957979952695747,0.00868761147076013,11.28130401375449,10.824319576979889,10.682666666666666,1.6584518174231966,1.6437196908403813,1.6454824619205382
final_joint_baseline_44mer,hs,2,16,298.454,train,0.07463676571563226,0.07487434340276133,0.005016807743939514,0.015119295816806672,0.017525599532012326,0.006271017915214562,11.462236397662954,10.940958696563625,10.89,1.653061674629598,1.638688492226517,1.6424256831593576
final_joint_baseline_44mer,hs,2,17,299.647,train,0.07512865171375507,0.08449077893875093,0.0033158619045732386,0.01572251036214667,0.025411853742954522,0.009945276019833197,11.609464579149169,11.058954011009074,11.286666666666669,1.6439808387239871,1.6336170757426767,1.6140142107391806
final_joint_baseline_44mer,hs,2,18,300.845,train,0.0790519595291542,0.08046686114428017,0.004818238003740073,0.015454030879344473,0.025045687912366162,0.009363053130860177,11.843582253058244,11.178315908274588,10.940666666666667,1.6384022936673557,1.628505577426884,1.6455465961338143
final_joint_baseline_44mer,hs,2,19,302.047,train,0.08093427283657682,0.09414373948880232,0.005331486670108889,0.015870541189328916,0.023111019126231917,0.006693072090886814,12.03045767147465,11.298953409218882,11.242,1.6302856790997862,1.6233584582384497,1.6195806491930815
final_joint_baseline_44mer,hs,2,20,303.254,train,0.08314634412146733,0.08481201160899549,0.005004755106384814,0.015776582561894334,0.022414445320575,0.008883787401999195,12.269134182338263,11.420974824127715,11.414666666666667,1.6206763978222538,1.6181716669742907,1.635532544292806
final_joint_baseline_44mer,hs,2,21,304.467,train,0.0818801360103697,0.09177500969243182,0.0044385533975667395,0.01404969211305149,0.01817890832421816,0.00710863672011881,12.378670272655349,11.544490611282608,11.553333333333333,1.611008910967524,1.6129411314923883,1.6164299059149547
final_joint_baseline_44mer,hs,2,22,305.683,train,0.0848641477085035,0.08657878839686992,0.003644973341846242,0.014306568058675233,0.01980750543679234,0.006674545412424212,12.575666042845839,11.669201611159398,11.713333333333333,1.6024266517823778,1.607680098855876,1.608770332747556
final_joint_baseline_44mer,hs,2,23,306.905,train,0.08291919809774506,0.08704581176018757,0.0028385745223291196,0.013589996916871853,0.01863572140272146,0.011114196203917858,12.589017710425416,11.795420892718626,11.834666666666667,1.6065431646433592,1.6023759442407945,1.5927368564597069
final_joint_baseline_44mer,hs,2,24,308.132,train,0.07744844201558268,0.08019203606624979,0.004989805504395517,0.014004070038236317,0.015300094060815806,0.0063899586778310485,12.680625798794962,11.923051750034325,11.98466666666667,1.6048980912246824,1.597033366751441,1.5984025501643324
final_joint_baseline_44mer,hs,2,25,309.364,train,0.07854380886592,0.07870387258809895,0.004383366381503749,0.014312325011734458,0.021125272728144517,0.007743190259759439,12.839442212890269,12.052098581385199,12.199333333333332,1.602065164513469,1.5916527950991388,1.5775761321726243
final_joint_baseline_44mer,hs,2,26,310.6,train,0.0729221360903951,0.07205621802107973,0.00534125693810025,0.015118025943089624,0.024442100075985067,0.007994636252548946,12.760165616821862,12.182458782102579,12.167333333333334,1.6043305868470101,1.5862390955268681,1.5807914569372405
final_joint_baseline_44mer,hs,2,27,311.842,train,0.07384418481695626,0.09220131263117301,0.006223935297920409,0.015210069605861468,0.02274314937231285,0.00804646908381458,12.944969113261518,12.31434525943373,12.418666666666667,1.5958195529076442,1.5807840413758611,1.5750326907608418
final_joint_baseline_44mer,hs,2,28,313.088,train,0.07830816633322578,0.07773704452688016,0.003263024256407022,0.0161781270462694,0.018344360680102804,0.00825177893246646,13.29451341975534,12.447546264439897,12.506,1.5835136685075968,1.5752970056364135,1.5711634816498692
final_joint_baseline_44mer,hs,2,29,314.34,train,0.0748210521074752,0.08605066060287711,0.0030074988831087297,0.013811245360998549,0.02308707204106689,0.01131036829264849,13.48962745724545,12.582274785593542,12.550666666666666,1.5730841481092992,1.5697698287582917,1.5731793269903254
final_joint_baseline_44mer,hs,2,30,315.596,train,0.0763428456716969,0.08656338600595764,0.0030498623570559555,0.014174972231271505,0.01807984205819485,0.011900108469810211,13.672765276002677,12.718313266095484,12.588666666666668,1.567634268012788,1.5642120478280603,1.5804909144948918
final_joint_baseline_44mer,hs,2,31,316.858,train,0.07623675974331373,0.0754480313356379,0.005241842731396993,0.013826496189374262,0.015574151782181262,0.0066305360580348836,13.829060921429004,12.85587436046102,13.070666666666668,1.5631233357800103,1.5586155844302638,1.5550757306130285
final_joint_baseline_44mer,hs,2,32,318.124,train,0.07700933778740632,0.08820015837451459,0.0034635162574666407,0.013622634006697096,0.01856345261712055,0.007685717764358026,14.070463605380073,12.99473439821008,12.977333333333334,1.558760215078798,1.552990143393708,1.5630271432830174
final_joint_baseline_44mer,hs,2,33,319.396,train,0.0808522922712542,0.08807310594985608,0.0053438996601685345,0.013636736808536314,0.017422616206669683,0.006395059785744925,14.099472795325909,13.135105264216147,13.304666666666666,1.560315682543106,1.5473277414809836,1.5486631629240262
final_joint_baseline_44mer,hs,2,34,320.672,train,0.082620691001806,0.0920584481207718,0.004981727109537002,0.013478125930216103,0.01672706079763924,0.007031812482984968,14.246917031830076,13.276756890549201,13.104000000000001,1.5576941339806614,1.541638253421362,1.5614482723970913
final_joint_baseline_44mer,hs,2,35,321.954,train,0.07970746554178146,0.08881438222153833,0.0050956010354310105,0.01219686564404606,0.015810605429916202,0.006118800708988598,14.381535283914552,13.419899943592664,13.282666666666668,1.553315696022292,1.5359138049226373,1.5469809913318073
final_joint_baseline_44mer,hs,2,36,323.241,train,0.08185448035703152,0.09643111248644368,0.004556597725531327,0.012195598508039068,0.01829904046659367,0.009228019853648092,14.587121903718579,13.56441030064655,13.656666666666666,1.545519977992165,1.5301599677584123,1.5236098875377602
final_joint_baseline_44mer,hs,2,37,324.533,train,0.07728269404777996,0.08846688833059235,0.0032267446889020163,0.011409525747417812,0.019150538358507732,0.00922782274613111,14.566468109062138,13.710272373091641,13.742666666666667,1.5455605687236313,1.5243779320387172,1.526642559071331
final_joint_baseline_44mer,hs,2,38,325.83,train,0.0802407393025583,0.0858961902282768,0.0051635404579651305,0.01159922170365758,0.01698523429226526,0.007969428086137157,14.80466496257075,13.857468342889375,13.869333333333334,1.5404790686617498,1.5185689626921635,1.5156321023281205
final_joint_baseline_44mer,hs,2,39,327.132,train,0.0818790215728969,0.08680408482614371,0.004510550395873631,0.013299043986567767,0.01391152813935248,0.007639044062994425,14.926329042663259,14.005978089096505,14.011333333333333,1.543821294173438,1.5127344003549819,1.5074797818230476
final_joint_baseline_44mer,hs,2,40,328.44,train,0.07709520355297342,0.07842100680250491,0.005044797378584482,0.012617635563719629,0.024287895361547178,0.010498330424945279,15.05278513176313,14.155894002619446,14.174,1.540026443712756,1.5068711791093836,1.5115357123249282
final_joint_baseline_44mer,hs,2,41,329.753,train,0.08131350443486074,0.08297687938591741,0.004103887159063389,0.014134863872608362,0.018717626607960253,0.009483265127966876,15.265959923315682,14.307077309679187,14.263333333333334,1.5372187904758519,1.5009852762325244,1.496192059307704
final_joint_baseline_44mer,hs,2,42,331.071,train,0.07605886203681694,0.08639957433582149,0.006263749435983819,0.015382872118196897,0.02227693296665611,0.008803209116243018,15.465113961414396,14.459500522572089,14.291333333333334,1.5314127841504375,1.4950782656825312,1.5089595967891833
final_joint_baseline_44mer,hs,2,43,332.394,train,0.08063525451302148,0.08120970440002495,0.004609707773563061,0.015510256860542157,0.019143000165260743,0.008651811062645806,15.650857373257864,14.613133614030982,14.685333333333332,1.5244549200868058,1.489151797965392,1.4900990452194418
final_joint_baseline_44mer,hs,2,44,333.723,train,0.07743586500086054,0.08172321228791468,0.004541938956133728,0.01675502955619349,0.019797725180509054,0.006215152069754617,15.79094470817357,14.768060768556424,14.786666666666667,1.5161238639190366,1.4832031256150915,1.483258150874865
final_joint_baseline_44mer,hs,2,45,335.057,train,0.07644145180297719,0.0823282644363,0.005871882267494067,0.01601411438909485,0.020342775803626437,0.007100469045922969,15.881811058365287,14.924130795904684,14.934666666666667,1.5139679599741689,1.477238534773516,1.4766155979386288
final_joint_baseline_44mer,hs,2,46,336.396,train,0.07738203291355353,0.0920188396059117,0.007887193374568835,0.015767091464624444,0.026116725918862556,0.010656918014904964,15.95942996470087,15.081305766510766,15.17,1.5107176380054235,1.4712599042979844,1.4522535947698312
final_joint_baseline_44mer,hs,2,47,337.741,train,0.07735310599848784,0.08208659086802583,0.005099826288907042,0.01617377872878539,0.02154164798076376,0.007958040065017432,16.191268790700505,15.239663018175296,14.969333333333333,1.5031807816212521,1.465264731755853,1.4702690764982844
final_joint_baseline_44mer,hs,2,48,339.091,train,0.0730146315655271,0.07674953438625934,0.005828290050484385,0.015218343915840133,0.025617471434632156,0.00872008964033305,16.2934658572211,15.399042054943633,15.64466666666667,1.4997236766808852,1.4592595100887737,1.4449286105543517
final_joint_baseline_44mer,hs,2,49,340.446,train,0.07278090051282836,0.08052222677913773,0.0038496395710227345,0.01519096088761789,0.01908314827630652,0.006660183910813917,16.485230661554375,15.559396952943239,15.262666666666668,1.4953283897396434,1.4532463310214063,1.4649912878979694
final_joint_baseline_44mer,hs,2,50,341.807,train,0.07565726658025382,0.07940683607830182,0.007172367787116403,0.016170348570495166,0.021610973235037703,0.009500386114620828,16.691355897389087,15.72079789688431,15.686666666666667,1.4903387932207046,1.4472229311823377,1.4573397697887138
final_joint_baseline_44mer,hs,2,51,343.173,train,0.0684333381326377,0.06799473207218415,0.007534765667364134,0.01494141235384298,0.019024131692600123,0.009429529298777113,16.85042336132919,15.883075496515222,15.761333333333337,1.4792115717588992,1.4411959749583119,1.441228262429409
final_joint_baseline_44mer,hs,2,52,344.545,train,0.06904819996103648,0.06379808829904865,0.00714237230501568,0.01505782395117157,0.019714265871680143,0.01207972951668922,17.108302522670563,16.04629510332385,15.765333333333334,1.4707794216938925,1.4351633514936522,1.4358171696558564
final_joint_baseline_44mer,hs,2,53,345.922,train,0.06459977808209079,0.072804909508927,0.006275403583609912,0.0150630242973416,0.022381085937269528,0.008744688197018862,17.151692684559674,16.210281777286035,16.206,1.4674249423764787,1.429131815400149,1.4305196290427653
final_joint_baseline_44mer,hs,2,54,347.305,train,0.06839652176982536,0.06965767389209887,0.005316474813288565,0.01692910116660505,0.02201826502238944,0.008015161949931966,17.198451478911814,16.375096123979386,16.322666666666667,1.4707388309624263,1.4230993980841857,1.417728011822959
final_joint_baseline_44mer,hs,2,55,348.693,train,0.06717873359213389,0.06845039042300848,0.01046125580006255,0.01673266183055623,0.02374753041007889,0.008171522313982573,17.365968291643842,16.540558126713982,16.304666666666666,1.46534792230597,1.417072919885081,1.43100612394254
final_joint_baseline_44mer,hs,2,56,350.086,train,0.06898339875510273,0.07251084825703363,0.008304115591190509,0.017159255719662855,0.025434314965072494,0.008005794352267542,17.642026124398996,16.706604652194837,16.791333333333334,1.4586152219225486,1.4110548500657276,1.4111191120714666
final_joint_baseline_44mer,hs,2,57,351.486,train,0.06723535730682259,0.06694584770607999,0.006678498045070055,0.01923659090296247,0.024815309260677612,0.0072112835965225395,17.59089830199014,16.873408744267657,16.816000000000003,1.459674410254965,1.4050391204110946,1.404615373359768
final_joint_baseline_44mer,hs,2,58,352.891,train,0.06481274896884151,0.06364598420195666,0.0071081567420445795,0.01884599215013316,0.018807754182831905,0.006650258989361177,17.764145137240583,17.04066463787472,16.840666666666667,1.454219169118449,1.3990369308629211,1.4052585020281292
final_joint_baseline_44mer,hs,2,59,354.301,train,0.06421822948915866,0.061616426211540024,0.005807289924238526,0.020364528385803583,0.026774945028693826,0.0076992152384007025,17.849990870914734,17.208303241104524,17.212000000000003,1.4515792398474154,1.3930508385487432,1.398392370278832
final_joint_baseline_44mer,hs,2,60,355.717,train,0.06270078209426333,0.05688919028269969,0.008575259732323117,0.021326457636040227,0.02833657420483674,0.00822124613463044,17.95618609640314,17.376372446154896,17.464,1.4478678684382402,1.3870792113102492,1.3832020440027493
final_joint_baseline_44mer,hs,2,61,357.139,train,0.061672474251527346,0.059532868236809006,0.005647540425493434,0.023316219690683145,0.02998356351021323,0.007222680565264078,17.985555124459857,17.544799323185508,17.607333333333333,1.4474435804149874,1.381124718167223,1.380474802317063
final_joint_baseline_44mer,hs,2,62,358.567,train,0.0586819391769606,0.05021726997447081,0.010595675106501824,0.02532233681690524,0.03392912552945653,0.007957312886150807,17.929191771651148,17.713509397584954,17.78266666666667,1.4479398595468786,1.3751900375734978,1.3759363777617308
final_joint_baseline_44mer,hs,2,63,360.0,train,0.058008129246278226,0.04934239256976543,0.008083477286890949,0.027190818323866432,0.03682009744264841,0.009537907521679526,18.00590271438135,17.88230923186387,17.95133333333333,1.448537998438865,1.36928195608066,1.3674223625181625
final_joint_baseline_44mer,hs,3,0,280.0,train,0.062090813433788056,0.06032909984435226,0.0032267980023996997,0.016931225796636543,0.02701004308515744,0.009635295930223203,8.984389264195727,9.225096178084602,9.198,1.7330192887155929,1.7145363817574557,1.71655905941941
final_joint_baseline_44mer,hs,3,1,281.119,train,0.059080395418248915,0.0646103530653474,0.0035855663642968315,0.016575632719088657,0.022027207825553903,0.007272461454680462,9.245772472764894,9.32340239600168,9.236,1.7254357146970922,1.710083653443943,1.7109641599032226
final_joint_baseline_44mer,hs,3,2,282.243,train,0.06321644095505119,0.07331265446510066,0.0024115051491666577,0.017449298907112797,0.024175883604693554,0.0094708506762284,9.307776459132127,9.422876169398691,9.568,1.7239583652442858,1.7055913989849256,1.6993019597030519
final_joint_baseline_44mer,hs,3,3,283.371,train,0.06561963183327768,0.07536731667592017,0.003312975819790282,0.016482937929952615,0.01891903687400639,0.006299517897998008,9.5004241220863,9.523442130784534,9.398666666666667,1.7181079388731155,1.701063464293021,1.701302361779774
final_joint_baseline_44mer,hs,3,4,284.504,train,0.06583128892832611,0.06483987121393747,0.0031648981078041555,0.01570741402589568,0.02236250943542996,0.008306359181376465,9.659105501795388,9.62520255348112,9.631333333333334,1.7148231530757665,1.696495695678403,1.6974725049460608
final_joint_baseline_44mer,hs,3,5,285.641,train,0.064248791224271,0.06083528167451724,0.003658813253170438,0.015150103746441695,0.01965783483642363,0.008252984535208317,9.834191086969753,9.72808069720752,9.893333333333334,1.70995073357408,1.6918919973426858,1.6836690950367728
final_joint_baseline_44mer,hs,3,6,286.783,train,0.06774474512679304,0.07007053338564181,0.003123021201292835,0.015446969328101978,0.01776777298265285,0.008741833482457644,10.003320324386829,9.832180056240741,9.712666666666667,1.700945718091396,1.6872482062966678,1.6956243297901286
final_joint_baseline_44mer,hs,3,7,287.929,train,0.06958311316628384,0.07712313130665226,0.0029600453095226706,0.015282064259753043,0.02410203407284238,0.009971669252314151,10.215862546406182,9.937422389661705,10.090666666666667,1.6943485754338155,1.682568289378287,1.6642818776198536
final_joint_baseline_44mer,hs,3,8,289.08,train,0.0744137364642203,0.07286169388008851,0.005212874764655241,0.015368957027929994,0.02142456096640323,0.007851650486675174,10.399694936400707,10.043912325324627,9.870666666666668,1.6849675212879243,1.6778480791729704,1.6839464541552118
final_joint_baseline_44mer,hs,3,9,290.235,train,0.0737524201610635,0.08216452467089513,0.004191071685406075,0.014998798405816216,0.017084163356471595,0.006872066500238198,10.524419922707079,10.151569976434864,10.126666666666667,1.681340394793113,1.6730916099522928,1.6810655706673323
final_joint_baseline_44mer,hs,3,10,291.395,train,0.07167252433492974,0.0842293647566717,0.004352820724339247,0.01558565485469663,0.02015533875881516,0.0069409399364316875,10.66035238269125,10.260500996301994,10.302666666666667,1.6777821959555088,1.6682947154089174,1.667013152459766
final_joint_baseline_44mer,hs,3,11,292.56,train,0.07285258250190091,0.0722286284504263,0.0044835458239127855,0.015693659827359718,0.01857966119897702,0.008493858285387946,10.742928001947536,10.370718647612104,10.34,1.6731364718597481,1.663457341803712,1.6729315466708155
final_joint_baseline_44mer,hs,3,12,293.729,train,0.07185183005927237,0.07600217995209008,0.003520471732347298,0.01576139101357918,0.023360934656131746,0.009819668783260325,10.807456941147832,10.48214026799837,10.461333333333332,1.6738479584546968,1.6585836347593932,1.6592750941650884
final_joint_baseline_44mer,hs,3,13,294.903,train,0.07106778706678121,0.07380538619583474,0.00388599401809111,0.015986027610984745,0.0198158398334664,0.009485895310476916,10.913218154707565,10.594872802899417,10.564666666666668,1.6724701711734125,1.653669441740782,1.6592488406007542
final_joint_baseline_44mer,hs,3,14,296.082,train,0.07472570039348256,0.07461792285742111,0.0038684063967325466,0.01785878092705153,0.025093699143698203,0.006478417695765571,11.137181242772805,10.708928592679532,10.688666666666666,1.665708368001392,1.648714779236065,1.6512288362247
final_joint_baseline_44mer,hs,3,15,297.266,train,0.07426716487541543,0.08404480860562479,0.006685579511012448,0.017408124545326403,0.022142301807034793,0.006847727576267771,11.28130401375449,10.824319576979889,10.691333333333333,1.6584518174231966,1.6437196908403813,1.6485967221322333
final_joint_baseline_44mer,hs,3,16,298.454,train,0.07463676571563226,0.08926332751081453,0.004413414027480835,0.015119295816806672,0.021086938528634726,0.00799601406157124,11.462236397662954,10.940958696563625,10.852666666666668,1.653061674629598,1.638688492226517,1.655705387971645
final_joint_baseline_44mer,hs,3,17,299.647,train,0.07512865171375507,0.08454968738621946,0.003384002774764538,0.01572251036214667,0.021751161131704087,0.009979883703927984,11.609464579149169,11.058954011009074,11.309333333333335,1.6439808387239871,1.6336170757426767,1.6114393561613816
final_joint_baseline_44mer,hs,3,18,300.845,train,0.0790519595291542,0.08070257099568728,0.0038961810768680127,0.015454030879344473,0.020678417465174237,0.007950887913659901,11.843582253058244,11.178315908274588,11.136666666666667,1.6384022936673557,1.628505577426884,1.6209856121260593
final_joint_baseline_44mer,hs,3,19,302.047,train,0.08093427283657682,0.09316944403048888,0.004461866037737579,0.015870541189328916,0.026168761179516633,0.009026803990510174,12.03045767147465,11.298953409218882,11.384,1.6302856790997862,1.6233584582384497,1.6359526020341217
final_joint_baseline_44mer,hs,3,20,303.254,train,0.08314634412146733,0.08941341275597961,0.0031686687960828545,0.015776582561894334,0.022659542067322506,0.007713128259545047,12.269134182338263,11.420974824127715,11.417333333333334,1.6206763978222538,1.6181716669742907,1.6176715671496453
final_joint_baseline_44mer,hs,3,21,304.467,train,0.0818801360103697,0.08468820561997421,0.0036325478509081554,0.01404969211305149,0.01935336244796923,0.008631226792548151,12.378670272655349,11.544490611282608,11.592,1.611008910967524,1.6129411314923883,1.606221705444248
final_joint_baseline_44mer,hs,3,22,305.683,train,0.0848641477085035,0.08371995738609989,0.004767454137703998,0.014306568058675233,0.024514068590420338,0.0098232669458055,12.575666042845839,11.669201611159398,11.560666666666666,1.6024266517823778,1.607680098855876,1.6111377125139152
final_joint_baseline_44mer,hs,3,23,306.905,train,0.08291919809774506,0.09126136814070489,0.004610044792299039,0.013589996916871853,0.018433065638700744,0.009903653709670321,12.589017710425416,11.795420892718626,12.0,1.6065431646433592,1.6023759442407945,1.5926204061511637
final_joint_baseline_44mer,hs,3,24,308.132,train,0.07744844201558268,0.08027063599629447,0.004508289468965874,0.014004070038236317,0.01817261686380231,0.009832549586243553,12.680625798794962,11.923051750034325,12.000666666666667,1.6048980912246824,1.597033366751441,1.59189860760295
final_joint_baseline_44mer,hs,3,25,309.364,train,0.07854380886592,0.09315570940738518,0.005872862402297988,0.014312325011734458,0.01844600029726749,0.00924421935798044,12.839442212890269,12.052098581385199,12.16,1.602065164513469,1.5916527950991388,1.5865820232728525
final_joint_baseline_44mer,hs,3,26,310.6,train,0.0729221360903951,0.07671005939632938,0.0027536670836790424,0.015118025943089624,0.023565167145822134,0.007319380693841055,12.760165616821862,12.182458782102579,12.237333333333332,1.6043305868470101,1.5862390955268681,1.5776659006811165
final_joint_baseline_44mer,hs,3,27,311.842,train,0.07384418481695626,0.07039931446889033,0.0033925207278655946,0.015210069605861468,0.01816090408206034,0.007796552852501219,12.944969113261518,12.31434525943373,12.259333333333334,1.5958195529076442,1.5807840413758611,1.588969513024818
final_joint_baseline_44mer,hs,3,28,313.088,train,0.07830816633322578,0.08365239235883312,0.007688190262154584,0.0161781270462694,0.01581172973403701,0.007081675927726281,13.29451341975534,12.447546264439897,12.391333333333334,1.5835136685075968,1.5752970056364135,1.5786340324672008
final_joint_baseline_44mer,hs,3,29,314.34,train,0.0748210521074752,0.08128600967837246,0.002056161180048058,0.013811245360998549,0.024147446828403744,0.010250547420365155,13.48962745724545,12.582274785593542,12.553333333333336,1.5730841481092992,1.5697698287582917,1.585398085724656
final_joint_baseline_44mer,hs,3,30,315.596,train,0.0763428456716969,0.09472213330400422,0.005585518126058113,0.014174972231271505,0.018749473174764053,0.007996124277894657,13.672765276002677,12.718313266095484,12.566666666666666,1.567634268012788,1.5642120478280603,1.5645525925317911
final_joint_baseline_44mer,hs,3,31,316.858,train,0.07623675974331373,0.08035141212426775,0.005045468824715695,0.013826496189374262,0.02227358818631371,0.010243285182668621,13.829060921429004,12.85587436046102,12.627333333333334,1.5631233357800103,1.5586155844302638,1.5687192242978756
final_joint_baseline_44mer,hs,3,32,318.124,train,0.07700933778740632,0.0811311425170762,0.0048656314473182714,0.013622634006697096,0.02085939348299396,0.009673073252502903,14.070463605380073,12.99473439821008,13.032,1.558760215078798,1.552990143393708,1.5533201285588425
final_joint_baseline_44mer,hs,3,33,319.396,train,0.0808522922712542,0.08770665909672151,0.005184386008609452,0.013636736808536314,0.022425981522431533,0.0066921423157311685,14.099472795325909,13.135105264216147,13.105333333333332,1.560315682543106,1.5473277414809836,1.5433859406903352
final_joint_baseline_44mer,hs,3,34,320.672,train,0.082620691001806,0.08328239552457513,0.005083347013871418,0.013478125930216103,0.018738329706309106,0.010622559383419553,14.246917031830076,13.276756890549201,13.377333333333334,1.5576941339806614,1.541638253421362,1.5328946577060178
final_joint_baseline_44mer,hs,3,35,321.954,train,0.07970746554178146,0.0894908950076971,0.004153866298384433,0.01219686564404606,0.020240570538560605,0.00755532273778789,14.381535283914552,13.419899943592664,13.376666666666667,1.553315696022292,1.5359138049226373,1.5375898535894759
final_joint_baseline_44mer,hs,3,36,323.241,train,0.08185448035703152,0.08392217726519717,0.004917759610235375,0.012195598508039068,0.016177849503588526,0.0073256706981424165,14.587121903718579,13.56441030064655,13.633333333333333,1.545519977992165,1.5301599677584123,1.5238102908430662
final_joint_baseline_44mer,hs,3,37,324.533,train,0.07728269404777996,0.07019327746440665,0.006011430498838049,0.011409525747417812,0.018344879401836947,0.007860941104080388,14.566468109062138,13.710272373091641,14.008000000000003,1.5455605687236313,1.5243779320387172,1.513831758426369
final_joint_baseline_44mer,hs,3,38,325.83,train,0.0802407393025583,0.08266710737556845,0.0029028090071175627,0.01159922170365758,0.01910129036528619,0.007683847882891011,14.80466496257075,13.857468342889375,13.950666666666667,1.5404790686617498,1.5185689626921635,1.5146710537576624
final_joint_baseline_44mer,hs,3,39,327.132,train,0.0818790215728969,0.09626375366161213,0.005749518207486945,0.013299043986567767,0.020039989651519402,0.007156100922952435,14.926329042663259,14.005978089096505,13.986666666666666,1.543821294173438,1.5127344003549819,1.513916518308831
final_joint_baseline_44mer,hs,3,40,328.44,train,0.07709520355297342,0.08507046416536751,0.003627329404590443,0.012617635563719629,0.01615012749632981,0.008244041112223528,15.05278513176313,14.155894002619446,14.167333333333334,1.540026443712756,1.5068711791093836,1.5102499551736055
final_joint_baseline_44mer,hs,3,41,329.753,train,0.08131350443486074,0.080308214745998,0.0025946555295309854,0.014134863872608362,0.02420095712685312,0.009403188915509845,15.265959923315682,14.307077309679187,14.198,1.5372187904758519,1.5009852762325244,1.5038677035644292
final_joint_baseline_44mer,hs,3,42,331.071,train,0.07605886203681694,0.07988654440057519,0.004244144663910305,0.015382872118196897,0.02083432456736426,0.008354680173159528,15.465113961414396,14.459500522572089,14.34,1.5314127841504375,1.4950782656825312,1.4971025436336733
final_joint_baseline_44mer,hs,3,43,332.394,train,0.08063525451302148,0.08288295680395025,0.006855705570091185,0.015510256860542157,0.017092162806380744,0.005905012561893306,15.650857373257864,14.613133614030982,14.493333333333332,1.5244549200868058,1.489151797965392,1.4903203623858268
final_joint_baseline_44mer,hs,3,44,333.723,train,0.07743586500086054,0.07618558822397489,0.0047417958622114125,0.01675502955619349,0.02134946991167471,0.008198284870456759,15.79094470817357,14.768060768556424,14.725999999999999,1.5161238639190366,1.4832031256150915,1.4840877752963406
final_joint_baseline_44mer,hs,3,45,335.057,train,0.07644145180297719,0.08113619153333604,0.00622602695341583,0.01601411438909485,0.022710879363775006,0.007994397631254101,15.881811058365287,14.924130795904684,14.952000000000002,1.5139679599741689,1.477238534773516,1.4789690061386431
final_joint_baseline_44mer,hs,3,46,336.396,train,0.07738203291355353,0.08436855696358253,0.006502784814279916,0.015767091464624444,0.023866484568051703,0.008278337075139574,15.95942996470087,15.081305766510766,15.23,1.5107176380054235,1.4712599042979844,1.4686402923730433
final_joint_baseline_44mer,hs,3,47,337.741,train,0.07735310599848784,0.07302138229014579,0.005621976210187169,0.01617377872878539,0.02978151934679182,0.00809929043131066,16.191268790700505,15.239663018175296,15.193333333333335,1.5031807816212521,1.465264731755853,1.4575691887347135
final_joint_baseline_44mer,hs,3,48,339.091,train,0.0730146315655271,0.08856768372724508,0.00805492943238543,0.015218343915840133,0.01998455165567321,0.007279843507395391,16.2934658572211,15.399042054943633,15.320666666666664,1.4997236766808852,1.4592595100887737,1.4644990978183932
final_joint_baseline_44mer,hs,3,49,340.446,train,0.07278090051282836,0.07302166471999268,0.005871359293973855,0.01519096088761789,0.024355261923651256,0.009354897971087708,16.485230661554375,15.559396952943239,15.294,1.4953283897396434,1.4532463310214063,1.4619775128816048
final_joint_baseline_44mer,hs,3,50,341.807,train,0.07565726658025382,0.08436190734798549,0.003830396845403084,0.016170348570495166,0.01820915868691417,0.008778074812180785,16.691355897389087,15.72079789688431,15.471333333333334,1.4903387932207046,1.4472229311823377,1.4472554747860635
final_joint_baseline_44mer,hs,3,51,343.173,train,0.0684333381326377,0.06391730100002807,0.004909617567289074,0.01494141235384298,0.02231145319869749,0.009419200943541754,16.85042336132919,15.883075496515222,15.805333333333333,1.4792115717588992,1.4411959749583119,1.4422954320325436
final_joint_baseline_44mer,hs,3,52,344.545,train,0.06904819996103648,0.0694735334799545,0.005619406761588055,0.01505782395117157,0.022627926850485508,0.007293899836787299,17.108302522670563,16.04629510332385,15.753333333333334,1.4707794216938925,1.4351633514936522,1.4439153685357426
final_joint_baseline_44mer,hs,3,53,345.922,train,0.06459977808209079,0.06629221204583444,0.005362565580158514,0.0150630242973416,0.022437821463555496,0.00867375492993444,17.151692684559674,16.210281777286035,16.245333333333335,1.4674249423764787,1.429131815400149,1.431740978089696
final_joint_baseline_44mer,hs,3,54,347.305,train,0.06839652176982536,0.07784277721142335,0.004499774953218384,0.01692910116660505,0.022369023245016904,0.010947024731104257,17.198451478911814,16.375096123979386,16.32933333333333,1.4707388309624263,1.4230993980841857,1.4286121638400973
final_joint_baseline_44mer,hs,3,55,348.693,train,0.06717873359213389,0.06844269789284754,0.007052575544961831,0.01673266183055623,0.02927991510034051,0.008019513914327751,17.365968291643842,16.540558126713982,16.734666666666666,1.46534792230597,1.417072919885081,1.4030894980922985
final_joint_baseline_44mer,hs,3,56,350.086,train,0.06898339875510273,0.06493542864099562,0.006695238336463762,0.017159255719662855,0.023632060707343763,0.0079742128734406,17.642026124398996,16.706604652194837,16.756,1.4586152219225486,1.4110548500657276,1.4114490016451442
final_joint_baseline_44mer,hs,3,57,351.486,train,0.06723535730682259,0.05394691586481978,0.005936865330782103,0.01923659090296247,0.028894727895694867,0.012359781354757847,17.59089830199014,16.873408744267657,16.956666666666667,1.459674410254965,1.4050391204110946,1.4042309976335037
final_joint_baseline_44mer,hs,3,58,352.891,train,0.06481274896884151,0.060921347381772545,0.006534764060624873,0.01884599215013316,0.03496186229822216,0.011056262375552121,17.764145137240583,17.04066463787472,17.288,1.454219169118449,1.3990369308629211,1.3909018015585402
final_joint_baseline_44mer,hs,3,59,354.301,train,0.06421822948915866,0.06306288291593495,0.0075267685167419345,0.020364528385803583,0.026013965387967217,0.010223268005481425,17.849990870914734,17.208303241104524,16.916,1.4515792398474154,1.3930508385487432,1.4045075701072425
final_joint_baseline_44mer,hs,3,60,355.717,train,0.06270078209426333,0.054393579404319575,0.007597227217834044,0.021326457636040227,0.02987700936829586,0.010446387136043485,17.95618609640314,17.376372446154896,17.468,1.4478678684382402,1.3870792113102492,1.387869302849982
final_joint_baseline_44mer,hs,3,61,357.139,train,0.061672474251527346,0.06221612256257044,0.010247702714609012,0.023316219690683145,0.03185189804755973,0.007881166241754521,17.985555124459857,17.544799323185508,17.706666666666667,1.4474435804149874,1.381124718167223,1.371162083055284
final_joint_baseline_44mer,hs,3,62,358.567,train,0.0586819391769606,0.05200357629163371,0.009523048053767432,0.02532233681690524,0.03162518915652669,0.01171966613591809,17.929191771651148,17.713509397584954,17.507333333333335,1.4479398595468786,1.3751900375734978,1.3918893784887696
final_joint_baseline_44mer,hs,3,63,360.0,train,0.058008129246278226,0.056470506406959706,0.009247806171383894,0.027190818323866432,0.04223226224793376,0.010635554733467178,18.00590271438135,17.88230923186387,18.069333333333336,1.448537998438865,1.36928195608066,1.352578125252185
final_joint_baseline_44mer,hs,4,0,280.0,train,0.062090813433788056,0.06686561431140012,0.0036489499183091694,0.016931225796636543,0.02019514759567767,0.006791679665964189,8.984389264195727,9.225096178084602,9.092666666666666,1.7330192887155929,1.7145363817574557,1.7157279015964604
final_joint_baseline_44mer,hs,4,1,281.119,train,0.059080395418248915,0.0591229327231292,0.005894782948581657,0.016575632719088657,0.023692815888125385,0.008003707457957879,9.245772472764894,9.32340239600168,9.134,1.7254357146970922,1.710083653443943,1.7144070055105287
final_joint_baseline_44mer,hs,4,2,282.243,train,0.06321644095505119,0.07006143062280364,0.004487090744854514,0.017449298907112797,0.026274605551326977,0.007271575073208016,9.307776459132127,9.422876169398691,9.328666666666667,1.7239583652442858,1.7055913989849256,1.7109100020363683
final_joint_baseline_44mer,hs,4,3,283.371,train,0.06561963183327768,0.07673562725501157,0.003924262646008245,0.016482937929952615,0.02342033070072541,0.00897223482175445,9.5004241220863,9.523442130784534,9.463333333333333,1.7181079388731155,1.701063464293021,1.7081586311946377
final_joint_baseline_44mer,hs,4,4,284.504,train,0.06583128892832611,0.06762142844535417,0.00212243559526,0.01570741402589568,0.026347735962642567,0.008868247071159446,9.659105501795388,9.62520255348112,9.497333333333334,1.7148231530757665,1.696495695678403,1.709373263200869
final_joint_baseline_44mer,hs,4,5,285.641,train,0.064248791224271,0.06198044870101972,0.003645925901659932,0.015150103746441695,0.02031792291800199,0.008233922119818745,9.834191086969753,9.72808069720752,9.753333333333334,1.70995073357408,1.6918919973426858,1.6807680327804948
final_joint_baseline_44mer,hs,4,6,286.783,train,0.06774474512679304,0.07392805732006066,0.004850720718942482,0.015446969328101978,0.024049550964884817,0.007595636094535589,10.003320324386829,9.832180056240741,9.692,1.700945718091396,1.6872482062966678,1.690777127182359
final_joint_baseline_44mer,hs,4,7,287.929,train,0.06958311316628384,0.07543715605890654,0.002920399381771014,0.015282064259753043,0.01748321543951495,0.0067790305690015994,10.215862546406182,9.937422389661705,9.820666666666668,1.6943485754338155,1.682568289378287,1.677238631365047
final_joint_baseline_44mer,hs,4,8,289.08,train,0.0744137364642203,0.08662124173143011,0.004137884607027157,0.015368957027929994,0.018347523432872253,0.006366339834007972,10.399694936400707,10.043912325324627,10.102666666666668,1.6849675212879243,1.6778480791729704,1.6676028193210881
final_joint_baseline_44mer,hs,4,9,290.235,train,0.0737524201610635,0.07822421370184568,0.0024910698206529235,0.014998798405816216,0.02135664515727642,0.008063983164208121,10.524419922707079,10.151569976434864,10.175333333333334,1.681340394793113,1.6730916099522928,1.6724513517887845
final_joint_baseline_44mer,hs,4,10,291.395,train,0.07167252433492974,0.06791118445670047,0.0024395757037460417,0.01558565485469663,0.017715107792524637,0.006515952174396663,10.66035238269125,10.260500996301994,10.445333333333334,1.6777821959555088,1.6682947154089174,1.663654263548917
final_joint_baseline_44mer,hs,4,11,292.56,train,0.07285258250190091,0.07731655360396354,0.003838931955722378,0.015693659827359718,0.020327232559960197,0.0073430072834693196,10.742928001947536,10.370718647612104,10.448666666666668,1.6731364718597481,1.663457341803712,1.655087339978699
final_joint_baseline_44mer,hs,4,12,293.729,train,0.07185183005927237,0.0761223987090246,0.00384862674551753,0.01576139101357918,0.026148337554648918,0.009312885130623574,10.807456941147832,10.48214026799837,10.340666666666667,1.6738479584546968,1.6585836347593932,1.6536460265299637
final_joint_baseline_44mer,hs,4,13,294.903,train,0.07106778706678121,0.07570832865463006,0.00403626978532802,0.015986027610984745,0.029304217522897455,0.011712550859933932,10.913218154707565,10.594872802899417,10.65,1.6724701711734125,1.653669441740782,1.6601122824125467
final_joint_baseline_44mer,hs,4,14,296.082,train,0.07472570039348256,0.07789750439685303,0.003878627234568633,0.01785878092705153,0.020148438693923847,0.006967560007524628,11.137181242772805,10.708928592679532,10.756666666666668,1.665708368001392,1.648714779236065,1.654138526409775
final_joint_baseline_44mer,hs,4,15,297.266,train,0.07426716487541543,0.07421224685762383,0.006055690873882682,0.017408124545326403,0.022274314870853077,0.008013594086668739,11.28130401375449,10.824319576979889,10.75,1.6584518174231966,1.6437196908403813,1.6435929655737744
final_joint_baseline_44mer,hs,4,16,298.454,train,0.07463676571563226,0.07302095599937486,0.003881971050016894,0.015119295816806672,0.0177979620126439,0.008668942660569553,11.462236397662954,10.940958696563625,10.974,1.653061674629598,1.638688492226517,1.6323129370449372
final_joint_baseline_44mer,hs,4,17,299.647,train,0.07512865171375507,0.07472992308350852,0.0028565925047934664,0.01572251036214667,0.0183286887897428,0.0079607564387985,11.609464579149169,11.058954011009074,10.99,1.6439808387239871,1.6336170757426767,1.639760493568182
final_joint_baseline_44mer,hs,4,18,300.845,train,0.0790519595291542,0.08531238522245374,0.004102434832102767,0.015454030879344473,0.023144932423108694,0.006550072698851769,11.843582253058244,11.178315908274588,11.283333333333335,1.6384022936673557,1.628505577426884,1.6263583602780871
final_joint_baseline_44mer,hs,4,19,302.047,train,0.08093427283657682,0.08982560137435192,0.005176350048255974,0.015870541189328916,0.019121114953373243,0.009536834858121679,12.03045767147465,11.298953409218882,11.364666666666668,1.6302856790997862,1.6233584582384497,1.6138024868304792
final_joint_baseline_44mer,hs,4,20,303.254,train,0.08314634412146733,0.08508567520442048,0.0065485570121943115,0.015776582561894334,0.020416564461942597,0.008760873994961085,12.269134182338263,11.420974824127715,11.148,1.6206763978222538,1.6181716669742907,1.6348764205054955
final_joint_baseline_44mer,hs,4,21,304.467,train,0.0818801360103697,0.07773257113072618,0.004982645353252081,0.01404969211305149,0.016004002849375563,0.00998187907745875,12.378670272655349,11.544490611282608,11.680666666666667,1.611008910967524,1.6129411314923883,1.6010884311257305
final_joint_baseline_44mer,hs,4,22,305.683,train,0.0848641477085035,0.0892789006984415,0.004184001413948661,0.014306568058675233,0.01739084372560719,0.0060875393959132,12.575666042845839,11.669201611159398,11.820666666666666,1.6024266517823778,1.607680098855876,1.6104233531857746
final_joint_baseline_44mer,hs,4,23,306.905,train,0.08291919809774506,0.09018106644657928,0.0043432205832895435,0.013589996916871853,0.021479465289247216,0.0074362216604880954,12.589017710425416,11.795420892718626,11.838000000000001,1.6065431646433592,1.6023759442407945,1.6021687683370636
final_joint_baseline_44mer,hs,4,24,308.132,train,0.07744844201558268,0.08737788019128842,0.005272386218491295,0.014004070038236317,0.02113681798104173,0.007357183138748341,12.680625798794962,11.923051750034325,11.932,1.6048980912246824,1.597033366751441,1.6092872058160674
final_joint_baseline_44mer,hs,4,25,309.364,train,0.07854380886592,0.0904590493502967,0.003612512194766301,0.014312325011734458,0.019514383921459197,0.008850588681081439,12.839442212890269,12.052098581385199,11.935333333333332,1.602065164513469,1.5916527950991388,1.5926095241714961
final_joint_baseline_44mer,hs,4,26,310.6,train,0.0729221360903951,0.07763240164193297,0.003676649560472091,0.015118025943089624,0.022019174542346902,0.008142352639382297,12.760165616821862,12.182458782102579,12.175333333333334,1.6043305868470101,1.5862390955268681,1.5769498133309678
final_joint_baseline_44mer,hs,4,27,311.842,train,0.07384418481695626,0.06923844778230263,0.0055152677734147115,0.015210069605861468,0.01661249656115165,0.006361470964076553,12.944969113261518,12.31434525943373,12.151333333333334,1.5958195529076442,1.5807840413758611,1.5907978948495716
final_joint_baseline_44mer,hs,4,28,313.088,train,0.07830816633322578,0.08540407793929776,0.004486726170497804,0.0161781270462694,0.02150635862287334,0.00872476008018877,13.29451341975534,12.447546264439897,12.502666666666666,1.5835136685075968,1.5752970056364135,1.56157717684318
final_joint_baseline_44mer,hs,4,29,314.34,train,0.0748210521074752,0.07801757627371608,0.0051512781901993845,0.013811245360998549,0.020752517076038958,0.007685374273645999,13.48962745724545,12.582274785593542,12.776666666666667,1.5730841481092992,1.5697698287582917,1.5588785220723367
final_joint_baseline_44mer,hs,4,30,315.596,train,0.0763428456716969,0.1010614915721524,0.007622465098209198,0.014174972231271505,0.024623486722345246,0.01011868620537594,13.672765276002677,12.718313266095484,12.692666666666668,1.567634268012788,1.5642120478280603,1.5672354494823901
final_joint_baseline_44mer,hs,4,31,316.858,train,0.07623675974331373,0.08878667794109263,0.005290696413646075,0.013826496189374262,0.022196904015639847,0.008504882748882297,13.829060921429004,12.85587436046102,12.728666666666667,1.5631233357800103,1.5586155844302638,1.5569681003098994
final_joint_baseline_44mer,hs,4,32,318.124,train,0.07700933778740632,0.0886494345631501,0.00353135500050474,0.013622634006697096,0.019973127593617808,0.007568690587118083,14.070463605380073,12.99473439821008,12.914,1.558760215078798,1.552990143393708,1.550502983607701
final_joint_baseline_44mer,hs,4,33,319.396,train,0.0808522922712542,0.0875318063904021,0.0036778970295576756,0.013636736808536314,0.024646701580586496,0.009399481115494135,14.099472795325909,13.135105264216147,13.347333333333335,1.560315682543106,1.5473277414809836,1.5353492743207493
final_joint_baseline_44mer,hs,4,34,320.672,train,0.082620691001806,0.09113715444321849,0.0035246820340018945,0.013478125930216103,0.021904641360988,0.009637039762457302,14.246917031830076,13.276756890549201,13.546,1.5576941339806614,1.541638253421362,1.5272315856542136
final_joint_baseline_44mer,hs,4,35,321.954,train,0.07970746554178146,0.08813028112102057,0.005573639272096012,0.01219686564404606,0.016819124342031637,0.006870168463552567,14.381535283914552,13.419899943592664,13.326,1.553315696022292,1.5359138049226373,1.5386846859315557
final_joint_baseline_44mer,hs,4,36,323.241,train,0.08185448035703152,0.08340597976777758,0.005045908718460114,0.012195598508039068,0.015779788080277215,0.005359702108268658,14.587121903718579,13.56441030064655,13.4,1.545519977992165,1.5301599677584123,1.5334994861955387
final_joint_baseline_44mer,hs,4,37,324.533,train,0.07728269404777996,0.08413257715573164,0.006115464198827799,0.011409525747417812,0.01995020749037711,0.009261457549040321,14.566468109062138,13.710272373091641,13.773333333333333,1.5455605687236313,1.5243779320387172,1.5148205524796436
final_joint_baseline_44mer,hs,4,38,325.83,train,0.0802407393025583,0.08654284979693264,0.003906820368125596,0.01159922170365758,0.014903924049012852,0.006483065764513291,14.80466496257075,13.857468342889375,13.890000000000002,1.5404790686617498,1.5185689626921635,1.5264319479550785
final_joint_baseline_44mer,hs,4,39,327.132,train,0.0818790215728969,0.08029128960631411,0.004267506420497362,0.013299043986567767,0.017899085109374414,0.0070049605042343446,14.926329042663259,14.005978089096505,13.937333333333333,1.543821294173438,1.5127344003549819,1.509864391248053
final_joint_baseline_44mer,hs,4,40,328.44,train,0.07709520355297342,0.08078711332688301,0.0051241504754309655,0.012617635563719629,0.020458432073096992,0.008661973401830723,15.05278513176313,14.155894002619446,14.171999999999999,1.540026443712756,1.5068711791093836,1.504131713515461
final_joint_baseline_44mer,hs,4,41,329.753,train,0.08131350443486074,0.08652806665559548,0.005548501948218789,0.014134863872608362,0.018592873181205852,0.008094223208937438,15.265959923315682,14.307077309679187,14.240666666666666,1.5372187904758519,1.5009852762325244,1.5102977181240396
final_joint_baseline_44mer,hs,4,42,331.071,train,0.07605886203681694,0.08434425028698533,0.0040579195649792545,0.015382872118196897,0.022850161631811597,0.007840975749568255,15.465113961414396,14.459500522572089,14.152666666666667,1.5314127841504375,1.4950782656825312,1.4992001807847801
final_joint_baseline_44mer,hs,4,43,332.394,train,0.08063525451302148,0.08038611709710823,0.0029563285938516964,0.015510256860542157,0.01969765896979945,0.007761957182923052,15.650857373257864,14.613133614030982,14.730666666666668,1.5244549200868058,1.489151797965392,1.4803166258514548
final_joint_baseline_44mer,hs,4,44,333.723,train,0.07743586500086054,0.08034930255035305,0.005942010115654212,0.01675502955619349,0.027531311475147396,0.007684228865068877,15.79094470817357,14.768060768556424,14.808,1.5161238639190366,1.4832031256150915,1.4780440170631213
final_joint_baseline_44mer,hs,4,45,335.057,train,0.07644145180297719,0.08818597746280427,0.005415987099460668,0.01601411438909485,0.019975364840382818,0.00711075204958412,15.881811058365287,14.924130795904684,14.660666666666666,1.5139679599741689,1.477238534773516,1.4889380189930612
final_joint_baseline_44mer,hs,4,46,336.396,train,0.07738203291355353,0.08666221335438948,0.004311627971876885,0.015767091464624444,0.018565436115054505,0.007859865315167277,15.95942996470087,15.081305766510766,15.056666666666667,1.5107176380054235,1.4712599042979844,1.4714416310672762
final_joint_baseline_44mer,hs,4,47,337.741,train,0.07735310599848784,0.07486981792120116,0.004258061780338834,0.01617377872878539,0.0190843973463821,0.008340396991341831,16.191268790700505,15.239663018175296,15.233333333333334,1.5031807816212521,1.465264731755853,1.4691876700128117
final_joint_baseline_44mer,hs,4,48,339.091,train,0.0730146315655271,0.06723682125183215,0.0052053533683177455,0.015218343915840133,0.01970880856687675,0.010237135402409354,16.2934658572211,15.399042054943633,15.225333333333332,1.4997236766808852,1.4592595100887737,1.4683429783654534
final_joint_baseline_44mer,hs,4,49,340.446,train,0.07278090051282836,0.07611376746251933,0.005231026720714491,0.01519096088761789,0.021079681254354957,0.009183604184888058,16.485230661554375,15.559396952943239,15.526666666666667,1.4953283897396434,1.4532463310214063,1.4533623977061345
final_joint_baseline_44mer,hs,4,50,341.807,train,0.07565726658025382,0.07455699741399904,0.007570638514074683,0.016170348570495166,0.026026447705543528,0.0069560662085583515,16.691355897389087,15.72079789688431,15.926666666666666,1.4903387932207046,1.4472229311823377,1.4333060784166762
final_joint_baseline_44mer,hs,4,51,343.173,train,0.0684333381326377,0.06910022087378956,0.0053809287681765745,0.01494141235384298,0.025618170069341153,0.009731028344905942,16.85042336132919,15.883075496515222,16.096,1.4792115717588992,1.4411959749583119,1.427648996433283
final_joint_baseline_44mer,hs,4,52,344.545,train,0.06904819996103648,0.061961731999451944,0.004704532156699163,0.01505782395117157,0.025632236196252614,0.009034959344601646,17.108302522670563,16.04629510332385,15.990666666666668,1.4707794216938925,1.4351633514936522,1.4376248051685188
final_joint_baseline_44mer,hs,4,53,345.922,train,0.06459977808209079,0.07181212996970204,0.005283893997456,0.0150630242973416,0.019842107390690367,0.007972396966934095,17.151692684559674,16.210281777286035,15.940000000000001,1.4674249423764787,1.429131815400149,1.4375912203772718
final_joint_baseline_44mer,hs,4,54,347.305,train,0.06839652176982536,0.06547963519570574,0.004772783806935136,0.01692910116660505,0.023832416415304546,0.0070288535175709555,17.198451478911814,16.375096123979386,16.47533333333333,1.4707388309624263,1.4230993980841857,1.4199362656656733
final_joint_baseline_44mer,hs,4,55,348.693,train,0.06717873359213389,0.06370997634821915,0.006666084211801461,0.01673266183055623,0.026725071107343533,0.007970122459130553,17.365968291643842,16.540558126713982,16.419999999999998,1.46534792230597,1.417072919885081,1.419759705402187
final_joint_baseline_44mer,hs,4,56,350.086,train,0.06898339875510273,0.06442462689187653,0.005664991442831774,0.017159255719662855,0.02161631850013948,0.006691529030920507,17.642026124398996,16.706604652194837,16.798666666666666,1.4586152219225486,1.4110548500657276,1.4031620248941707
final_joint_baseline_44mer,hs,4,57,351.486,train,0.06723535730682259,0.07130783204940602,0.007966553300264861,0.01923659090296247,0.026657706854515788,0.010503657984558415,17.59089830199014,16.873408744267657,16.58,1.459674410254965,1.4050391204110946,1.4062570771037401
final_joint_baseline_44mer,hs,4,58,352.891,train,0.06481274896884151,0.06718041435630677,0.008482031152532061,0.01884599215013316,0.02607965411425789,0.007778526109171501,17.764145137240583,17.04066463787472,17.15533333333333,1.454219169118449,1.3990369308629211,1.39962965004734
final_joint_baseline_44mer,hs,4,59,354.301,train,0.06421822948915866,0.05920628808270606,0.0075887932910477275,0.020364528385803583,0.027019575330755285,0.007676564363308207,17.849990870914734,17.208303241104524,17.324666666666666,1.4515792398474154,1.3930508385487432,1.4000439927450992
final_joint_baseline_44mer,hs,4,60,355.717,train,0.06270078209426333,0.05634569968616427,0.008216957562894079,0.021326457636040227,0.025668899328056924,0.00647527557691795,17.95618609640314,17.376372446154896,17.303333333333335,1.4478678684382402,1.3870792113102492,1.3860524030873256
final_joint_baseline_44mer,hs,4,61,357.139,train,0.061672474251527346,0.05353052801804302,0.008561271660145727,0.023316219690683145,0.03109654216306988,0.008457776662036426,17.985555124459857,17.544799323185508,17.743333333333332,1.4474435804149874,1.381124718167223,1.378967961556449
final_joint_baseline_44mer,hs,4,62,358.567,train,0.0586819391769606,0.04479028171892555,0.007862793886199206,0.02532233681690524,0.038049234014784154,0.00922122190513304,17.929191771651148,17.713509397584954,17.666,1.4479398595468786,1.3751900375734978,1.3751152392114585
final_joint_baseline_44mer,hs,4,63,360.0,train,0.058008129246278226,0.057444412148448296,0.006071582132386638,0.027190818323866432,0.026440013859839427,0.007121955975566427,18.00590271438135,17.88230923186387,17.650666666666666,1.448537998438865,1.36928195608066,1.3836908565108241
final_joint_baseline_44mer,hs,5,0,280.0,train,0.062090813433788056,0.07153195801539473,0.003923136060029556,0.016931225796636543,0.022145604809436226,0.007278136181084868,8.984389264195727,9.225096178084602,9.218666666666667,1.7330192887155929,1.7145363817574557,1.7121450713156263
final_joint_baseline_44mer,hs,5,1,281.119,train,0.059080395418248915,0.07684062464265076,0.006972530667500322,0.016575632719088657,0.021070144897124714,0.008828843641069381,9.245772472764894,9.32340239600168,9.245333333333335,1.7254357146970922,1.710083653443943,1.7207291549837391
final_joint_baseline_44mer,hs,5,2,282.243,train,0.06321644095505119,0.06543624854425753,0.00295590949386409,0.017449298907112797,0.019325831542317932,0.006544338970706021,9.307776459132127,9.422876169398691,9.418666666666667,1.7239583652442858,1.7055913989849256,1.7156415194418648
final_joint_baseline_44mer,hs,5,3,283.371,train,0.06561963183327768,0.06912287725100491,0.003780018398253101,0.016482937929952615,0.022299942618115024,0.007132506414209217,9.5004241220863,9.523442130784534,9.615333333333332,1.7181079388731155,1.701063464293021,1.6955789553573235
final_joint_baseline_44mer,hs,5,4,284.504,train,0.06583128892832611,0.07125925448429996,0.0026354882251475153,0.01570741402589568,0.025026539011850223,0.010615432368829584,9.659105501795388,9.62520255348112,9.544,1.7148231530757665,1.696495695678403,1.7030448265948528
final_joint_baseline_44mer,hs,5,5,285.641,train,0.064248791224271,0.08180268474089897,0.005241398867160076,0.015150103746441695,0.030877242458807637,0.009781358496396794,9.834191086969753,9.72808069720752,9.611333333333334,1.70995073357408,1.6918919973426858,1.6945753090129991
final_joint_baseline_44mer,hs,5,6,286.783,train,0.06774474512679304,0.08062620015617217,0.0027799247349560106,0.015446969328101978,0.017630623650174638,0.008286170408089981,10.003320324386829,9.832180056240741,9.950666666666667,1.700945718091396,1.6872482062966678,1.6753839819711338
final_joint_baseline_44mer,hs,5,7,287.929,train,0.06958311316628384,0.07777844689787834,0.004192145452814262,0.015282064259753043,0.017835296137952084,0.006561972061020011,10.215862546406182,9.937422389661705,10.019333333333334,1.6943485754338155,1.682568289378287,1.678542228502891
final_joint_baseline_44mer,hs,5,8,289.08,train,0.0744137364642203,0.07734326104140413,0.0028314816982065,0.015368957027929994,0.017906593788399067,0.006822608470668649,10.399694936400707,10.043912325324627,10.035333333333334,1.6849675212879243,1.6778480791729704,1.6826155189872423
final_joint_baseline_44mer,hs,5,9,290.235,train,0.0737524201610635,0.07524530825857464,0.0046257811545936224,0.014998798405816216,0.026140707633800737,0.009467069694945018,10.524419922707079,10.151569976434864,10.012666666666668,1.681340394793113,1.6730916099522928,1.6768557431847715
final_joint_baseline_44mer,hs,5,10,291.395,train,0.07167252433492974,0.0850216082333521,0.0048878500151423275,0.01558565485469663,0.022112838256930646,0.008617104303896159,10.66035238269125,10.260500996301994,10.429333333333332,1.6777821959555088,1.6682947154089174,1.647083336230661
final_joint_baseline_44mer,hs,5,11,292.56,train,0.07285258250190091,0.08329084238356416,0.0052717914306439,0.015693659827359718,0.014377080638452458,0.007267622888416827,10.742928001947536,10.370718647612104,10.270000000000001,1.6731364718597481,1.663457341803712,1.671041480203215
final_joint_baseline_44mer,hs,5,12,293.729,train,0.07185183005927237,0.07414224168846242,0.004239486627076671,0.01576139101357918,0.024551662278699003,0.007403671883003556,10.807456941147832,10.48214026799837,10.498000000000001,1.6738479584546968,1.6585836347593932,1.644261446115409
final_joint_baseline_44mer,hs,5,13,294.903,train,0.07106778706678121,0.07800615918883774,0.0028874854094450954,0.015986027610984745,0.019814214541783923,0.00761657446972848,10.913218154707565,10.594872802899417,10.674666666666667,1.6724701711734125,1.653669441740782,1.6488798644691205
final_joint_baseline_44mer,hs,5,14,296.082,train,0.07472570039348256,0.0896731125235446,0.004256544151050064,0.01785878092705153,0.017531229404557126,0.007932071213600584,11.137181242772805,10.708928592679532,10.671333333333333,1.665708368001392,1.648714779236065,1.6574724833364352
final_joint_baseline_44mer,hs,5,15,297.266,train,0.07426716487541543,0.08087549909072607,0.0045404801394069785,0.017408124545326403,0.019996608438577805,0.008040587683055128,11.28130401375449,10.824319576979889,10.815999999999999,1.6584518174231966,1.6437196908403813,1.6435498722497026
final_joint_baseline_44mer,hs,5,16,298.454,train,0.07463676571563226,0.07754393067917853,0.003252808665988807,0.015119295816806672,0.021685278241616285,0.00785385411450425,11.462236397662954,10.940958696563625,11.024000000000003,1.653061674629598,1.638688492226517,1.6373728425238216
final_joint_baseline_44mer,hs,5,17,299.647,train,0.07512865171375507,0.0765037214106061,0.004145410631048624,0.01572251036214667,0.021937760735838304,0.009130831599783416,11.609464579149169,11.058954011009074,11.057333333333336,1.6439808387239871,1.6336170757426767,1.6264451201053909
final_joint_baseline_44mer,hs,5,18,300.845,train,0.0790519595291542,0.08764938192138083,0.003294386120493933,0.015454030879344473,0.022313892179059172,0.008688099813413865,11.843582253058244,11.178315908274588,11.301333333333334,1.6384022936673557,1.628505577426884,1.6236908300901436
final_joint_baseline_44mer,hs,5,19,302.047,train,0.08093427283657682,0.08188815087602096,0.004307278277014676,0.015870541189328916,0.027010509349380846,0.011305387105072858,12.03045767147465,11.298953409218882,11.514666666666667,1.6302856790997862,1.6233584582384497,1.6043044625144038
final_joint_baseline_44mer,hs,5,20,303.254,train,0.08314634412146733,0.08222646506601239,0.0038309618819932076,0.015776582561894334,0.020449652203063006,0.008775939821372716,12.269134182338263,11.420974824127715,11.402000000000001,1.6206763978222538,1.6181716669742907,1.6130953139607447
final_joint_baseline_44mer,hs,5,21,304.467,train,0.0818801360103697,0.08338956608886502,0.0049885165197478005,0.01404969211305149,0.026434559019528812,0.011397713657717164,12.378670272655349,11.544490611282608,11.272000000000002,1.611008910967524,1.6129411314923883,1.6177579976531762
final_joint_baseline_44mer,hs,5,22,305.683,train,0.0848641477085035,0.09829536370178674,0.004732827208901597,0.014306568058675233,0.022733846886388305,0.009089077118212364,12.575666042845839,11.669201611159398,11.507333333333335,1.6024266517823778,1.607680098855876,1.6174361030032753
final_joint_baseline_44mer,hs,5,23,306.905,train,0.08291919809774506,0.09300370062084826,0.0036616676903314625,0.013589996916871853,0.019004924297251407,0.009098922459126444,12.589017710425416,11.795420892718626,12.071333333333335,1.6065431646433592,1.6023759442407945,1.6023024242104256
final_joint_baseline_44mer,hs,5,24,308.132,train,0.07744844201558268,0.08568081433874271,0.0034860880033465323,0.014004070038236317,0.026091347972025114,0.010886806911984771,12.680625798794962,11.923051750034325,11.689333333333334,1.6048980912246824,1.597033366751441,1.603784673284763
final_joint_baseline_44mer,hs,5,25,309.364,train,0.07854380886592,0.08274114370081678,0.0034889346486084404,0.014312325011734458,0.01888805065004108,0.008164315116908136,12.839442212890269,12.052098581385199,11.921333333333333,1.602065164513469,1.5916527950991388,1.5969355347169008
final_joint_baseline_44mer,hs,5,26,310.6,train,0.0729221360903951,0.07449917663396081,0.005210398563846121,0.015118025943089624,0.0192277409986259,0.007955216485319447,12.760165616821862,12.182458782102579,12.062,1.6043305868470101,1.5862390955268681,1.5960554499187218
final_joint_baseline_44mer,hs,5,27,311.842,train,0.07384418481695626,0.08055089176375735,0.0032118273377470105,0.015210069605861468,0.023512281132196746,0.007333453885827616,12.944969113261518,12.31434525943373,12.129333333333335,1.5958195529076442,1.5807840413758611,1.585545971157649
final_joint_baseline_44mer,hs,5,28,313.088,train,0.07830816633322578,0.08343804075690867,0.004639672168051877,0.0161781270462694,0.02471710569553186,0.008906989387161064,13.29451341975534,12.447546264439897,12.492000000000003,1.5835136685075968,1.5752970056364135,1.5567828844862546
final_joint_baseline_44mer,hs,5,29,314.34,train,0.0748210521074752,0.07793335447793799,0.004001326027266059,0.013811245360998549,0.025130540530205116,0.008975399259754154,13.48962745724545,12.582274785593542,12.482666666666667,1.5730841481092992,1.5697698287582917,1.5703053164764702
final_joint_baseline_44mer,hs,5,30,315.596,train,0.0763428456716969,0.0937615275124696,0.004660704118842287,0.014174972231271505,0.02151988038110737,0.00809539910597254,13.672765276002677,12.718313266095484,12.892,1.567634268012788,1.5642120478280603,1.5535538605756463
final_joint_baseline_44mer,hs,5,31,316.858,train,0.07623675974331373,0.07495150302910045,0.00483974012564298,0.013826496189374262,0.020734502109749527,0.008063118430196914,13.829060921429004,12.85587436046102,12.622,1.5631233357800103,1.5586155844302638,1.5693976074675968
final_joint_baseline_44mer,hs,5,32,318.124,train,0.07700933778740632,0.06960273848933751,0.0038165860260374893,0.013622634006697096,0.021251440759820064,0.009767662090495573,14.070463605380073,12.99473439821008,13.009333333333334,1.558760215078798,1.552990143393708,1.5511252312600312
final_joint_baseline_44mer,hs,5,33,319.396,train,0.0808522922712542,0.09191609302117623,0.005102810741482502,0.013636736808536314,0.02149843617125071,0.008358441211385022,14.099472795325909,13.135105264216147,13.213999999999999,1.560315682543106,1.5473277414809836,1.539687402515496
final_joint_baseline_44mer,hs,5,34,320.672,train,0.082620691001806,0.10324450252237105,0.005960063494436665,0.013478125930216103,0.023489931749858795,0.008741949313440033,14.246917031830076,13.276756890549201,13.312000000000001,1.5576941339806614,1.541638253421362,1.5283159739458383
final_joint_baseline_44mer,hs,5,35,321.954,train,0.07970746554178146,0.08406201716823836,0.004802361588843514,0.01219686564404606,0.01669929874034052,0.0068519620522594854,14.381535283914552,13.419899943592664,13.592,1.553315696022292,1.5359138049226373,1.5207175882782247
final_joint_baseline_44mer,hs,5,36,323.241,train,0.08185448035703152,0.08194838380424127,0.003832746961763941,0.012195598508039068,0.020331836673674906,0.008276602729878969,14.587121903718579,13.56441030064655,13.47666666666667,1.545519977992165,1.5301599677584123,1.5221515750601986
final_joint_baseline_44mer,hs,5,37,324.533,train,0.07728269404777996,0.08360690060151467,0.0043716064788465025,0.011409525747417812,0.01890934385584688,0.00935914520934173,14.566468109062138,13.710272373091641,13.726666666666667,1.5455605687236313,1.5243779320387172,1.5235758595284619
final_joint_baseline_44mer,hs,5,38,325.83,train,0.0802407393025583,0.09296606072627414,0.00559256584300507,0.01159922170365758,0.01717997454863291,0.008074790094396916,14.80466496257075,13.857468342889375,13.89,1.5404790686617498,1.5185689626921635,1.5055363798694588
final_joint_baseline_44mer,hs,5,39,327.132,train,0.0818790215728969,0.09910042935542188,0.006287546958939563,0.013299043986567767,0.017600703896715864,0.00729824872825144,14.926329042663259,14.005978089096505,14.272666666666666,1.543821294173438,1.5127344003549819,1.5025267160788156
final_joint_baseline_44mer,hs,5,40,328.44,train,0.07709520355297342,0.0844441655310694,0.004174567571039162,0.012617635563719629,0.019988079067732006,0.008374123483283945,15.05278513176313,14.155894002619446,14.270666666666667,1.540026443712756,1.5068711791093836,1.5015843810780962
final_joint_baseline_44mer,hs,5,41,329.753,train,0.08131350443486074,0.08382022845289336,0.003566568546224305,0.014134863872608362,0.021134729430215507,0.007644454652199881,15.265959923315682,14.307077309679187,14.108,1.5372187904758519,1.5009852762325244,1.5117292600749968
final_joint_baseline_44mer,hs,5,42,331.071,train,0.07605886203681694,0.07218703637739463,0.0035563378119065773,0.015382872118196897,0.021258810691796595,0.010791298881937115,15.465113961414396,14.459500522572089,14.402666666666665,1.5314127841504375,1.4950782656825312,1.4925891391816952
final_joint_baseline_44mer,hs,5,43,332.394,train,0.08063525451302148,0.07747345116205165,0.0036026888373205763,0.015510256860542157,0.022877489953730942,0.008131359196203065,15.650857373257864,14.613133614030982,14.700666666666667,1.5244549200868058,1.489151797965392,1.488223610743202
final_joint_baseline_44mer,hs,5,44,333.723,train,0.07743586500086054,0.09412504368873734,0.007570420413894755,0.01675502955619349,0.021469839101161577,0.0099134494055086,15.79094470817357,14.768060768556424,14.631333333333334,1.5161238639190366,1.4832031256150915,1.4863786764990548
final_joint_baseline_44mer,hs,5,45,335.057,train,0.07644145180297719,0.08131277597571929,0.0051844677983619095,0.01601411438909485,0.022073593849669247,0.007088408746363763,15.881811058365287,14.924130795904684,14.750666666666667,1.5139679599741689,1.477238534773516,1.4724085263644913
final_joint_baseline_44mer,hs,5,46,336.396,train,0.07738203291355353,0.08419960437098584,0.005888229289771922,0.015767091464624444,0.022105513833854326,0.007238892664881839,15.95942996470087,15.081305766510766,15.169333333333334,1.5107176380054235,1.4712599042979844,1.4678472853359372
final_joint_baseline_44mer,hs,5,47,337.741,train,0.07735310599848784,0.08919366943333415,0.005735791100965747,0.01617377872878539,0.0232553266593773,0.009684670641237084,16.191268790700505,15.239663018175296,15.010666666666669,1.5031807816212521,1.465264731755853,1.4698274680347467
final_joint_baseline_44mer,hs,5,48,339.091,train,0.0730146315655271,0.08763664371144661,0.0042127774218627,0.015218343915840133,0.020151805290080323,0.008801944486287669,16.2934658572211,15.399042054943633,15.490666666666666,1.4997236766808852,1.4592595100887737,1.4683238102617047
final_joint_baseline_44mer,hs,5,49,340.446,train,0.07278090051282836,0.08565638675952042,0.00694504059582789,0.01519096088761789,0.023360161885336548,0.008932874247292086,16.485230661554375,15.559396952943239,15.613333333333337,1.4953283897396434,1.4532463310214063,1.4430116811478322
final_joint_baseline_44mer,hs,5,50,341.807,train,0.07565726658025382,0.08015010054882156,0.004955767498814789,0.016170348570495166,0.022070157754218035,0.009229167790384584,16.691355897389087,15.72079789688431,15.434000000000001,1.4903387932207046,1.4472229311823377,1.459505792392232
final_joint_baseline_44mer,hs,5,51,343.173,train,0.0684333381326377,0.07566425116316441,0.004695051566607191,0.01494141235384298,0.0208768877219184,0.007877565761307723,16.85042336132919,15.883075496515222,15.712000000000003,1.4792115717588992,1.4411959749583119,1.4445005335389098
final_joint_baseline_44mer,hs,5,52,344.545,train,0.06904819996103648,0.0664521597520815,0.006275118383423966,0.01505782395117157,0.021613444852350255,0.007031750187055686,17.108302522670563,16.04629510332385,15.938000000000002,1.4707794216938925,1.4351633514936522,1.439451986934258
final_joint_baseline_44mer,hs,5,53,345.922,train,0.06459977808209079,0.06824345547473304,0.007336924406528228,0.0150630242973416,0.026512252479680753,0.010961562358608838,17.151692684559674,16.210281777286035,16.256,1.4674249423764787,1.429131815400149,1.4261114986544532
final_joint_baseline_44mer,hs,5,54,347.305,train,0.06839652176982536,0.0601901209327868,0.006644648059835044,0.01692910116660505,0.028767783818432854,0.00875882795171113,17.198451478911814,16.375096123979386,16.576666666666668,1.4707388309624263,1.4230993980841857,1.4118097735545492
final_joint_baseline_44mer,hs,5,55,348.693,train,0.06717873359213389,0.07550729581895123,0.0038607953311493703,0.01673266183055623,0.025062818025282325,0.007979244993911356,17.365968291643842,16.540558126713982,16.304666666666666,1.46534792230597,1.417072919885081,1.42183055197358
final_joint_baseline_44mer,hs,5,56,350.086,train,0.06898339875510273,0.06345234344313866,0.005123508049839761,0.017159255719662855,0.0253454559988816,0.010150828616928138,17.642026124398996,16.706604652194837,16.728,1.4586152219225486,1.4110548500657276,1.4127615400173772
final_joint_baseline_44mer,hs,5,57,351.486,train,0.06723535730682259,0.06247172704962349,0.0081727240509073,0.01923659090296247,0.028740568013618677,0.009173483332548185,17.59089830199014,16.873408744267657,16.894666666666666,1.459674410254965,1.4050391204110946,1.408827201571316
final_joint_baseline_44mer,hs,5,58,352.891,train,0.06481274896884151,0.05768927539155411,0.00611587056714949,0.01884599215013316,0.02605219194403227,0.007306610885101537,17.764145137240583,17.04066463787472,17.03933333333333,1.454219169118449,1.3990369308629211,1.3980847421160887
final_joint_baseline_44mer,hs,5,59,354.301,train,0.06421822948915866,0.06347756505712969,0.00670241366466803,0.020364528385803583,0.02808099126398639,0.008382647999184058,17.849990870914734,17.208303241104524,17.39333333333333,1.4515792398474154,1.3930508385487432,1.388241475305772
final_joint_baseline_44mer,hs,5,60,355.717,train,0.06270078209426333,0.061244580891807676,0.005654349153431593,0.021326457636040227,0.030668085180280347,0.009355049042288927,17.95618609640314,17.376372446154896,17.270000000000003,1.4478678684382402,1.3870792113102492,1.3963687724878566
final_joint_baseline_44mer,hs,5,61,357.139,train,0.061672474251527346,0.05667023141218787,0.007255004764311417,0.023316219690683145,0.028035244709883618,0.007548939182564345,17.985555124459857,17.544799323185508,17.439999999999998,1.4474435804149874,1.381124718167223,1.3838741553592806
final_joint_baseline_44mer,hs,5,62,358.567,train,0.0586819391769606,0.0551586777676696,0.00955247406567416,0.02532233681690524,0.04103459591124804,0.009184668197413308,17.929191771651148,17.713509397584954,17.92133333333333,1.4479398595468786,1.3751900375734978,1.3649936528607667
final_joint_baseline_44mer,hs,5,63,360.0,train,0.058008129246278226,0.050179243807076994,0.0061553552321971265,0.027190818323866432,0.039014374650573655,0.009219046018232577,18.00590271438135,17.88230923186387,17.82133333333333,1.448537998438865,1.36928195608066,1.3705027067306674
final_joint_baseline_44mer,hs,6,0,280.0,train,0.062090813433788056,0.06359482482109297,0.004480821667613814,0.016931225796636543,0.02491003610793469,0.01257275338316655,8.984389264195727,9.225096178084602,9.16,1.7330192887155929,1.7145363817574557,1.716306179160937
final_joint_baseline_44mer,hs,6,1,281.119,train,0.059080395418248915,0.06394376847162048,0.0029148882645684978,0.016575632719088657,0.021090289421383357,0.009482084074053177,9.245772472764894,9.32340239600168,9.173333333333336,1.7254357146970922,1.710083653443943,1.719419698746869
final_joint_baseline_44mer,hs,6,2,282.243,train,0.06321644095505119,0.06863407618375406,0.0037267979198354513,0.017449298907112797,0.021752729419602424,0.006457334813956667,9.307776459132127,9.422876169398691,9.567333333333334,1.7239583652442858,1.7055913989849256,1.695552583158892
final_joint_baseline_44mer,hs,6,3,283.371,train,0.06561963183327768,0.07450134193191554,0.00578310097026127,0.016482937929952615,0.021939351941300717,0.0070611223308676575,9.5004241220863,9.523442130784534,9.367333333333333,1.7181079388731155,1.701063464293021,1.7058230554158123
final_joint_baseline_44mer,hs,6,4,284.504,train,0.06583128892832611,0.07074418344042868,0.003816211610000648,0.01570741402589568,0.03122116994575665,0.010403874178455202,9.659105501795388,9.62520255348112,9.564666666666668,1.7148231530757665,1.696495695678403,1.6994026509252795
final_joint_baseline_44mer,hs,6,5,285.641,train,0.064248791224271,0.0744245599385154,0.0025133741477573936,0.015150103746441695,0.02280482518798846,0.009904157913828227,9.834191086969753,9.72808069720752,9.753333333333334,1.70995073357408,1.6918919973426858,1.6924089623573524
final_joint_baseline_44mer,hs,6,6,286.783,train,0.06774474512679304,0.06653790505723202,0.0028518377683679035,0.015446969328101978,0.020347672069799976,0.006274830787530903,10.003320324386829,9.832180056240741,9.66,1.700945718091396,1.6872482062966678,1.7033312554098674
final_joint_baseline_44mer,hs,6,7,287.929,train,0.06958311316628384,0.07258010157711894,0.0028485921987658975,0.015282064259753043,0.02454908471732574,0.008937992361674262,10.215862546406182,9.937422389661705,9.842666666666666,1.6943485754338155,1.682568289378287,1.6743199672149665
final_joint_baseline_44mer,hs,6,8,289.08,train,0.0744137364642203,0.08947652906687176,0.006327244210950038,0.015368957027929994,0.024881298270552188,0.010251585799811449,10.399694936400707,10.043912325324627,9.942,1.6849675212879243,1.6778480791729704,1.690847663478997
final_joint_baseline_44mer,hs,6,9,290.235,train,0.0737524201610635,0.08745968672049836,0.005757366645582178,0.014998798405816216,0.021788970310117943,0.006793105440827301,10.524419922707079,10.151569976434864,10.177333333333333,1.681340394793113,1.6730916099522928,1.6701460361319191
final_joint_baseline_44mer,hs,6,10,291.395,train,0.07167252433492974,0.07872260401428549,0.004188229983485435,0.01558565485469663,0.02234730627883584,0.00829658707183791,10.66035238269125,10.260500996301994,10.100666666666667,1.6777821959555088,1.6682947154089174,1.6730202087079322
final_joint_baseline_44mer,hs,6,11,292.56,train,0.07285258250190091,0.0697547591229766,0.003308292978101093,0.015693659827359718,0.019927912990550557,0.008553612077205786,10.742928001947536,10.370718647612104,10.282666666666668,1.6731364718597481,1.663457341803712,1.662007376677546
final_joint_baseline_44mer,hs,6,12,293.729,train,0.07185183005927237,0.07748903100490571,0.004385619802550575,0.01576139101357918,0.015669792016506083,0.007181237333328039,10.807456941147832,10.48214026799837,10.413333333333334,1.6738479584546968,1.6585836347593932,1.6621242815652781
final_joint_baseline_44mer,hs,6,13,294.903,train,0.07106778706678121,0.0805659264567587,0.0035045299592964944,0.015986027610984745,0.0181200668153152,0.004876768322892227,10.913218154707565,10.594872802899417,10.637333333333334,1.6724701711734125,1.653669441740782,1.6554207416044635
final_joint_baseline_44mer,hs,6,14,296.082,train,0.07472570039348256,0.0863096520516905,0.004212333536004861,0.01785878092705153,0.027269606677312007,0.009979061194949398,11.137181242772805,10.708928592679532,10.853333333333332,1.665708368001392,1.648714779236065,1.6220904103102418
final_joint_baseline_44mer,hs,6,15,297.266,train,0.07426716487541543,0.07970935811660626,0.0048897599764408505,0.017408124545326403,0.03274216813429763,0.008919373120632748,11.28130401375449,10.824319576979889,10.728000000000002,1.6584518174231966,1.6437196908403813,1.6476857908643603
final_joint_baseline_44mer,hs,6,16,298.454,train,0.07463676571563226,0.07830838584201102,0.004410444959731023,0.015119295816806672,0.020504941776861692,0.007281449864171057,11.462236397662954,10.940958696563625,10.976666666666667,1.653061674629598,1.638688492226517,1.6411274512094356
final_joint_baseline_44mer,hs,6,17,299.647,train,0.07512865171375507,0.09090214723416686,0.005324219331191734,0.01572251036214667,0.023811875561454553,0.007472286269008887,11.609464579149169,11.058954011009074,10.963333333333333,1.6439808387239871,1.6336170757426767,1.6245387435374181
final_joint_baseline_44mer,hs,6,18,300.845,train,0.0790519595291542,0.08861254436536065,0.0042587972152396385,0.015454030879344473,0.020812917697129348,0.008202484069371751,11.843582253058244,11.178315908274588,11.268666666666666,1.6384022936673557,1.628505577426884,1.6278469668183797
final_joint_baseline_44mer,hs,6,19,302.047,train,0.08093427283657682,0.09798324931274657,0.004931457457727692,0.015870541189328916,0.017754286313750835,0.008516515993604517,12.03045767147465,11.298953409218882,11.448666666666666,1.6302856790997862,1.6233584582384497,1.6142078144003995
final_joint_baseline_44mer,hs,6,20,303.254,train,0.08314634412146733,0.09083592201211355,0.0034387774042587086,0.015776582561894334,0.02421623120027622,0.006874038392062326,12.269134182338263,11.420974824127715,11.421333333333335,1.6206763978222538,1.6181716669742907,1.6229041564044893
final_joint_baseline_44mer,hs,6,21,304.467,train,0.0818801360103697,0.09854856513484103,0.005385286459922615,0.01404969211305149,0.018622344036590285,0.005644768379749863,12.378670272655349,11.544490611282608,11.544666666666668,1.611008910967524,1.6129411314923883,1.6132759055847936
final_joint_baseline_44mer,hs,6,22,305.683,train,0.0848641477085035,0.10329860089339879,0.005271344231933086,0.014306568058675233,0.023439619311424877,0.008811958025885188,12.575666042845839,11.669201611159398,11.743333333333332,1.6024266517823778,1.607680098855876,1.6114985646014146
final_joint_baseline_44mer,hs,6,23,306.905,train,0.08291919809774506,0.08457038708268644,0.004897566473044894,0.013589996916871853,0.019750611895242083,0.008842791124904464,12.589017710425416,11.795420892718626,11.989333333333335,1.6065431646433592,1.6023759442407945,1.5957306238238251
final_joint_baseline_44mer,hs,6,24,308.132,train,0.07744844201558268,0.08605799344927724,0.0020309304494729773,0.014004070038236317,0.021490088926868524,0.00839674994694958,12.680625798794962,11.923051750034325,11.928666666666668,1.6048980912246824,1.597033366751441,1.5914689383061442
final_joint_baseline_44mer,hs,6,25,309.364,train,0.07854380886592,0.08972604107016198,0.004132568194809262,0.014312325011734458,0.0178593378841766,0.007272271919746223,12.839442212890269,12.052098581385199,11.991333333333333,1.602065164513469,1.5916527950991388,1.594239608566936
final_joint_baseline_44mer,hs,6,26,310.6,train,0.0729221360903951,0.08613185639603986,0.004593527683378602,0.015118025943089624,0.018549309978556375,0.005489994172588213,12.760165616821862,12.182458782102579,12.112666666666666,1.6043305868470101,1.5862390955268681,1.593903526204517
final_joint_baseline_44mer,hs,6,27,311.842,train,0.07384418481695626,0.07927959091547279,0.005711369337969793,0.015210069605861468,0.017670508281487307,0.006738503229079762,12.944969113261518,12.31434525943373,12.341333333333333,1.5958195529076442,1.5807840413758611,1.5838184421211603
final_joint_baseline_44mer,hs,6,28,313.088,train,0.07830816633322578,0.08305206150890908,0.0044842026880147524,0.0161781270462694,0.02437808135399857,0.007609625203533558,13.29451341975534,12.447546264439897,12.517333333333335,1.5835136685075968,1.5752970056364135,1.5775975352694434
final_joint_baseline_44mer,hs,6,29,314.34,train,0.0748210521074752,0.0781082378177554,0.004074819525536497,0.013811245360998549,0.026534990154478945,0.01070672631892293,13.48962745724545,12.582274785593542,12.646000000000003,1.5730841481092992,1.5697698287582917,1.5613627859936772
final_joint_baseline_44mer,hs,6,30,315.596,train,0.0763428456716969,0.08148869764699046,0.0028753276042742387,0.014174972231271505,0.02273613500031909,0.00733522793286771,13.672765276002677,12.718313266095484,12.678666666666667,1.567634268012788,1.5642120478280603,1.575160864012607
final_joint_baseline_44mer,hs,6,31,316.858,train,0.07623675974331373,0.07722300258062531,0.0029910565117534016,0.013826496189374262,0.018224917394011254,0.0091122763829594,13.829060921429004,12.85587436046102,12.885333333333334,1.5631233357800103,1.5586155844302638,1.5626171168094574
final_joint_baseline_44mer,hs,6,32,318.124,train,0.07700933778740632,0.07793969721908364,0.003374390898334384,0.013622634006697096,0.019532274111976403,0.006831828454774965,14.070463605380073,12.99473439821008,13.04,1.558760215078798,1.552990143393708,1.559424810235595
final_joint_baseline_44mer,hs,6,33,319.396,train,0.0808522922712542,0.08314023671845883,0.004430587952490055,0.013636736808536314,0.01943892449284681,0.006738490339429678,14.099472795325909,13.135105264216147,13.250666666666667,1.560315682543106,1.5473277414809836,1.5397721197313081
final_joint_baseline_44mer,hs,6,34,320.672,train,0.082620691001806,0.0861639684243024,0.0033110117955428044,0.013478125930216103,0.017630376765214843,0.00630567569495664,14.246917031830076,13.276756890549201,13.190666666666669,1.5576941339806614,1.541638253421362,1.5482594126726743
final_joint_baseline_44mer,hs,6,35,321.954,train,0.07970746554178146,0.08273971506061764,0.0062920425559813715,0.01219686564404606,0.023396906719703195,0.008022145178229158,14.381535283914552,13.419899943592664,13.386666666666667,1.553315696022292,1.5359138049226373,1.5213319375899872
final_joint_baseline_44mer,hs,6,36,323.241,train,0.08185448035703152,0.09776031145914663,0.005449668479977602,0.012195598508039068,0.02134217085473625,0.00682060047066361,14.587121903718579,13.56441030064655,13.720666666666666,1.545519977992165,1.5301599677584123,1.5188615946468882
final_joint_baseline_44mer,hs,6,37,324.533,train,0.07728269404777996,0.08221960146408036,0.006046838022760391,0.011409525747417812,0.018196243189331548,0.008035301981090702,14.566468109062138,13.710272373091641,13.926666666666668,1.5455605687236313,1.5243779320387172,1.5184078345539462
final_joint_baseline_44mer,hs,6,38,325.83,train,0.0802407393025583,0.08643571172010094,0.0027765580968682063,0.01159922170365758,0.02038645989115947,0.00807804753302179,14.80466496257075,13.857468342889375,13.982666666666667,1.5404790686617498,1.5185689626921635,1.52086516724543
final_joint_baseline_44mer,hs,6,39,327.132,train,0.0818790215728969,0.09226373984061922,0.004188173180783448,0.013299043986567767,0.022811577063174278,0.00815810612143603,14.926329042663259,14.005978089096505,13.876666666666667,1.543821294173438,1.5127344003549819,1.5084074256820208
final_joint_baseline_44mer,hs,6,40,328.44,train,0.07709520355297342,0.08642795513208942,0.005194772747909623,0.012617635563719629,0.019386136295924054,0.007434091019254499,15.05278513176313,14.155894002619446,14.368,1.540026443712756,1.5068711791093836,1.4961983683153628
final_joint_baseline_44mer,hs,6,41,329.753,train,0.08131350443486074,0.07279454742183461,0.005646326253464952,0.014134863872608362,0.01964768673726007,0.00866683720218214,15.265959923315682,14.307077309679187,14.714,1.5372187904758519,1.5009852762325244,1.4855212081660851
final_joint_baseline_44mer,hs,6,42,331.071,train,0.07605886203681694,0.08597592879642495,0.006981580184069599,0.015382872118196897,0.021490796629242897,0.0066281007561219876,15.465113961414396,14.459500522572089,14.277999999999999,1.5314127841504375,1.4950782656825312,1.4939544928092996
final_joint_baseline_44mer,hs,6,43,332.394,train,0.08063525451302148,0.07702998518936616,0.00598440190893284,0.015510256860542157,0.025825250067254054,0.010501632648748909,15.650857373257864,14.613133614030982,14.409333333333334,1.5244549200868058,1.489151797965392,1.4938461804915677
final_joint_baseline_44mer,hs,6,44,333.723,train,0.07743586500086054,0.07814407742861264,0.004688263066771002,0.01675502955619349,0.021614894752453075,0.005842052871936289,15.79094470817357,14.768060768556424,14.592666666666666,1.5161238639190366,1.4832031256150915,1.487000209607493
final_joint_baseline_44mer,hs,6,45,335.057,train,0.07644145180297719,0.08344958852941313,0.005656440931212462,0.01601411438909485,0.020113362262263644,0.00732437047324579,15.881811058365287,14.924130795904684,14.824,1.5139679599741689,1.477238534773516,1.4841251299229539
final_joint_baseline_44mer,hs,6,46,336.396,train,0.07738203291355353,0.08405345240685258,0.008626706985835574,0.015767091464624444,0.022329417163145675,0.008650051814331289,15.95942996470087,15.081305766510766,15.037333333333333,1.5107176380054235,1.4712599042979844,1.4831512520989736
final_joint_baseline_44mer,hs,6,47,337.741,train,0.07735310599848784,0.07518175131708865,0.0037745787118547364,0.01617377872878539,0.019516778197483084,0.006020604483174567,16.191268790700505,15.239663018175296,15.273333333333333,1.5031807816212521,1.465264731755853,1.4671980289429254
final_joint_baseline_44mer,hs,6,48,339.091,train,0.0730146315655271,0.07551790823029363,0.0034732577720992504,0.015218343915840133,0.02157046417837378,0.006876770905907212,16.2934658572211,15.399042054943633,15.398666666666667,1.4997236766808852,1.4592595100887737,1.4599430548998826
final_joint_baseline_44mer,hs,6,49,340.446,train,0.07278090051282836,0.07121222598018953,0.0049538240370762,0.01519096088761789,0.022763978047539116,0.007270076244779142,16.485230661554375,15.559396952943239,15.609333333333332,1.4953283897396434,1.4532463310214063,1.4554020087760295
final_joint_baseline_44mer,hs,6,50,341.807,train,0.07565726658025382,0.07206432835927944,0.006982200516960033,0.016170348570495166,0.024656346029113138,0.00897831379232188,16.691355897389087,15.72079789688431,15.753333333333334,1.4903387932207046,1.4472229311823377,1.4453018541719782
final_joint_baseline_44mer,hs,6,51,343.173,train,0.0684333381326377,0.06569804702290535,0.004954632818897568,0.01494141235384298,0.023030680977350247,0.007288349977072753,16.85042336132919,15.883075496515222,15.838666666666667,1.4792115717588992,1.4411959749583119,1.4463027446548429
final_joint_baseline_44mer,hs,6,52,344.545,train,0.06904819996103648,0.07622463276871848,0.00609317848204199,0.01505782395117157,0.019065690042898854,0.00823924234645194,17.108302522670563,16.04629510332385,15.767333333333337,1.4707794216938925,1.4351633514936522,1.4449003226882042
final_joint_baseline_44mer,hs,6,53,345.922,train,0.06459977808209079,0.07431677949915264,0.009555796989560137,0.0150630242973416,0.024057143753056478,0.00898738843751061,17.151692684559674,16.210281777286035,16.16133333333333,1.4674249423764787,1.429131815400149,1.4257290354006462
final_joint_baseline_44mer,hs,6,54,347.305,train,0.06839652176982536,0.06572782304036719,0.006958790513522625,0.01692910116660505,0.028962092092803315,0.010871074541929442,17.198451478911814,16.375096123979386,16.287333333333333,1.4707388309624263,1.4230993980841857,1.4209479557148161
final_joint_baseline_44mer,hs,6,55,348.693,train,0.06717873359213389,0.056998965954413484,0.00857233675543714,0.01673266183055623,0.0324085515956512,0.01095055064724396,17.365968291643842,16.540558126713982,16.659333333333336,1.46534792230597,1.417072919885081,1.413874622330334
final_joint_baseline_44mer,hs,6,56,350.086,train,0.06898339875510273,0.07107120980975068,0.004466481730880777,0.017159255719662855,0.02601809381220744,0.008421233792200451,17.642026124398996,16.706604652194837,16.62333333333333,1.4586152219225486,1.4110548500657276,1.4061708076995671
final_joint_baseline_44mer,hs,6,57,351.486,train,0.06723535730682259,0.06187137389188857,0.00531190969021526,0.01923659090296247,0.02168568109840592,0.007739308463568754,17.59089830199014,16.873408744267657,16.824666666666666,1.459674410254965,1.4050391204110946,1.4151818992014296
final_joint_baseline_44mer,hs,6,58,352.891,train,0.06481274896884151,0.04880764027918058,0.009297561450725168,0.01884599215013316,0.026005631315494257,0.00984680572314493,17.764145137240583,17.04066463787472,17.104666666666667,1.454219169118449,1.3990369308629211,1.3952370524659305
final_joint_baseline_44mer,hs,6,59,354.301,train,0.06421822948915866,0.06672406212156236,0.006234206639344766,0.020364528385803583,0.029208816119654958,0.009291417356911049,17.849990870914734,17.208303241104524,17.240000000000002,1.4515792398474154,1.3930508385487432,1.375604279595524
final_joint_baseline_44mer,hs,6,60,355.717,train,0.06270078209426333,0.05461418064474824,0.008993517642712745,0.021326457636040227,0.03327720034262313,0.008973267524193224,17.95618609640314,17.376372446154896,17.554000000000002,1.4478678684382402,1.3870792113102492,1.3747188570256796
final_joint_baseline_44mer,hs,6,61,357.139,train,0.061672474251527346,0.06072593995647392,0.006379475140087602,0.023316219690683145,0.029384720437900982,0.008695751603186407,17.985555124459857,17.544799323185508,17.479333333333336,1.4474435804149874,1.381124718167223,1.3867949812727915
final_joint_baseline_44mer,hs,6,62,358.567,train,0.0586819391769606,0.048738464107091095,0.007233980200772979,0.02532233681690524,0.03578673182770399,0.011866841945341364,17.929191771651148,17.713509397584954,17.709333333333333,1.4479398595468786,1.3751900375734978,1.3747544826758178
final_joint_baseline_44mer,hs,6,63,360.0,train,0.058008129246278226,0.0510963480480046,0.006583443313704718,0.027190818323866432,0.04118257514876612,0.009249545264229789,18.00590271438135,17.88230923186387,18.109333333333332,1.448537998438865,1.36928195608066,1.3528616342823505
final_joint_baseline_44mer,hs,7,0,280.0,train,0.062090813433788056,0.07594980378834033,0.0033599948675113915,0.016931225796636543,0.021700812127802588,0.00897467139578847,8.984389264195727,9.225096178084602,9.302666666666667,1.7330192887155929,1.7145363817574557,1.70748399111787
final_joint_baseline_44mer,hs,7,1,281.119,train,0.059080395418248915,0.0588854197074538,0.0029129982057190754,0.016575632719088657,0.02208845447375079,0.007847056732428125,9.245772472764894,9.32340239600168,9.199333333333335,1.7254357146970922,1.710083653443943,1.7203329320597534
final_joint_baseline_44mer,hs,7,2,282.243,train,0.06321644095505119,0.058431755818404776,0.00430025823972845,0.017449298907112797,0.020748612607637683,0.007398103471824058,9.307776459132127,9.422876169398691,9.319333333333333,1.7239583652442858,1.7055913989849256,1.7176750632719628
final_joint_baseline_44mer,hs,7,3,283.371,train,0.06561963183327768,0.07231833476272533,0.0038163212771129724,0.016482937929952615,0.022609582146093977,0.007491729061075231,9.5004241220863,9.523442130784534,9.524000000000001,1.7181079388731155,1.701063464293021,1.7059963801677682
final_joint_baseline_44mer,hs,7,4,284.504,train,0.06583128892832611,0.076144309893926,0.0034502419231733136,0.01570741402589568,0.021584235717946786,0.006579218512494514,9.659105501795388,9.62520255348112,9.588,1.7148231530757665,1.696495695678403,1.6925958158810201
final_joint_baseline_44mer,hs,7,5,285.641,train,0.064248791224271,0.06529548934415313,0.003482393350318643,0.015150103746441695,0.020309798582943253,0.006280108352066055,9.834191086969753,9.72808069720752,9.866666666666667,1.70995073357408,1.6918919973426858,1.6853003084036873
final_joint_baseline_44mer,hs,7,6,286.783,train,0.06774474512679304,0.0814825018962681,0.005094472175734774,0.015446969328101978,0.01543480208726018,0.007021123122714819,10.003320324386829,9.832180056240741,9.844,1.700945718091396,1.6872482062966678,1.683662741150934
final_joint_baseline_44mer,hs,7,7,287.929,train,0.06958311316628384,0.07356964771910648,0.0031564275885509825,0.015282064259753043,0.018130970988370073,0.006914925099021269,10.215862546406182,9.937422389661705,9.914666666666667,1.6943485754338155,1.682568289378287,1.6857361186950846
final_joint_baseline_44mer,hs,7,8,289.08,train,0.0744137364642203,0.08467085235030092,0.005853986712240114,0.015368957027929994,0.028076497352080763,0.00994084931997907,10.399694936400707,10.043912325324627,9.982,1.6849675212879243,1.6778480791729704,1.6661334589548242
final_joint_baseline_44mer,hs,7,9,290.235,train,0.0737524201610635,0.07599237275560188,0.003931148568802446,0.014998798405816216,0.021426143471715425,0.008270051364138675,10.524419922707079,10.151569976434864,10.020000000000001,1.681340394793113,1.6730916099522928,1.691443144647204
final_joint_baseline_44mer,hs,7,10,291.395,train,0.07167252433492974,0.0876136252149126,0.003706670365135084,0.01558565485469663,0.01942019448351853,0.00877602707640711,10.66035238269125,10.260500996301994,10.274000000000001,1.6777821959555088,1.6682947154089174,1.6523167858957704
final_joint_baseline_44mer,hs,7,11,292.56,train,0.07285258250190091,0.09167687694406351,0.006160268796250446,0.015693659827359718,0.022871133967070023,0.006723146946479726,10.742928001947536,10.370718647612104,10.378,1.6731364718597481,1.663457341803712,1.6697016388713015
final_joint_baseline_44mer,hs,7,12,293.729,train,0.07185183005927237,0.07276874547445458,0.004034425428191335,0.01576139101357918,0.024241665695664473,0.008768514492678375,10.807456941147832,10.48214026799837,10.402000000000001,1.6738479584546968,1.6585836347593932,1.6725705141563665
final_joint_baseline_44mer,hs,7,13,294.903,train,0.07106778706678121,0.08119973734282532,0.0036911284810146943,0.015986027610984745,0.021497968305083017,0.009800552306755222,10.913218154707565,10.594872802899417,10.555333333333333,1.6724701711734125,1.653669441740782,1.6570112269635786
final_joint_baseline_44mer,hs,7,14,296.082,train,0.07472570039348256,0.06702850969607044,0.0033410640708579345,0.01785878092705153,0.029157682009438565,0.009782755741618982,11.137181242772805,10.708928592679532,10.581333333333337,1.665708368001392,1.648714779236065,1.6565715332952566
final_joint_baseline_44mer,hs,7,15,297.266,train,0.07426716487541543,0.08325410338953657,0.004607492919210986,0.017408124545326403,0.027002020707122133,0.008820139129890152,11.28130401375449,10.824319576979889,10.796666666666667,1.6584518174231966,1.6437196908403813,1.6360343946281948
final_joint_baseline_44mer,hs,7,16,298.454,train,0.07463676571563226,0.08638946500765478,0.0028836403908022246,0.015119295816806672,0.021274660279256723,0.006861313791412584,11.462236397662954,10.940958696563625,11.046,1.653061674629598,1.638688492226517,1.6331055105657597
final_joint_baseline_44mer,hs,7,17,299.647,train,0.07512865171375507,0.0880844041727497,0.0025287056379191776,0.01572251036214667,0.019269454149505094,0.00850448828215557,11.609464579149169,11.058954011009074,11.080666666666668,1.6439808387239871,1.6336170757426767,1.6256332702064693
final_joint_baseline_44mer,hs,7,18,300.845,train,0.0790519595291542,0.07848555498550536,0.0044611135313960895,0.015454030879344473,0.020476686638078466,0.007699381077948528,11.843582253058244,11.178315908274588,11.101333333333333,1.6384022936673557,1.628505577426884,1.635897414892427
final_joint_baseline_44mer,hs,7,19,302.047,train,0.08093427283657682,0.0928814733224343,0.004054502282938736,0.015870541189328916,0.024930593450937302,0.009161314152916204,12.03045767147465,11.298953409218882,11.212666666666667,1.6302856790997862,1.6233584582384497,1.6263955024164887
final_joint_baseline_44mer,hs,7,20,303.254,train,0.08314634412146733,0.09908043142622727,0.005141152297130297,0.015776582561894334,0.02815598879893364,0.009765389082801605,12.269134182338263,11.420974824127715,11.413333333333334,1.6206763978222538,1.6181716669742907,1.6132147280541573
final_joint_baseline_44mer,hs,7,21,304.467,train,0.0818801360103697,0.08606465110570045,0.00370674044429084,0.01404969211305149,0.01983302069532891,0.007339286497662879,12.378670272655349,11.544490611282608,11.444666666666667,1.611008910967524,1.6129411314923883,1.6105848623656729
final_joint_baseline_44mer,hs,7,22,305.683,train,0.0848641477085035,0.08719894080551087,0.00515461471964623,0.014306568058675233,0.026506081889869477,0.009902365591590953,12.575666042845839,11.669201611159398,11.830666666666666,1.6024266517823778,1.607680098855876,1.5936780506788513
final_joint_baseline_44mer,hs,7,23,306.905,train,0.08291919809774506,0.08457201957449506,0.004527693753452857,0.013589996916871853,0.01850423216182233,0.007857672923800432,12.589017710425416,11.795420892718626,11.927333333333333,1.6065431646433592,1.6023759442407945,1.6118085932867932
final_joint_baseline_44mer,hs,7,24,308.132,train,0.07744844201558268,0.08433518754094539,0.002504653685649505,0.014004070038236317,0.018604586260852533,0.006392234066854427,12.680625798794962,11.923051750034325,11.806000000000001,1.6048980912246824,1.597033366751441,1.6090624081476035
final_joint_baseline_44mer,hs,7,25,309.364,train,0.07854380886592,0.08852225138011025,0.004503944930976648,0.014312325011734458,0.020320846869297617,0.007851521365207795,12.839442212890269,12.052098581385199,11.750666666666667,1.602065164513469,1.5916527950991388,1.5920003979276807
final_joint_baseline_44mer,hs,7,26,310.6,train,0.0729221360903951,0.08686712674820654,0.004064128105844978,0.015118025943089624,0.023809081100317604,0.00843227169708765,12.760165616821862,12.182458782102579,11.98,1.6043305868470101,1.5862390955268681,1.5936381153297363
final_joint_baseline_44mer,hs,7,27,311.842,train,0.07384418481695626,0.08728831358315621,0.004557849943365793,0.015210069605861468,0.02413725149938551,0.007476474310952252,12.944969113261518,12.31434525943373,12.254000000000001,1.5958195529076442,1.5807840413758611,1.5778794503301747
final_joint_baseline_44mer,hs,7,28,313.088,train,0.07830816633322578,0.09382636682581384,0.0037713007741893446,0.0161781270462694,0.02456109863077134,0.006857803003546974,13.29451341975534,12.447546264439897,12.518666666666668,1.5835136685075968,1.5752970056364135,1.579163524208141
final_joint_baseline_44mer,hs,7,29,314.34,train,0.0748210521074752,0.08860404158510479,0.0040285682535620045,0.013811245360998549,0.023678730454079713,0.00698827311396186,13.48962745724545,12.582274785593542,12.653333333333332,1.5730841481092992,1.5697698287582917,1.5678114765309352
final_joint_baseline_44mer,hs,7,30,315.596,train,0.0763428456716969,0.08320626560696803,0.004366895119524875,0.014174972231271505,0.024979880915650496,0.010094409296020204,13.672765276002677,12.718313266095484,12.831333333333333,1.567634268012788,1.5642120478280603,1.5538218714492191
final_joint_baseline_44mer,hs,7,31,316.858,train,0.07623675974331373,0.07767091246575927,0.0027464688745598397,0.013826496189374262,0.02392922404010785,0.008174017706391885,13.829060921429004,12.85587436046102,12.777999999999999,1.5631233357800103,1.5586155844302638,1.5613109502148834
final_joint_baseline_44mer,hs,7,32,318.124,train,0.07700933778740632,0.08812079244487168,0.003151503984454382,0.013622634006697096,0.019058750805174534,0.0087734519795296,14.070463605380073,12.99473439821008,12.989999999999998,1.558760215078798,1.552990143393708,1.5486417663511354
final_joint_baseline_44mer,hs,7,33,319.396,train,0.0808522922712542,0.08607312256302785,0.0037117789660667602,0.013636736808536314,0.021513110623825635,0.008676742059476281,14.099472795325909,13.135105264216147,13.007333333333335,1.560315682543106,1.5473277414809836,1.5559412187036297
final_joint_baseline_44mer,hs,7,34,320.672,train,0.082620691001806,0.08855654151345353,0.004539013373108448,0.013478125930216103,0.023235849976261935,0.007829147960838265,14.246917031830076,13.276756890549201,13.170666666666666,1.5576941339806614,1.541638253421362,1.5467513600877498
final_joint_baseline_44mer,hs,7,35,321.954,train,0.07970746554178146,0.08163009431687282,0.0051451124094144905,0.01219686564404606,0.023558108736864786,0.009757242574977863,14.381535283914552,13.419899943592664,13.443333333333332,1.553315696022292,1.5359138049226373,1.543519863214423
final_joint_baseline_44mer,hs,7,36,323.241,train,0.08185448035703152,0.08605087913116645,0.0029682959386448005,0.012195598508039068,0.021497558101910067,0.010785657951613521,14.587121903718579,13.56441030064655,13.438666666666666,1.545519977992165,1.5301599677584123,1.5382660660859298
final_joint_baseline_44mer,hs,7,37,324.533,train,0.07728269404777996,0.07673009467651848,0.004638397334433944,0.011409525747417812,0.017270008039212102,0.008827532918008129,14.566468109062138,13.710272373091641,13.77,1.5455605687236313,1.5243779320387172,1.5180975641761296
final_joint_baseline_44mer,hs,7,38,325.83,train,0.0802407393025583,0.08524443623161496,0.004442984143672601,0.01159922170365758,0.018280112563721338,0.008430745736229681,14.80466496257075,13.857468342889375,13.796,1.5404790686617498,1.5185689626921635,1.5235454133243236
final_joint_baseline_44mer,hs,7,39,327.132,train,0.0818790215728969,0.08744833147661231,0.003400011825619263,0.013299043986567767,0.019446192541120212,0.007542343626172716,14.926329042663259,14.005978089096505,14.069333333333335,1.543821294173438,1.5127344003549819,1.5052636579581653
final_joint_baseline_44mer,hs,7,40,328.44,train,0.07709520355297342,0.07806883661346886,0.004521454761724138,0.012617635563719629,0.020350805303268573,0.008581030886525117,15.05278513176313,14.155894002619446,14.283999999999999,1.540026443712756,1.5068711791093836,1.5038034681813544
final_joint_baseline_44mer,hs,7,41,329.753,train,0.08131350443486074,0.08163721217626543,0.005402279083873616,0.014134863872608362,0.02197194779044148,0.007314218133720993,15.265959923315682,14.307077309679187,14.350000000000001,1.5372187904758519,1.5009852762325244,1.4958314230784833
final_joint_baseline_44mer,hs,7,42,331.071,train,0.07605886203681694,0.08422070166134732,0.004848662345526285,0.015382872118196897,0.020674710041396184,0.006015831463620001,15.465113961414396,14.459500522572089,14.585333333333335,1.5314127841504375,1.4950782656825312,1.4828910644902273
final_joint_baseline_44mer,hs,7,43,332.394,train,0.08063525451302148,0.07536522347462978,0.008223125544156447,0.015510256860542157,0.02361577540700733,0.008151128874411728,15.650857373257864,14.613133614030982,15.042666666666667,1.5244549200868058,1.489151797965392,1.4799479408109537
final_joint_baseline_44mer,hs,7,44,333.723,train,0.07743586500086054,0.0852487667889015,0.006012993494215637,0.01675502955619349,0.02124993406608969,0.006751710187117973,15.79094470817357,14.768060768556424,14.606,1.5161238639190366,1.4832031256150915,1.5040541707028423
final_joint_baseline_44mer,hs,7,45,335.057,train,0.07644145180297719,0.08950975579629644,0.008146443924464649,0.01601411438909485,0.01959386765805898,0.009802170629206072,15.881811058365287,14.924130795904684,14.407333333333334,1.5139679599741689,1.477238534773516,1.501992980367542
final_joint_baseline_44mer,hs,7,46,336.396,train,0.07738203291355353,0.07331550145927114,0.004793200661296753,0.015767091464624444,0.025673401980831345,0.007322524461629258,15.95942996470087,15.081305766510766,15.223333333333333,1.5107176380054235,1.4712599042979844,1.468625687054031
final_joint_baseline_44mer,hs,7,47,337.741,train,0.07735310599848784,0.0786461028143863,0.0031756993300591954,0.01617377872878539,0.02325168009536885,0.008271310494445605,16.191268790700505,15.239663018175296,15.201333333333334,1.5031807816212521,1.465264731755853,1.4677315589578221
final_joint_baseline_44mer,hs,7,48,339.091,train,0.0730146315655271,0.06908350409114138,0.0050726676090002785,0.015218343915840133,0.023061033006880786,0.007364621548291252,16.2934658572211,15.399042054943633,15.475333333333333,1.4997236766808852,1.4592595100887737,1.4645943189879496
final_joint_baseline_44mer,hs,7,49,340.446,train,0.07278090051282836,0.06650303603577541,0.007869453617870434,0.01519096088761789,0.025674102489974027,0.010238414299439107,16.485230661554375,15.559396952943239,15.712666666666667,1.4953283897396434,1.4532463310214063,1.445301131656022
final_joint_baseline_44mer,hs,7,50,341.807,train,0.07565726658025382,0.07218482093073714,0.004834861015060126,0.016170348570495166,0.024837648655028972,0.007229868536378643,16.691355897389087,15.72079789688431,15.816,1.4903387932207046,1.4472229311823377,1.4469238122460992
final_joint_baseline_44mer,hs,7,51,343.173,train,0.0684333381326377,0.06362935609633152,0.007498655667265007,0.01494141235384298,0.02078950872124085,0.009546202866159408,16.85042336132919,15.883075496515222,15.954,1.4792115717588992,1.4411959749583119,1.4286072442928102
final_joint_baseline_44mer,hs,7,52,344.545,train,0.06904819996103648,0.06787463678957627,0.005350273080240031,0.01505782395117157,0.016024870271682153,0.007765807928024332,17.108302522670563,16.04629510332385,15.996,1.4707794216938925,1.4351633514936522,1.4459376292527766
final_joint_baseline_44mer,hs,7,53,345.922,train,0.06459977808209079,0.07677259340474005,0.006092826950937288,0.0150630242973416,0.019632019328307312,0.00725451259217631,17.151692684559674,16.210281777286035,16.239333333333335,1.4674249423764787,1.429131815400149,1.422370504417389
final_joint_baseline_44mer,hs,7,54,347.305,train,0.06839652176982536,0.07030537561565704,0.008096431363870843,0.01692910116660505,0.029424692218491158,0.008449647231977532,17.198451478911814,16.375096123979386,16.39333333333333,1.4707388309624263,1.4230993980841857,1.41564167286469
final_joint_baseline_44mer,hs,7,55,348.693,train,0.06717873359213389,0.06069806928601986,0.006044096871513206,0.01673266183055623,0.02534290130863828,0.008353200498555698,17.365968291643842,16.540558126713982,16.598,1.46534792230597,1.417072919885081,1.4151784393455231
final_joint_baseline_44mer,hs,7,56,350.086,train,0.06898339875510273,0.07415355886474341,0.007918880261133937,0.017159255719662855,0.02534856528529398,0.008939265570324584,17.642026124398996,16.706604652194837,16.534666666666666,1.4586152219225486,1.4110548500657276,1.417580879733778
final_joint_baseline_44mer,hs,7,57,351.486,train,0.06723535730682259,0.06428681857674995,0.005356285828603518,0.01923659090296247,0.024092359819330167,0.009062187830366532,17.59089830199014,16.873408744267657,16.820666666666668,1.459674410254965,1.4050391204110946,1.4048680567043241
final_joint_baseline_44mer,hs,7,58,352.891,train,0.06481274896884151,0.05991606333183533,0.005676756189931629,0.01884599215013316,0.032341878035067544,0.011193633579314567,17.764145137240583,17.04066463787472,17.113333333333337,1.454219169118449,1.3990369308629211,1.3873647784697807
final_joint_baseline_44mer,hs,7,59,354.301,train,0.06421822948915866,0.06792287223990885,0.00718710404229376,0.020364528385803583,0.027779314663581266,0.008684106451834681,17.849990870914734,17.208303241104524,17.299333333333333,1.4515792398474154,1.3930508385487432,1.3845521931323783
final_joint_baseline_44mer,hs,7,60,355.717,train,0.06270078209426333,0.0496626920120653,0.007551362421758806,0.021326457636040227,0.02867354097684424,0.010443335430194987,17.95618609640314,17.376372446154896,17.256666666666668,1.4478678684382402,1.3870792113102492,1.3922680443733886
final_joint_baseline_44mer,hs,7,61,357.139,train,0.061672474251527346,0.05513704403594975,0.00833368159881142,0.023316219690683145,0.03448523492390887,0.010059301221082543,17.985555124459857,17.544799323185508,17.553333333333335,1.4474435804149874,1.381124718167223,1.3896899771121367
final_joint_baseline_44mer,hs,7,62,358.567,train,0.0586819391769606,0.05924643887337695,0.008446593320562482,0.02532233681690524,0.038727451057449416,0.009960491606542492,17.929191771651148,17.713509397584954,17.708,1.4479398595468786,1.3751900375734978,1.3748770350893065
final_joint_baseline_44mer,hs,7,63,360.0,train,0.058008129246278226,0.052267638534451835,0.007080054368817838,0.027190818323866432,0.030468571798319296,0.008146692077444631,18.00590271438135,17.88230923186387,17.686666666666667,1.448537998438865,1.36928195608066,1.3761697272955753
final_joint_baseline_44mer,hs,8,0,280.0,train,0.062090813433788056,0.07093699688995368,0.0033403851920486144,0.016931225796636543,0.024139784917701176,0.008316027154797604,8.984389264195727,9.225096178084602,9.455333333333332,1.7330192887155929,1.7145363817574557,1.7047304158913432
final_joint_baseline_44mer,hs,8,1,281.119,train,0.059080395418248915,0.06545760922905064,0.003803012390743733,0.016575632719088657,0.022259068125862556,0.010396489784633353,9.245772472764894,9.32340239600168,9.292666666666666,1.7254357146970922,1.710083653443943,1.7152289562078653
final_joint_baseline_44mer,hs,8,2,282.243,train,0.06321644095505119,0.06718989952713891,0.002978001595534525,0.017449298907112797,0.019966658365568494,0.006458022761624917,9.307776459132127,9.422876169398691,9.401333333333334,1.7239583652442858,1.7055913989849256,1.7028402635994504
final_joint_baseline_44mer,hs,8,3,283.371,train,0.06561963183327768,0.07630488750027811,0.004483715374457417,0.016482937929952615,0.02148787436193795,0.00823885409138967,9.5004241220863,9.523442130784534,9.532,1.7181079388731155,1.701063464293021,1.6865932803300296
final_joint_baseline_44mer,hs,8,4,284.504,train,0.06583128892832611,0.06681890890793181,0.0031133409752355425,0.01570741402589568,0.023118782247277418,0.00662712299431545,9.659105501795388,9.62520255348112,9.625333333333334,1.7148231530757665,1.696495695678403,1.694412734599344
final_joint_baseline_44mer,hs,8,5,285.641,train,0.064248791224271,0.06537269680963717,0.00391128730281076,0.015150103746441695,0.022045853310343432,0.008420730428321595,9.834191086969753,9.72808069720752,9.822000000000001,1.70995073357408,1.6918919973426858,1.6909912916057093
final_joint_baseline_44mer,hs,8,6,286.783,train,0.06774474512679304,0.0731963060982086,0.0037360724669007407,0.015446969328101978,0.02152013436928077,0.00845045780693133,10.003320324386829,9.832180056240741,9.774000000000001,1.700945718091396,1.6872482062966678,1.7062143025818157
final_joint_baseline_44mer,hs,8,7,287.929,train,0.06958311316628384,0.07238932396992775,0.003839760004261797,0.015282064259753043,0.022376397056855915,0.0074707084195503445,10.215862546406182,9.937422389661705,9.893999999999998,1.6943485754338155,1.682568289378287,1.6907702030000538
final_joint_baseline_44mer,hs,8,8,289.08,train,0.0744137364642203,0.08150926777472654,0.0038544558947678385,0.015368957027929994,0.017430609775010777,0.007235396826791583,10.399694936400707,10.043912325324627,9.822,1.6849675212879243,1.6778480791729704,1.7004615474053448
final_joint_baseline_44mer,hs,8,9,290.235,train,0.0737524201610635,0.07655349681757201,0.003462369328269495,0.014998798405816216,0.021661144005408077,0.00848929323180972,10.524419922707079,10.151569976434864,10.099333333333334,1.681340394793113,1.6730916099522928,1.6675678053878462
final_joint_baseline_44mer,hs,8,10,291.395,train,0.07167252433492974,0.09091681717272014,0.0038729736915431396,0.01558565485469663,0.021382698497451218,0.010397997779919977,10.66035238269125,10.260500996301994,10.414666666666667,1.6777821959555088,1.6682947154089174,1.6523867575329645
final_joint_baseline_44mer,hs,8,11,292.56,train,0.07285258250190091,0.07139999740856606,0.0020633652342447323,0.015693659827359718,0.016971376509197715,0.008014627988211781,10.742928001947536,10.370718647612104,10.373333333333333,1.6731364718597481,1.663457341803712,1.6665913879224297
final_joint_baseline_44mer,hs,8,12,293.729,train,0.07185183005927237,0.07339352753877701,0.004298402077158359,0.01576139101357918,0.020608234865180958,0.00696829566027804,10.807456941147832,10.48214026799837,10.406,1.6738479584546968,1.6585836347593932,1.6620825368642755
final_joint_baseline_44mer,hs,8,13,294.903,train,0.07106778706678121,0.07830584791919024,0.00413707101146222,0.015986027610984745,0.018935265973389327,0.008412821710682602,10.913218154707565,10.594872802899417,10.595333333333333,1.6724701711734125,1.653669441740782,1.6565433871663384
final_joint_baseline_44mer,hs,8,14,296.082,train,0.07472570039348256,0.07259996542209846,0.0028282119719107227,0.01785878092705153,0.023710168920208132,0.008443021556761144,11.137181242772805,10.708928592679532,10.508000000000001,1.665708368001392,1.648714779236065,1.6468501121609693
final_joint_baseline_44mer,hs,8,15,297.266,train,0.07426716487541543,0.09013296470427333,0.004124928965153523,0.017408124545326403,0.027183784629687423,0.008981413924925297,11.28130401375449,10.824319576979889,10.911333333333333,1.6584518174231966,1.6437196908403813,1.6327549329158362
final_joint_baseline_44mer,hs,8,16,298.454,train,0.07463676571563226,0.08134536801802056,0.005168985493259761,0.015119295816806672,0.023622439027940468,0.007333878170612989,11.462236397662954,10.940958696563625,10.82,1.653061674629598,1.638688492226517,1.6411771171260852
final_joint_baseline_44mer,hs,8,17,299.647,train,0.07512865171375507,0.08203646351012546,0.004411850436900277,0.01572251036214667,0.02769931085531427,0.01017088335839822,11.609464579149169,11.058954011009074,10.935333333333332,1.6439808387239871,1.6336170757426767,1.6421759785696357
final_joint_baseline_44mer,hs,8,18,300.845,train,0.0790519595291542,0.08544536069868269,0.004192390534918438,0.015454030879344473,0.018781077844252307,0.007354580250858291,11.843582253058244,11.178315908274588,11.113333333333333,1.6384022936673557,1.628505577426884,1.6298466609047197
final_joint_baseline_44mer,hs,8,19,302.047,train,0.08093427283657682,0.08106699776006619,0.003026999392796061,0.015870541189328916,0.025011580624625007,0.006734883238654156,12.03045767147465,11.298953409218882,11.158000000000001,1.6302856790997862,1.6233584582384497,1.613443679884757
final_joint_baseline_44mer,hs,8,20,303.254,train,0.08314634412146733,0.08389752728842093,0.0056016097852890625,0.015776582561894334,0.02271427838341323,0.008933828801427079,12.269134182338263,11.420974824127715,11.345333333333333,1.6206763978222538,1.6181716669742907,1.622113579537495
final_joint_baseline_44mer,hs,8,21,304.467,train,0.0818801360103697,0.09032407915716728,0.005149646829628827,0.01404969211305149,0.020621248719839815,0.009455815566204059,12.378670272655349,11.544490611282608,11.609333333333334,1.611008910967524,1.6129411314923883,1.604899144334575
final_joint_baseline_44mer,hs,8,22,305.683,train,0.0848641477085035,0.08694081758093682,0.0028715028842956755,0.014306568058675233,0.024614984893160434,0.00942622323016045,12.575666042845839,11.669201611159398,11.644000000000002,1.6024266517823778,1.607680098855876,1.6095267153738952
final_joint_baseline_44mer,hs,8,23,306.905,train,0.08291919809774506,0.08638157553267117,0.005380037457393943,0.013589996916871853,0.021552026617037548,0.007717145399608575,12.589017710425416,11.795420892718626,11.774666666666667,1.6065431646433592,1.6023759442407945,1.6075261758617136
final_joint_baseline_44mer,hs,8,24,308.132,train,0.07744844201558268,0.07770823145155928,0.003969099593318216,0.014004070038236317,0.01711797720758458,0.00763211508171253,12.680625798794962,11.923051750034325,11.822666666666667,1.6048980912246824,1.597033366751441,1.5995545071201798
final_joint_baseline_44mer,hs,8,25,309.364,train,0.07854380886592,0.08201448937477279,0.004184302222342029,0.014312325011734458,0.01761505907224553,0.007010488315022739,12.839442212890269,12.052098581385199,11.988666666666669,1.602065164513469,1.5916527950991388,1.5938266605908256
final_joint_baseline_44mer,hs,8,26,310.6,train,0.0729221360903951,0.07931894273442475,0.006170530092038546,0.015118025943089624,0.01866522683358216,0.008006726109395873,12.760165616821862,12.182458782102579,12.135333333333334,1.6043305868470101,1.5862390955268681,1.6000322682937596
final_joint_baseline_44mer,hs,8,27,311.842,train,0.07384418481695626,0.07808890342301035,0.005564395323071681,0.015210069605861468,0.01913949439715118,0.008822876280928487,12.944969113261518,12.31434525943373,12.006,1.5958195529076442,1.5807840413758611,1.5989560274914951
final_joint_baseline_44mer,hs,8,28,313.088,train,0.07830816633322578,0.07913705497689003,0.003951452187923868,0.0161781270462694,0.02468738295327586,0.008641426460529832,13.29451341975534,12.447546264439897,12.435333333333332,1.5835136685075968,1.5752970056364135,1.5734081857445958
final_joint_baseline_44mer,hs,8,29,314.34,train,0.0748210521074752,0.08532315835675008,0.005723820883080828,0.013811245360998549,0.015946542681087205,0.0065473360649339445,13.48962745724545,12.582274785593542,12.630000000000003,1.5730841481092992,1.5697698287582917,1.5603885136622926
final_joint_baseline_44mer,hs,8,30,315.596,train,0.0763428456716969,0.0740545190635356,0.004397872692441222,0.014174972231271505,0.023675050440827836,0.008332358975324436,13.672765276002677,12.718313266095484,12.877333333333333,1.567634268012788,1.5642120478280603,1.554206515527823
final_joint_baseline_44mer,hs,8,31,316.858,train,0.07623675974331373,0.08552002656796769,0.003382562731192739,0.013826496189374262,0.025327161353246752,0.010279187958690717,13.829060921429004,12.85587436046102,12.830000000000002,1.5631233357800103,1.5586155844302638,1.551730735170672
final_joint_baseline_44mer,hs,8,32,318.124,train,0.07700933778740632,0.08108834776632355,0.0037065543124332285,0.013622634006697096,0.01606914921028999,0.006280373870895528,14.070463605380073,12.99473439821008,13.071333333333333,1.558760215078798,1.552990143393708,1.5514910947940606
final_joint_baseline_44mer,hs,8,33,319.396,train,0.0808522922712542,0.08761487659268366,0.0032721045529063284,0.013636736808536314,0.017715058511275934,0.007892836215608316,14.099472795325909,13.135105264216147,13.094666666666669,1.560315682543106,1.5473277414809836,1.5488195998518002
final_joint_baseline_44mer,hs,8,34,320.672,train,0.082620691001806,0.10301656631872781,0.007776403328859986,0.013478125930216103,0.02312101909945691,0.008676172920899138,14.246917031830076,13.276756890549201,13.118666666666666,1.5576941339806614,1.541638253421362,1.544931416021523
final_joint_baseline_44mer,hs,8,35,321.954,train,0.07970746554178146,0.07553772408989173,0.0019117094801018176,0.01219686564404606,0.020449496049448353,0.009595470417035148,14.381535283914552,13.419899943592664,13.436,1.553315696022292,1.5359138049226373,1.548062774562507
final_joint_baseline_44mer,hs,8,36,323.241,train,0.08185448035703152,0.08963707992376102,0.005324107273813822,0.012195598508039068,0.018633891296240837,0.008930726536762607,14.587121903718579,13.56441030064655,13.355333333333332,1.545519977992165,1.5301599677584123,1.5506886722062234
final_joint_baseline_44mer,hs,8,37,324.533,train,0.07728269404777996,0.07518747898667821,0.003901777957956215,0.011409525747417812,0.01799779491154224,0.008233056525363925,14.566468109062138,13.710272373091641,13.545333333333334,1.5455605687236313,1.5243779320387172,1.5435138194804972
final_joint_baseline_44mer,hs,8,38,325.83,train,0.0802407393025583,0.07682382404731436,0.00606449526750719,0.01159922170365758,0.017684076307944233,0.00694574892048686,14.80466496257075,13.857468342889375,13.654,1.5404790686617498,1.5185689626921635,1.5268285819152276
final_joint_baseline_44mer,hs,8,39,327.132,train,0.0818790215728969,0.07695060581720665,0.0032540963827358306,0.013299043986567767,0.025663569244257146,0.008689115900226974,14.926329042663259,14.005978089096505,14.086666666666666,1.543821294173438,1.5127344003549819,1.5025694018052824
final_joint_baseline_44mer,hs,8,40,328.44,train,0.07709520355297342,0.09408073917407977,0.005592612851869861,0.012617635563719629,0.015019152282817763,0.006402990089569434,15.05278513176313,14.155894002619446,13.928666666666668,1.540026443712756,1.5068711791093836,1.5126363255930837
final_joint_baseline_44mer,hs,8,41,329.753,train,0.08131350443486074,0.08957656211106568,0.005666664591787739,0.014134863872608362,0.021074891092442826,0.009695222286075956,15.265959923315682,14.307077309679187,14.343333333333334,1.5372187904758519,1.5009852762325244,1.502194146021389
final_joint_baseline_44mer,hs,8,42,331.071,train,0.07605886203681694,0.0712034765095906,0.005124262873564026,0.015382872118196897,0.01896153430863048,0.006815283400638424,15.465113961414396,14.459500522572089,14.506,1.5314127841504375,1.4950782656825312,1.4979237658962175
final_joint_baseline_44mer,hs,8,43,332.394,train,0.08063525451302148,0.08509412196972996,0.004809223306224519,0.015510256860542157,0.020969977795699028,0.008713697390520194,15.650857373257864,14.613133614030982,14.350666666666667,1.5244549200868058,1.489151797965392,1.5052166097775843
final_joint_baseline_44mer,hs,8,44,333.723,train,0.07743586500086054,0.07667596994973602,0.0063163781948018605,0.01675502955619349,0.027703921032056593,0.009226236622889555,15.79094470817357,14.768060768556424,14.873333333333335,1.5161238639190366,1.4832031256150915,1.481183993698381
final_joint_baseline_44mer,hs,8,45,335.057,train,0.07644145180297719,0.08821633592535397,0.006634475524946983,0.01601411438909485,0.024125673193714583,0.008320160639540018,15.881811058365287,14.924130795904684,14.644666666666666,1.5139679599741689,1.477238534773516,1.4751094325776586
final_joint_baseline_44mer,hs,8,46,336.396,train,0.07738203291355353,0.09388846014328583,0.009791142108945997,0.015767091464624444,0.030294521068904026,0.010674465611062334,15.95942996470087,15.081305766510766,14.974666666666668,1.5107176380054235,1.4712599042979844,1.4694680216263116
final_joint_baseline_44mer,hs,8,47,337.741,train,0.07735310599848784,0.06699506577649446,0.005735262147741598,0.01617377872878539,0.023035545820694583,0.009817689478195831,16.191268790700505,15.239663018175296,15.198,1.5031807816212521,1.465264731755853,1.4678474499452734
final_joint_baseline_44mer,hs,8,48,339.091,train,0.0730146315655271,0.08722322394158542,0.0055466790398777,0.015218343915840133,0.024520114974925244,0.00807638385083838,16.2934658572211,15.399042054943633,15.502,1.4997236766808852,1.4592595100887737,1.4473872577193103
final_joint_baseline_44mer,hs,8,49,340.446,train,0.07278090051282836,0.0746736626697099,0.007650697061670919,0.01519096088761789,0.02547441507908283,0.008818773253422778,16.485230661554375,15.559396952943239,15.526666666666667,1.4953283897396434,1.4532463310214063,1.4489102718334075
final_joint_baseline_44mer,hs,8,50,341.807,train,0.07565726658025382,0.07878894906197942,0.005646402640614557,0.016170348570495166,0.0238942237827924,0.010332476430276736,16.691355897389087,15.72079789688431,15.754000000000001,1.4903387932207046,1.4472229311823377,1.4483375214945189
final_joint_baseline_44mer,hs,8,51,343.173,train,0.0684333381326377,0.063759941386231,0.005847267891254076,0.01494141235384298,0.020805766530741572,0.00835103555585092,16.85042336132919,15.883075496515222,15.737333333333336,1.4792115717588992,1.4411959749583119,1.4463718729967208
final_joint_baseline_44mer,hs,8,52,344.545,train,0.06904819996103648,0.06767464666735391,0.006019927185834689,0.01505782395117157,0.02043574130797969,0.007768696741308506,17.108302522670563,16.04629510332385,15.842666666666666,1.4707794216938925,1.4351633514936522,1.4499698702089003
final_joint_baseline_44mer,hs,8,53,345.922,train,0.06459977808209079,0.0675977869643935,0.0072961955864245505,0.0150630242973416,0.02607878425336578,0.010061114932853669,17.151692684559674,16.210281777286035,16.37466666666667,1.4674249423764787,1.429131815400149,1.4257316892580247
final_joint_baseline_44mer,hs,8,54,347.305,train,0.06839652176982536,0.057626997899455155,0.005069157550012435,0.01692910116660505,0.02381510522915443,0.008487512700987998,17.198451478911814,16.375096123979386,16.261333333333333,1.4707388309624263,1.4230993980841857,1.4308690304969116
final_joint_baseline_44mer,hs,8,55,348.693,train,0.06717873359213389,0.07354990245919998,0.008254190948352547,0.01673266183055623,0.02277919745340317,0.0075475057961564285,17.365968291643842,16.540558126713982,16.642,1.46534792230597,1.417072919885081,1.4066823251536156
final_joint_baseline_44mer,hs,8,56,350.086,train,0.06898339875510273,0.05963838775770851,0.006486776734355333,0.017159255719662855,0.025754498607729992,0.008042414975926164,17.642026124398996,16.706604652194837,16.708000000000002,1.4586152219225486,1.4110548500657276,1.4075546584257796
final_joint_baseline_44mer,hs,8,57,351.486,train,0.06723535730682259,0.06026260283803252,0.005676851280280115,0.01923659090296247,0.03027693626705112,0.008408189171451846,17.59089830199014,16.873408744267657,17.10933333333334,1.459674410254965,1.4050391204110946,1.3948044401741369
final_joint_baseline_44mer,hs,8,58,352.891,train,0.06481274896884151,0.06274657775690567,0.005699974760739853,0.01884599215013316,0.025671944279930754,0.010968553284166852,17.764145137240583,17.04066463787472,16.86333333333333,1.454219169118449,1.3990369308629211,1.4059924522056215
final_joint_baseline_44mer,hs,8,59,354.301,train,0.06421822948915866,0.06007537074577349,0.0048699419910874855,0.020364528385803583,0.028693715556133467,0.00884839331809514,17.849990870914734,17.208303241104524,17.22266666666667,1.4515792398474154,1.3930508385487432,1.3884828088852001
final_joint_baseline_44mer,hs,8,60,355.717,train,0.06270078209426333,0.05625841994416651,0.010217104167565551,0.021326457636040227,0.03255514740015411,0.00907237252191452,17.95618609640314,17.376372446154896,17.588,1.4478678684382402,1.3870792113102492,1.3833274580711683
final_joint_baseline_44mer,hs,8,61,357.139,train,0.061672474251527346,0.05734554244437101,0.011291550387093834,0.023316219690683145,0.03379372109395902,0.009294243023117882,17.985555124459857,17.544799323185508,17.618666666666666,1.4474435804149874,1.381124718167223,1.3774619049666976
final_joint_baseline_44mer,hs,8,62,358.567,train,0.0586819391769606,0.057186552864426504,0.007533828200841452,0.02532233681690524,0.03296247279098481,0.009702600444601335,17.929191771651148,17.713509397584954,17.549999999999997,1.4479398595468786,1.3751900375734978,1.374801383463832
final_joint_baseline_44mer,hs,8,63,360.0,train,0.058008129246278226,0.05453993503962469,0.010171639738293896,0.027190818323866432,0.03312796233350881,0.006847300109240423,18.00590271438135,17.88230923186387,17.945333333333334,1.448537998438865,1.36928195608066,1.3740858233192565
final_joint_baseline_44mer,hs,9,0,280.0,train,0.062090813433788056,0.06240771818209556,0.0030891500112098236,0.016931225796636543,0.0244762588878799,0.007133185643645264,8.984389264195727,9.225096178084602,9.385333333333332,1.7330192887155929,1.7145363817574557,1.7232511691651284
final_joint_baseline_44mer,hs,9,1,281.119,train,0.059080395418248915,0.06745373706565141,0.0034349497654719043,0.016575632719088657,0.02057450211574237,0.007123274119550946,9.245772472764894,9.32340239600168,9.203333333333333,1.7254357146970922,1.710083653443943,1.7201871898797383
final_joint_baseline_44mer,hs,9,2,282.243,train,0.06321644095505119,0.06810420605534064,0.005241163184712844,0.017449298907112797,0.026838667398254815,0.007756721306698863,9.307776459132127,9.422876169398691,9.268666666666666,1.7239583652442858,1.7055913989849256,1.7118099885131772
final_joint_baseline_44mer,hs,9,3,283.371,train,0.06561963183327768,0.0769371244509528,0.004841897893785501,0.016482937929952615,0.020449703783301878,0.007138464094634309,9.5004241220863,9.523442130784534,9.565333333333333,1.7181079388731155,1.701063464293021,1.6975691365799908
final_joint_baseline_44mer,hs,9,4,284.504,train,0.06583128892832611,0.07058271680550557,0.004656815279316559,0.01570741402589568,0.023925469412508074,0.006517389064557141,9.659105501795388,9.62520255348112,9.629333333333333,1.7148231530757665,1.696495695678403,1.6847159991177978
final_joint_baseline_44mer,hs,9,5,285.641,train,0.064248791224271,0.067547337876091,0.004033967996202651,0.015150103746441695,0.020283503392047198,0.007400526904913333,9.834191086969753,9.72808069720752,9.664666666666667,1.70995073357408,1.6918919973426858,1.6962924322827844
final_joint_baseline_44mer,hs,9,6,286.783,train,0.06774474512679304,0.06945603276375803,0.0033070112495497536,0.015446969328101978,0.02145299013792011,0.009389002669577887,10.003320324386829,9.832180056240741,9.759333333333334,1.700945718091396,1.6872482062966678,1.6997453539703926
final_joint_baseline_44mer,hs,9,7,287.929,train,0.06958311316628384,0.07517821187765888,0.004086474545394545,0.015282064259753043,0.017557871609432788,0.008456103577960308,10.215862546406182,9.937422389661705,9.834666666666667,1.6943485754338155,1.682568289378287,1.6756587042955156
final_joint_baseline_44mer,hs,9,8,289.08,train,0.0744137364642203,0.07138175990893199,0.0028092804287173194,0.015368957027929994,0.022357283114798194,0.008904106680482877,10.399694936400707,10.043912325324627,10.09,1.6849675212879243,1.6778480791729704,1.6764536489742992
final_joint_baseline_44mer,hs,9,9,290.235,train,0.0737524201610635,0.08936377615343473,0.006346203409239408,0.014998798405816216,0.023422974963434384,0.009446560906403898,10.524419922707079,10.151569976434864,10.165333333333333,1.681340394793113,1.6730916099522928,1.6686517811420267
final_joint_baseline_44mer,hs,9,10,291.395,train,0.07167252433492974,0.07166997064529892,0.003528635397480693,0.01558565485469663,0.023741706945825752,0.010683815457522887,10.66035238269125,10.260500996301994,10.323333333333334,1.6777821959555088,1.6682947154089174,1.6778902689537434
final_joint_baseline_44mer,hs,9,11,292.56,train,0.07285258250190091,0.08045431164487203,0.004302589913036229,0.015693659827359718,0.021165265174129956,0.010269286844682646,10.742928001947536,10.370718647612104,10.257333333333332,1.6731364718597481,1.663457341803712,1.6856031229644892
final_joint_baseline_44mer,hs,9,12,293.729,train,0.07185183005927237,0.0707037862825235,0.0027802059118934583,0.01576139101357918,0.022838178253829458,0.008886246591566043,10.807456941147832,10.48214026799837,10.43,1.6738479584546968,1.6585836347593932,1.6650288085375615
final_joint_baseline_44mer,hs,9,13,294.903,train,0.07106778706678121,0.06417765653412648,0.003283696945662882,0.015986027610984745,0.02277497092214808,0.007332758459633993,10.913218154707565,10.594872802899417,10.627333333333333,1.6724701711734125,1.653669441740782,1.6520735122661465
final_joint_baseline_44mer,hs,9,14,296.082,train,0.07472570039348256,0.0712662148629471,0.0042119838367827254,0.01785878092705153,0.024156150358751887,0.007403035774553622,11.137181242772805,10.708928592679532,10.840666666666667,1.665708368001392,1.648714779236065,1.6446126873972813
final_joint_baseline_44mer,hs,9,15,297.266,train,0.07426716487541543,0.08432427100416051,0.004153177051857372,0.017408124545326403,0.02528319985065963,0.007889287989737313,11.28130401375449,10.824319576979889,10.875333333333334,1.6584518174231966,1.6437196908403813,1.635930250956361
final_joint_baseline_44mer,hs,9,16,298.454,train,0.07463676571563226,0.09366551338174195,0.0038822913984390994,0.015119295816806672,0.016272996372424083,0.0070238825815575725,11.462236397662954,10.940958696563625,10.998,1.653061674629598,1.638688492226517,1.6420626550821764
final_joint_baseline_44mer,hs,9,17,299.647,train,0.07512865171375507,0.0864801644234715,0.0032265567896141226,0.01572251036214667,0.02676155091875279,0.008885429926967942,11.609464579149169,11.058954011009074,11.225333333333333,1.6439808387239871,1.6336170757426767,1.619453974713704
final_joint_baseline_44mer,hs,9,18,300.845,train,0.0790519595291542,0.08510756237871658,0.004440619985893815,0.015454030879344473,0.022246183123045854,0.00710937868710668,11.843582253058244,11.178315908274588,11.288666666666668,1.6384022936673557,1.628505577426884,1.6364544037013597
final_joint_baseline_44mer,hs,9,19,302.047,train,0.08093427283657682,0.07682940947486291,0.0038334471224089105,0.015870541189328916,0.017359589652756892,0.007097003883291665,12.03045767147465,11.298953409218882,11.289333333333332,1.6302856790997862,1.6233584582384497,1.6277095495936738
final_joint_baseline_44mer,hs,9,20,303.254,train,0.08314634412146733,0.10105468544286467,0.00527942889566279,0.015776582561894334,0.020490950607124366,0.007793603982931445,12.269134182338263,11.420974824127715,11.526666666666667,1.6206763978222538,1.6181716669742907,1.6153758037424601
final_joint_baseline_44mer,hs,9,21,304.467,train,0.0818801360103697,0.0845107468947298,0.005746323337096777,0.01404969211305149,0.018560246940762845,0.00595672792783617,12.378670272655349,11.544490611282608,11.348000000000003,1.611008910967524,1.6129411314923883,1.6227319710189485
final_joint_baseline_44mer,hs,9,22,305.683,train,0.0848641477085035,0.09163075721639483,0.005949340734286606,0.014306568058675233,0.025317158869103754,0.01048485209288821,12.575666042845839,11.669201611159398,11.623333333333333,1.6024266517823778,1.607680098855876,1.6197578146541787
final_joint_baseline_44mer,hs,9,23,306.905,train,0.08291919809774506,0.08855070616794054,0.0023281533278619025,0.013589996916871853,0.02699922912403102,0.010104578459184603,12.589017710425416,11.795420892718626,11.752,1.6065431646433592,1.6023759442407945,1.5975046245545812
final_joint_baseline_44mer,hs,9,24,308.132,train,0.07744844201558268,0.08623460938256028,0.005305865935555788,0.014004070038236317,0.01756453608012707,0.008227130244720472,12.680625798794962,11.923051750034325,11.780000000000001,1.6048980912246824,1.597033366751441,1.6080128800790576
final_joint_baseline_44mer,hs,9,25,309.364,train,0.07854380886592,0.08994107998841391,0.0028434611675049156,0.014312325011734458,0.01885467330446141,0.006959723126891477,12.839442212890269,12.052098581385199,12.087333333333333,1.602065164513469,1.5916527950991388,1.596981955823533
final_joint_baseline_44mer,hs,9,26,310.6,train,0.0729221360903951,0.07461985090951412,0.002989918315846076,0.015118025943089624,0.019145035179119568,0.0071096338452015465,12.760165616821862,12.182458782102579,12.142666666666667,1.6043305868470101,1.5862390955268681,1.5855270078747967
final_joint_baseline_44mer,hs,9,27,311.842,train,0.07384418481695626,0.07525845700428738,0.003733255725839336,0.015210069605861468,0.021942964263469627,0.0077054392143986825,12.944969113261518,12.31434525943373,12.264,1.5958195529076442,1.5807840413758611,1.572396334828194
final_joint_baseline_44mer,hs,9,28,313.088,train,0.07830816633322578,0.09718465340690893,0.00478980815881761,0.0161781270462694,0.022397923810515627,0.007847608075522301,13.29451341975534,12.447546264439897,12.596,1.5835136685075968,1.5752970056364135,1.5675640989195134
final_joint_baseline_44mer,hs,9,29,314.34,train,0.0748210521074752,0.08304456604176128,0.005198544186474748,0.013811245360998549,0.021035711118893116,0.009805354711141119,13.48962745724545,12.582274785593542,12.376666666666665,1.5730841481092992,1.5697698287582917,1.5801107886217771
final_joint_baseline_44mer,hs,9,30,315.596,train,0.0763428456716969,0.08431816461938096,0.005847912041953214,0.014174972231271505,0.02086589389080679,0.00851573119291495,13.672765276002677,12.718313266095484,12.505333333333333,1.567634268012788,1.5642120478280603,1.5694080846281926
final_joint_baseline_44mer,hs,9,31,316.858,train,0.07623675974331373,0.0866824496920288,0.005001084073640909,0.013826496189374262,0.02255386497856738,0.0071755724098057135,13.829060921429004,12.85587436046102,12.689333333333334,1.5631233357800103,1.5586155844302638,1.5657713506912092
final_joint_baseline_44mer,hs,9,32,318.124,train,0.07700933778740632,0.07807010075414328,0.00347229973375997,0.013622634006697096,0.018616615166471347,0.007666508907122527,14.070463605380073,12.99473439821008,12.964666666666666,1.558760215078798,1.552990143393708,1.5630759702176575
final_joint_baseline_44mer,hs,9,33,319.396,train,0.0808522922712542,0.0876874044745127,0.004618197109400995,0.013636736808536314,0.020212552767104888,0.007722489654050426,14.099472795325909,13.135105264216147,12.972000000000001,1.560315682543106,1.5473277414809836,1.5406550848526954
final_joint_baseline_44mer,hs,9,34,320.672,train,0.082620691001806,0.08382506954916577,0.0029281179201315526,0.013478125930216103,0.01733116916930845,0.008118505388487034,14.246917031830076,13.276756890549201,13.36,1.5576941339806614,1.541638253421362,1.5318480348107997
final_joint_baseline_44mer,hs,9,35,321.954,train,0.07970746554178146,0.08592778576538801,0.004395042589545264,0.01219686564404606,0.01961177512502834,0.011720409283277758,14.381535283914552,13.419899943592664,13.361333333333334,1.553315696022292,1.5359138049226373,1.5465097610363578
final_joint_baseline_44mer,hs,9,36,323.241,train,0.08185448035703152,0.08596975382387637,0.00588755355629415,0.012195598508039068,0.01876612511496665,0.008671250441911593,14.587121903718579,13.56441030064655,13.358,1.545519977992165,1.5301599677584123,1.5415784795294911
final_joint_baseline_44mer,hs,9,37,324.533,train,0.07728269404777996,0.06960618640354146,0.003940898128684758,0.011409525747417812,0.016531749225568885,0.0092169701991704,14.566468109062138,13.710272373091641,13.672666666666666,1.5455605687236313,1.5243779320387172,1.5260924369960065
final_joint_baseline_44mer,hs,9,38,325.83,train,0.0802407393025583,0.085397695242154,0.0035776315623430874,0.01159922170365758,0.014369040898535957,0.008021336695935516,14.80466496257075,13.857468342889375,13.764,1.5404790686617498,1.5185689626921635,1.523934530579322
final_joint_baseline_44mer,hs,9,39,327.132,train,0.0818790215728969,0.09349562272612824,0.004459186505373275,0.013299043986567767,0.016775186821254576,0.005708747078762979,14.926329042663259,14.005978089096505,14.075333333333333,1.543821294173438,1.5127344003549819,1.507759483183656
final_joint_baseline_44mer,hs,9,40,328.44,train,0.07709520355297342,0.08275851342757305,0.004060302340334903,0.012617635563719629,0.022829008618440134,0.009032811593775558,15.05278513176313,14.155894002619446,14.129999999999999,1.540026443712756,1.5068711791093836,1.5027999609125098
final_joint_baseline_44mer,hs,9,41,329.753,train,0.08131350443486074,0.07344707294775786,0.0035525169163098617,0.014134863872608362,0.020711082511625192,0.009627522556900501,15.265959923315682,14.307077309679187,14.275333333333334,1.5372187904758519,1.5009852762325244,1.4973148897807582
final_joint_baseline_44mer,hs,9,42,331.071,train,0.07605886203681694,0.07682780363070846,0.004617626048186749,0.015382872118196897,0.02328821709133578,0.00915056028284943,15.465113961414396,14.459500522572089,14.398666666666667,1.5314127841504375,1.4950782656825312,1.4891545182489503
final_joint_baseline_44mer,hs,9,43,332.394,train,0.08063525451302148,0.0885616907843729,0.005335911404106551,0.015510256860542157,0.017915933607132388,0.008098960588611495,15.650857373257864,14.613133614030982,14.773333333333337,1.5244549200868058,1.489151797965392,1.4852238974218837
final_joint_baseline_44mer,hs,9,44,333.723,train,0.07743586500086054,0.08500894364293779,0.003437737842485834,0.01675502955619349,0.020364602645320452,0.006677914630371706,15.79094470817357,14.768060768556424,14.765333333333336,1.5161238639190366,1.4832031256150915,1.4924808108130843
final_joint_baseline_44mer,hs,9,45,335.057,train,0.07644145180297719,0.08261766543654908,0.0035833943719542926,0.01601411438909485,0.02371114780578064,0.006898745518889691,15.881811058365287,14.924130795904684,14.982,1.5139679599741689,1.477238534773516,1.4769873569798129
final_joint_baseline_44mer,hs,9,46,336.396,train,0.07738203291355353,0.08608303074539977,0.006371417929532079,0.015767091464624444,0.020062538539565498,0.006875031706552287,15.95942996470087,15.081305766510766,15.014,1.5107176380054235,1.4712599042979844,1.4813278567267285
final_joint_baseline_44mer,hs,9,47,337.741,train,0.07735310599848784,0.08192016468075558,0.006442144851233478,0.01617377872878539,0.01975516777696916,0.006272150203349522,16.191268790700505,15.239663018175296,15.225999999999999,1.5031807816212521,1.465264731755853,1.4644562928126408
final_joint_baseline_44mer,hs,9,48,339.091,train,0.0730146315655271,0.07567291251319494,0.002959614006580346,0.015218343915840133,0.024175156956166573,0.008991875364950719,16.2934658572211,15.399042054943633,15.214000000000002,1.4997236766808852,1.4592595100887737,1.4640902373577998
final_joint_baseline_44mer,hs,9,49,340.446,train,0.07278090051282836,0.07432004855278834,0.003978669148251584,0.01519096088761789,0.02751335758129235,0.009574315215071232,16.485230661554375,15.559396952943239,15.622666666666666,1.4953283897396434,1.4532463310214063,1.4468168558814414
final_joint_baseline_44mer,hs,9,50,341.807,train,0.07565726658025382,0.08451272238708485,0.005599620248708412,0.016170348570495166,0.022380270924332597,0.009120735998741754,16.691355897389087,15.72079789688431,15.622666666666666,1.4903387932207046,1.4472229311823377,1.4435224281315464
final_joint_baseline_44mer,hs,9,51,343.173,train,0.0684333381326377,0.0735701379605772,0.00402340146666369,0.01494141235384298,0.019950392818839206,0.007575080411666926,16.85042336132919,15.883075496515222,15.89,1.4792115717588992,1.4411959749583119,1.4441243606439218
final_joint_baseline_44mer,hs,9,52,344.545,train,0.06904819996103648,0.07555467305841232,0.007311219337614951,0.01505782395117157,0.026812798724713524,0.009221698335721807,17.108302522670563,16.04629510332385,16.09,1.4707794216938925,1.4351633514936522,1.419658289481311
final_joint_baseline_44mer,hs,9,53,345.922,train,0.06459977808209079,0.06530360079645839,0.0054296552943990835,0.0150630242973416,0.020978686430233307,0.00860961118556279,17.151692684559674,16.210281777286035,16.367333333333335,1.4674249423764787,1.429131815400149,1.4244376383210862
final_joint_baseline_44mer,hs,9,54,347.305,train,0.06839652176982536,0.06255856914917386,0.00643189701106425,0.01692910116660505,0.02289638806395998,0.006842104064510104,17.198451478911814,16.375096123979386,16.362666666666666,1.4707388309624263,1.4230993980841857,1.4315894461462082
final_joint_baseline_44mer,hs,9,55,348.693,train,0.06717873359213389,0.053756377294654205,0.005653762349196739,0.01673266183055623,0.025592718455197106,0.008538142789865533,17.365968291643842,16.540558126713982,16.596,1.46534792230597,1.417072919885081,1.4164046169395346
final_joint_baseline_44mer,hs,9,56,350.086,train,0.06898339875510273,0.06933791712711689,0.006960911752396354,0.017159255719662855,0.02516180907660649,0.006671671494400951,17.642026124398996,16.706604652194837,16.654666666666664,1.4586152219225486,1.4110548500657276,1.413274851510409
final_joint_baseline_44mer,hs,9,57,351.486,train,0.06723535730682259,0.05977244795998893,0.0070515697336648794,0.01923659090296247,0.027037945392376077,0.010224352078990653,17.59089830199014,16.873408744267657,16.543333333333333,1.459674410254965,1.4050391204110946,1.4157820338552372
final_joint_baseline_44mer,hs,9,58,352.891,train,0.06481274896884151,0.06274635178805188,0.005599052746795536,0.01884599215013316,0.022699665393040896,0.008023976009171905,17.764145137240583,17.04066463787472,17.094,1.454219169118449,1.3990369308629211,1.4049545548284794
final_joint_baseline_44mer,hs,9,59,354.301,train,0.06421822948915866,0.06114801335731514,0.007732234092011343,0.020364528385803583,0.031208841106039886,0.009900267998623258,17.849990870914734,17.208303241104524,17.086,1.4515792398474154,1.3930508385487432,1.3981162929306472
final_joint_baseline_44mer,hs,9,60,355.717,train,0.06270078209426333,0.05975312737813247,0.005217248754701059,0.021326457636040227,0.028914057018737595,0.010209298938126358,17.95618609640314,17.376372446154896,17.494666666666667,1.4478678684382402,1.3870792113102492,1.381070517113569
final_joint_baseline_44mer,hs,9,61,357.139,train,0.061672474251527346,0.057784693494939504,0.00579226094169244,0.023316219690683145,0.024698226912144874,0.01020381862930548,17.985555124459857,17.544799323185508,17.262666666666668,1.4474435804149874,1.381124718167223,1.3971281918410734
final_joint_baseline_44mer,hs,9,62,358.567,train,0.0586819391769606,0.053897733299144227,0.007338655381012746,0.02532233681690524,0.030988289952821144,0.009181543506880413,17.929191771651148,17.713509397584954,17.622666666666667,1.4479398595468786,1.3751900375734978,1.3861204940661245
final_joint_baseline_44mer,hs,9,63,360.0,train,0.058008129246278226,0.05376711815204382,0.009145265708373353,0.027190818323866432,0.029828140773375124,0.008084130947961414,18.00590271438135,17.88230923186387,17.60066666666667,1.448537998438865,1.36928195608066,1.3701733175410453
final_joint_baseline_44mer,hs,10,0,280.0,train,0.062090813433788056,0.06390116021078,0.0032569300333771143,0.016931225796636543,0.021424821470403286,0.009147784431637083,8.984389264195727,9.225096178084602,9.294666666666668,1.7330192887155929,1.7145363817574557,1.7153122635634286
final_joint_baseline_44mer,hs,10,1,281.119,train,0.059080395418248915,0.06697303847058811,0.0032643950600319133,0.016575632719088657,0.024651031709549118,0.009113795617038047,9.245772472764894,9.32340239600168,9.251999999999999,1.7254357146970922,1.710083653443943,1.7106764864875608
final_joint_baseline_44mer,hs,10,2,282.243,train,0.06321644095505119,0.06840895320592362,0.0033389345020162463,0.017449298907112797,0.024018059248958154,0.010212293424886403,9.307776459132127,9.422876169398691,9.346666666666666,1.7239583652442858,1.7055913989849256,1.715407423763837
final_joint_baseline_44mer,hs,10,3,283.371,train,0.06561963183327768,0.07105053376843883,0.00305883240530645,0.016482937929952615,0.022056055792132157,0.010021850535985085,9.5004241220863,9.523442130784534,9.602,1.7181079388731155,1.701063464293021,1.6924296027440269
final_joint_baseline_44mer,hs,10,4,284.504,train,0.06583128892832611,0.07174704733029152,0.00394002870704391,0.01570741402589568,0.021698771179994678,0.007761221124907116,9.659105501795388,9.62520255348112,9.724666666666666,1.7148231530757665,1.696495695678403,1.6818515429918857
final_joint_baseline_44mer,hs,10,5,285.641,train,0.064248791224271,0.06302847322161201,0.0029433617021361377,0.015150103746441695,0.022027337516113955,0.009743168028294912,9.834191086969753,9.72808069720752,9.751333333333333,1.70995073357408,1.6918919973426858,1.6849850746435473
final_joint_baseline_44mer,hs,10,6,286.783,train,0.06774474512679304,0.07690310689368204,0.0055641791429796575,0.015446969328101978,0.024007279267163895,0.007732021389240885,10.003320324386829,9.832180056240741,9.764666666666667,1.700945718091396,1.6872482062966678,1.6884124100413362
final_joint_baseline_44mer,hs,10,7,287.929,train,0.06958311316628384,0.07959018209822022,0.0031732826291173896,0.015282064259753043,0.016080119119825466,0.006569041799135256,10.215862546406182,9.937422389661705,9.840666666666667,1.6943485754338155,1.682568289378287,1.6908303692904578
final_joint_baseline_44mer,hs,10,8,289.08,train,0.0744137364642203,0.07833048935183176,0.00417401897066736,0.015368957027929994,0.02440834751393516,0.007469232762871175,10.399694936400707,10.043912325324627,10.116666666666667,1.6849675212879243,1.6778480791729704,1.6657281476513872
final_joint_baseline_44mer,hs,10,9,290.235,train,0.0737524201610635,0.08105456577459898,0.003188899666973233,0.014998798405816216,0.01551707069635442,0.007952929469437596,10.524419922707079,10.151569976434864,10.162666666666665,1.681340394793113,1.6730916099522928,1.666835293273453
final_joint_baseline_44mer,hs,10,10,291.395,train,0.07167252433492974,0.078421435853924,0.003713291006164786,0.01558565485469663,0.0217197719595304,0.007476468331509216,10.66035238269125,10.260500996301994,10.222666666666669,1.6777821959555088,1.6682947154089174,1.6706917911492822
final_joint_baseline_44mer,hs,10,11,292.56,train,0.07285258250190091,0.07816563417388295,0.0028331739275087916,0.015693659827359718,0.026950456625757353,0.00913977594279411,10.742928001947536,10.370718647612104,10.400666666666666,1.6731364718597481,1.663457341803712,1.6480114925499196
final_joint_baseline_44mer,hs,10,12,293.729,train,0.07185183005927237,0.06920625488989066,0.004957616420068443,0.01576139101357918,0.020947418815782253,0.008612036197486607,10.807456941147832,10.48214026799837,10.437333333333333,1.6738479584546968,1.6585836347593932,1.67402340786405
final_joint_baseline_44mer,hs,10,13,294.903,train,0.07106778706678121,0.07457396358864235,0.005708170312125477,0.015986027610984745,0.025488976912854316,0.00890694912751938,10.913218154707565,10.594872802899417,10.432666666666666,1.6724701711734125,1.653669441740782,1.6607249005562403
final_joint_baseline_44mer,hs,10,14,296.082,train,0.07472570039348256,0.08908628142820241,0.005503740106558625,0.01785878092705153,0.021506504825644528,0.009096349869386754,11.137181242772805,10.708928592679532,10.819333333333336,1.665708368001392,1.648714779236065,1.645820955110681
final_joint_baseline_44mer,hs,10,15,297.266,train,0.07426716487541543,0.084600145429864,0.004807104444954336,0.017408124545326403,0.02507816984521616,0.008820856799511207,11.28130401375449,10.824319576979889,10.956666666666667,1.6584518174231966,1.6437196908403813,1.635151696703927
final_joint_baseline_44mer,hs,10,16,298.454,train,0.07463676571563226,0.0820230025370891,0.004807029822859598,0.015119295816806672,0.019016956101911613,0.008408034296832404,11.462236397662954,10.940958696563625,10.953333333333333,1.653061674629598,1.638688492226517,1.642584304154846
final_joint_baseline_44mer,hs,10,17,299.647,train,0.07512865171375507,0.07475107532477643,0.002871391518940699,0.01572251036214667,0.018375260854768736,0.007656434999285021,11.609464579149169,11.058954011009074,11.000666666666667,1.6439808387239871,1.6336170757426767,1.6334376709595908
final_joint_baseline_44mer,hs,10,18,300.845,train,0.0790519595291542,0.08965097138812464,0.0061812721071948205,0.015454030879344473,0.02329264393287598,0.010190608556824233,11.843582253058244,11.178315908274588,11.260666666666665,1.6384022936673557,1.628505577426884,1.629368236353348
final_joint_baseline_44mer,hs,10,19,302.047,train,0.08093427283657682,0.09007976529084977,0.005945839801565815,0.015870541189328916,0.027369947079916322,0.008328697587561006,12.03045767147465,11.298953409218882,10.968666666666667,1.6302856790997862,1.6233584582384497,1.641955606628377
final_joint_baseline_44mer,hs,10,20,303.254,train,0.08314634412146733,0.08787480267533965,0.003166903596576646,0.015776582561894334,0.02351830030828358,0.00801479870476093,12.269134182338263,11.420974824127715,11.239333333333335,1.6206763978222538,1.6181716669742907,1.6059289422950191
final_joint_baseline_44mer,hs,10,21,304.467,train,0.0818801360103697,0.08721308525214547,0.003765993056658411,0.01404969211305149,0.016095754939595367,0.00620353250096025,12.378670272655349,11.544490611282608,11.506,1.611008910967524,1.6129411314923883,1.6049804413948892
final_joint_baseline_44mer,hs,10,22,305.683,train,0.0848641477085035,0.08001561223355941,0.004054711369359608,0.014306568058675233,0.018225960675708957,0.009715358760885282,12.575666042845839,11.669201611159398,11.714666666666666,1.6024266517823778,1.607680098855876,1.6006031221745232
final_joint_baseline_44mer,hs,10,23,306.905,train,0.08291919809774506,0.09202078038228609,0.007036622849692508,0.013589996916871853,0.022435148572463596,0.008702301977840391,12.589017710425416,11.795420892718626,11.945333333333332,1.6065431646433592,1.6023759442407945,1.5883896075112678
final_joint_baseline_44mer,hs,10,24,308.132,train,0.07744844201558268,0.09005912121825801,0.004185270053815049,0.014004070038236317,0.022828623797980584,0.008095058999711344,12.680625798794962,11.923051750034325,11.868,1.6048980912246824,1.597033366751441,1.597528644498697
final_joint_baseline_44mer,hs,10,25,309.364,train,0.07854380886592,0.0788857352289887,0.0027061663300966513,0.014312325011734458,0.02297140767962218,0.00928921561734342,12.839442212890269,12.052098581385199,12.145333333333335,1.602065164513469,1.5916527950991388,1.5886106222572864
final_joint_baseline_44mer,hs,10,26,310.6,train,0.0729221360903951,0.06817676877634066,0.0024352469595185344,0.015118025943089624,0.021737198999454296,0.009369897320379253,12.760165616821862,12.182458782102579,12.254666666666669,1.6043305868470101,1.5862390955268681,1.5848438685090436
final_joint_baseline_44mer,hs,10,27,311.842,train,0.07384418481695626,0.09045057419648853,0.007666083160373868,0.015210069605861468,0.01743565795636392,0.009205982589633007,12.944969113261518,12.31434525943373,12.176,1.5958195529076442,1.5807840413758611,1.582239442676451
final_joint_baseline_44mer,hs,10,28,313.088,train,0.07830816633322578,0.08336719636114723,0.0038747352143919476,0.0161781270462694,0.030897778210466013,0.008390198570250446,13.29451341975534,12.447546264439897,12.145333333333333,1.5835136685075968,1.5752970056364135,1.5904159911780626
final_joint_baseline_44mer,hs,10,29,314.34,train,0.0748210521074752,0.07708822634594067,0.0034702975350085524,0.013811245360998549,0.018912049626209796,0.006978916773389514,13.48962745724545,12.582274785593542,12.758666666666667,1.5730841481092992,1.5697698287582917,1.5604167147343764
final_joint_baseline_44mer,hs,10,30,315.596,train,0.0763428456716969,0.08375708320988416,0.005221348810097181,0.014174972231271505,0.01968273908734223,0.007931252328009227,13.672765276002677,12.718313266095484,12.830666666666668,1.567634268012788,1.5642120478280603,1.5579518072802911
final_joint_baseline_44mer,hs,10,31,316.858,train,0.07623675974331373,0.08524061315856615,0.0049781679250467375,0.013826496189374262,0.01788613836143444,0.008643343827381845,13.829060921429004,12.85587436046102,12.674666666666667,1.5631233357800103,1.5586155844302638,1.5679010136559384
final_joint_baseline_44mer,hs,10,32,318.124,train,0.07700933778740632,0.08985758203239835,0.004827121644037889,0.013622634006697096,0.016954843293452027,0.008964890843635257,14.070463605380073,12.99473439821008,12.983333333333333,1.558760215078798,1.552990143393708,1.5476160222294575
final_joint_baseline_44mer,hs,10,33,319.396,train,0.0808522922712542,0.09333167108724226,0.003739368966431878,0.013636736808536314,0.019092715023856618,0.008515809286173648,14.099472795325909,13.135105264216147,13.128000000000002,1.560315682543106,1.5473277414809836,1.5447771962456534
final_joint_baseline_44mer,hs,10,34,320.672,train,0.082620691001806,0.08845093751543452,0.002989322640209033,0.013478125930216103,0.02490172468766263,0.008967174083693312,14.246917031830076,13.276756890549201,13.36,1.5576941339806614,1.541638253421362,1.5319618429344988
final_joint_baseline_44mer,hs,10,35,321.954,train,0.07970746554178146,0.08801727373091775,0.0049823460866736,0.01219686564404606,0.019244448062325725,0.008488417684312455,14.381535283914552,13.419899943592664,13.326,1.553315696022292,1.5359138049226373,1.5254849221061741
final_joint_baseline_44mer,hs,10,36,323.241,train,0.08185448035703152,0.08497902561952574,0.0035782700942544776,0.012195598508039068,0.02101116221067601,0.010130432195776404,14.587121903718579,13.56441030064655,13.766,1.545519977992165,1.5301599677584123,1.527463256545085
final_joint_baseline_44mer,hs,10,37,324.533,train,0.07728269404777996,0.08170571788121402,0.00523746880044995,0.011409525747417812,0.01777220407473405,0.007685074542150698,14.566468109062138,13.710272373091641,13.963999999999999,1.5455605687236313,1.5243779320387172,1.5249736599740205
final_joint_baseline_44mer,hs,10,38,325.83,train,0.0802407393025583,0.07109110815909343,0.004703123719365468,0.01159922170365758,0.019584254958837637,0.009137844524814092,14.80466496257075,13.857468342889375,13.869333333333334,1.5404790686617498,1.5185689626921635,1.5099696764116726
final_joint_baseline_44mer,hs,10,39,327.132,train,0.0818790215728969,0.07884099656704632,0.005645093215040664,0.013299043986567767,0.020719347781656273,0.009133080047404832,14.926329042663259,14.005978089096505,14.098,1.543821294173438,1.5127344003549819,1.5113525430378996
final_joint_baseline_44mer,hs,10,40,328.44,train,0.07709520355297342,0.07659004204467118,0.004549138689885606,0.012617635563719629,0.017478072163793133,0.00707741233319208,15.05278513176313,14.155894002619446,14.25,1.540026443712756,1.5068711791093836,1.4969310802622735
final_joint_baseline_44mer,hs,10,41,329.753,train,0.08131350443486074,0.0729129094405074,0.005053548920886174,0.014134863872608362,0.021097173420249388,0.007831888957674189,15.265959923315682,14.307077309679187,14.413333333333332,1.5372187904758519,1.5009852762325244,1.5034064182924751
final_joint_baseline_44mer,hs,10,42,331.071,train,0.07605886203681694,0.08614404503043874,0.0043189845926347795,0.015382872118196897,0.026480894608500172,0.008450627761666198,15.465113961414396,14.459500522572089,14.366666666666665,1.5314127841504375,1.4950782656825312,1.4956259192685117
final_joint_baseline_44mer,hs,10,43,332.394,train,0.08063525451302148,0.08349996236717733,0.005473689542555929,0.015510256860542157,0.02239569362830121,0.008865401449544317,15.650857373257864,14.613133614030982,14.591333333333335,1.5244549200868058,1.489151797965392,1.4909832142828328
final_joint_baseline_44mer,hs,10,44,333.723,train,0.07743586500086054,0.08294163910524432,0.004568076571416904,0.01675502955619349,0.02915639431168039,0.010497981318796857,15.79094470817357,14.768060768556424,14.801333333333332,1.5161238639190366,1.4832031256150915,1.4838507111636334
final_joint_baseline_44mer,hs,10,45,335.057,train,0.07644145180297719,0.07570424372464975,0.004134317916288847,0.01601411438909485,0.020137478723692766,0.0090046068467737,15.881811058365287,14.924130795904684,14.835333333333335,1.5139679599741689,1.477238534773516,1.4795874781878577
final_joint_baseline_44mer,hs,10,46,336.396,train,0.07738203291355353,0.07160524052515413,0.004050324836558524,0.015767091464624444,0.02030876061019847,0.008404069810612497,15.95942996470087,15.081305766510766,15.113333333333333,1.5107176380054235,1.4712599042979844,1.4695948810994075
final_joint_baseline_44mer,hs,10,47,337.741,train,0.07735310599848784,0.06518897995944453,0.00488479443778583,0.01617377872878539,0.026818264159967655,0.008576912231543823,16.191268790700505,15.239663018175296,15.346,1.5031807816212521,1.465264731755853,1.4608744838011691
final_joint_baseline_44mer,hs,10,48,339.091,train,0.0730146315655271,0.07279390352459458,0.005366302558329254,0.015218343915840133,0.020345482539514764,0.00749292998836728,16.2934658572211,15.399042054943633,15.414000000000001,1.4997236766808852,1.4592595100887737,1.4507883526014256
final_joint_baseline_44mer,hs,10,49,340.446,train,0.07278090051282836,0.07360824173683433,0.006496312667451685,0.01519096088761789,0.0229725711085874,0.00789528373076747,16.485230661554375,15.559396952943239,15.608,1.4953283897396434,1.4532463310214063,1.4543042918094098
final_joint_baseline_44mer,hs,10,50,341.807,train,0.07565726658025382,0.08484878039849755,0.006357583295219665,0.016170348570495166,0.023585107936926045,0.008862156959178935,16.691355897389087,15.72079789688431,15.877333333333333,1.4903387932207046,1.4472229311823377,1.439025153023878
final_joint_baseline_44mer,hs,10,51,343.173,train,0.0684333381326377,0.06394842532733003,0.006273846961702286,0.01494141235384298,0.023270457911528816,0.008356457763071727,16.85042336132919,15.883075496515222,15.986666666666666,1.4792115717588992,1.4411959749583119,1.436657402713009
final_joint_baseline_44mer,hs,10,52,344.545,train,0.06904819996103648,0.07478687184364309,0.006031930985395131,0.01505782395117157,0.019546572676053562,0.009604976005470403,17.108302522670563,16.04629510332385,15.953333333333333,1.4707794216938925,1.4351633514936522,1.4406886308601443
final_joint_baseline_44mer,hs,10,53,345.922,train,0.06459977808209079,0.07083018932666775,0.008681248042303578,0.0150630242973416,0.021932732833813542,0.00816022519244454,17.151692684559674,16.210281777286035,16.244666666666667,1.4674249423764787,1.429131815400149,1.434037470625639
final_joint_baseline_44mer,hs,10,54,347.305,train,0.06839652176982536,0.07311285471366313,0.006367023109852541,0.01692910116660505,0.0292907442382164,0.00994533240953733,17.198451478911814,16.375096123979386,16.54666666666667,1.4707388309624263,1.4230993980841857,1.4095660203471547
final_joint_baseline_44mer,hs,10,55,348.693,train,0.06717873359213389,0.07294590301544095,0.007963472412200238,0.01673266183055623,0.023120527430438673,0.010210454652657628,17.365968291643842,16.540558126713982,16.578000000000003,1.46534792230597,1.417072919885081,1.4245748246143852
final_joint_baseline_44mer,hs,10,56,350.086,train,0.06898339875510273,0.06826270400477939,0.006957365577332819,0.017159255719662855,0.027444175395860276,0.00945738191210685,17.642026124398996,16.706604652194837,17.044666666666668,1.4586152219225486,1.4110548500657276,1.4004996626950184
final_joint_baseline_44mer,hs,10,57,351.486,train,0.06723535730682259,0.06132768021927698,0.006617090623368739,0.01923659090296247,0.0292639131976314,0.0079447051617103,17.59089830199014,16.873408744267657,16.801333333333332,1.459674410254965,1.4050391204110946,1.4116449253984547
final_joint_baseline_44mer,hs,10,58,352.891,train,0.06481274896884151,0.0603284472093292,0.008829390023583442,0.01884599215013316,0.028832174717586374,0.008631251755383113,17.764145137240583,17.04066463787472,17.068,1.454219169118449,1.3990369308629211,1.4081064680396536
final_joint_baseline_44mer,hs,10,59,354.301,train,0.06421822948915866,0.06774249471089969,0.005944690438725274,0.020364528385803583,0.023755658503905937,0.007961590797928025,17.849990870914734,17.208303241104524,17.174,1.4515792398474154,1.3930508385487432,1.3895902234518498
final_joint_baseline_44mer,hs,10,60,355.717,train,0.06270078209426333,0.059299806505799274,0.006158020680316506,0.021326457636040227,0.03393305458865951,0.008124027317862166,17.95618609640314,17.376372446154896,17.652666666666665,1.4478678684382402,1.3870792113102492,1.3848786270406637
final_joint_baseline_44mer,hs,10,61,357.139,train,0.061672474251527346,0.05879783512623239,0.009006469319359606,0.023316219690683145,0.02731207883192633,0.008756035803399889,17.985555124459857,17.544799323185508,17.523333333333333,1.4474435804149874,1.381124718167223,1.3782557837986742
final_joint_baseline_44mer,hs,10,62,358.567,train,0.0586819391769606,0.05739725852521733,0.0073358748772115595,0.02532233681690524,0.043233774429650734,0.010800534409497436,17.929191771651148,17.713509397584954,18.133333333333333,1.4479398595468786,1.3751900375734978,1.3634669714025458
final_joint_baseline_44mer,hs,10,63,360.0,train,0.058008129246278226,0.05233982170162177,0.010181215382524714,0.027190818323866432,0.04218841955039939,0.011442200807535736,18.00590271438135,17.88230923186387,18.175333333333334,1.448537998438865,1.36928195608066,1.3632661897821814
final_joint_baseline_44mer,hs_quadratic,1,0,280.0,train,0.055830234021425715,0.05713933787282341,0.0043004425310612104,0.017818328239700254,0.02426435362556536,0.00968266852073545,8.984389264195727,8.53437652046388,8.502666666666666,1.7330192887155929,1.7461932761303853,1.7365339760214775
final_joint_baseline_44mer,hs_quadratic,1,1,281.119,train,0.0549544215147567,0.057877379817407135,0.003655453959225539,0.017439777169752424,0.02162743084884851,0.007793416231999679,9.245772472764894,8.672176296139227,8.7,1.7254357146970922,1.739825687932702,1.7332613932559275
final_joint_baseline_44mer,hs_quadratic,1,2,282.243,train,0.058473741217887426,0.06515766444871288,0.0031950114979422102,0.01788886648674338,0.02192463484300454,0.008089600824377326,9.307776459132127,8.811708925125142,8.9,1.7239583652442858,1.7334044574717895,1.7271851019004703
final_joint_baseline_44mer,hs_quadratic,1,3,283.371,train,0.06222063376624422,0.0646548351377105,0.0037415447265056806,0.01701890544912629,0.02561325317977334,0.00967399928099435,9.5004241220863,8.952829234037676,8.877333333333333,1.7181079388731155,1.7269371847911135,1.724550755541988
final_joint_baseline_44mer,hs_quadratic,1,4,284.504,train,0.06296273012420375,0.06142621787950983,0.0030914583245097867,0.01585249514656551,0.02716342325360131,0.009294316378674193,9.659105501795388,9.095637713990632,8.928666666666667,1.7148231530757665,1.7204201776397308,1.7258293249797212
final_joint_baseline_44mer,hs_quadratic,1,5,285.641,train,0.061975340283792764,0.06255998554338571,0.003586045128111993,0.015404162116734045,0.021001149950106775,0.006954841607900351,9.834191086969753,9.239979923080462,9.010666666666667,1.70995073357408,1.7138613867994579,1.710729880318052
final_joint_baseline_44mer,hs_quadratic,1,6,286.783,train,0.06585998529321346,0.07367326262279056,0.0061118048998565,0.01592283890589107,0.018157869764158813,0.009931965712423184,10.003320324386829,9.385950339428337,9.370000000000001,1.700945718091396,1.7072574092686503,1.7204938242553556
final_joint_baseline_44mer,hs_quadratic,1,7,287.929,train,0.06839693376903502,0.0685885758880247,0.0037596301396734823,0.015772313290071817,0.02339476599591957,0.007775766584102083,10.215862546406182,9.533384390823805,9.572000000000001,1.6943485754338155,1.7006165632561467,1.7115461376238734
final_joint_baseline_44mer,hs_quadratic,1,8,289.08,train,0.07348868148149215,0.08052661379948631,0.003011154152651456,0.01596524486830895,0.02564427623327263,0.008326028630855353,10.399694936400707,9.682369383906769,9.438666666666666,1.6849675212879243,1.6939357682671485,1.708325526844908
final_joint_baseline_44mer,hs_quadratic,1,9,290.235,train,0.0731140384882975,0.07147215173599263,0.0031788231038008463,0.015476021059989051,0.020701096131247376,0.007172906430461041,10.524419922707079,9.832729739106941,9.829333333333333,1.681340394793113,1.687223724195884,1.6865374811658893
final_joint_baseline_44mer,hs_quadratic,1,10,291.395,train,0.07122788883075235,0.08861619497628923,0.007853935206602665,0.015951950773118194,0.02259138154507757,0.009604548437981782,10.66035238269125,9.984544379386339,9.875333333333334,1.6777821959555088,1.680477705216683,1.6732581259461465
final_joint_baseline_44mer,hs_quadratic,1,11,292.56,train,0.0725724689755215,0.07283993879985973,0.003010591059243884,0.01597323029521311,0.023011959191612807,0.00945216337126701,10.742928001947536,10.137757674600426,10.204666666666668,1.6731364718597481,1.6737009866963994,1.68748239164625
final_joint_baseline_44mer,hs_quadratic,1,12,293.729,train,0.07150899163460206,0.07646869317220545,0.005018273245844245,0.015817755003167233,0.02207879628631386,0.009423839798838264,10.807456941147832,10.29217585695099,10.281333333333333,1.6738479584546968,1.6669028635035112,1.668142067071487
final_joint_baseline_44mer,hs_quadratic,1,13,294.903,train,0.07084155504790976,0.08136021483154512,0.00674626089420941,0.015991270115777317,0.022485335835524756,0.0075924763935124664,10.913218154707565,10.447862877145635,10.453999999999999,1.6724701711734125,1.6600812009126358,1.6557593026371658
final_joint_baseline_44mer,hs_quadratic,1,14,296.082,train,0.07469943698436077,0.07855331123457535,0.0035832045445898103,0.0179014092615358,0.024639290070626783,0.008794480208076333,11.137181242772805,10.604745210160374,10.685333333333332,1.665708368001392,1.653239893658461,1.635865716083051
final_joint_baseline_44mer,hs_quadratic,1,15,297.266,train,0.07425089222770272,0.09158221159345378,0.005608403854459458,0.017446766643673,0.021689202394116307,0.008797549721418024,11.28130401375449,10.762742823708441,10.724,1.6584518174231966,1.6463830514782072,1.6609144399593767
final_joint_baseline_44mer,hs_quadratic,1,16,298.454,train,0.07464174812887568,0.0808571425003376,0.0028096010143381514,0.015126695099371347,0.018305152058134037,0.008611776887426962,11.462236397662954,10.921635091475782,10.895333333333333,1.653061674629598,1.639520767925565,1.6286766227360456
final_joint_baseline_44mer,hs_quadratic,1,17,299.647,train,0.07512354417820208,0.07256906101245213,0.002582317068992677,0.01570326526021423,0.01756636243971088,0.006980337319279245,11.609464579149169,11.08146186274376,11.116666666666667,1.6439808387239871,1.6326517763455244,1.6379753210875592
final_joint_baseline_44mer,hs_quadratic,1,18,300.845,train,0.07896191332787245,0.08288797597113383,0.004453399454484603,0.015389071646722883,0.022780964628023686,0.008595758531011351,11.843582253058244,11.242122674451647,11.138666666666667,1.6384022936673557,1.6257808216971077,1.6140393123626793
final_joint_baseline_44mer,hs_quadratic,1,19,302.047,train,0.08073652391512168,0.08771299465685081,0.0036989416158605733,0.015732535067090592,0.024058366686298807,0.009952472628145963,12.03045767147465,11.403375750745292,11.521333333333335,1.6302856790997862,1.6189185546721157,1.6157353455871695
final_joint_baseline_44mer,hs_quadratic,1,20,303.254,train,0.08271327100201803,0.08258038813027717,0.0032369112188938183,0.015531627786063444,0.023725795105854174,0.010055810470576715,12.269134182338263,11.56524055653619,11.500666666666667,1.6206763978222538,1.6120643787070925,1.6084816825315849
final_joint_baseline_44mer,hs_quadratic,1,21,304.467,train,0.08138616447536096,0.0956014178115317,0.004565678214064355,0.013710367146172946,0.01487115507877557,0.00574495709835352,12.378670272655349,11.727729086534056,11.747333333333334,1.611008910967524,1.605218019037899,1.6146105117273915
final_joint_baseline_44mer,hs_quadratic,1,22,305.683,train,0.08409797547222334,0.09455288560616168,0.003912385060945367,0.0138506403146717,0.019936105299484114,0.008303078755621553,12.575666042845839,11.890310698020503,11.993333333333336,1.6024266517823778,1.5984018951349026,1.5861811657864666
final_joint_baseline_44mer,hs_quadratic,1,23,306.905,train,0.08227776311462771,0.08751676804173175,0.0037492534376594878,0.013350739274079237,0.020676595376114718,0.006218272982143268,12.589017710425416,12.053250646268243,12.135333333333334,1.6065431646433592,1.5916048561654577,1.5926275468389877
final_joint_baseline_44mer,hs_quadratic,1,24,308.132,train,0.07683692967897003,0.08393480796159893,0.004858422176121216,0.014031414698195199,0.02095886159512449,0.007952289583623224,12.680625798794962,12.216271737795525,12.357333333333333,1.6048980912246824,1.584838424547576,1.584801194278618
final_joint_baseline_44mer,hs_quadratic,1,25,309.364,train,0.07797097193294793,0.08366534575285697,0.0055029498104994645,0.014529573678192072,0.02428984300675282,0.008248299121331964,12.839442212890269,12.379223745328567,12.220000000000002,1.602065164513469,1.578108655342082,1.5864390169942342
final_joint_baseline_44mer,hs_quadratic,1,26,310.6,train,0.07271093708536365,0.07813269795743738,0.0023912702280678893,0.015705814907197628,0.02155389160917337,0.00769630179157023,12.760165616821862,12.541818651588923,12.552000000000001,1.6043305868470101,1.5714271227828123,1.5633479163839437
final_joint_baseline_44mer,hs_quadratic,1,27,311.842,train,0.07331211129183657,0.08731092356945128,0.0055112217733803304,0.01588673313944151,0.015525936104786458,0.006902894310371324,12.944969113261518,12.70415645345659,12.674666666666667,1.5958195529076442,1.5647893365731262,1.5720859007212433
final_joint_baseline_44mer,hs_quadratic,1,28,313.088,train,0.07704482070349017,0.09202228096644856,0.0034683487277218745,0.016496891492232622,0.01679914356325291,0.007318734851153052,13.29451341975534,12.865806829159379,12.646000000000003,1.5835136685075968,1.5582124095048893,1.5752654152766588
final_joint_baseline_44mer,hs_quadratic,1,29,314.34,train,0.07320140200786714,0.08028805761747868,0.004728755453246816,0.014071663184485852,0.020240345342689897,0.008186668563650135,13.48962745724545,13.026854609957226,13.017333333333333,1.5730841481092992,1.5516923042978434,1.550799575653957
final_joint_baseline_44mer,hs_quadratic,1,30,315.596,train,0.07437293806105216,0.07633044886263751,0.0028168049597593926,0.014474549893673415,0.018745512521129867,0.007155106750897217,13.672765276002677,13.186862978615054,13.224,1.567634268012788,1.5452460189882786,1.540445574701964
final_joint_baseline_44mer,hs_quadratic,1,31,316.858,train,0.07418064921151035,0.0787685559945803,0.005073670464282285,0.014345921839851773,0.02512783500959697,0.008035327904159652,13.829060921429004,13.345902427046024,13.449333333333335,1.5631233357800103,1.5388699251761846,1.5283656788599784
final_joint_baseline_44mer,hs_quadratic,1,32,318.124,train,0.07444858016624356,0.08756489202679611,0.005711103402385877,0.014303729590760173,0.02343530590436326,0.0080694722761151,14.070463605380073,13.503532793167455,13.571333333333333,1.558760215078798,1.5325807835789,1.5357818667934628
final_joint_baseline_44mer,hs_quadratic,1,33,319.396,train,0.07881231449589673,0.09101582957907178,0.004860171732974189,0.014812295390089315,0.020467259602370634,0.007277863450536532,14.099472795325909,13.65981140225767,13.617999999999999,1.560315682543106,1.5263753239276427,1.5329304828734038
final_joint_baseline_44mer,hs_quadratic,1,34,320.672,train,0.08054222093312766,0.07926172078842142,0.005680491623687726,0.015003672173482287,0.024595996575195078,0.007898250492724034,14.246917031830076,13.814298264308839,13.883333333333333,1.5576941339806614,1.520269943047867,1.5176726050899805
final_joint_baseline_44mer,hs_quadratic,1,35,321.954,train,0.07784934608928495,0.09508975295983274,0.0059835367082501,0.013790655183345468,0.024565434023279785,0.00978530461007203,14.381535283914552,13.96703897660067,13.962666666666669,1.553315696022292,1.5142616751001092,1.5226667215299705
final_joint_baseline_44mer,hs_quadratic,1,36,323.241,train,0.07947847379982824,0.07882661087914605,0.004940000221305073,0.013763340952308517,0.020462585495718444,0.010109832272558163,14.587121903718579,14.117713474924448,14.05,1.545519977992165,1.5083618958799592,1.523030551013797
final_joint_baseline_44mer,hs_quadratic,1,37,324.533,train,0.07571968289781829,0.07999491649276855,0.004544513272420883,0.013486928454611113,0.023083607845423015,0.00882478209350539,14.566468109062138,14.266122963545682,14.454,1.5455605687236313,1.5025770632370872,1.4965194153977126
final_joint_baseline_44mer,hs_quadratic,1,38,325.83,train,0.07849904424336147,0.08167830705380344,0.003701932462200401,0.013673268845487824,0.023030283324621648,0.009211847265685889,14.80466496257075,14.41206861477525,14.773333333333333,1.5404790686617498,1.4969135291694686,1.478354896428349
final_joint_baseline_44mer,hs_quadratic,1,39,327.132,train,0.08028921502823588,0.0844504217009392,0.005914601707057206,0.015820254044480425,0.020581709321602873,0.0072304222201788,14.926329042663259,14.555352249655236,14.659333333333333,1.543821294173438,1.4913775207509943,1.482343306004121
final_joint_baseline_44mer,hs_quadratic,1,40,328.44,train,0.07567038118644989,0.0806441246020901,0.00326158913527903,0.015262842585824795,0.021292962628955404,0.007753193792741011,15.05278513176313,14.695883094373755,14.566,1.540026443712756,1.4859710496061576,1.4902058223175596
final_joint_baseline_44mer,hs_quadratic,1,41,329.753,train,0.07971237160107156,0.08084272937699073,0.004165535320542611,0.016833353823547503,0.023332043331748965,0.008666303780101563,15.265959923315682,14.833354536810432,14.721333333333334,1.5372187904758519,1.4807043627561713,1.4823270180483554
final_joint_baseline_44mer,hs_quadratic,1,42,331.071,train,0.07443536731925915,0.08255910396186791,0.0044368517825302545,0.01798949074379959,0.023973193981546525,0.006857665311030421,15.465113961414396,14.967573846373398,14.734666666666666,1.5314127841504375,1.4755832242314912,1.4811262571024209
final_joint_baseline_44mer,hs_quadratic,1,43,332.394,train,0.07909831339491194,0.07417772054491711,0.0027578352505010575,0.017976677353018403,0.024853248085526452,0.008979094368056518,15.650857373257864,15.098351431805074,15.023333333333333,1.5244549200868058,1.4706132131313236,1.482010171301897
final_joint_baseline_44mer,hs_quadratic,1,44,333.723,train,0.07578095858374997,0.0768057276630345,0.00456809320299429,0.019081244936125265,0.021792071026209777,0.007225941324322053,15.79094470817357,15.225595520783774,15.040666666666667,1.5161238639190366,1.4657961561873496,1.4715708651109278
final_joint_baseline_44mer,hs_quadratic,1,45,335.057,train,0.07499864974464604,0.07738632769208306,0.0038237032284748063,0.018481504068477695,0.024944788648317832,0.010137691328949927,15.881811058365287,15.349023623140315,15.061333333333337,1.5139679599741689,1.4611410657369641,1.4806603505381972
final_joint_baseline_44mer,hs_quadratic,1,46,336.396,train,0.0762937950667973,0.08069241497333551,0.005653396306571161,0.0181115007798332,0.021552722717522333,0.0077589059196948714,15.95942996470087,15.468458193872307,15.280000000000001,1.5107176380054235,1.4566529239696968,1.4537625969478059
final_joint_baseline_44mer,hs_quadratic,1,47,337.741,train,0.07625612084496577,0.081370093241805,0.004828198720129044,0.018078217228296296,0.02901241375941812,0.009571228539644771,16.191268790700505,15.583810653552298,15.639333333333333,1.5031807816212521,1.4523333607708508,1.4481908463416713
final_joint_baseline_44mer,hs_quadratic,1,48,339.091,train,0.0720533704070298,0.075369970515521,0.009011977915385357,0.016966027627567038,0.028262897056677328,0.010292676444651282,16.2934658572211,15.694822495155575,15.748000000000001,1.4997236766808852,1.448190362311869,1.450261706981654
final_joint_baseline_44mer,hs_quadratic,1,49,340.446,train,0.07193360835075224,0.08018895638221428,0.006820402735774807,0.016756713878210473,0.02580298835879051,0.00891119150902878,16.485230661554375,15.80133163238917,15.922666666666666,1.4953283897396434,1.444228281277338,1.4249225940467078
final_joint_baseline_44mer,hs_quadratic,1,50,341.807,train,0.07506374615354028,0.07287713241349994,0.005381107697462551,0.017294085757542273,0.023583093609547856,0.008119593727885463,16.691355897389087,15.903254724840139,15.611333333333334,1.4903387932207046,1.4404485579825337,1.4433393529553171
final_joint_baseline_44mer,hs_quadratic,1,51,343.173,train,0.0680393526460994,0.06334176709102557,0.004361218779762525,0.015637198409545888,0.027264064949528714,0.009136340593837,16.85042336132919,16.000360636703853,16.238666666666667,1.4792115717588992,1.436858133849582,1.4249951071931901
final_joint_baseline_44mer,hs_quadratic,1,52,344.545,train,0.06884833986235794,0.06579587384784129,0.002678651592315983,0.015335670208881061,0.021806246371350424,0.008326366702336307,17.108302522670563,16.0925699231791,16.148,1.4707794216938925,1.4334583525625182,1.4325865989346038
final_joint_baseline_44mer,hs_quadratic,1,53,345.922,train,0.06469848801233796,0.06412331790067283,0.007805043499478045,0.014860114379938356,0.026203240008548685,0.009412172006530904,17.151692684559674,16.17967073749285,16.262666666666668,1.4674249423764787,1.430255477124929,1.4284523031910596
final_joint_baseline_44mer,hs_quadratic,1,54,347.305,train,0.06867132513497734,0.06071344224508706,0.007412358987732468,0.0161295844049804,0.02076175137504284,0.0068544059712222554,17.198451478911814,16.261587531355772,16.083333333333332,1.4707388309624263,1.4272507897907394,1.4323634897316855
final_joint_baseline_44mer,hs_quadratic,1,55,348.693,train,0.06774235378497434,0.06827632925464933,0.005890271151276315,0.015272640555822567,0.019414772671722796,0.008139590832468256,17.365968291643842,16.33812819353404,16.082,1.46534792230597,1.42444990238788,1.4323075320472198
final_joint_baseline_44mer,hs_quadratic,1,56,350.086,train,0.06995886798550893,0.06461724976664174,0.006286758060668012,0.015045738392011569,0.021780062484360783,0.008874958764499126,17.642026124398996,16.409171888561115,16.352666666666668,1.4586152219225486,1.4218558629888152,1.4285569814673713
final_joint_baseline_44mer,hs_quadratic,1,57,351.486,train,0.06799940375206241,0.0638512150851008,0.006972475772960755,0.015899348799265866,0.026509272192435443,0.008379293833730112,17.59089830199014,16.47469310437318,16.302666666666667,1.459674410254965,1.4194683160860033,1.4279499818240018
final_joint_baseline_44mer,hs_quadratic,1,58,352.891,train,0.06608111355404701,0.07090289801001375,0.005885840864224932,0.014735538029918066,0.02369111056848869,0.006512362012807073,17.764145137240583,16.53447634790061,16.561999999999998,1.454219169118449,1.4172939072820954,1.4096154959838314
final_joint_baseline_44mer,hs_quadratic,1,59,354.301,train,0.06559902780882465,0.05247587564635787,0.00581876912845156,0.015002168617029554,0.022416611307647775,0.007355006878994324,17.849990870914734,16.58841807133316,16.6,1.4515792398474154,1.415335274056374,1.410975774195128
final_joint_baseline_44mer,hs_quadratic,1,60,355.717,train,0.06404890399759572,0.06025167122264234,0.006912833326510166,0.014662257147440929,0.02273458678136915,0.00948142634866483,17.95618609640314,16.63645212836896,16.72533333333333,1.4478678684382402,1.4135937879890719,1.4207595694421395
final_joint_baseline_44mer,hs_quadratic,1,61,357.139,train,0.06302210166280922,0.06470388958093157,0.0071006462422190985,0.015202748118073412,0.023750091154865587,0.008145878026407524,17.985555124459857,16.678473009812315,16.77733333333333,1.4474435804149874,1.4120723464973433,1.4114977248510454
final_joint_baseline_44mer,hs_quadratic,1,62,358.567,train,0.059478137547308844,0.05680385142887471,0.0047557679669133004,0.015277007886462027,0.02028137187382288,0.008237778967355065,17.929191771651148,16.714380462001134,16.743333333333332,1.4479398595468786,1.4107737558313098,1.4092747963796832
final_joint_baseline_44mer,hs_quadratic,1,63,360.0,train,0.05845808799295134,0.06053872631149701,0.006265917824927971,0.01492913973504518,0.02009084357310494,0.00822654648273249,18.00590271438135,16.744060948475948,16.93933333333333,1.448537998438865,1.409701407520625,1.4082492025088522
final_joint_baseline_44mer,hs_quadratic,2,0,280.0,train,0.055830234021425715,0.06345423627978827,0.0028641290347761247,0.017818328239700254,0.02563474346732128,0.010668104341931595,8.984389264195727,8.53437652046388,8.613333333333333,1.7330192887155929,1.7461932761303853,1.753883774339238
final_joint_baseline_44mer,hs_quadratic,2,1,281.119,train,0.0549544215147567,0.06295405959855095,0.003462073197756676,0.017439777169752424,0.021274038216802224,0.00767788639224221,9.245772472764894,8.672176296139227,8.644,1.7254357146970922,1.739825687932702,1.743371178668184
final_joint_baseline_44mer,hs_quadratic,2,2,282.243,train,0.058473741217887426,0.06216102868800347,0.003782931490014005,0.01788886648674338,0.027322224022323066,0.009509739855329968,9.307776459132127,8.811708925125142,8.824666666666667,1.7239583652442858,1.7334044574717895,1.7288628701158666
final_joint_baseline_44mer,hs_quadratic,2,3,283.371,train,0.06222063376624422,0.0722301147770581,0.005053300451554651,0.01701890544912629,0.02091349284554852,0.008576229479428403,9.5004241220863,8.952829234037676,8.918666666666667,1.7181079388731155,1.7269371847911135,1.7262642918133773
final_joint_baseline_44mer,hs_quadratic,2,4,284.504,train,0.06296273012420375,0.07231399822036938,0.004766060908078507,0.01585249514656551,0.02048922747896499,0.010388604141483673,9.659105501795388,9.095637713990632,9.149333333333335,1.7148231530757665,1.7204201776397308,1.7238618629873184
final_joint_baseline_44mer,hs_quadratic,2,5,285.641,train,0.061975340283792764,0.06669067780642797,0.0031276532296899235,0.015404162116734045,0.0228744304662605,0.008805245791029925,9.834191086969753,9.239979923080462,9.164666666666667,1.70995073357408,1.7138613867994579,1.7160347257555024
final_joint_baseline_44mer,hs_quadratic,2,6,286.783,train,0.06585998529321346,0.0778034705901274,0.006078056968659741,0.01592283890589107,0.02171628332702292,0.008511036768750951,10.003320324386829,9.385950339428337,9.478,1.700945718091396,1.7072574092686503,1.7108447622754968
final_joint_baseline_44mer,hs_quadratic,2,7,287.929,train,0.06839693376903502,0.07370276476418673,0.0033573021697218047,0.015772313290071817,0.021824029654573203,0.008666040274711531,10.215862546406182,9.533384390823805,9.349333333333334,1.6943485754338155,1.7006165632561467,1.7116751878161152
final_joint_baseline_44mer,hs_quadratic,2,8,289.08,train,0.07348868148149215,0.07689015866643566,0.004876584112565158,0.01596524486830895,0.024607614759183757,0.009716776689142968,10.399694936400707,9.682369383906769,9.544,1.6849675212879243,1.6939357682671485,1.693437914645589
final_joint_baseline_44mer,hs_quadratic,2,9,290.235,train,0.0731140384882975,0.07698314738317613,0.0039517444724020395,0.015476021059989051,0.020205416262961563,0.007089520297573393,10.524419922707079,9.832729739106941,9.77,1.681340394793113,1.687223724195884,1.6924221669919137
final_joint_baseline_44mer,hs_quadratic,2,10,291.395,train,0.07122788883075235,0.07368429577606746,0.0027956054357525686,0.015951950773118194,0.021593743702078727,0.007674979647963232,10.66035238269125,9.984544379386339,9.988666666666665,1.6777821959555088,1.680477705216683,1.6859697939189418
final_joint_baseline_44mer,hs_quadratic,2,11,292.56,train,0.0725724689755215,0.07547894038703906,0.0029513572609324995,0.01597323029521311,0.02285183524258423,0.007022540509965104,10.742928001947536,10.137757674600426,10.115333333333332,1.6731364718597481,1.6737009866963994,1.6689100821637206
final_joint_baseline_44mer,hs_quadratic,2,12,293.729,train,0.07150899163460206,0.07063397274957459,0.003239369649321834,0.015817755003167233,0.01680182524785458,0.0055992139286618475,10.807456941147832,10.29217585695099,10.240000000000002,1.6738479584546968,1.6669028635035112,1.6720551577003782
final_joint_baseline_44mer,hs_quadratic,2,13,294.903,train,0.07084155504790976,0.07609727271886524,0.004337785092800481,0.015991270115777317,0.023560227657887584,0.008376755528950376,10.913218154707565,10.447862877145635,10.36,1.6724701711734125,1.6600812009126358,1.6737031436946566
final_joint_baseline_44mer,hs_quadratic,2,14,296.082,train,0.07469943698436077,0.08299425666843761,0.005090237031747357,0.0179014092615358,0.029905982839849098,0.011831882504649387,11.137181242772805,10.604745210160374,10.900666666666666,1.665708368001392,1.653239893658461,1.6500347590377444
final_joint_baseline_44mer,hs_quadratic,2,15,297.266,train,0.07425089222770272,0.08071662514469274,0.004116516916373447,0.017446766643673,0.02599512887063532,0.006859488968220227,11.28130401375449,10.762742823708441,10.589333333333332,1.6584518174231966,1.6463830514782072,1.6554304360177854
final_joint_baseline_44mer,hs_quadratic,2,16,298.454,train,0.07464174812887568,0.07254251637185963,0.003781762162058916,0.015126695099371347,0.023208413573598582,0.008590467260398218,11.462236397662954,10.921635091475782,11.012,1.653061674629598,1.639520767925565,1.6331335208998623
final_joint_baseline_44mer,hs_quadratic,2,17,299.647,train,0.07512354417820208,0.08306493626423272,0.004528158287812061,0.01570326526021423,0.020556471564239245,0.007856055066423057,11.609464579149169,11.08146186274376,11.164,1.6439808387239871,1.6326517763455244,1.628229147795068
final_joint_baseline_44mer,hs_quadratic,2,18,300.845,train,0.07896191332787245,0.07984736266218827,0.001984921917349378,0.015389071646722883,0.018812964132260815,0.007789763653607562,11.843582253058244,11.242122674451647,11.169333333333334,1.6384022936673557,1.6257808216971077,1.641036737206791
final_joint_baseline_44mer,hs_quadratic,2,19,302.047,train,0.08073652391512168,0.08298098813081234,0.003646326607004261,0.015732535067090592,0.017342961853219804,0.005656179903337841,12.03045767147465,11.403375750745292,11.346666666666668,1.6302856790997862,1.6189185546721157,1.6324415570029847
final_joint_baseline_44mer,hs_quadratic,2,20,303.254,train,0.08271327100201803,0.08857782473374223,0.005255807267669473,0.015531627786063444,0.025916544094303298,0.00867998625760313,12.269134182338263,11.56524055653619,11.811333333333334,1.6206763978222538,1.6120643787070925,1.5940701911158723
final_joint_baseline_44mer,hs_quadratic,2,21,304.467,train,0.08138616447536096,0.07781555021554712,0.004178259258882747,0.013710367146172946,0.02001577123867318,0.00699176334623783,12.378670272655349,11.727729086534056,11.602666666666666,1.611008910967524,1.605218019037899,1.61061120492274
final_joint_baseline_44mer,hs_quadratic,2,22,305.683,train,0.08409797547222334,0.09674953206119344,0.005790443368533604,0.0138506403146717,0.023291631664761857,0.007011209053951495,12.575666042845839,11.890310698020503,11.978000000000002,1.6024266517823778,1.5984018951349026,1.5897511974454517
final_joint_baseline_44mer,hs_quadratic,2,23,306.905,train,0.08227776311462771,0.08098933594073823,0.002974662964329697,0.013350739274079237,0.02012713738369628,0.007358002646021531,12.589017710425416,12.053250646268243,11.99666666666667,1.6065431646433592,1.5916048561654577,1.5988403320804219
final_joint_baseline_44mer,hs_quadratic,2,24,308.132,train,0.07683692967897003,0.0885211685855238,0.003085797318429462,0.014031414698195199,0.025136955945414794,0.009568782612598978,12.680625798794962,12.216271737795525,12.141333333333336,1.6048980912246824,1.584838424547576,1.5759127736879561
final_joint_baseline_44mer,hs_quadratic,2,25,309.364,train,0.07797097193294793,0.08579521916956853,0.0034832841979884803,0.014529573678192072,0.026305465153325987,0.00983484782763908,12.839442212890269,12.379223745328567,12.313333333333333,1.602065164513469,1.578108655342082,1.5691991571268258
final_joint_baseline_44mer,hs_quadratic,2,26,310.6,train,0.07271093708536365,0.08107937688584721,0.003359731032556229,0.015705814907197628,0.02224809916921143,0.009788077168569352,12.760165616821862,12.541818651588923,12.352,1.6043305868470101,1.5714271227828123,1.5843951699746321
final_joint_baseline_44mer,hs_quadratic,2,27,311.842,train,0.07331211129183657,0.06966841903869375,0.0038137866607175527,0.01588673313944151,0.01970716613028993,0.0076577182002854835,12.944969113261518,12.70415645345659,12.463333333333335,1.5958195529076442,1.5647893365731262,1.5701943845176183
final_joint_baseline_44mer,hs_quadratic,2,28,313.088,train,0.07704482070349017,0.09050531013443365,0.005857988768661546,0.016496891492232622,0.017989022011742406,0.007653097551593728,13.29451341975534,12.865806829159379,12.75,1.5835136685075968,1.5582124095048893,1.5614387877390192
final_joint_baseline_44mer,hs_quadratic,2,29,314.34,train,0.07320140200786714,0.07101378944805195,0.004080170818374763,0.014071663184485852,0.021051313769694758,0.009003987329923026,13.48962745724545,13.026854609957226,12.928666666666668,1.5730841481092992,1.5516923042978434,1.5496748901828168
final_joint_baseline_44mer,hs_quadratic,2,30,315.596,train,0.07437293806105216,0.08157275427686728,0.004224122727127691,0.014474549893673415,0.024068974089855016,0.008492325759291708,13.672765276002677,13.186862978615054,13.368,1.567634268012788,1.5452460189882786,1.5398708937201377
final_joint_baseline_44mer,hs_quadratic,2,31,316.858,train,0.07418064921151035,0.08649999063747778,0.004972751272477186,0.014345921839851773,0.019773889160238325,0.005724197810667976,13.829060921429004,13.345902427046024,13.411999999999999,1.5631233357800103,1.5388699251761846,1.533227833007361
final_joint_baseline_44mer,hs_quadratic,2,32,318.124,train,0.07444858016624356,0.07645560402060914,0.0023546716855012634,0.014303729590760173,0.02171929560912382,0.011302635353309026,14.070463605380073,13.503532793167455,13.651333333333335,1.558760215078798,1.5325807835789,1.5146797214926027
final_joint_baseline_44mer,hs_quadratic,2,33,319.396,train,0.07881231449589673,0.08906834234721481,0.0046928753746345205,0.014812295390089315,0.021833824593421817,0.007569923825743121,14.099472795325909,13.65981140225767,13.745333333333333,1.560315682543106,1.5263753239276427,1.513812555266377
final_joint_baseline_44mer,hs_quadratic,2,34,320.672,train,0.08054222093312766,0.07613443335237219,0.004794745124018656,0.015003672173482287,0.020825215478489395,0.009639383204054806,14.246917031830076,13.814298264308839,13.684,1.5576941339806614,1.520269943047867,1.5259265165127516
final_joint_baseline_44mer,hs_quadratic,2,35,321.954,train,0.07784934608928495,0.08982495609058054,0.004422518359474412,0.013790655183345468,0.019536225968781913,0.00852547549168535,14.381535283914552,13.96703897660067,13.852,1.553315696022292,1.5142616751001092,1.5141428026855044
final_joint_baseline_44mer,hs_quadratic,2,36,323.241,train,0.07947847379982824,0.08047385953839384,0.0038367665429846964,0.013763340952308517,0.026242477361788273,0.009889434003536066,14.587121903718579,14.117713474924448,14.183333333333334,1.545519977992165,1.5083618958799592,1.4979660360205265
final_joint_baseline_44mer,hs_quadratic,2,37,324.533,train,0.07571968289781829,0.09374837749389799,0.0063012817766206885,0.013486928454611113,0.019171138225745406,0.007819507014392497,14.566468109062138,14.266122963545682,14.373333333333333,1.5455605687236313,1.5025770632370872,1.4839907312271106
final_joint_baseline_44mer,hs_quadratic,2,38,325.83,train,0.07849904424336147,0.08172664297014035,0.007005022195011887,0.013673268845487824,0.019057559221211016,0.007829513930228963,14.80466496257075,14.41206861477525,14.416666666666666,1.5404790686617498,1.4969135291694686,1.496955003233693
final_joint_baseline_44mer,hs_quadratic,2,39,327.132,train,0.08028921502823588,0.07612255410731139,0.0038245114128263834,0.015820254044480425,0.026903749389483318,0.008792189127339126,14.926329042663259,14.555352249655236,14.537333333333336,1.543821294173438,1.4913775207509943,1.491873479985265
final_joint_baseline_44mer,hs_quadratic,2,40,328.44,train,0.07567038118644989,0.09261032363148483,0.006025181458065658,0.015262842585824795,0.019859518431667812,0.00658964658248713,15.05278513176313,14.695883094373755,14.384666666666668,1.540026443712756,1.4859710496061576,1.4991347501650054
final_joint_baseline_44mer,hs_quadratic,2,41,329.753,train,0.07971237160107156,0.08565751651725842,0.004846715924271542,0.016833353823547503,0.022559850267166497,0.00990363633702276,15.265959923315682,14.833354536810432,14.616666666666667,1.5372187904758519,1.4807043627561713,1.4838333039169527
final_joint_baseline_44mer,hs_quadratic,2,42,331.071,train,0.07443536731925915,0.07681619096500902,0.007032710318981556,0.01798949074379959,0.01812961255265238,0.008360507622198421,15.465113961414396,14.967573846373398,14.52,1.5314127841504375,1.4755832242314912,1.4970724931854686
final_joint_baseline_44mer,hs_quadratic,2,43,332.394,train,0.07909831339491194,0.08037283135063406,0.006037537021799706,0.017976677353018403,0.026491495998149844,0.006632265049754334,15.650857373257864,15.098351431805074,15.239333333333335,1.5244549200868058,1.4706132131313236,1.4632379531850102
final_joint_baseline_44mer,hs_quadratic,2,44,333.723,train,0.07578095858374997,0.08020165565223628,0.0059546718950454144,0.019081244936125265,0.03262977255528931,0.008450501492995153,15.79094470817357,15.225595520783774,15.404,1.5161238639190366,1.4657961561873496,1.464002155032752
final_joint_baseline_44mer,hs_quadratic,2,45,335.057,train,0.07499864974464604,0.0719282184831184,0.0066643731449980165,0.018481504068477695,0.027394467291052764,0.009130394050934437,15.881811058365287,15.349023623140315,15.100666666666667,1.5139679599741689,1.4611410657369641,1.4705027145175498
final_joint_baseline_44mer,hs_quadratic,2,46,336.396,train,0.0762937950667973,0.08355313424313612,0.0034199629720931173,0.0181115007798332,0.02481598888980913,0.008580670628124804,15.95942996470087,15.468458193872307,15.500666666666667,1.5107176380054235,1.4566529239696968,1.461010917165824
final_joint_baseline_44mer,hs_quadratic,2,47,337.741,train,0.07625612084496577,0.08142583893850001,0.005612774675387228,0.018078217228296296,0.025081522348187113,0.008787453924382436,16.191268790700505,15.583810653552298,15.674,1.5031807816212521,1.4523333607708508,1.44739707750001
final_joint_baseline_44mer,hs_quadratic,2,48,339.091,train,0.0720533704070298,0.07051826766984107,0.004618460766860231,0.016966027627567038,0.028171265557152735,0.010769075139381998,16.2934658572211,15.694822495155575,15.854,1.4997236766808852,1.448190362311869,1.441637323263047
final_joint_baseline_44mer,hs_quadratic,2,49,340.446,train,0.07193360835075224,0.0728127895407755,0.006161625915577158,0.016756713878210473,0.022579144100971664,0.00722013851054594,16.485230661554375,15.80133163238917,16.004,1.4953283897396434,1.444228281277338,1.4335987266264647
final_joint_baseline_44mer,hs_quadratic,2,50,341.807,train,0.07506374615354028,0.08400677957243251,0.005035181246682117,0.017294085757542273,0.025929224616517955,0.009072390394525438,16.691355897389087,15.903254724840139,15.8,1.4903387932207046,1.4404485579825337,1.435301819561038
final_joint_baseline_44mer,hs_quadratic,2,51,343.173,train,0.0680393526460994,0.07184101225081119,0.0052515467391391095,0.015637198409545888,0.024821447433727294,0.007680523838521209,16.85042336132919,16.000360636703853,15.905999999999999,1.4792115717588992,1.436858133849582,1.4303086740519502
final_joint_baseline_44mer,hs_quadratic,2,52,344.545,train,0.06884833986235794,0.06057923358764768,0.0062804501838495345,0.015335670208881061,0.026303433206509377,0.007967561410044954,17.108302522670563,16.0925699231791,16.250666666666667,1.4707794216938925,1.4334583525625182,1.4275508657348168
final_joint_baseline_44mer,hs_quadratic,2,53,345.922,train,0.06469848801233796,0.05893241787916131,0.007466196002209744,0.014860114379938356,0.026233887708290413,0.007738201815606874,17.151692684559674,16.17967073749285,16.36266666666667,1.4674249423764787,1.430255477124929,1.426936895294943
final_joint_baseline_44mer,hs_quadratic,2,54,347.305,train,0.06867132513497734,0.074803451448786,0.0057875361622481865,0.0161295844049804,0.025071889452195815,0.009890066266479269,17.198451478911814,16.261587531355772,16.536666666666665,1.4707388309624263,1.4272507897907394,1.4197763566446149
final_joint_baseline_44mer,hs_quadratic,2,55,348.693,train,0.06774235378497434,0.07806657181808321,0.005952422122400299,0.015272640555822567,0.022687008105842885,0.009279190319160972,17.365968291643842,16.33812819353404,16.14466666666667,1.46534792230597,1.42444990238788,1.4366311105262703
final_joint_baseline_44mer,hs_quadratic,2,56,350.086,train,0.06995886798550893,0.07288882639613992,0.007741001318151277,0.015045738392011569,0.023162686725570945,0.008800277164907869,17.642026124398996,16.409171888561115,16.333333333333332,1.4586152219225486,1.4218558629888152,1.427149936580234
final_joint_baseline_44mer,hs_quadratic,2,57,351.486,train,0.06799940375206241,0.06450494810770742,0.004701071918677883,0.015899348799265866,0.01947964279421458,0.008601300711835552,17.59089830199014,16.47469310437318,16.21666666666667,1.459674410254965,1.4194683160860033,1.4320219409508135
final_joint_baseline_44mer,hs_quadratic,2,58,352.891,train,0.06608111355404701,0.06494931556633474,0.0063309322923559026,0.014735538029918066,0.023162902548442027,0.009482151428741616,17.764145137240583,16.53447634790061,16.640666666666668,1.454219169118449,1.4172939072820954,1.4151028934160834
final_joint_baseline_44mer,hs_quadratic,2,59,354.301,train,0.06559902780882465,0.06478494612868635,0.00692203880763732,0.015002168617029554,0.020662835507349448,0.006860416047489827,17.849990870914734,16.58841807133316,16.488,1.4515792398474154,1.415335274056374,1.4210665236061262
final_joint_baseline_44mer,hs_quadratic,2,60,355.717,train,0.06404890399759572,0.0624831652978325,0.009926105086342106,0.014662257147440929,0.024441691579045143,0.00965306039733045,17.95618609640314,16.63645212836896,16.912,1.4478678684382402,1.4135937879890719,1.409363241274045
final_joint_baseline_44mer,hs_quadratic,2,61,357.139,train,0.06302210166280922,0.06172448085367538,0.004989154496540212,0.015202748118073412,0.02573346293900819,0.00968431900802011,17.985555124459857,16.678473009812315,16.695999999999998,1.4474435804149874,1.4120723464973433,1.412722553428242
final_joint_baseline_44mer,hs_quadratic,2,62,358.567,train,0.059478137547308844,0.058367395721524745,0.005858328342893073,0.015277007886462027,0.024569245195139457,0.009360246755420182,17.929191771651148,16.714380462001134,16.852,1.4479398595468786,1.4107737558313098,1.41374043174012
final_joint_baseline_44mer,hs_quadratic,2,63,360.0,train,0.05845808799295134,0.057208398462338314,0.00695658383039705,0.01492913973504518,0.024519416911818213,0.00914476471545516,18.00590271438135,16.744060948475948,16.730666666666664,1.448537998438865,1.409701407520625,1.4083397374108673
final_joint_baseline_44mer,hs_quadratic,3,0,280.0,train,0.055830234021425715,0.061886219510702604,0.0025992789120415053,0.017818328239700254,0.023795035750169523,0.008779995267864748,8.984389264195727,8.53437652046388,8.484,1.7330192887155929,1.7461932761303853,1.7370811625722677
final_joint_baseline_44mer,hs_quadratic,3,1,281.119,train,0.0549544215147567,0.05549212924144484,0.0029013294228109237,0.017439777169752424,0.024009225319052384,0.008230775874637325,9.245772472764894,8.672176296139227,8.773333333333333,1.7254357146970922,1.739825687932702,1.741779512926502
final_joint_baseline_44mer,hs_quadratic,3,2,282.243,train,0.058473741217887426,0.058450743485458784,0.002753589971972505,0.01788886648674338,0.030692987313248196,0.010306012762657659,9.307776459132127,8.811708925125142,8.762666666666666,1.7239583652442858,1.7334044574717895,1.72231593632493
final_joint_baseline_44mer,hs_quadratic,3,3,283.371,train,0.06222063376624422,0.061267699789383095,0.0036281476371743137,0.01701890544912629,0.023995082535546247,0.00781356334719929,9.5004241220863,8.952829234037676,9.038666666666668,1.7181079388731155,1.7269371847911135,1.7367300006492878
final_joint_baseline_44mer,hs_quadratic,3,4,284.504,train,0.06296273012420375,0.06997802080130357,0.0033161472368053403,0.01585249514656551,0.020979601547450683,0.007745523041879294,9.659105501795388,9.095637713990632,9.002,1.7148231530757665,1.7204201776397308,1.711391528695906
final_joint_baseline_44mer,hs_quadratic,3,5,285.641,train,0.061975340283792764,0.06913443684387038,0.0026556211733776373,0.015404162116734045,0.022418272789813617,0.00870470374253413,9.834191086969753,9.239979923080462,9.225333333333333,1.70995073357408,1.7138613867994579,1.7305460500992118
final_joint_baseline_44mer,hs_quadratic,3,6,286.783,train,0.06585998529321346,0.06773008527697888,0.002750812208851966,0.01592283890589107,0.019788876456555533,0.008126338344436913,10.003320324386829,9.385950339428337,9.348666666666666,1.700945718091396,1.7072574092686503,1.7137735940246748
final_joint_baseline_44mer,hs_quadratic,3,7,287.929,train,0.06839693376903502,0.07152745383877811,0.0024829758836791976,0.015772313290071817,0.022926411441770878,0.010233869960182607,10.215862546406182,9.533384390823805,9.49,1.6943485754338155,1.7006165632561467,1.6901465475081945
final_joint_baseline_44mer,hs_quadratic,3,8,289.08,train,0.07348868148149215,0.07509711728677027,0.004905697887433284,0.01596524486830895,0.023330915563434255,0.008800322062238703,10.399694936400707,9.682369383906769,9.65,1.6849675212879243,1.6939357682671485,1.6984000718616412
final_joint_baseline_44mer,hs_quadratic,3,9,290.235,train,0.0731140384882975,0.07001799431593246,0.00392623559145407,0.015476021059989051,0.015668719154761868,0.00863246901461965,10.524419922707079,9.832729739106941,9.837333333333333,1.681340394793113,1.687223724195884,1.6814351606514621
final_joint_baseline_44mer,hs_quadratic,3,10,291.395,train,0.07122788883075235,0.07556968117557988,0.004451355263183593,0.015951950773118194,0.01992257935036707,0.008441935773097708,10.66035238269125,9.984544379386339,9.838666666666665,1.6777821959555088,1.680477705216683,1.6793424465897573
final_joint_baseline_44mer,hs_quadratic,3,11,292.56,train,0.0725724689755215,0.07400379135039442,0.004452042064490957,0.01597323029521311,0.02581597663663954,0.01084980877788671,10.742928001947536,10.137757674600426,10.414,1.6731364718597481,1.6737009866963994,1.6587423983103233
final_joint_baseline_44mer,hs_quadratic,3,12,293.729,train,0.07150899163460206,0.07700174221359406,0.004345749785518986,0.015817755003167233,0.025802697563595347,0.00899853371787044,10.807456941147832,10.29217585695099,10.225333333333333,1.6738479584546968,1.6669028635035112,1.6693068758246654
final_joint_baseline_44mer,hs_quadratic,3,13,294.903,train,0.07084155504790976,0.0718629663828532,0.0026212763811648736,0.015991270115777317,0.02272594774461409,0.009745089293531985,10.913218154707565,10.447862877145635,10.398,1.6724701711734125,1.6600812009126358,1.6570054954028524
final_joint_baseline_44mer,hs_quadratic,3,14,296.082,train,0.07469943698436077,0.08020006388545953,0.002714006274952021,0.0179014092615358,0.02582330953563481,0.01017751457826493,11.137181242772805,10.604745210160374,10.633333333333333,1.665708368001392,1.653239893658461,1.649960591625772
final_joint_baseline_44mer,hs_quadratic,3,15,297.266,train,0.07425089222770272,0.082852567860288,0.005966568363969179,0.017446766643673,0.029241122328468493,0.008726903806510374,11.28130401375449,10.762742823708441,10.573333333333334,1.6584518174231966,1.6463830514782072,1.6588610314908492
final_joint_baseline_44mer,hs_quadratic,3,16,298.454,train,0.07464174812887568,0.074296579137096,0.003545361057827155,0.015126695099371347,0.02187329273688797,0.006772873119212878,11.462236397662954,10.921635091475782,10.897333333333334,1.653061674629598,1.639520767925565,1.6380201521760567
final_joint_baseline_44mer,hs_quadratic,3,17,299.647,train,0.07512354417820208,0.07642494296420986,0.002867747081335053,0.01570326526021423,0.018230276799367093,0.00795891520854771,11.609464579149169,11.08146186274376,11.019333333333332,1.6439808387239871,1.6326517763455244,1.6477275313630855
final_joint_baseline_44mer,hs_quadratic,3,18,300.845,train,0.07896191332787245,0.08414039344145938,0.0042401502602286804,0.015389071646722883,0.02214310654969699,0.007865443401378815,11.843582253058244,11.242122674451647,11.360666666666667,1.6384022936673557,1.6257808216971077,1.6225979611816888
final_joint_baseline_44mer,hs_quadratic,3,19,302.047,train,0.08073652391512168,0.09917730460411946,0.005131525730295902,0.015732535067090592,0.020228097059962,0.00871287210682526,12.03045767147465,11.403375750745292,11.337333333333333,1.6302856790997862,1.6189185546721157,1.6368541539635153
final_joint_baseline_44mer,hs_quadratic,3,20,303.254,train,0.08271327100201803,0.08718252382017419,0.004993229958039767,0.015531627786063444,0.020875967415527212,0.006498481373252615,12.269134182338263,11.56524055653619,11.578000000000001,1.6206763978222538,1.6120643787070925,1.6133033003317707
final_joint_baseline_44mer,hs_quadratic,3,21,304.467,train,0.08138616447536096,0.0966319262291675,0.00519052574338678,0.013710367146172946,0.02341552975973367,0.008127650019653435,12.378670272655349,11.727729086534056,11.797333333333334,1.611008910967524,1.605218019037899,1.5938178747270642
final_joint_baseline_44mer,hs_quadratic,3,22,305.683,train,0.08409797547222334,0.09328886859817007,0.005704119941592092,0.0138506403146717,0.023804447822422106,0.01037776661972805,12.575666042845839,11.890310698020503,12.178666666666667,1.6024266517823778,1.5984018951349026,1.5841262375852763
final_joint_baseline_44mer,hs_quadratic,3,23,306.905,train,0.08227776311462771,0.08725862587183786,0.0040421680849128195,0.013350739274079237,0.022886695894180097,0.007921623255899433,12.589017710425416,12.053250646268243,11.898666666666667,1.6065431646433592,1.5916048561654577,1.5889349414760345
final_joint_baseline_44mer,hs_quadratic,3,24,308.132,train,0.07683692967897003,0.08480554955869762,0.0032517756330881034,0.014031414698195199,0.01725417216714713,0.007412796778169393,12.680625798794962,12.216271737795525,12.218,1.6048980912246824,1.584838424547576,1.5829158782361732
final_joint_baseline_44mer,hs_quadratic,3,25,309.364,train,0.07797097193294793,0.08898898854975856,0.004944690482796289,0.014529573678192072,0.021026907970933238,0.008869882954614326,12.839442212890269,12.379223745328567,12.363999999999999,1.602065164513469,1.578108655342082,1.571890167708658
final_joint_baseline_44mer,hs_quadratic,3,26,310.6,train,0.07271093708536365,0.07500802580832175,0.002658093127658822,0.015705814907197628,0.020003014549349968,0.008412850754600827,12.760165616821862,12.541818651588923,12.547333333333334,1.6043305868470101,1.5714271227828123,1.5818783097167526
final_joint_baseline_44mer,hs_quadratic,3,27,311.842,train,0.07331211129183657,0.07218584238448626,0.00434585639472637,0.01588673313944151,0.020472699900522404,0.008755435184885097,12.944969113261518,12.70415645345659,12.614666666666666,1.5958195529076442,1.5647893365731262,1.5713729937410186
final_joint_baseline_44mer,hs_quadratic,3,28,313.088,train,0.07704482070349017,0.08456018535537081,0.004899378755146348,0.016496891492232622,0.02445842232774011,0.006724596858775153,13.29451341975534,12.865806829159379,12.828666666666667,1.5835136685075968,1.5582124095048893,1.5585148590828626
final_joint_baseline_44mer,hs_quadratic,3,29,314.34,train,0.07320140200786714,0.08031325085563673,0.005044736799259096,0.014071663184485852,0.01938315229771475,0.007936415096477252,13.48962745724545,13.026854609957226,12.937999999999999,1.5730841481092992,1.5516923042978434,1.55376115877102
final_joint_baseline_44mer,hs_quadratic,3,30,315.596,train,0.07437293806105216,0.08445188181015097,0.0041399481299593125,0.014474549893673415,0.019032006099289803,0.009524384914214094,13.672765276002677,13.186862978615054,13.119333333333334,1.567634268012788,1.5452460189882786,1.5398794109183975
final_joint_baseline_44mer,hs_quadratic,3,31,316.858,train,0.07418064921151035,0.07717061745779688,0.00474012317476008,0.014345921839851773,0.02008093834170059,0.008044394834131077,13.829060921429004,13.345902427046024,12.968,1.5631233357800103,1.5388699251761846,1.5579878837561028
final_joint_baseline_44mer,hs_quadratic,3,32,318.124,train,0.07444858016624356,0.06851468313991066,0.0029820579039758757,0.014303729590760173,0.016280739731369086,0.007943646538881168,14.070463605380073,13.503532793167455,13.575333333333333,1.558760215078798,1.5325807835789,1.5337791333577537
final_joint_baseline_44mer,hs_quadratic,3,33,319.396,train,0.07881231449589673,0.10124573903436825,0.007337502350556887,0.014812295390089315,0.01912755342197729,0.012445982263270676,14.099472795325909,13.65981140225767,13.439333333333332,1.560315682543106,1.5263753239276427,1.535399579390137
final_joint_baseline_44mer,hs_quadratic,3,34,320.672,train,0.08054222093312766,0.08984673933789782,0.004466421094489746,0.015003672173482287,0.02479962609292164,0.010072554916727615,14.246917031830076,13.814298264308839,14.005333333333333,1.5576941339806614,1.520269943047867,1.5046230760339667
final_joint_baseline_44mer,hs_quadratic,3,35,321.954,train,0.07784934608928495,0.07409633012972025,0.002478998934436223,0.013790655183345468,0.020955178421707812,0.007946863232068514,14.381535283914552,13.96703897660067,14.013333333333334,1.553315696022292,1.5142616751001092,1.5126290953565205
final_joint_baseline_44mer,hs_quadratic,3,36,323.241,train,0.07947847379982824,0.08660268984044026,0.0058846211208009105,0.013763340952308517,0.018324615746273865,0.006221390804305695,14.587121903718579,14.117713474924448,13.999333333333333,1.545519977992165,1.5083618958799592,1.5197260703613287
final_joint_baseline_44mer,hs_quadratic,3,37,324.533,train,0.07571968289781829,0.07979372973495553,0.0034304166073160607,0.013486928454611113,0.019853329747637073,0.009562044762292393,14.566468109062138,14.266122963545682,14.199333333333334,1.5455605687236313,1.5025770632370872,1.5039160350438454
final_joint_baseline_44mer,hs_quadratic,3,38,325.83,train,0.07849904424336147,0.08203131990311087,0.005512516448676346,0.013673268845487824,0.02174757826267082,0.009081691739180262,14.80466496257075,14.41206861477525,14.369333333333334,1.5404790686617498,1.4969135291694686,1.5040090581771004
final_joint_baseline_44mer,hs_quadratic,3,39,327.132,train,0.08028921502823588,0.0867778569302892,0.0033831595093629092,0.015820254044480425,0.019469109224930718,0.008349160926527405,14.926329042663259,14.555352249655236,14.376000000000001,1.543821294173438,1.4913775207509943,1.4968118065281462
final_joint_baseline_44mer,hs_quadratic,3,40,328.44,train,0.07567038118644989,0.07719656995820973,0.0031548244410655444,0.015262842585824795,0.021414660080405844,0.006786035149377333,15.05278513176313,14.695883094373755,14.674,1.540026443712756,1.4859710496061576,1.482382121092198
final_joint_baseline_44mer,hs_quadratic,3,41,329.753,train,0.07971237160107156,0.08209827205085182,0.004647981071730067,0.016833353823547503,0.02424475091501126,0.0091224494924276,15.265959923315682,14.833354536810432,14.870666666666668,1.5372187904758519,1.4807043627561713,1.4796546376091737
final_joint_baseline_44mer,hs_quadratic,3,42,331.071,train,0.07443536731925915,0.08383457459854067,0.004946206537953954,0.01798949074379959,0.02427078680817472,0.00770531297736585,15.465113961414396,14.967573846373398,14.85,1.5314127841504375,1.4755832242314912,1.4928594938494026
final_joint_baseline_44mer,hs_quadratic,3,43,332.394,train,0.07909831339491194,0.08786059296876995,0.006210600238017738,0.017976677353018403,0.02172322232808415,0.008325812538938661,15.650857373257864,15.098351431805074,15.21,1.5244549200868058,1.4706132131313236,1.4665545192281366
final_joint_baseline_44mer,hs_quadratic,3,44,333.723,train,0.07578095858374997,0.08299095717927003,0.004583104953808143,0.019081244936125265,0.02946560370734226,0.008667933501486536,15.79094470817357,15.225595520783774,15.223333333333336,1.5161238639190366,1.4657961561873496,1.4596491510057619
final_joint_baseline_44mer,hs_quadratic,3,45,335.057,train,0.07499864974464604,0.08349625403812225,0.00493926002263563,0.018481504068477695,0.026722921865882918,0.009460903117178576,15.881811058365287,15.349023623140315,15.528,1.5139679599741689,1.4611410657369641,1.457619120681946
final_joint_baseline_44mer,hs_quadratic,3,46,336.396,train,0.0762937950667973,0.08583912551966347,0.0061899810079763876,0.0181115007798332,0.02453063098962403,0.007197986428268343,15.95942996470087,15.468458193872307,15.522666666666666,1.5107176380054235,1.4566529239696968,1.4548857654309246
final_joint_baseline_44mer,hs_quadratic,3,47,337.741,train,0.07625612084496577,0.07707247181414242,0.002351588698308371,0.018078217228296296,0.022516526217962123,0.006032380416492774,16.191268790700505,15.583810653552298,15.471333333333334,1.5031807816212521,1.4523333607708508,1.4564513814304543
final_joint_baseline_44mer,hs_quadratic,3,48,339.091,train,0.0720533704070298,0.0768277862414831,0.005630907384785096,0.016966027627567038,0.023825640727890667,0.009348465898305259,16.2934658572211,15.694822495155575,15.770666666666667,1.4997236766808852,1.448190362311869,1.4461515345412181
final_joint_baseline_44mer,hs_quadratic,3,49,340.446,train,0.07193360835075224,0.0793901314760784,0.0060481221835501885,0.016756713878210473,0.017564282509603974,0.005910989269174478,16.485230661554375,15.80133163238917,15.660666666666668,1.4953283897396434,1.444228281277338,1.4520614659243183
final_joint_baseline_44mer,hs_quadratic,3,50,341.807,train,0.07506374615354028,0.07935335929531989,0.007847715974677568,0.017294085757542273,0.026480131610789822,0.007948842829155846,16.691355897389087,15.903254724840139,15.681333333333331,1.4903387932207046,1.4404485579825337,1.4431888497486658
final_joint_baseline_44mer,hs_quadratic,3,51,343.173,train,0.0680393526460994,0.07349894670945809,0.005714978263806275,0.015637198409545888,0.0210137500734904,0.008138540630459962,16.85042336132919,16.000360636703853,16.1,1.4792115717588992,1.436858133849582,1.434664980794347
final_joint_baseline_44mer,hs_quadratic,3,52,344.545,train,0.06884833986235794,0.0755515964836493,0.005282484955265172,0.015335670208881061,0.02921826808471274,0.009416505567777608,17.108302522670563,16.0925699231791,15.948666666666668,1.4707794216938925,1.4334583525625182,1.4416511138138506
final_joint_baseline_44mer,hs_quadratic,3,53,345.922,train,0.06469848801233796,0.06512866490185826,0.003608533434061479,0.014860114379938356,0.023448589532792184,0.008101067492114943,17.151692684559674,16.17967073749285,16.295333333333332,1.4674249423764787,1.430255477124929,1.4354095507583629
final_joint_baseline_44mer,hs_quadratic,3,54,347.305,train,0.06867132513497734,0.06918119327632086,0.005083138922028128,0.0161295844049804,0.025076202975347683,0.005882426845010924,17.198451478911814,16.261587531355772,16.274666666666665,1.4707388309624263,1.4272507897907394,1.4217846506018141
final_joint_baseline_44mer,hs_quadratic,3,55,348.693,train,0.06774235378497434,0.06951681447789532,0.005166445482478757,0.015272640555822567,0.020708956587558627,0.007581764538419225,17.365968291643842,16.33812819353404,16.330000000000002,1.46534792230597,1.42444990238788,1.4343629317401445
final_joint_baseline_44mer,hs_quadratic,3,56,350.086,train,0.06995886798550893,0.06968050887305219,0.0069452449360153275,0.015045738392011569,0.023625448349612305,0.007718657165180871,17.642026124398996,16.409171888561115,16.598666666666666,1.4586152219225486,1.4218558629888152,1.4075463062430142
final_joint_baseline_44mer,hs_quadratic,3,57,351.486,train,0.06799940375206241,0.0705850763026976,0.005429617564635624,0.015899348799265866,0.02384283977315537,0.00904520018651165,17.59089830199014,16.47469310437318,16.268666666666668,1.459674410254965,1.4194683160860033,1.4191768557634221
final_joint_baseline_44mer,hs_quadratic,3,58,352.891,train,0.06608111355404701,0.06250875795649452,0.005224122737343817,0.014735538029918066,0.0228151975993497,0.008510663559178282,17.764145137240583,16.53447634790061,16.772666666666666,1.454219169118449,1.4172939072820954,1.4065600423508546
final_joint_baseline_44mer,hs_quadratic,3,59,354.301,train,0.06559902780882465,0.06741453455253346,0.005318881316793046,0.015002168617029554,0.0198050841835095,0.006640194556174952,17.849990870914734,16.58841807133316,16.580666666666666,1.4515792398474154,1.415335274056374,1.4096595298964372
final_joint_baseline_44mer,hs_quadratic,3,60,355.717,train,0.06404890399759572,0.06424378289146435,0.006547502009831955,0.014662257147440929,0.020335959569313576,0.00961268022742332,17.95618609640314,16.63645212836896,16.155333333333335,1.4478678684382402,1.4135937879890719,1.420314038810912
final_joint_baseline_44mer,hs_quadratic,3,61,357.139,train,0.06302210166280922,0.0681552423964612,0.004483238171174224,0.015202748118073412,0.015881491795201014,0.0065513380901640475,17.985555124459857,16.678473009812315,16.364,1.4474435804149874,1.4120723464973433,1.4249620570490555
final_joint_baseline_44mer,hs_quadratic,3,62,358.567,train,0.059478137547308844,0.05836461687426792,0.005432274964881112,0.015277007886462027,0.02756382949350325,0.009649608465473853,17.929191771651148,16.714380462001134,16.856,1.4479398595468786,1.4107737558313098,1.4032042048023827
final_joint_baseline_44mer,hs_quadratic,3,63,360.0,train,0.05845808799295134,0.05133411074844244,0.007699737278849853,0.01492913973504518,0.02065852389956379,0.009475069027951422,18.00590271438135,16.744060948475948,16.625999999999998,1.448537998438865,1.409701407520625,1.4070969273714362
final_joint_baseline_44mer,hs_quadratic,4,0,280.0,train,0.055830234021425715,0.06309026981021781,0.0046037201235943365,0.017818328239700254,0.02430021278105482,0.009486344600228833,8.984389264195727,8.53437652046388,8.372,1.7330192887155929,1.7461932761303853,1.745198728676712
final_joint_baseline_44mer,hs_quadratic,4,1,281.119,train,0.0549544215147567,0.06292263355799632,0.002088050967053261,0.017439777169752424,0.020266870671938098,0.007504239811785667,9.245772472764894,8.672176296139227,8.749333333333333,1.7254357146970922,1.739825687932702,1.7386914287355915
final_joint_baseline_44mer,hs_quadratic,4,2,282.243,train,0.058473741217887426,0.06968154150873632,0.003191408203226255,0.01788886648674338,0.023396936138479554,0.009066586523214112,9.307776459132127,8.811708925125142,8.935333333333332,1.7239583652442858,1.7334044574717895,1.7160912364795071
final_joint_baseline_44mer,hs_quadratic,4,3,283.371,train,0.06222063376624422,0.07094344067068606,0.003266178357920549,0.01701890544912629,0.023364791522152276,0.009142188884526645,9.5004241220863,8.952829234037676,8.98,1.7181079388731155,1.7269371847911135,1.7249903293136901
final_joint_baseline_44mer,hs_quadratic,4,4,284.504,train,0.06296273012420375,0.07073984568420123,0.002449333956004992,0.01585249514656551,0.02131732630675745,0.009749817884423567,9.659105501795388,9.095637713990632,9.172,1.7148231530757665,1.7204201776397308,1.7129455812017345
final_joint_baseline_44mer,hs_quadratic,4,5,285.641,train,0.061975340283792764,0.05907457386313701,0.0031719725490683076,0.015404162116734045,0.02373628817548109,0.008393208605632894,9.834191086969753,9.239979923080462,9.218,1.70995073357408,1.7138613867994579,1.7039735967111795
final_joint_baseline_44mer,hs_quadratic,4,6,286.783,train,0.06585998529321346,0.07903892427765552,0.004650270457871017,0.01592283890589107,0.01813129737159335,0.006239016019188023,10.003320324386829,9.385950339428337,9.448666666666668,1.700945718091396,1.7072574092686503,1.7081791995971911
final_joint_baseline_44mer,hs_quadratic,4,7,287.929,train,0.06839693376903502,0.0655022069850431,0.002509447153824471,0.015772313290071817,0.022098570146338675,0.008537887756081143,10.215862546406182,9.533384390823805,9.526,1.6943485754338155,1.7006165632561467,1.6931963608619167
final_joint_baseline_44mer,hs_quadratic,4,8,289.08,train,0.07348868148149215,0.07864848833502414,0.003058354590013691,0.01596524486830895,0.022967726889231557,0.007824185660758617,10.399694936400707,9.682369383906769,9.531333333333333,1.6849675212879243,1.6939357682671485,1.6995476573641148
final_joint_baseline_44mer,hs_quadratic,4,9,290.235,train,0.0731140384882975,0.07840685274245678,0.0037945819257943986,0.015476021059989051,0.020298204279833268,0.006600611502248836,10.524419922707079,9.832729739106941,9.758,1.681340394793113,1.687223724195884,1.6939708994947706
final_joint_baseline_44mer,hs_quadratic,4,10,291.395,train,0.07122788883075235,0.07976161434617357,0.0035489241150750686,0.015951950773118194,0.02414830791708654,0.00918324387632724,10.66035238269125,9.984544379386339,10.138666666666667,1.6777821959555088,1.680477705216683,1.6662507663702824
final_joint_baseline_44mer,hs_quadratic,4,11,292.56,train,0.0725724689755215,0.075687991651612,0.0036588220911401986,0.01597323029521311,0.014406878972297602,0.00575754316645281,10.742928001947536,10.137757674600426,10.138,1.6731364718597481,1.6737009866963994,1.6759505806609707
final_joint_baseline_44mer,hs_quadratic,4,12,293.729,train,0.07150899163460206,0.07507333697336493,0.0037345435231482035,0.015817755003167233,0.026906196691219825,0.008809176770583925,10.807456941147832,10.29217585695099,10.333333333333334,1.6738479584546968,1.6669028635035112,1.6671505875799886
final_joint_baseline_44mer,hs_quadratic,4,13,294.903,train,0.07084155504790976,0.07510317245713295,0.0042222301981578395,0.015991270115777317,0.017788915143332626,0.00759346846539305,10.913218154707565,10.447862877145635,10.446000000000002,1.6724701711734125,1.6600812009126358,1.6435173940753103
final_joint_baseline_44mer,hs_quadratic,4,14,296.082,train,0.07469943698436077,0.0849334613571106,0.007006342966308544,0.0179014092615358,0.023008779552531097,0.006894769877342943,11.137181242772805,10.604745210160374,10.788,1.665708368001392,1.653239893658461,1.6385606202422625
final_joint_baseline_44mer,hs_quadratic,4,15,297.266,train,0.07425089222770272,0.0868028325199769,0.0043552925600088225,0.017446766643673,0.01747012729406016,0.008361777568971671,11.28130401375449,10.762742823708441,10.745999999999999,1.6584518174231966,1.6463830514782072,1.645698805198594
final_joint_baseline_44mer,hs_quadratic,4,16,298.454,train,0.07464174812887568,0.07523349935332363,0.0033006789587187715,0.015126695099371347,0.01697604724026077,0.005683181659241867,11.462236397662954,10.921635091475782,10.972,1.653061674629598,1.639520767925565,1.635144643387565
final_joint_baseline_44mer,hs_quadratic,4,17,299.647,train,0.07512354417820208,0.07805943055970689,0.004623609823471525,0.01570326526021423,0.024375406469277293,0.01009611379331073,11.609464579149169,11.08146186274376,11.294,1.6439808387239871,1.6326517763455244,1.6182445586739782
final_joint_baseline_44mer,hs_quadratic,4,18,300.845,train,0.07896191332787245,0.08577138423566144,0.004131053032766044,0.015389071646722883,0.016790323619708728,0.006287529615060433,11.843582253058244,11.242122674451647,11.334666666666667,1.6384022936673557,1.6257808216971077,1.6174180155942746
final_joint_baseline_44mer,hs_quadratic,4,19,302.047,train,0.08073652391512168,0.09419667253780663,0.0041746813829540074,0.015732535067090592,0.02021456060325383,0.007875980847500352,12.03045767147465,11.403375750745292,11.474666666666668,1.6302856790997862,1.6189185546721157,1.6085549609063472
final_joint_baseline_44mer,hs_quadratic,4,20,303.254,train,0.08271327100201803,0.08638571820062368,0.007786223119423175,0.015531627786063444,0.019260232689347012,0.007757113065563176,12.269134182338263,11.56524055653619,11.960666666666667,1.6206763978222538,1.6120643787070925,1.5960896773240834
final_joint_baseline_44mer,hs_quadratic,4,21,304.467,train,0.08138616447536096,0.0836743378769711,0.0041829538716951255,0.013710367146172946,0.02110566411097011,0.009243579739294319,12.378670272655349,11.727729086534056,11.838666666666665,1.611008910967524,1.605218019037899,1.6083082868687693
final_joint_baseline_44mer,hs_quadratic,4,22,305.683,train,0.08409797547222334,0.09367757337061931,0.0045973188089645815,0.0138506403146717,0.020447022587019366,0.007933681451006824,12.575666042845839,11.890310698020503,11.848666666666666,1.6024266517823778,1.5984018951349026,1.594753809817006
final_joint_baseline_44mer,hs_quadratic,4,23,306.905,train,0.08227776311462771,0.08556167937518558,0.0042560905286102265,0.013350739274079237,0.020878057029314306,0.009809285654639451,12.589017710425416,12.053250646268243,12.077333333333335,1.6065431646433592,1.5916048561654577,1.5870677531438093
final_joint_baseline_44mer,hs_quadratic,4,24,308.132,train,0.07683692967897003,0.0764372510255976,0.003933113606008805,0.014031414698195199,0.02426239577327177,0.009380104230838819,12.680625798794962,12.216271737795525,12.361333333333333,1.6048980912246824,1.584838424547576,1.5758604694520049
final_joint_baseline_44mer,hs_quadratic,4,25,309.364,train,0.07797097193294793,0.09590504399084811,0.005730020734823279,0.014529573678192072,0.020896945146505704,0.006829774652573121,12.839442212890269,12.379223745328567,12.556000000000001,1.602065164513469,1.578108655342082,1.562313456456648
final_joint_baseline_44mer,hs_quadratic,4,26,310.6,train,0.07271093708536365,0.08040286148867634,0.004405286338855951,0.015705814907197628,0.020235772342011668,0.007228682855786442,12.760165616821862,12.541818651588923,12.870000000000001,1.6043305868470101,1.5714271227828123,1.5694517496918625
final_joint_baseline_44mer,hs_quadratic,4,27,311.842,train,0.07331211129183657,0.08518662559146421,0.00546748531636425,0.01588673313944151,0.024401458084035862,0.010671704071261204,12.944969113261518,12.70415645345659,12.624666666666666,1.5958195529076442,1.5647893365731262,1.571726928259131
final_joint_baseline_44mer,hs_quadratic,4,28,313.088,train,0.07704482070349017,0.08865836309834364,0.0045369089687736525,0.016496891492232622,0.021532551330670252,0.007636985469551381,13.29451341975534,12.865806829159379,12.618,1.5835136685075968,1.5582124095048893,1.564531942362136
final_joint_baseline_44mer,hs_quadratic,4,29,314.34,train,0.07320140200786714,0.07963239775211997,0.0048836255493986055,0.014071663184485852,0.022880826485763183,0.00808514839847884,13.48962745724545,13.026854609957226,12.924,1.5730841481092992,1.5516923042978434,1.5566726019692407
final_joint_baseline_44mer,hs_quadratic,4,30,315.596,train,0.07437293806105216,0.08294873015343801,0.005022031169952984,0.014474549893673415,0.017573367307008,0.007748812271931816,13.672765276002677,13.186862978615054,13.014,1.567634268012788,1.5452460189882786,1.5528205763236507
final_joint_baseline_44mer,hs_quadratic,4,31,316.858,train,0.07418064921151035,0.07091429226625921,0.004094621717041542,0.014345921839851773,0.020745541799282254,0.008553223866283668,13.829060921429004,13.345902427046024,13.297333333333334,1.5631233357800103,1.5388699251761846,1.5462351108906343
final_joint_baseline_44mer,hs_quadratic,4,32,318.124,train,0.07444858016624356,0.0821183021600222,0.005010895765628894,0.014303729590760173,0.01761470293628149,0.006528137897568413,14.070463605380073,13.503532793167455,13.433333333333334,1.558760215078798,1.5325807835789,1.5352710599348613
final_joint_baseline_44mer,hs_quadratic,4,33,319.396,train,0.07881231449589673,0.08648949631920368,0.004110315411194313,0.014812295390089315,0.02422307057276624,0.007626579729300354,14.099472795325909,13.65981140225767,13.674666666666667,1.560315682543106,1.5263753239276427,1.5230218404994331
final_joint_baseline_44mer,hs_quadratic,4,34,320.672,train,0.08054222093312766,0.07707698979412395,0.004496062985445696,0.015003672173482287,0.021557948536993273,0.008384750424910173,14.246917031830076,13.814298264308839,13.783333333333335,1.5576941339806614,1.520269943047867,1.5140691586467605
final_joint_baseline_44mer,hs_quadratic,4,35,321.954,train,0.07784934608928495,0.09087439705062497,0.006403307534003432,0.013790655183345468,0.016918346915110644,0.008086194766626534,14.381535283914552,13.96703897660067,14.149333333333335,1.553315696022292,1.5142616751001092,1.5198426266838099
final_joint_baseline_44mer,hs_quadratic,4,36,323.241,train,0.07947847379982824,0.0861992768460924,0.004653494049102326,0.013763340952308517,0.01961412543247627,0.007095416649493605,14.587121903718579,14.117713474924448,14.120000000000001,1.545519977992165,1.5083618958799592,1.5010924458077182
final_joint_baseline_44mer,hs_quadratic,4,37,324.533,train,0.07571968289781829,0.08696533744414675,0.004669986519672299,0.013486928454611113,0.01841912842100426,0.009813291843968999,14.566468109062138,14.266122963545682,14.281333333333334,1.5455605687236313,1.5025770632370872,1.504726056932853
final_joint_baseline_44mer,hs_quadratic,4,38,325.83,train,0.07849904424336147,0.0798063983585792,0.005620210082445433,0.013673268845487824,0.016364099094949004,0.007857412802716143,14.80466496257075,14.41206861477525,14.260000000000002,1.5404790686617498,1.4969135291694686,1.5061088591860625
final_joint_baseline_44mer,hs_quadratic,4,39,327.132,train,0.08028921502823588,0.08760636300469973,0.003130464250386552,0.015820254044480425,0.024302549444193033,0.007294779892621079,14.926329042663259,14.555352249655236,14.323333333333332,1.543821294173438,1.4913775207509943,1.494920396365405
final_joint_baseline_44mer,hs_quadratic,4,40,328.44,train,0.07567038118644989,0.07113995879573737,0.0063978386328826745,0.015262842585824795,0.025234453593809096,0.008787211150559575,15.05278513176313,14.695883094373755,14.532666666666666,1.540026443712756,1.4859710496061576,1.4821253156322776
final_joint_baseline_44mer,hs_quadratic,4,41,329.753,train,0.07971237160107156,0.08195723557695653,0.0037774086119982692,0.016833353823547503,0.021535833160530673,0.007378460434305567,15.265959923315682,14.833354536810432,14.943333333333335,1.5372187904758519,1.4807043627561713,1.4820521248704426
final_joint_baseline_44mer,hs_quadratic,4,42,331.071,train,0.07443536731925915,0.08916533114215879,0.006111780451071797,0.01798949074379959,0.021902121052317685,0.007642074928109139,15.465113961414396,14.967573846373398,14.937333333333335,1.5314127841504375,1.4755832242314912,1.4867307501379259
final_joint_baseline_44mer,hs_quadratic,4,43,332.394,train,0.07909831339491194,0.07622676253442692,0.004140692529918284,0.017976677353018403,0.028150145458491434,0.007641755763076151,15.650857373257864,15.098351431805074,15.146666666666668,1.5244549200868058,1.4706132131313236,1.4779476493130563
final_joint_baseline_44mer,hs_quadratic,4,44,333.723,train,0.07578095858374997,0.07702243419047596,0.00482694258690838,0.019081244936125265,0.03137085548088966,0.008060604740864688,15.79094470817357,15.225595520783774,15.305333333333333,1.5161238639190366,1.4657961561873496,1.46182424387395
final_joint_baseline_44mer,hs_quadratic,4,45,335.057,train,0.07499864974464604,0.07910240965758741,0.00524991378029082,0.018481504068477695,0.023174745903608043,0.007757473629516964,15.881811058365287,15.349023623140315,15.327333333333334,1.5139679599741689,1.4611410657369641,1.4724493137479961
final_joint_baseline_44mer,hs_quadratic,4,46,336.396,train,0.0762937950667973,0.08895778296151881,0.005764803133795772,0.0181115007798332,0.027680887122993283,0.006554490641540449,15.95942996470087,15.468458193872307,15.879333333333333,1.5107176380054235,1.4566529239696968,1.4483055793165165
final_joint_baseline_44mer,hs_quadratic,4,47,337.741,train,0.07625612084496577,0.0790498688963865,0.006414004218031409,0.018078217228296296,0.023136612436107644,0.007337832647121524,16.191268790700505,15.583810653552298,15.534,1.5031807816212521,1.4523333607708508,1.4628386136496685
final_joint_baseline_44mer,hs_quadratic,4,48,339.091,train,0.0720533704070298,0.07130003101957565,0.006087519464742647,0.016966027627567038,0.03162660859681467,0.01054319286220794,16.2934658572211,15.694822495155575,15.688000000000002,1.4997236766808852,1.448190362311869,1.4378134821239015
final_joint_baseline_44mer,hs_quadratic,4,49,340.446,train,0.07193360835075224,0.08217418464293746,0.0044108471908082605,0.016756713878210473,0.02368593398922518,0.009122194210031992,16.485230661554375,15.80133163238917,15.933333333333334,1.4953283897396434,1.444228281277338,1.4327641572385472
final_joint_baseline_44mer,hs_quadratic,4,50,341.807,train,0.07506374615354028,0.07879815327350756,0.008320599956812428,0.017294085757542273,0.023875994991990394,0.008646277129521084,16.691355897389087,15.903254724840139,15.984666666666667,1.4903387932207046,1.4404485579825337,1.432347678056498
final_joint_baseline_44mer,hs_quadratic,4,51,343.173,train,0.0680393526460994,0.06365804920012813,0.0058989177245584124,0.015637198409545888,0.0246651769596486,0.007872318509498284,16.85042336132919,16.000360636703853,15.818666666666665,1.4792115717588992,1.436858133849582,1.4314502823621424
final_joint_baseline_44mer,hs_quadratic,4,52,344.545,train,0.06884833986235794,0.06947039458982174,0.005425541999309372,0.015335670208881061,0.021001353966588455,0.006597274506537785,17.108302522670563,16.0925699231791,16.16,1.4707794216938925,1.4334583525625182,1.4364869692100566
final_joint_baseline_44mer,hs_quadratic,4,53,345.922,train,0.06469848801233796,0.06109566736590466,0.007359358039000549,0.014860114379938356,0.02380369579561087,0.008283898670201404,17.151692684559674,16.17967073749285,16.18,1.4674249423764787,1.430255477124929,1.425717742660447
final_joint_baseline_44mer,hs_quadratic,4,54,347.305,train,0.06867132513497734,0.07206053022556094,0.007295342893238534,0.0161295844049804,0.025021485308285733,0.007495897197760421,17.198451478911814,16.261587531355772,16.203333333333333,1.4707388309624263,1.4272507897907394,1.4298066495400577
final_joint_baseline_44mer,hs_quadratic,4,55,348.693,train,0.06774235378497434,0.06537865508834187,0.005712801986107725,0.015272640555822567,0.022040433625055353,0.008436836320244499,17.365968291643842,16.33812819353404,16.490000000000002,1.46534792230597,1.42444990238788,1.4178657565090176
final_joint_baseline_44mer,hs_quadratic,4,56,350.086,train,0.06995886798550893,0.0723735675201743,0.0048885061178486205,0.015045738392011569,0.020977385119861403,0.006175772942171592,17.642026124398996,16.409171888561115,16.37333333333333,1.4586152219225486,1.4218558629888152,1.4193298913739252
final_joint_baseline_44mer,hs_quadratic,4,57,351.486,train,0.06799940375206241,0.0641711444526219,0.007440141328289508,0.015899348799265866,0.022396746908122586,0.008679723474880122,17.59089830199014,16.47469310437318,16.338,1.459674410254965,1.4194683160860033,1.4235829721640751
final_joint_baseline_44mer,hs_quadratic,4,58,352.891,train,0.06608111355404701,0.07005236418442558,0.005778476305895211,0.014735538029918066,0.024783593577067713,0.009342424748837713,17.764145137240583,16.53447634790061,16.54266666666667,1.454219169118449,1.4172939072820954,1.4102088405060893
final_joint_baseline_44mer,hs_quadratic,4,59,354.301,train,0.06559902780882465,0.0565774992902149,0.0073935138415023305,0.015002168617029554,0.02638363958882417,0.010165732747509273,17.849990870914734,16.58841807133316,16.573999999999998,1.4515792398474154,1.415335274056374,1.4097661221119355
final_joint_baseline_44mer,hs_quadratic,4,60,355.717,train,0.06404890399759572,0.06121611188954092,0.007326854863272735,0.014662257147440929,0.01902837366510418,0.006889292928980884,17.95618609640314,16.63645212836896,16.456666666666663,1.4478678684382402,1.4135937879890719,1.4165096486077604
final_joint_baseline_44mer,hs_quadratic,4,61,357.139,train,0.06302210166280922,0.06362809824696437,0.008572361493453315,0.015202748118073412,0.02384667362512466,0.009780377437135813,17.985555124459857,16.678473009812315,16.523333333333333,1.4474435804149874,1.4120723464973433,1.4228700759210062
final_joint_baseline_44mer,hs_quadratic,4,62,358.567,train,0.059478137547308844,0.05517978222809887,0.004954133447487935,0.015277007886462027,0.029364628986973958,0.00902984238381912,17.929191771651148,16.714380462001134,16.741333333333333,1.4479398595468786,1.4107737558313098,1.4040496005681136
final_joint_baseline_44mer,hs_quadratic,4,63,360.0,train,0.05845808799295134,0.06581972918368754,0.006529862700896945,0.01492913973504518,0.018763618117196852,0.006102465397126487,18.00590271438135,16.744060948475948,16.747333333333334,1.448537998438865,1.409701407520625,1.4204235869618724
final_joint_baseline_44mer,hs_quadratic,5,0,280.0,train,0.055830234021425715,0.06506007760258044,0.0033154354293671263,0.017818328239700254,0.02409165274873832,0.009223968885420371,8.984389264195727,8.53437652046388,8.62,1.7330192887155929,1.7461932761303853,1.748986094351001
final_joint_baseline_44mer,hs_quadratic,5,1,281.119,train,0.0549544215147567,0.06442799511153646,0.002840859290034339,0.017439777169752424,0.026042998122687407,0.008750172118353241,9.245772472764894,8.672176296139227,8.67,1.7254357146970922,1.739825687932702,1.7471634815529784
final_joint_baseline_44mer,hs_quadratic,5,2,282.243,train,0.058473741217887426,0.05994952783098552,0.002136084327376519,0.01788886648674338,0.024926579359711286,0.008055442796724613,9.307776459132127,8.811708925125142,8.759333333333334,1.7239583652442858,1.7334044574717895,1.7385350015395071
final_joint_baseline_44mer,hs_quadratic,5,3,283.371,train,0.06222063376624422,0.06816808886461084,0.002863755549863267,0.01701890544912629,0.026868385611036126,0.008931095930211951,9.5004241220863,8.952829234037676,8.937333333333335,1.7181079388731155,1.7269371847911135,1.726812167672632
final_joint_baseline_44mer,hs_quadratic,5,4,284.504,train,0.06296273012420375,0.07119347750482946,0.004821546260144988,0.01585249514656551,0.02087895402209057,0.0073832394092929856,9.659105501795388,9.095637713990632,9.142666666666667,1.7148231530757665,1.7204201776397308,1.7150499611704135
final_joint_baseline_44mer,hs_quadratic,5,5,285.641,train,0.061975340283792764,0.06381466524657463,0.003211812397643274,0.015404162116734045,0.019058543966635384,0.007593087158339735,9.834191086969753,9.239979923080462,9.344000000000001,1.70995073357408,1.7138613867994579,1.7078320840785022
final_joint_baseline_44mer,hs_quadratic,5,6,286.783,train,0.06585998529321346,0.07606980934908433,0.0038698090343242354,0.01592283890589107,0.022198130862734443,0.007709896760532414,10.003320324386829,9.385950339428337,9.388,1.700945718091396,1.7072574092686503,1.7037742075718088
final_joint_baseline_44mer,hs_quadratic,5,7,287.929,train,0.06839693376903502,0.07541104386289246,0.003358811605417628,0.015772313290071817,0.020073701219646706,0.00709556558985622,10.215862546406182,9.533384390823805,9.431999999999999,1.6943485754338155,1.7006165632561467,1.7052791548189368
final_joint_baseline_44mer,hs_quadratic,5,8,289.08,train,0.07348868148149215,0.0792627547374834,0.004730292014529135,0.01596524486830895,0.02062432938901358,0.008231198130710698,10.399694936400707,9.682369383906769,9.619333333333334,1.6849675212879243,1.6939357682671485,1.7052396181643732
final_joint_baseline_44mer,hs_quadratic,5,9,290.235,train,0.0731140384882975,0.07703347564378216,0.004108355286061438,0.015476021059989051,0.018262379014180034,0.0071361517114307,10.524419922707079,9.832729739106941,9.919333333333334,1.681340394793113,1.687223724195884,1.6834100911624226
final_joint_baseline_44mer,hs_quadratic,5,10,291.395,train,0.07122788883075235,0.06971270699058248,0.003507977367912242,0.015951950773118194,0.02348331523876314,0.009439082804900759,10.66035238269125,9.984544379386339,9.879999999999999,1.6777821959555088,1.680477705216683,1.6584664061600765
final_joint_baseline_44mer,hs_quadratic,5,11,292.56,train,0.0725724689755215,0.07866255921855599,0.0034990842325453636,0.01597323029521311,0.025180698339938017,0.010350226916560292,10.742928001947536,10.137757674600426,10.23,1.6731364718597481,1.6737009866963994,1.6509150292290058
final_joint_baseline_44mer,hs_quadratic,5,12,293.729,train,0.07150899163460206,0.07698020104021869,0.004282444450250101,0.015817755003167233,0.02225058929619657,0.010303762621545882,10.807456941147832,10.29217585695099,10.285333333333334,1.6738479584546968,1.6669028635035112,1.645900963484036
final_joint_baseline_44mer,hs_quadratic,5,13,294.903,train,0.07084155504790976,0.06831361656753554,0.0036326414506710368,0.015991270115777317,0.02493971514942204,0.012040198584233688,10.913218154707565,10.447862877145635,10.308,1.6724701711734125,1.6600812009126358,1.6673534458056605
final_joint_baseline_44mer,hs_quadratic,5,14,296.082,train,0.07469943698436077,0.0894671386099267,0.004750203526838237,0.0179014092615358,0.023469267517874162,0.008131494280700716,11.137181242772805,10.604745210160374,10.456,1.665708368001392,1.653239893658461,1.658904604275843
final_joint_baseline_44mer,hs_quadratic,5,15,297.266,train,0.07425089222770272,0.08755193315594194,0.004238078853579625,0.017446766643673,0.02388248420121714,0.008306089854675035,11.28130401375449,10.762742823708441,10.82,1.6584518174231966,1.6463830514782072,1.6540398907898386
final_joint_baseline_44mer,hs_quadratic,5,16,298.454,train,0.07464174812887568,0.0833014251796476,0.0055017580231793515,0.015126695099371347,0.018406840256913463,0.007596808305794643,11.462236397662954,10.921635091475782,11.006666666666666,1.653061674629598,1.639520767925565,1.6431561168902094
final_joint_baseline_44mer,hs_quadratic,5,17,299.647,train,0.07512354417820208,0.07713944263010332,0.005708098317496321,0.01570326526021423,0.021554979639945362,0.007196041650627325,11.609464579149169,11.08146186274376,11.096,1.6439808387239871,1.6326517763455244,1.636183839764107
final_joint_baseline_44mer,hs_quadratic,5,18,300.845,train,0.07896191332787245,0.08111525400850023,0.003909525424142104,0.015389071646722883,0.01958617619084459,0.008341182020525254,11.843582253058244,11.242122674451647,11.416666666666668,1.6384022936673557,1.6257808216971077,1.6173531050633465
final_joint_baseline_44mer,hs_quadratic,5,19,302.047,train,0.08073652391512168,0.09340389908265051,0.0043769525108748,0.015732535067090592,0.020541638521788433,0.00839753123140978,12.03045767147465,11.403375750745292,11.120666666666667,1.6302856790997862,1.6189185546721157,1.6306587452191326
final_joint_baseline_44mer,hs_quadratic,5,20,303.254,train,0.08271327100201803,0.08823720852687875,0.003999970053059935,0.015531627786063444,0.023691842531521106,0.008153961780076355,12.269134182338263,11.56524055653619,11.556000000000001,1.6206763978222538,1.6120643787070925,1.6193210577058976
final_joint_baseline_44mer,hs_quadratic,5,21,304.467,train,0.08138616447536096,0.07321586769743016,0.002070885731127218,0.013710367146172946,0.018243601809703386,0.008343944634521216,12.378670272655349,11.727729086534056,11.768666666666668,1.611008910967524,1.605218019037899,1.5824476963842915
final_joint_baseline_44mer,hs_quadratic,5,22,305.683,train,0.08409797547222334,0.08876111081205548,0.0045921151186868805,0.0138506403146717,0.021988121845816846,0.01009591206569815,12.575666042845839,11.890310698020503,11.828666666666667,1.6024266517823778,1.5984018951349026,1.6032869568408157
final_joint_baseline_44mer,hs_quadratic,5,23,306.905,train,0.08227776311462771,0.09555848632415373,0.004893967305400895,0.013350739274079237,0.014707013364800616,0.008462825195217086,12.589017710425416,12.053250646268243,12.050666666666666,1.6065431646433592,1.5916048561654577,1.6049879820915076
final_joint_baseline_44mer,hs_quadratic,5,24,308.132,train,0.07683692967897003,0.08894053068953955,0.004905138806095861,0.014031414698195199,0.020561716028180334,0.006471786247665734,12.680625798794962,12.216271737795525,12.110666666666667,1.6048980912246824,1.584838424547576,1.5878382552015944
final_joint_baseline_44mer,hs_quadratic,5,25,309.364,train,0.07797097193294793,0.0983000838608642,0.005225242686838957,0.014529573678192072,0.020464638493605608,0.0070548035244442555,12.839442212890269,12.379223745328567,12.377333333333336,1.602065164513469,1.578108655342082,1.5741798150965136
final_joint_baseline_44mer,hs_quadratic,5,26,310.6,train,0.07271093708536365,0.08026267882800946,0.004883096971678085,0.015705814907197628,0.02209134116290453,0.0075764468512900095,12.760165616821862,12.541818651588923,12.540666666666667,1.6043305868470101,1.5714271227828123,1.5804351144148447
final_joint_baseline_44mer,hs_quadratic,5,27,311.842,train,0.07331211129183657,0.07719488908318459,0.0063883697239851284,0.01588673313944151,0.026758355939953522,0.008960045200657296,12.944969113261518,12.70415645345659,12.670000000000002,1.5958195529076442,1.5647893365731262,1.5634031220393332
final_joint_baseline_44mer,hs_quadratic,5,28,313.088,train,0.07704482070349017,0.08081596871781321,0.003583300440978007,0.016496891492232622,0.021079752441673205,0.007068736812233156,13.29451341975534,12.865806829159379,12.725333333333335,1.5835136685075968,1.5582124095048893,1.5702013440077898
final_joint_baseline_44mer,hs_quadratic,5,29,314.34,train,0.07320140200786714,0.08231144777041291,0.00681830437735396,0.014071663184485852,0.01915332400014974,0.00760787935714094,13.48962745724545,13.026854609957226,13.229333333333333,1.5730841481092992,1.5516923042978434,1.5384990619048948
final_joint_baseline_44mer,hs_quadratic,5,30,315.596,train,0.07437293806105216,0.07481545118148397,0.003550418915547856,0.014474549893673415,0.019791058350232864,0.0076539835562390735,13.672765276002677,13.186862978615054,13.304,1.567634268012788,1.5452460189882786,1.5284596367657746
final_joint_baseline_44mer,hs_quadratic,5,31,316.858,train,0.07418064921151035,0.08156489368194486,0.006889169739208692,0.014345921839851773,0.02531555330275688,0.009540448865903875,13.829060921429004,13.345902427046024,13.358666666666666,1.5631233357800103,1.5388699251761846,1.5241196773568575
final_joint_baseline_44mer,hs_quadratic,5,32,318.124,train,0.07444858016624356,0.07797307742958444,0.0031464966293109917,0.014303729590760173,0.01421360355466448,0.004701874039866068,14.070463605380073,13.503532793167455,13.379999999999999,1.558760215078798,1.5325807835789,1.5415017229528094
final_joint_baseline_44mer,hs_quadratic,5,33,319.396,train,0.07881231449589673,0.08134783502815984,0.003084306341745716,0.014812295390089315,0.020756587691881573,0.007577782830647591,14.099472795325909,13.65981140225767,13.763333333333334,1.560315682543106,1.5263753239276427,1.5259422980498385
final_joint_baseline_44mer,hs_quadratic,5,34,320.672,train,0.08054222093312766,0.08079903147354145,0.0036999743387328516,0.015003672173482287,0.019897541386585116,0.009024084579390856,14.246917031830076,13.814298264308839,13.836,1.5576941339806614,1.520269943047867,1.5140878765627646
final_joint_baseline_44mer,hs_quadratic,5,35,321.954,train,0.07784934608928495,0.08160133833963554,0.0051794870231426,0.013790655183345468,0.02143576851495487,0.008427905787144373,14.381535283914552,13.96703897660067,13.769333333333334,1.553315696022292,1.5142616751001092,1.5216599671191635
final_joint_baseline_44mer,hs_quadratic,5,36,323.241,train,0.07947847379982824,0.08212179886595344,0.0049920819388316485,0.013763340952308517,0.02195127483190769,0.00803187170676687,14.587121903718579,14.117713474924448,14.154,1.545519977992165,1.5083618958799592,1.5116561864181657
final_joint_baseline_44mer,hs_quadratic,5,37,324.533,train,0.07571968289781829,0.08392619043707522,0.0035073999997595447,0.013486928454611113,0.020405495168324475,0.00703573098573436,14.566468109062138,14.266122963545682,14.369333333333334,1.5455605687236313,1.5025770632370872,1.5022247897155478
final_joint_baseline_44mer,hs_quadratic,5,38,325.83,train,0.07849904424336147,0.08403130165914427,0.003513234014171141,0.013673268845487824,0.01832104484685043,0.006063764508022837,14.80466496257075,14.41206861477525,14.295333333333332,1.5404790686617498,1.4969135291694686,1.5087431658741894
final_joint_baseline_44mer,hs_quadratic,5,39,327.132,train,0.08028921502823588,0.09349600005060868,0.005066331555986431,0.015820254044480425,0.017701931285502723,0.00743190204102384,14.926329042663259,14.555352249655236,14.359333333333334,1.543821294173438,1.4913775207509943,1.4929220084579422
final_joint_baseline_44mer,hs_quadratic,5,40,328.44,train,0.07567038118644989,0.07926331384331027,0.004231838627835031,0.015262842585824795,0.018153195037364005,0.007066409569721149,15.05278513176313,14.695883094373755,14.547333333333334,1.540026443712756,1.4859710496061576,1.4944724681866173
final_joint_baseline_44mer,hs_quadratic,5,41,329.753,train,0.07971237160107156,0.08699512438417817,0.0051169120706321,0.016833353823547503,0.02030861997156847,0.00790439415514963,15.265959923315682,14.833354536810432,14.500666666666667,1.5372187904758519,1.4807043627561713,1.4910578507197512
final_joint_baseline_44mer,hs_quadratic,5,42,331.071,train,0.07443536731925915,0.06760687838589263,0.005365267212383777,0.01798949074379959,0.019638129652331412,0.0073679286411359604,15.465113961414396,14.967573846373398,14.986,1.5314127841504375,1.4755832242314912,1.487234263941924
final_joint_baseline_44mer,hs_quadratic,5,43,332.394,train,0.07909831339491194,0.08770019192138026,0.007040349936906512,0.017976677353018403,0.028190689568911416,0.010445044541874123,15.650857373257864,15.098351431805074,15.065999999999999,1.5244549200868058,1.4706132131313236,1.472558512057115
final_joint_baseline_44mer,hs_quadratic,5,44,333.723,train,0.07578095858374997,0.07662036831931553,0.006582639588904669,0.019081244936125265,0.02987796473946839,0.0077731535265109465,15.79094470817357,15.225595520783774,15.140666666666666,1.5161238639190366,1.4657961561873496,1.4632043025325001
final_joint_baseline_44mer,hs_quadratic,5,45,335.057,train,0.07499864974464604,0.08645381203802635,0.004403614065899627,0.018481504068477695,0.023683143726342844,0.00690077549534047,15.881811058365287,15.349023623140315,15.179333333333334,1.5139679599741689,1.4611410657369641,1.4598287027980772
final_joint_baseline_44mer,hs_quadratic,5,46,336.396,train,0.0762937950667973,0.0878854724802624,0.005412141073130972,0.0181115007798332,0.027644343047791467,0.008256370865444694,15.95942996470087,15.468458193872307,15.593333333333334,1.5107176380054235,1.4566529239696968,1.4450102550444706
final_joint_baseline_44mer,hs_quadratic,5,47,337.741,train,0.07625612084496577,0.07861193140449566,0.006005390224464376,0.018078217228296296,0.027821994649712696,0.00953414855431517,16.191268790700505,15.583810653552298,15.622,1.5031807816212521,1.4523333607708508,1.4478671936474068
final_joint_baseline_44mer,hs_quadratic,5,48,339.091,train,0.0720533704070298,0.07594082352062739,0.005977194939761111,0.016966027627567038,0.021691843168461122,0.007963598361152575,16.2934658572211,15.694822495155575,15.618666666666666,1.4997236766808852,1.448190362311869,1.4557870417945071
final_joint_baseline_44mer,hs_quadratic,5,49,340.446,train,0.07193360835075224,0.06490137241205193,0.004417360535929043,0.016756713878210473,0.02781477572129254,0.010206048063482607,16.485230661554375,15.80133163238917,15.952666666666666,1.4953283897396434,1.444228281277338,1.435719681896104
final_joint_baseline_44mer,hs_quadratic,5,50,341.807,train,0.07506374615354028,0.07618175644562222,0.003749770845312324,0.017294085757542273,0.02484035543942514,0.00785680246319356,16.691355897389087,15.903254724840139,15.795333333333332,1.4903387932207046,1.4404485579825337,1.4379445058712141
final_joint_baseline_44mer,hs_quadratic,5,51,343.173,train,0.0680393526460994,0.07070876783601499,0.005954927845056144,0.015637198409545888,0.025355208856935353,0.007956544531900542,16.85042336132919,16.000360636703853,15.921999999999999,1.4792115717588992,1.436858133849582,1.4343731554316141
final_joint_baseline_44mer,hs_quadratic,5,52,344.545,train,0.06884833986235794,0.0676791736988995,0.005506037045064844,0.015335670208881061,0.02495601952728706,0.009670376731510322,17.108302522670563,16.0925699231791,16.093333333333334,1.4707794216938925,1.4334583525625182,1.4330457301887312
final_joint_baseline_44mer,hs_quadratic,5,53,345.922,train,0.06469848801233796,0.06318718419574532,0.007695834912282394,0.014860114379938356,0.023345350033543655,0.009081200765308283,17.151692684559674,16.17967073749285,16.232,1.4674249423764787,1.430255477124929,1.4202496381351641
final_joint_baseline_44mer,hs_quadratic,5,54,347.305,train,0.06867132513497734,0.06493557270914901,0.006574319192478795,0.0161295844049804,0.022481713803583065,0.010998600846892997,17.198451478911814,16.261587531355772,16.25,1.4707388309624263,1.4272507897907394,1.4301074108103549
final_joint_baseline_44mer,hs_quadratic,5,55,348.693,train,0.06774235378497434,0.06239982067426684,0.006398739927084027,0.015272640555822567,0.020060064418268637,0.005937132340323406,17.365968291643842,16.33812819353404,16.610666666666667,1.46534792230597,1.42444990238788,1.418734526834778
final_joint_baseline_44mer,hs_quadratic,5,56,350.086,train,0.06995886798550893,0.07567587929642512,0.0054423906311300806,0.015045738392011569,0.024662018396286862,0.008458085753122877,17.642026124398996,16.409171888561115,16.628,1.4586152219225486,1.4218558629888152,1.4169404627102349
final_joint_baseline_44mer,hs_quadratic,5,57,351.486,train,0.06799940375206241,0.06615930305090403,0.007017061965996899,0.015899348799265866,0.02335829152785089,0.007890997098737015,17.59089830199014,16.47469310437318,16.23,1.459674410254965,1.4194683160860033,1.4300096748393998
final_joint_baseline_44mer,hs_quadratic,5,58,352.891,train,0.06608111355404701,0.06633404435703359,0.006996545559346751,0.014735538029918066,0.024171056702551343,0.007548260455196527,17.764145137240583,16.53447634790061,16.768666666666668,1.454219169118449,1.4172939072820954,1.4091884016696885
final_joint_baseline_44mer,hs_quadratic,5,59,354.301,train,0.06559902780882465,0.07326457797171279,0.00849150078428964,0.015002168617029554,0.02535739061397232,0.01086612146103232,17.849990870914734,16.58841807133316,16.233333333333334,1.4515792398474154,1.415335274056374,1.4142334149555225
final_joint_baseline_44mer,hs_quadratic,5,60,355.717,train,0.06404890399759572,0.05965775927107387,0.006877636565602297,0.014662257147440929,0.025744783771540193,0.008471792919812982,17.95618609640314,16.63645212836896,16.653333333333336,1.4478678684382402,1.4135937879890719,1.4224357790646753
final_joint_baseline_44mer,hs_quadratic,5,61,357.139,train,0.06302210166280922,0.06949958895291267,0.007421645777606003,0.015202748118073412,0.01863569071290891,0.006103985547634112,17.985555124459857,16.678473009812315,16.70666666666667,1.4474435804149874,1.4120723464973433,1.4090020741488245
final_joint_baseline_44mer,hs_quadratic,5,62,358.567,train,0.059478137547308844,0.06264263366029825,0.006292056672003342,0.015277007886462027,0.02419580262567087,0.007756338873497315,17.929191771651148,16.714380462001134,17.03333333333333,1.4479398595468786,1.4107737558313098,1.3953981250723146
final_joint_baseline_44mer,hs_quadratic,5,63,360.0,train,0.05845808799295134,0.0572933048781231,0.007756587211928186,0.01492913973504518,0.0247729002445368,0.00988825285383485,18.00590271438135,16.744060948475948,16.601333333333336,1.448537998438865,1.409701407520625,1.4167767638715336
final_joint_baseline_44mer,hs_quadratic,6,0,280.0,train,0.055830234021425715,0.05756205300299282,0.0029055025231545578,0.017818328239700254,0.024504522300259762,0.008108797459121148,8.984389264195727,8.53437652046388,8.527333333333333,1.7330192887155929,1.7461932761303853,1.7440207377441639
final_joint_baseline_44mer,hs_quadratic,6,1,281.119,train,0.0549544215147567,0.06691484429204175,0.0038255388945003946,0.017439777169752424,0.025410941726526724,0.009413203697881494,9.245772472764894,8.672176296139227,8.612666666666666,1.7254357146970922,1.739825687932702,1.7351102508185572
final_joint_baseline_44mer,hs_quadratic,6,2,282.243,train,0.058473741217887426,0.06455555444169457,0.0021836006519078263,0.01788886648674338,0.025520688295591426,0.009787238724659371,9.307776459132127,8.811708925125142,8.671333333333333,1.7239583652442858,1.7334044574717895,1.742424687750244
final_joint_baseline_44mer,hs_quadratic,6,3,283.371,train,0.06222063376624422,0.06910163171692263,0.0044573714602202975,0.01701890544912629,0.023883631127685635,0.009909058501422215,9.5004241220863,8.952829234037676,9.016,1.7181079388731155,1.7269371847911135,1.7087951251829532
final_joint_baseline_44mer,hs_quadratic,6,4,284.504,train,0.06296273012420375,0.072400250538014,0.002342828571093909,0.01585249514656551,0.025980983552692703,0.00928294414896614,9.659105501795388,9.095637713990632,9.206,1.7148231530757665,1.7204201776397308,1.7182819149103423
final_joint_baseline_44mer,hs_quadratic,6,5,285.641,train,0.061975340283792764,0.060760499088795016,0.0029207286077523728,0.015404162116734045,0.02584728692113368,0.009047510967441375,9.834191086969753,9.239979923080462,9.172666666666668,1.70995073357408,1.7138613867994579,1.7011493173806602
final_joint_baseline_44mer,hs_quadratic,6,6,286.783,train,0.06585998529321346,0.06431385221365739,0.003799317504195792,0.01592283890589107,0.021049439800475488,0.008004863927392688,10.003320324386829,9.385950339428337,9.483333333333333,1.700945718091396,1.7072574092686503,1.7076344121611715
final_joint_baseline_44mer,hs_quadratic,6,7,287.929,train,0.06839693376903502,0.06945887996058703,0.0030820588152411475,0.015772313290071817,0.01535859036222599,0.00783130339598729,10.215862546406182,9.533384390823805,9.472666666666667,1.6943485754338155,1.7006165632561467,1.7174109858879134
final_joint_baseline_44mer,hs_quadratic,6,8,289.08,train,0.07348868148149215,0.08929319359160404,0.005108090964782867,0.01596524486830895,0.02466197135137394,0.007064160681257078,10.399694936400707,9.682369383906769,10.008666666666667,1.6849675212879243,1.6939357682671485,1.6832970252192878
final_joint_baseline_44mer,hs_quadratic,6,9,290.235,train,0.0731140384882975,0.07728558649277248,0.0024813227901987426,0.015476021059989051,0.021129062344263948,0.008554361158408724,10.524419922707079,9.832729739106941,9.793333333333333,1.681340394793113,1.687223724195884,1.6978285416223131
final_joint_baseline_44mer,hs_quadratic,6,10,291.395,train,0.07122788883075235,0.08180311839613977,0.0031485921870307923,0.015951950773118194,0.020786444831939886,0.010616495504769504,10.66035238269125,9.984544379386339,9.953333333333333,1.6777821959555088,1.680477705216683,1.6950490236605213
final_joint_baseline_44mer,hs_quadratic,6,11,292.56,train,0.0725724689755215,0.084199117194653,0.003760346187063693,0.01597323029521311,0.02258841563114146,0.01067744309573004,10.742928001947536,10.137757674600426,10.141333333333332,1.6731364718597481,1.6737009866963994,1.6718583904033235
final_joint_baseline_44mer,hs_quadratic,6,12,293.729,train,0.07150899163460206,0.07253667060310101,0.003412755725351008,0.015817755003167233,0.020249292730507434,0.008632188594574264,10.807456941147832,10.29217585695099,10.436,1.6738479584546968,1.6669028635035112,1.654709390353122
final_joint_baseline_44mer,hs_quadratic,6,13,294.903,train,0.07084155504790976,0.0721244426644986,0.0033644036977101685,0.015991270115777317,0.024789151368014916,0.008528928371507205,10.913218154707565,10.447862877145635,10.422,1.6724701711734125,1.6600812009126358,1.6572251402394986
final_joint_baseline_44mer,hs_quadratic,6,14,296.082,train,0.07469943698436077,0.08529445266261287,0.005333819849549833,0.0179014092615358,0.025349182127527063,0.008503306414703529,11.137181242772805,10.604745210160374,10.679333333333334,1.665708368001392,1.653239893658461,1.657823219936836
final_joint_baseline_44mer,hs_quadratic,6,15,297.266,train,0.07425089222770272,0.07723920109474647,0.0024905757609516846,0.017446766643673,0.020840782637213402,0.006266208191104338,11.28130401375449,10.762742823708441,10.965333333333334,1.6584518174231966,1.6463830514782072,1.6431788293207588
final_joint_baseline_44mer,hs_quadratic,6,16,298.454,train,0.07464174812887568,0.07330950682031179,0.004088051938545917,0.015126695099371347,0.017426746256199513,0.007424995342287098,11.462236397662954,10.921635091475782,10.768,1.653061674629598,1.639520767925565,1.6396440868325457
final_joint_baseline_44mer,hs_quadratic,6,17,299.647,train,0.07512354417820208,0.08087910068114872,0.003553658614841553,0.01570326526021423,0.02354420636921017,0.009779362905849399,11.609464579149169,11.08146186274376,11.002666666666666,1.6439808387239871,1.6326517763455244,1.6234197734530147
final_joint_baseline_44mer,hs_quadratic,6,18,300.845,train,0.07896191332787245,0.08080411786440019,0.003202359586578593,0.015389071646722883,0.026020534005570098,0.010145652820250506,11.843582253058244,11.242122674451647,11.334666666666667,1.6384022936673557,1.6257808216971077,1.6148200869411884
final_joint_baseline_44mer,hs_quadratic,6,19,302.047,train,0.08073652391512168,0.09121231596954757,0.004124671156227725,0.015732535067090592,0.01988501074643187,0.007588138857755368,12.03045767147465,11.403375750745292,11.174,1.6302856790997862,1.6189185546721157,1.6315543078505959
final_joint_baseline_44mer,hs_quadratic,6,20,303.254,train,0.08271327100201803,0.09220801015891769,0.004740385122470576,0.015531627786063444,0.024310428900968482,0.006983756771525567,12.269134182338263,11.56524055653619,11.322,1.6206763978222538,1.6120643787070925,1.6195153294844233
final_joint_baseline_44mer,hs_quadratic,6,21,304.467,train,0.08138616447536096,0.09110305503054714,0.0056220616793016,0.013710367146172946,0.01915989835771104,0.006450306054328174,12.378670272655349,11.727729086534056,11.931333333333333,1.611008910967524,1.605218019037899,1.6042582910887457
final_joint_baseline_44mer,hs_quadratic,6,22,305.683,train,0.08409797547222334,0.08701256255744251,0.004602156495160591,0.0138506403146717,0.022352840785509812,0.008453317395070601,12.575666042845839,11.890310698020503,11.872666666666667,1.6024266517823778,1.5984018951349026,1.5994623514975985
final_joint_baseline_44mer,hs_quadratic,6,23,306.905,train,0.08227776311462771,0.08441071691456135,0.005140302302514017,0.013350739274079237,0.019560077484277197,0.009578799764444725,12.589017710425416,12.053250646268243,11.968,1.6065431646433592,1.5916048561654577,1.5908317366451656
final_joint_baseline_44mer,hs_quadratic,6,24,308.132,train,0.07683692967897003,0.09142677910838506,0.006488269907223438,0.014031414698195199,0.018793457740519187,0.007508138027877476,12.680625798794962,12.216271737795525,12.168000000000001,1.6048980912246824,1.584838424547576,1.5845169895730633
final_joint_baseline_44mer,hs_quadratic,6,25,309.364,train,0.07797097193294793,0.07590484308475043,0.004065572922959414,0.014529573678192072,0.021092700973341438,0.007427703200488344,12.839442212890269,12.379223745328567,12.495333333333333,1.602065164513469,1.578108655342082,1.5855645543270445
final_joint_baseline_44mer,hs_quadratic,6,26,310.6,train,0.07271093708536365,0.08145581041098122,0.0031488274461113786,0.015705814907197628,0.02140761009473956,0.006524113519852567,12.760165616821862,12.541818651588923,12.416,1.6043305868470101,1.5714271227828123,1.575012105996886
final_joint_baseline_44mer,hs_quadratic,6,27,311.842,train,0.07331211129183657,0.07682856245170483,0.005420019680073518,0.01588673313944151,0.024814394928104666,0.008347815571575141,12.944969113261518,12.70415645345659,12.544666666666668,1.5958195529076442,1.5647893365731262,1.5789828070844876
final_joint_baseline_44mer,hs_quadratic,6,28,313.088,train,0.07704482070349017,0.08712151452342445,0.003704152091436809,0.016496891492232622,0.023711097723842785,0.006600883563728887,13.29451341975534,12.865806829159379,12.984666666666666,1.5835136685075968,1.5582124095048893,1.5524692885813236
final_joint_baseline_44mer,hs_quadratic,6,29,314.34,train,0.07320140200786714,0.08168440738359868,0.00579566354491198,0.014071663184485852,0.01503902456454327,0.008529561828241081,13.48962745724545,13.026854609957226,12.884,1.5730841481092992,1.5516923042978434,1.5619572497621803
final_joint_baseline_44mer,hs_quadratic,6,30,315.596,train,0.07437293806105216,0.083733978115516,0.0037280925991408295,0.014474549893673415,0.02249174257213416,0.0061839697292990995,13.672765276002677,13.186862978615054,13.065333333333333,1.567634268012788,1.5452460189882786,1.5475023237352483
final_joint_baseline_44mer,hs_quadratic,6,31,316.858,train,0.07418064921151035,0.07763245147836698,0.00659833778806762,0.014345921839851773,0.023032846456401194,0.008276143130435726,13.829060921429004,13.345902427046024,13.120666666666668,1.5631233357800103,1.5388699251761846,1.5526117082436206
final_joint_baseline_44mer,hs_quadratic,6,32,318.124,train,0.07444858016624356,0.0779740574219772,0.007332126295924191,0.014303729590760173,0.019177623795406683,0.007063147143121324,14.070463605380073,13.503532793167455,13.502666666666666,1.558760215078798,1.5325807835789,1.543805535391458
final_joint_baseline_44mer,hs_quadratic,6,33,319.396,train,0.07881231449589673,0.08888516121351128,0.004184293849146946,0.014812295390089315,0.018954218223960005,0.007471831389805407,14.099472795325909,13.65981140225767,13.583333333333334,1.560315682543106,1.5263753239276427,1.5257091303285994
final_joint_baseline_44mer,hs_quadratic,6,34,320.672,train,0.08054222093312766,0.08957846929740598,0.005574936180779274,0.015003672173482287,0.02615457418690991,0.0080711554892665,14.246917031830076,13.814298264308839,14.154666666666667,1.5576941339806614,1.520269943047867,1.4978180819783773
final_joint_baseline_44mer,hs_quadratic,6,35,321.954,train,0.07784934608928495,0.0886784827235742,0.00561685526075092,0.013790655183345468,0.027643846810370225,0.009415880172307182,14.381535283914552,13.96703897660067,14.042666666666667,1.553315696022292,1.5142616751001092,1.5023045552010224
final_joint_baseline_44mer,hs_quadratic,6,36,323.241,train,0.07947847379982824,0.07670149619931683,0.0035231776460037524,0.013763340952308517,0.02705209612934356,0.00913900316393184,14.587121903718579,14.117713474924448,14.088666666666668,1.545519977992165,1.5083618958799592,1.5029694453167477
final_joint_baseline_44mer,hs_quadratic,6,37,324.533,train,0.07571968289781829,0.08218901749619728,0.004572870560657763,0.013486928454611113,0.024021743957035727,0.010138713229034072,14.566468109062138,14.266122963545682,14.350666666666669,1.5455605687236313,1.5025770632370872,1.497272150691792
final_joint_baseline_44mer,hs_quadratic,6,38,325.83,train,0.07849904424336147,0.09185477648918498,0.0053842504729513276,0.013673268845487824,0.01972602640775572,0.006139699104853518,14.80466496257075,14.41206861477525,14.514000000000003,1.5404790686617498,1.4969135291694686,1.4872451848092398
final_joint_baseline_44mer,hs_quadratic,6,39,327.132,train,0.08028921502823588,0.09072105352228586,0.00430200853592458,0.015820254044480425,0.020239630504653622,0.009869997466444402,14.926329042663259,14.555352249655236,14.278666666666666,1.543821294173438,1.4913775207509943,1.503055510678827
final_joint_baseline_44mer,hs_quadratic,6,40,328.44,train,0.07567038118644989,0.07472788310796966,0.0036738465941844314,0.015262842585824795,0.024567085254163457,0.008452315534096571,15.05278513176313,14.695883094373755,14.57,1.540026443712756,1.4859710496061576,1.4932165541666773
final_joint_baseline_44mer,hs_quadratic,6,41,329.753,train,0.07971237160107156,0.07542151060928254,0.004379285856674554,0.016833353823547503,0.02350079188070578,0.009651456449345383,15.265959923315682,14.833354536810432,14.603333333333332,1.5372187904758519,1.4807043627561713,1.5031810718139085
final_joint_baseline_44mer,hs_quadratic,6,42,331.071,train,0.07443536731925915,0.07301337462676763,0.005427364800369949,0.01798949074379959,0.028394285041234344,0.008869567864640954,15.465113961414396,14.967573846373398,14.985333333333333,1.5314127841504375,1.4755832242314912,1.4686299804073195
final_joint_baseline_44mer,hs_quadratic,6,43,332.394,train,0.07909831339491194,0.08035717103983284,0.004195377197027866,0.017976677353018403,0.01850452340910784,0.007866069780563947,15.650857373257864,15.098351431805074,14.776000000000002,1.5244549200868058,1.4706132131313236,1.481516988044283
final_joint_baseline_44mer,hs_quadratic,6,44,333.723,train,0.07578095858374997,0.08323113519642886,0.006774751312369009,0.019081244936125265,0.025537704829529072,0.006231771029965586,15.79094470817357,15.225595520783774,15.136,1.5161238639190366,1.4657961561873496,1.4777409543645126
final_joint_baseline_44mer,hs_quadratic,6,45,335.057,train,0.07499864974464604,0.08385376911500411,0.004388762718285337,0.018481504068477695,0.021947790325825327,0.006496533495633991,15.881811058365287,15.349023623140315,15.119333333333334,1.5139679599741689,1.4611410657369641,1.468796964790231
final_joint_baseline_44mer,hs_quadratic,6,46,336.396,train,0.0762937950667973,0.07409568114677316,0.005086729916836879,0.0181115007798332,0.025395545047909494,0.006173101529735247,15.95942996470087,15.468458193872307,15.344666666666667,1.5107176380054235,1.4566529239696968,1.4613551798430426
final_joint_baseline_44mer,hs_quadratic,6,47,337.741,train,0.07625612084496577,0.08763279766341463,0.0079057124364876,0.018078217228296296,0.021278414261778553,0.007748517145260189,16.191268790700505,15.583810653552298,15.489333333333335,1.5031807816212521,1.4523333607708508,1.4578344791212703
final_joint_baseline_44mer,hs_quadratic,6,48,339.091,train,0.0720533704070298,0.07174191237369715,0.005636666518937138,0.016966027627567038,0.02532021088170954,0.00899957587316078,16.2934658572211,15.694822495155575,15.626000000000001,1.4997236766808852,1.448190362311869,1.439950103814625
final_joint_baseline_44mer,hs_quadratic,6,49,340.446,train,0.07193360835075224,0.06928915187380473,0.004822033480460243,0.016756713878210473,0.02243589252488566,0.007798202693070737,16.485230661554375,15.80133163238917,15.777333333333335,1.4953283897396434,1.444228281277338,1.4377317325971821
final_joint_baseline_44mer,hs_quadratic,6,50,341.807,train,0.07506374615354028,0.06465178050804002,0.005021280525541192,0.017294085757542273,0.02722687206511285,0.0094482012936587,16.691355897389087,15.903254724840139,15.956,1.4903387932207046,1.4404485579825337,1.4491662279602358
final_joint_baseline_44mer,hs_quadratic,6,51,343.173,train,0.0680393526460994,0.060139828594497874,0.006195172544015873,0.015637198409545888,0.020006476692526094,0.006719828771124099,16.85042336132919,16.000360636703853,16.321333333333335,1.4792115717588992,1.436858133849582,1.427124473415815
final_joint_baseline_44mer,hs_quadratic,6,52,344.545,train,0.06884833986235794,0.06663758096474222,0.007035275703635185,0.015335670208881061,0.02231734219312093,0.007935004491881033,17.108302522670563,16.0925699231791,16.062666666666665,1.4707794216938925,1.4334583525625182,1.4282765152714971
final_joint_baseline_44mer,hs_quadratic,6,53,345.922,train,0.06469848801233796,0.07350387449665782,0.0070830978135073795,0.014860114379938356,0.024192115514503152,0.007455128062876022,17.151692684559674,16.17967073749285,16.054000000000002,1.4674249423764787,1.430255477124929,1.4400988876920806
final_joint_baseline_44mer,hs_quadratic,6,54,347.305,train,0.06867132513497734,0.07040039366669976,0.00632158491174311,0.0161295844049804,0.018434880610086045,0.007189532127960171,17.198451478911814,16.261587531355772,16.168666666666667,1.4707388309624263,1.4272507897907394,1.4255282699004364
final_joint_baseline_44mer,hs_quadratic,6,55,348.693,train,0.06774235378497434,0.06647447721362865,0.007281559444809296,0.015272640555822567,0.022744081719870357,0.008030264044633861,17.365968291643842,16.33812819353404,16.39,1.46534792230597,1.42444990238788,1.4131193366633588
final_joint_baseline_44mer,hs_quadratic,6,56,350.086,train,0.06995886798550893,0.07333123242590621,0.007119889406629937,0.015045738392011569,0.019280014134403105,0.009062765061387406,17.642026124398996,16.409171888561115,16.14666666666667,1.4586152219225486,1.4218558629888152,1.4292388415281734
final_joint_baseline_44mer,hs_quadratic,6,57,351.486,train,0.06799940375206241,0.05889274667985525,0.006247606894844903,0.015899348799265866,0.02380602859674482,0.009345504452606544,17.59089830199014,16.47469310437318,16.59733333333333,1.459674410254965,1.4194683160860033,1.4156848075370996
final_joint_baseline_44mer,hs_quadratic,6,58,352.891,train,0.06608111355404701,0.0748764699669762,0.006466573231321872,0.014735538029918066,0.02215994835112981,0.009101105184910998,17.764145137240583,16.53447634790061,16.694000000000003,1.454219169118449,1.4172939072820954,1.41979681820718
final_joint_baseline_44mer,hs_quadratic,6,59,354.301,train,0.06559902780882465,0.0722141419688103,0.009371657631786937,0.015002168617029554,0.023867495426113546,0.007052797567640963,17.849990870914734,16.58841807133316,16.592666666666666,1.4515792398474154,1.415335274056374,1.4118746310571624
final_joint_baseline_44mer,hs_quadratic,6,60,355.717,train,0.06404890399759572,0.06116228556583818,0.007648888497928378,0.014662257147440929,0.02056077042977464,0.006464467689331486,17.95618609640314,16.63645212836896,16.528666666666666,1.4478678684382402,1.4135937879890719,1.411659379466632
final_joint_baseline_44mer,hs_quadratic,6,61,357.139,train,0.06302210166280922,0.062048177863264845,0.006332560848031838,0.015202748118073412,0.019084108370876075,0.0073587602241017664,17.985555124459857,16.678473009812315,16.697333333333333,1.4474435804149874,1.4120723464973433,1.4166934263072992
final_joint_baseline_44mer,hs_quadratic,6,62,358.567,train,0.059478137547308844,0.05510271457272905,0.007073931894154704,0.015277007886462027,0.02119076734985289,0.0068076473514833025,17.929191771651148,16.714380462001134,16.697333333333333,1.4479398595468786,1.4107737558313098,1.4232806961956617
final_joint_baseline_44mer,hs_quadratic,6,63,360.0,train,0.05845808799295134,0.06856184898386673,0.006226868764495112,0.01492913973504518,0.01988312815093387,0.008372673552264127,18.00590271438135,16.744060948475948,16.808,1.448537998438865,1.409701407520625,1.4039652231198312
final_joint_baseline_44mer,hs_quadratic,7,0,280.0,train,0.055830234021425715,0.06179855554193964,0.002165158965561994,0.017818328239700254,0.02643655655431415,0.011883872414262815,8.984389264195727,8.53437652046388,8.69,1.7330192887155929,1.7461932761303853,1.7193725691637378
final_joint_baseline_44mer,hs_quadratic,7,1,281.119,train,0.0549544215147567,0.05679374965868407,0.00398230989448717,0.017439777169752424,0.025722769557393617,0.009239980684213386,9.245772472764894,8.672176296139227,8.658666666666667,1.7254357146970922,1.739825687932702,1.7544201067762029
final_joint_baseline_44mer,hs_quadratic,7,2,282.243,train,0.058473741217887426,0.06744778545661248,0.0026721472341677257,0.01788886648674338,0.02687758951372568,0.009120864870773132,9.307776459132127,8.811708925125142,8.824000000000002,1.7239583652442858,1.7334044574717895,1.7238988248930178
final_joint_baseline_44mer,hs_quadratic,7,3,283.371,train,0.06222063376624422,0.06962195524181111,0.00429902487079185,0.01701890544912629,0.0190007309149365,0.006953623004713619,9.5004241220863,8.952829234037676,8.849333333333334,1.7181079388731155,1.7269371847911135,1.7223863874456697
final_joint_baseline_44mer,hs_quadratic,7,4,284.504,train,0.06296273012420375,0.06962614307648207,0.004429810252085248,0.01585249514656551,0.01692008993209501,0.007889677258281606,9.659105501795388,9.095637713990632,9.084666666666667,1.7148231530757665,1.7204201776397308,1.7176113098658239
final_joint_baseline_44mer,hs_quadratic,7,5,285.641,train,0.061975340283792764,0.06159866442448679,0.002552576604128657,0.015404162116734045,0.022343528029031758,0.010577406863890991,9.834191086969753,9.239979923080462,9.367333333333335,1.70995073357408,1.7138613867994579,1.7113747201890646
final_joint_baseline_44mer,hs_quadratic,7,6,286.783,train,0.06585998529321346,0.07140876763934338,0.002008641207162736,0.01592283890589107,0.0203321413127266,0.009317478704539257,10.003320324386829,9.385950339428337,9.327333333333334,1.700945718091396,1.7072574092686503,1.7084467324455819
final_joint_baseline_44mer,hs_quadratic,7,7,287.929,train,0.06839693376903502,0.07944572229759422,0.005024291497235778,0.015772313290071817,0.02609367679405343,0.010012378432995078,10.215862546406182,9.533384390823805,9.687333333333333,1.6943485754338155,1.7006165632561467,1.6950761896869433
final_joint_baseline_44mer,hs_quadratic,7,8,289.08,train,0.07348868148149215,0.07560163221583022,0.0034192714120759964,0.01596524486830895,0.016811623224685705,0.008276580887339692,10.399694936400707,9.682369383906769,9.613333333333335,1.6849675212879243,1.6939357682671485,1.7020747984850375
final_joint_baseline_44mer,hs_quadratic,7,9,290.235,train,0.0731140384882975,0.08168159656814986,0.005627798891161334,0.015476021059989051,0.019463731974426295,0.006567425833615078,10.524419922707079,9.832729739106941,9.838000000000001,1.681340394793113,1.687223724195884,1.694751757251209
final_joint_baseline_44mer,hs_quadratic,7,10,291.395,train,0.07122788883075235,0.0771312720186016,0.004882448392176471,0.015951950773118194,0.028964000484192218,0.011261734607146395,10.66035238269125,9.984544379386339,9.774666666666667,1.6777821959555088,1.680477705216683,1.6943742165817337
final_joint_baseline_44mer,hs_quadratic,7,11,292.56,train,0.0725724689755215,0.07524910740354639,0.0037859793537756772,0.01597323029521311,0.021387442887305583,0.007462436985566232,10.742928001947536,10.137757674600426,9.892666666666667,1.6731364718597481,1.6737009866963994,1.6826931105569112
final_joint_baseline_44mer,hs_quadratic,7,12,293.729,train,0.07150899163460206,0.07190642262321327,0.0031994908291494845,0.015817755003167233,0.02510426768052643,0.00910223392449308,10.807456941147832,10.29217585695099,10.410666666666666,1.6738479584546968,1.6669028635035112,1.6674387402731967
final_joint_baseline_44mer,hs_quadratic,7,13,294.903,train,0.07084155504790976,0.07421008139956187,0.004774597313709495,0.015991270115777317,0.02500324084676999,0.010439780512614339,10.913218154707565,10.447862877145635,10.141333333333334,1.6724701711734125,1.6600812009126358,1.6834522938814716
final_joint_baseline_44mer,hs_quadratic,7,14,296.082,train,0.07469943698436077,0.07718234423259074,0.0048609746478733215,0.0179014092615358,0.023313105553065386,0.007951602327426822,11.137181242772805,10.604745210160374,10.567333333333334,1.665708368001392,1.653239893658461,1.6537046617532614
final_joint_baseline_44mer,hs_quadratic,7,15,297.266,train,0.07425089222770272,0.0788827326926261,0.004064060647794895,0.017446766643673,0.026382488350560396,0.009334708392012784,11.28130401375449,10.762742823708441,10.645333333333333,1.6584518174231966,1.6463830514782072,1.6425343803979635
final_joint_baseline_44mer,hs_quadratic,7,16,298.454,train,0.07464174812887568,0.07555032262217345,0.002055676648714742,0.015126695099371347,0.016408149507940915,0.007110891937226793,11.462236397662954,10.921635091475782,10.855333333333334,1.653061674629598,1.639520767925565,1.6437004319239787
final_joint_baseline_44mer,hs_quadratic,7,17,299.647,train,0.07512354417820208,0.07877501957538,0.0030770581244053763,0.01570326526021423,0.02611744663174799,0.009461448061251071,11.609464579149169,11.08146186274376,11.292,1.6439808387239871,1.6326517763455244,1.6273606322116176
final_joint_baseline_44mer,hs_quadratic,7,18,300.845,train,0.07896191332787245,0.0767871320833321,0.0030263479805751536,0.015389071646722883,0.025137214575132058,0.00869146129769457,11.843582253058244,11.242122674451647,11.285333333333334,1.6384022936673557,1.6257808216971077,1.6246456988884486
final_joint_baseline_44mer,hs_quadratic,7,19,302.047,train,0.08073652391512168,0.08876532531259933,0.005392873821883648,0.015732535067090592,0.01789514198153907,0.006985744064496655,12.03045767147465,11.403375750745292,11.605999999999998,1.6302856790997862,1.6189185546721157,1.6147363118963036
final_joint_baseline_44mer,hs_quadratic,7,20,303.254,train,0.08271327100201803,0.0774842174268883,0.0032451260204853826,0.015531627786063444,0.019524921110516805,0.00531173208027238,12.269134182338263,11.56524055653619,11.543333333333333,1.6206763978222538,1.6120643787070925,1.6066592488023586
final_joint_baseline_44mer,hs_quadratic,7,21,304.467,train,0.08138616447536096,0.09550971881476564,0.003866066192694817,0.013710367146172946,0.021969447591782765,0.00820749175876568,12.378670272655349,11.727729086534056,11.620666666666667,1.611008910967524,1.605218019037899,1.6001645399750137
final_joint_baseline_44mer,hs_quadratic,7,22,305.683,train,0.08409797547222334,0.1005090294518392,0.005637687175729938,0.0138506403146717,0.02580000343570566,0.008060767883199,12.575666042845839,11.890310698020503,12.048,1.6024266517823778,1.5984018951349026,1.5848193575558986
final_joint_baseline_44mer,hs_quadratic,7,23,306.905,train,0.08227776311462771,0.08651422584089638,0.0035010850972467013,0.013350739274079237,0.022324781025873645,0.007996137817013693,12.589017710425416,12.053250646268243,12.149333333333335,1.6065431646433592,1.5916048561654577,1.5906593928319357
final_joint_baseline_44mer,hs_quadratic,7,24,308.132,train,0.07683692967897003,0.0847443501785409,0.004091935466573935,0.014031414698195199,0.021930373440579642,0.010276702848278318,12.680625798794962,12.216271737795525,12.292,1.6048980912246824,1.584838424547576,1.5822334374757099
final_joint_baseline_44mer,hs_quadratic,7,25,309.364,train,0.07797097193294793,0.08698224920677328,0.003942730647339172,0.014529573678192072,0.020364780823678118,0.008494509089368768,12.839442212890269,12.379223745328567,12.421333333333333,1.602065164513469,1.578108655342082,1.5772953134168264
final_joint_baseline_44mer,hs_quadratic,7,26,310.6,train,0.07271093708536365,0.07638729472777019,0.004399449299747936,0.015705814907197628,0.020188048729826765,0.008770608116758068,12.760165616821862,12.541818651588923,12.437999999999999,1.6043305868470101,1.5714271227828123,1.588494737689542
final_joint_baseline_44mer,hs_quadratic,7,27,311.842,train,0.07331211129183657,0.08654079030463147,0.006600506527612723,0.01588673313944151,0.025477712746227447,0.010445010547502236,12.944969113261518,12.70415645345659,12.589333333333332,1.5958195529076442,1.5647893365731262,1.5651623062730409
final_joint_baseline_44mer,hs_quadratic,7,28,313.088,train,0.07704482070349017,0.07558706394474779,0.003929515124587728,0.016496891492232622,0.026888723167277712,0.008763558455531981,13.29451341975534,12.865806829159379,12.634666666666668,1.5835136685075968,1.5582124095048893,1.5773684097719132
final_joint_baseline_44mer,hs_quadratic,7,29,314.34,train,0.07320140200786714,0.08482914375466631,0.004734386348942963,0.014071663184485852,0.02135036190608775,0.009023499593869931,13.48962745724545,13.026854609957226,12.858,1.5730841481092992,1.5516923042978434,1.557055087919905
final_joint_baseline_44mer,hs_quadratic,7,30,315.596,train,0.07437293806105216,0.07695532239409059,0.006225941978954598,0.014474549893673415,0.021277611932984414,0.007685250253166039,13.672765276002677,13.186862978615054,13.270666666666667,1.567634268012788,1.5452460189882786,1.547905139939666
final_joint_baseline_44mer,hs_quadratic,7,31,316.858,train,0.07418064921151035,0.07919124687800753,0.005038206774777168,0.014345921839851773,0.017828848286470377,0.006485575465817389,13.829060921429004,13.345902427046024,13.224,1.5631233357800103,1.5388699251761846,1.542269959565209
final_joint_baseline_44mer,hs_quadratic,7,32,318.124,train,0.07444858016624356,0.08432090881311616,0.004125668027653094,0.014303729590760173,0.021402151454952438,0.008994968731668863,14.070463605380073,13.503532793167455,13.527333333333335,1.558760215078798,1.5325807835789,1.5316210776885448
final_joint_baseline_44mer,hs_quadratic,7,33,319.396,train,0.07881231449589673,0.08541257267170443,0.0044013474311627235,0.014812295390089315,0.024050444321946876,0.007522140667526781,14.099472795325909,13.65981140225767,13.721333333333334,1.560315682543106,1.5263753239276427,1.5201317261562295
final_joint_baseline_44mer,hs_quadratic,7,34,320.672,train,0.08054222093312766,0.09274570018100547,0.007330684633446877,0.015003672173482287,0.021845376359609134,0.009220792719294673,14.246917031830076,13.814298264308839,13.826,1.5576941339806614,1.520269943047867,1.5210559441615081
final_joint_baseline_44mer,hs_quadratic,7,35,321.954,train,0.07784934608928495,0.0912864943091692,0.004648950172887757,0.013790655183345468,0.016616112109403988,0.008125576719281125,14.381535283914552,13.96703897660067,14.008666666666667,1.553315696022292,1.5142616751001092,1.5157639636894265
final_joint_baseline_44mer,hs_quadratic,7,36,323.241,train,0.07947847379982824,0.08223588077102549,0.0039040055806400793,0.013763340952308517,0.019555405693926355,0.006934063141409243,14.587121903718579,14.117713474924448,13.988,1.545519977992165,1.5083618958799592,1.5125053216214566
final_joint_baseline_44mer,hs_quadratic,7,37,324.533,train,0.07571968289781829,0.07953664685549972,0.00515839763240089,0.013486928454611113,0.018479830657702836,0.007752624306697594,14.566468109062138,14.266122963545682,14.07,1.5455605687236313,1.5025770632370872,1.5068467668798176
final_joint_baseline_44mer,hs_quadratic,7,38,325.83,train,0.07849904424336147,0.08738253978393454,0.004738461086509459,0.013673268845487824,0.021088007523202397,0.009579508650726688,14.80466496257075,14.41206861477525,14.379333333333333,1.5404790686617498,1.4969135291694686,1.4885725185598968
final_joint_baseline_44mer,hs_quadratic,7,39,327.132,train,0.08028921502823588,0.09149376086404637,0.005163962936498408,0.015820254044480425,0.028051094075488205,0.010938801560251002,14.926329042663259,14.555352249655236,14.480666666666666,1.543821294173438,1.4913775207509943,1.492229963286606
final_joint_baseline_44mer,hs_quadratic,7,40,328.44,train,0.07567038118644989,0.07898507863744729,0.005645853583479741,0.015262842585824795,0.020529457256465544,0.008785216617556052,15.05278513176313,14.695883094373755,14.548666666666666,1.540026443712756,1.4859710496061576,1.4984856035206904
final_joint_baseline_44mer,hs_quadratic,7,41,329.753,train,0.07971237160107156,0.08444675803583557,0.003834190913077874,0.016833353823547503,0.0204279337613891,0.006731070033265781,15.265959923315682,14.833354536810432,14.793333333333333,1.5372187904758519,1.4807043627561713,1.4891515859850877
final_joint_baseline_44mer,hs_quadratic,7,42,331.071,train,0.07443536731925915,0.07201852387264902,0.00522669558748008,0.01798949074379959,0.025093342460824952,0.008845123576917475,15.465113961414396,14.967573846373398,14.962666666666667,1.5314127841504375,1.4755832242314912,1.473461840945782
final_joint_baseline_44mer,hs_quadratic,7,43,332.394,train,0.07909831339491194,0.07892549857091755,0.003994644934052202,0.017976677353018403,0.023892565968854106,0.007639350893180573,15.650857373257864,15.098351431805074,15.160666666666666,1.5244549200868058,1.4706132131313236,1.4653836228522568
final_joint_baseline_44mer,hs_quadratic,7,44,333.723,train,0.07578095858374997,0.07416562825823107,0.0045932736713773835,0.019081244936125265,0.025089340700134903,0.008340842971601568,15.79094470817357,15.225595520783774,15.292666666666667,1.5161238639190366,1.4657961561873496,1.459737272414355
final_joint_baseline_44mer,hs_quadratic,7,45,335.057,train,0.07499864974464604,0.07759370718916664,0.006508708848174252,0.018481504068477695,0.0290564596325477,0.009395240565245355,15.881811058365287,15.349023623140315,15.712666666666667,1.5139679599741689,1.4611410657369641,1.442935366296592
final_joint_baseline_44mer,hs_quadratic,7,46,336.396,train,0.0762937950667973,0.08229495442769091,0.0034243443471762515,0.0181115007798332,0.028947572435628517,0.009281331822723818,15.95942996470087,15.468458193872307,15.376666666666667,1.5107176380054235,1.4566529239696968,1.4603531272709558
final_joint_baseline_44mer,hs_quadratic,7,47,337.741,train,0.07625612084496577,0.08433321430312621,0.0056161260932937745,0.018078217228296296,0.031210086993485008,0.0091712759455377,16.191268790700505,15.583810653552298,15.908000000000001,1.5031807816212521,1.4523333607708508,1.4397039128712545
final_joint_baseline_44mer,hs_quadratic,7,48,339.091,train,0.0720533704070298,0.08115494466325268,0.0069271570084054775,0.016966027627567038,0.022374619610282788,0.008593506542275597,16.2934658572211,15.694822495155575,15.674,1.4997236766808852,1.448190362311869,1.4518060618623319
final_joint_baseline_44mer,hs_quadratic,7,49,340.446,train,0.07193360835075224,0.07356679071237712,0.004387564803471664,0.016756713878210473,0.028193171950664585,0.008862479220678204,16.485230661554375,15.80133163238917,15.708,1.4953283897396434,1.444228281277338,1.4382197906703056
final_joint_baseline_44mer,hs_quadratic,7,50,341.807,train,0.07506374615354028,0.06745611210558579,0.006164343835676331,0.017294085757542273,0.02874217250092525,0.009427093245887277,16.691355897389087,15.903254724840139,15.779333333333334,1.4903387932207046,1.4404485579825337,1.437605459510472
final_joint_baseline_44mer,hs_quadratic,7,51,343.173,train,0.0680393526460994,0.06343288043714788,0.0063429627669284415,0.015637198409545888,0.021283395150211916,0.008229468951018068,16.85042336132919,16.000360636703853,15.946666666666665,1.4792115717588992,1.436858133849582,1.4376820927990621
final_joint_baseline_44mer,hs_quadratic,7,52,344.545,train,0.06884833986235794,0.0752788326143213,0.004825969576485862,0.015335670208881061,0.02007171629905597,0.007572469161503936,17.108302522670563,16.0925699231791,16.12,1.4707794216938925,1.4334583525625182,1.4262260663586184
final_joint_baseline_44mer,hs_quadratic,7,53,345.922,train,0.06469848801233796,0.059093905655904014,0.00677179112321568,0.014860114379938356,0.022387879813162974,0.009987829274964381,17.151692684559674,16.17967073749285,16.206666666666667,1.4674249423764787,1.430255477124929,1.4336843534366053
final_joint_baseline_44mer,hs_quadratic,7,54,347.305,train,0.06867132513497734,0.07721118732602886,0.006579669676650444,0.0161295844049804,0.018361929588713417,0.006828419560732058,17.198451478911814,16.261587531355772,16.199333333333335,1.4707388309624263,1.4272507897907394,1.4317231432639865
final_joint_baseline_44mer,hs_quadratic,7,55,348.693,train,0.06774235378497434,0.0709991178739823,0.006375954928506932,0.015272640555822567,0.019029078766659786,0.00593997739191026,17.365968291643842,16.33812819353404,16.075333333333333,1.46534792230597,1.42444990238788,1.4384496827228335
final_joint_baseline_44mer,hs_quadratic,7,56,350.086,train,0.06995886798550893,0.06451905170760182,0.005350647198568334,0.015045738392011569,0.023005457486469295,0.00725918557062032,17.642026124398996,16.409171888561115,16.346000000000004,1.4586152219225486,1.4218558629888152,1.4216103804014435
final_joint_baseline_44mer,hs_quadratic,7,57,351.486,train,0.06799940375206241,0.0721979042710947,0.007891536896243967,0.015899348799265866,0.024602113845551467,0.007982791528113353,17.59089830199014,16.47469310437318,16.464,1.459674410254965,1.4194683160860033,1.420058298862927
final_joint_baseline_44mer,hs_quadratic,7,58,352.891,train,0.06608111355404701,0.05598274357486861,0.0092016657878039,0.014735538029918066,0.024266988033278265,0.010088635998716202,17.764145137240583,16.53447634790061,16.689333333333334,1.454219169118449,1.4172939072820954,1.427267980944342
final_joint_baseline_44mer,hs_quadratic,7,59,354.301,train,0.06559902780882465,0.06407565653178063,0.005825414616713161,0.015002168617029554,0.021336526020857782,0.0064680200295364945,17.849990870914734,16.58841807133316,16.615333333333336,1.4515792398474154,1.415335274056374,1.420790546089099
final_joint_baseline_44mer,hs_quadratic,7,60,355.717,train,0.06404890399759572,0.06300443240643261,0.007165063363965926,0.014662257147440929,0.022482013548494197,0.008758963915576845,17.95618609640314,16.63645212836896,16.721333333333334,1.4478678684382402,1.4135937879890719,1.4048998552727836
final_joint_baseline_44mer,hs_quadratic,7,61,357.139,train,0.06302210166280922,0.06084717206699896,0.006538958799147992,0.015202748118073412,0.022226929120315875,0.00911453137189121,17.985555124459857,16.678473009812315,16.674666666666667,1.4474435804149874,1.4120723464973433,1.4076090622256565
final_joint_baseline_44mer,hs_quadratic,7,62,358.567,train,0.059478137547308844,0.049361874136556835,0.004764207022335109,0.015277007886462027,0.024597004855020307,0.008365892954863136,17.929191771651148,16.714380462001134,16.671333333333337,1.4479398595468786,1.4107737558313098,1.4238203692354172
final_joint_baseline_44mer,hs_quadratic,7,63,360.0,train,0.05845808799295134,0.058915917885341854,0.00913365093142194,0.01492913973504518,0.019876980439662847,0.007594401306102573,18.00590271438135,16.744060948475948,16.59,1.448537998438865,1.409701407520625,1.4207338374446596
final_joint_baseline_44mer,hs_quadratic,8,0,280.0,train,0.055830234021425715,0.05522683189113238,0.003345328444265814,0.017818328239700254,0.025490217132044208,0.009449663683221015,8.984389264195727,8.53437652046388,8.444666666666667,1.7330192887155929,1.7461932761303853,1.7509864749174404
final_joint_baseline_44mer,hs_quadratic,8,1,281.119,train,0.0549544215147567,0.056377488654728164,0.0033117005288437976,0.017439777169752424,0.022002808216050166,0.009997218816207847,9.245772472764894,8.672176296139227,8.746666666666668,1.7254357146970922,1.739825687932702,1.724502657681367
final_joint_baseline_44mer,hs_quadratic,8,2,282.243,train,0.058473741217887426,0.06611755512808806,0.0030676902583247276,0.01788886648674338,0.02593178341328963,0.007829381912278171,9.307776459132127,8.811708925125142,8.722666666666667,1.7239583652442858,1.7334044574717895,1.7444775896565532
final_joint_baseline_44mer,hs_quadratic,8,3,283.371,train,0.06222063376624422,0.06104100367077298,0.003978145608475158,0.01701890544912629,0.02220907239403886,0.007316907108303981,9.5004241220863,8.952829234037676,8.716666666666667,1.7181079388731155,1.7269371847911135,1.740248639965431
final_joint_baseline_44mer,hs_quadratic,8,4,284.504,train,0.06296273012420375,0.0724071835323391,0.0031787988579662415,0.01585249514656551,0.019174559980010542,0.010992382767571602,9.659105501795388,9.095637713990632,9.151333333333334,1.7148231530757665,1.7204201776397308,1.7122986816372312
final_joint_baseline_44mer,hs_quadratic,8,5,285.641,train,0.061975340283792764,0.0641250755914273,0.004393042753132946,0.015404162116734045,0.025532953711794835,0.008080157396318215,9.834191086969753,9.239979923080462,9.275333333333332,1.70995073357408,1.7138613867994579,1.7074320080408891
final_joint_baseline_44mer,hs_quadratic,8,6,286.783,train,0.06585998529321346,0.06393392986954691,0.003685528490763347,0.01592283890589107,0.02266354655942838,0.0070934698101170835,10.003320324386829,9.385950339428337,9.304666666666668,1.700945718091396,1.7072574092686503,1.7165505890684671
final_joint_baseline_44mer,hs_quadratic,8,7,287.929,train,0.06839693376903502,0.06599649464820563,0.005049983084470693,0.015772313290071817,0.023072048995008997,0.009066831966001918,10.215862546406182,9.533384390823805,9.294,1.6943485754338155,1.7006165632561467,1.715865174129158
final_joint_baseline_44mer,hs_quadratic,8,8,289.08,train,0.07348868148149215,0.07677703652188353,0.004246969147717005,0.01596524486830895,0.02471827081867755,0.007705612728506228,10.399694936400707,9.682369383906769,9.686,1.6849675212879243,1.6939357682671485,1.691637343835228
final_joint_baseline_44mer,hs_quadratic,8,9,290.235,train,0.0731140384882975,0.07584022430807172,0.0035741067613530224,0.015476021059989051,0.015257409287033041,0.006920535886794046,10.524419922707079,9.832729739106941,9.850000000000001,1.681340394793113,1.687223724195884,1.6854587522651372
final_joint_baseline_44mer,hs_quadratic,8,10,291.395,train,0.07122788883075235,0.08059140590496938,0.0041320886297611875,0.015951950773118194,0.020990698373108508,0.008383345676305703,10.66035238269125,9.984544379386339,10.086666666666668,1.6777821959555088,1.680477705216683,1.687351876398529
final_joint_baseline_44mer,hs_quadratic,8,11,292.56,train,0.0725724689755215,0.08447072602283154,0.003680236982386496,0.01597323029521311,0.022325331094350045,0.007872029665171809,10.742928001947536,10.137757674600426,10.109333333333334,1.6731364718597481,1.6737009866963994,1.6780884375368383
final_joint_baseline_44mer,hs_quadratic,8,12,293.729,train,0.07150899163460206,0.0888555989476514,0.005968397724370857,0.015817755003167233,0.020294593220149766,0.006899460022235028,10.807456941147832,10.29217585695099,10.152666666666669,1.6738479584546968,1.6669028635035112,1.6788138372927963
final_joint_baseline_44mer,hs_quadratic,8,13,294.903,train,0.07084155504790976,0.08064061724326732,0.0026353447076674945,0.015991270115777317,0.022645093804639478,0.009513832741826187,10.913218154707565,10.447862877145635,10.468666666666667,1.6724701711734125,1.6600812009126358,1.648238413751129
final_joint_baseline_44mer,hs_quadratic,8,14,296.082,train,0.07469943698436077,0.08476496508440447,0.0038329439626928257,0.0179014092615358,0.025969045951312678,0.008944448522423126,11.137181242772805,10.604745210160374,10.530666666666667,1.665708368001392,1.653239893658461,1.6487344057284412
final_joint_baseline_44mer,hs_quadratic,8,15,297.266,train,0.07425089222770272,0.08198590312631719,0.004737395899062411,0.017446766643673,0.02290192179645155,0.008101937278858244,11.28130401375449,10.762742823708441,10.835333333333333,1.6584518174231966,1.6463830514782072,1.6372086513238597
final_joint_baseline_44mer,hs_quadratic,8,16,298.454,train,0.07464174812887568,0.08919331403281354,0.005639744668031276,0.015126695099371347,0.01704013655173541,0.0077132571084942685,11.462236397662954,10.921635091475782,10.969333333333335,1.653061674629598,1.639520767925565,1.628731746109259
final_joint_baseline_44mer,hs_quadratic,8,17,299.647,train,0.07512354417820208,0.07788126876826142,0.0039014258553252005,0.01570326526021423,0.01993618786751089,0.008485779382837766,11.609464579149169,11.08146186274376,11.206666666666667,1.6439808387239871,1.6326517763455244,1.6264085457589892
final_joint_baseline_44mer,hs_quadratic,8,18,300.845,train,0.07896191332787245,0.09691106056654106,0.0050651812969029954,0.015389071646722883,0.02207877559454486,0.009227429470065798,11.843582253058244,11.242122674451647,11.309333333333335,1.6384022936673557,1.6257808216971077,1.6083929165540587
final_joint_baseline_44mer,hs_quadratic,8,19,302.047,train,0.08073652391512168,0.08527125326337061,0.0036837477852112916,0.015732535067090592,0.02093807314746663,0.007303134768872076,12.03045767147465,11.403375750745292,11.417333333333334,1.6302856790997862,1.6189185546721157,1.6219951058096556
final_joint_baseline_44mer,hs_quadratic,8,20,303.254,train,0.08271327100201803,0.08725818056681545,0.0032103837626592567,0.015531627786063444,0.01986867598640084,0.007153932364758087,12.269134182338263,11.56524055653619,11.532,1.6206763978222538,1.6120643787070925,1.6056222399736004
final_joint_baseline_44mer,hs_quadratic,8,21,304.467,train,0.08138616447536096,0.09024985695257803,0.004362665050314359,0.013710367146172946,0.01648727958241996,0.006198975245815697,12.378670272655349,11.727729086534056,11.883333333333333,1.611008910967524,1.605218019037899,1.6024625755271709
final_joint_baseline_44mer,hs_quadratic,8,22,305.683,train,0.08409797547222334,0.09368699298032454,0.004709999468299475,0.0138506403146717,0.01998496526953593,0.008033402179032714,12.575666042845839,11.890310698020503,12.075333333333333,1.6024266517823778,1.5984018951349026,1.5992673955257866
final_joint_baseline_44mer,hs_quadratic,8,23,306.905,train,0.08227776311462771,0.0874473614701331,0.0068280143236755745,0.013350739274079237,0.02138293465511481,0.009310252680432854,12.589017710425416,12.053250646268243,11.830666666666666,1.6065431646433592,1.5916048561654577,1.604170515058218
final_joint_baseline_44mer,hs_quadratic,8,24,308.132,train,0.07683692967897003,0.08176699227972205,0.0034092897074371165,0.014031414698195199,0.01837807950812343,0.009197492662966501,12.680625798794962,12.216271737795525,12.160666666666668,1.6048980912246824,1.584838424547576,1.591581607426348
final_joint_baseline_44mer,hs_quadratic,8,25,309.364,train,0.07797097193294793,0.08959985423230252,0.00465894702196417,0.014529573678192072,0.024257171311929226,0.0071827139707660755,12.839442212890269,12.379223745328567,12.526,1.602065164513469,1.578108655342082,1.5793353625015218
final_joint_baseline_44mer,hs_quadratic,8,26,310.6,train,0.07271093708536365,0.08032293975813329,0.006341482091875333,0.015705814907197628,0.016238369753403467,0.007389226422130527,12.760165616821862,12.541818651588923,12.313333333333333,1.6043305868470101,1.5714271227828123,1.5878753936398737
final_joint_baseline_44mer,hs_quadratic,8,27,311.842,train,0.07331211129183657,0.08167790663965875,0.006340624915085269,0.01588673313944151,0.017248081091601607,0.007831470503766525,12.944969113261518,12.70415645345659,12.890666666666668,1.5958195529076442,1.5647893365731262,1.561486442444676
final_joint_baseline_44mer,hs_quadratic,8,28,313.088,train,0.07704482070349017,0.07685121960378083,0.00492762617556586,0.016496891492232622,0.025796124188418687,0.007717465936797636,13.29451341975534,12.865806829159379,12.826,1.5835136685075968,1.5582124095048893,1.5652929935077928
final_joint_baseline_44mer,hs_quadratic,8,29,314.34,train,0.07320140200786714,0.07852415495966794,0.00460429155891785,0.014071663184485852,0.018505030070237297,0.009156419282011814,13.48962745724545,13.026854609957226,12.940666666666667,1.5730841481092992,1.5516923042978434,1.5672369873814773
final_joint_baseline_44mer,hs_quadratic,8,30,315.596,train,0.07437293806105216,0.07323385765615197,0.004065913575482888,0.014474549893673415,0.020603816831506465,0.007931781233709379,13.672765276002677,13.186862978615054,13.208666666666668,1.567634268012788,1.5452460189882786,1.5482595563106383
final_joint_baseline_44mer,hs_quadratic,8,31,316.858,train,0.07418064921151035,0.07823586700995105,0.0037890806186091953,0.014345921839851773,0.017289283517764497,0.006748147083194097,13.829060921429004,13.345902427046024,13.348666666666666,1.5631233357800103,1.5388699251761846,1.5377663964187027
final_joint_baseline_44mer,hs_quadratic,8,32,318.124,train,0.07444858016624356,0.08384691926815876,0.0061348557594026465,0.014303729590760173,0.0209135338424696,0.0073025909638659205,14.070463605380073,13.503532793167455,13.493333333333332,1.558760215078798,1.5325807835789,1.5281081370270386
final_joint_baseline_44mer,hs_quadratic,8,33,319.396,train,0.07881231449589673,0.08833566749216706,0.0036845650349610903,0.014812295390089315,0.015430839886872952,0.006401722945542887,14.099472795325909,13.65981140225767,13.636666666666667,1.560315682543106,1.5263753239276427,1.5297727853102316
final_joint_baseline_44mer,hs_quadratic,8,34,320.672,train,0.08054222093312766,0.09301021056965614,0.004652557420170652,0.015003672173482287,0.025073403228272263,0.008959357806170557,14.246917031830076,13.814298264308839,13.876000000000001,1.5576941339806614,1.520269943047867,1.514115913962842
final_joint_baseline_44mer,hs_quadratic,8,35,321.954,train,0.07784934608928495,0.0835902793194135,0.004814850154705152,0.013790655183345468,0.019129808211432037,0.0058850547848103806,14.381535283914552,13.96703897660067,13.946,1.553315696022292,1.5142616751001092,1.5216129116782744
final_joint_baseline_44mer,hs_quadratic,8,36,323.241,train,0.07947847379982824,0.09752850369009652,0.005168314618623901,0.013763340952308517,0.018465189412431166,0.00977312099783035,14.587121903718579,14.117713474924448,14.116,1.545519977992165,1.5083618958799592,1.5001252859304501
final_joint_baseline_44mer,hs_quadratic,8,37,324.533,train,0.07571968289781829,0.07601302294845963,0.0032946343806389087,0.013486928454611113,0.019040671188992445,0.00730363969319745,14.566468109062138,14.266122963545682,14.246666666666666,1.5455605687236313,1.5025770632370872,1.5065016134713893
final_joint_baseline_44mer,hs_quadratic,8,38,325.83,train,0.07849904424336147,0.09349366153809517,0.005456753611401372,0.013673268845487824,0.02225330253659926,0.006153247295735692,14.80466496257075,14.41206861477525,14.456000000000001,1.5404790686617498,1.4969135291694686,1.50533681043987
final_joint_baseline_44mer,hs_quadratic,8,39,327.132,train,0.08028921502823588,0.08703000035954009,0.00420493216333952,0.015820254044480425,0.021589208104904934,0.0073318496207465285,14.926329042663259,14.555352249655236,14.570666666666668,1.543821294173438,1.4913775207509943,1.485398109286232
final_joint_baseline_44mer,hs_quadratic,8,40,328.44,train,0.07567038118644989,0.0800899798258955,0.004988277521326473,0.015262842585824795,0.02359848776284664,0.009198259817774756,15.05278513176313,14.695883094373755,14.855999999999998,1.540026443712756,1.4859710496061576,1.4846724198205727
final_joint_baseline_44mer,hs_quadratic,8,41,329.753,train,0.07971237160107156,0.07864891364496274,0.004980884924974499,0.016833353823547503,0.024085897946344602,0.008249209330551174,15.265959923315682,14.833354536810432,14.832666666666666,1.5372187904758519,1.4807043627561713,1.4765624257917154
final_joint_baseline_44mer,hs_quadratic,8,42,331.071,train,0.07443536731925915,0.07588613621719584,0.004977800174184692,0.01798949074379959,0.023130016256335394,0.0077861322377794145,15.465113961414396,14.967573846373398,14.935333333333332,1.5314127841504375,1.4755832242314912,1.4788588803149052
final_joint_baseline_44mer,hs_quadratic,8,43,332.394,train,0.07909831339491194,0.08560288125113667,0.004503953310173773,0.017976677353018403,0.022120394223495186,0.006591839048079898,15.650857373257864,15.098351431805074,15.084666666666667,1.5244549200868058,1.4706132131313236,1.4763790752483548
final_joint_baseline_44mer,hs_quadratic,8,44,333.723,train,0.07578095858374997,0.08731386411706087,0.006186736850335775,0.019081244936125265,0.028708490028696736,0.009116227263734095,15.79094470817357,15.225595520783774,15.384,1.5161238639190366,1.4657961561873496,1.4536420195635895
final_joint_baseline_44mer,hs_quadratic,8,45,335.057,train,0.07499864974464604,0.08866046449491896,0.005895477155762461,0.018481504068477695,0.03340474768219805,0.01111226230687402,15.881811058365287,15.349023623140315,15.154666666666666,1.5139679599741689,1.4611410657369641,1.4666026641025662
final_joint_baseline_44mer,hs_quadratic,8,46,336.396,train,0.0762937950667973,0.08275612856263086,0.004454083025073072,0.0181115007798332,0.024825096696820814,0.008093644082355748,15.95942996470087,15.468458193872307,15.4,1.5107176380054235,1.4566529239696968,1.4594645057934836
final_joint_baseline_44mer,hs_quadratic,8,47,337.741,train,0.07625612084496577,0.08467970439864492,0.003950281247395299,0.018078217228296296,0.027446113373999104,0.0069483622853223565,16.191268790700505,15.583810653552298,15.669999999999998,1.5031807816212521,1.4523333607708508,1.4454724298082873
final_joint_baseline_44mer,hs_quadratic,8,48,339.091,train,0.0720533704070298,0.08043602996787068,0.007565655043351919,0.016966027627567038,0.023775877480644525,0.006932886741871644,16.2934658572211,15.694822495155575,15.783333333333333,1.4997236766808852,1.448190362311869,1.4394372101495039
final_joint_baseline_44mer,hs_quadratic,8,49,340.446,train,0.07193360835075224,0.06844530076902866,0.0054659097538110515,0.016756713878210473,0.021206605997610258,0.008776472231012387,16.485230661554375,15.80133163238917,15.762000000000002,1.4953283897396434,1.444228281277338,1.4534282232263913
final_joint_baseline_44mer,hs_quadratic,8,50,341.807,train,0.07506374615354028,0.08077087325517254,0.005894034847266357,0.017294085757542273,0.030093306110288816,0.009901711255044486,16.691355897389087,15.903254724840139,16.032666666666668,1.4903387932207046,1.4404485579825337,1.421530002524148
final_joint_baseline_44mer,hs_quadratic,8,51,343.173,train,0.0680393526460994,0.07154900375826853,0.009206292576845864,0.015637198409545888,0.020476956259585805,0.009293120134957918,16.85042336132919,16.000360636703853,15.767333333333333,1.4792115717588992,1.436858133849582,1.4437320852826108
final_joint_baseline_44mer,hs_quadratic,8,52,344.545,train,0.06884833986235794,0.07000074941846013,0.004944792776128296,0.015335670208881061,0.022272448572413707,0.00687555149851206,17.108302522670563,16.0925699231791,16.157999999999998,1.4707794216938925,1.4334583525625182,1.43093703098899
final_joint_baseline_44mer,hs_quadratic,8,53,345.922,train,0.06469848801233796,0.06706407560341925,0.003342611056753229,0.014860114379938356,0.018504296874721528,0.008572727007610498,17.151692684559674,16.17967073749285,15.805333333333333,1.4674249423764787,1.430255477124929,1.4351825404484682
final_joint_baseline_44mer,hs_quadratic,8,54,347.305,train,0.06867132513497734,0.08064338549395042,0.006833709570349609,0.0161295844049804,0.024940021397749965,0.007817273801575705,17.198451478911814,16.261587531355772,16.354666666666667,1.4707388309624263,1.4272507897907394,1.4198087492132305
final_joint_baseline_44mer,hs_quadratic,8,55,348.693,train,0.06774235378497434,0.06190377888845499,0.005799509675743397,0.015272640555822567,0.022608701126254575,0.00869843880805364,17.365968291643842,16.33812819353404,16.170666666666666,1.46534792230597,1.42444990238788,1.4337683027396144
final_joint_baseline_44mer,hs_quadratic,8,56,350.086,train,0.06995886798550893,0.06522136123311797,0.00528390303823499,0.015045738392011569,0.02152442136456216,0.008290114298616494,17.642026124398996,16.409171888561115,16.396,1.4586152219225486,1.4218558629888152,1.4198436173857303
final_joint_baseline_44mer,hs_quadratic,8,57,351.486,train,0.06799940375206241,0.06729995292433827,0.005772728235799763,0.015899348799265866,0.020282563409062385,0.008592493926511577,17.59089830199014,16.47469310437318,16.552,1.459674410254965,1.4194683160860033,1.4181026668976013
final_joint_baseline_44mer,hs_quadratic,8,58,352.891,train,0.06608111355404701,0.0735915944246265,0.006125040138596005,0.014735538029918066,0.019202175860589345,0.009139378242342788,17.764145137240583,16.53447634790061,16.435333333333332,1.454219169118449,1.4172939072820954,1.4298662771337165
final_joint_baseline_44mer,hs_quadratic,8,59,354.301,train,0.06559902780882465,0.06867117950378579,0.007649928921494492,0.015002168617029554,0.021971803717396064,0.007736108025231524,17.849990870914734,16.58841807133316,16.798000000000002,1.4515792398474154,1.415335274056374,1.407074289248769
final_joint_baseline_44mer,hs_quadratic,8,60,355.717,train,0.06404890399759572,0.06205200931544132,0.007177219103796878,0.014662257147440929,0.019514849621859814,0.007933251400309404,17.95618609640314,16.63645212836896,16.69,1.4478678684382402,1.4135937879890719,1.4076792569103516
final_joint_baseline_44mer,hs_quadratic,8,61,357.139,train,0.06302210166280922,0.06489354786961124,0.0058294872907911745,0.015202748118073412,0.026828802983356853,0.008922178902251117,17.985555124459857,16.678473009812315,16.934,1.4474435804149874,1.4120723464973433,1.4019106798042245
final_joint_baseline_44mer,hs_quadratic,8,62,358.567,train,0.059478137547308844,0.06182558080739096,0.005572129145553778,0.015277007886462027,0.02330004301077086,0.007778533725066954,17.929191771651148,16.714380462001134,16.826666666666668,1.4479398595468786,1.4107737558313098,1.4057918804743788
final_joint_baseline_44mer,hs_quadratic,8,63,360.0,train,0.05845808799295134,0.07140721798801947,0.005641988672594075,0.01492913973504518,0.02004235639098088,0.006359555344343463,18.00590271438135,16.744060948475948,16.602666666666668,1.448537998438865,1.409701407520625,1.4104790553301092
final_joint_baseline_44mer,hs_quadratic,9,0,280.0,train,0.055830234021425715,0.05630142043093769,0.0032257256395560475,0.017818328239700254,0.028780167307270486,0.008366160298260945,8.984389264195727,8.53437652046388,8.376000000000001,1.7330192887155929,1.7461932761303853,1.741590551616064
final_joint_baseline_44mer,hs_quadratic,9,1,281.119,train,0.0549544215147567,0.05263724875635084,0.0035507919230234304,0.017439777169752424,0.02375991603209108,0.006968887235886831,9.245772472764894,8.672176296139227,8.485333333333333,1.7254357146970922,1.739825687932702,1.7564285561904525
final_joint_baseline_44mer,hs_quadratic,9,2,282.243,train,0.058473741217887426,0.06330765234133381,0.003943502502086023,0.01788886648674338,0.022945832944260534,0.007573313798865112,9.307776459132127,8.811708925125142,8.832666666666666,1.7239583652442858,1.7334044574717895,1.7346656614860008
final_joint_baseline_44mer,hs_quadratic,9,3,283.371,train,0.06222063376624422,0.06378912859301626,0.0028988042030863486,0.01701890544912629,0.027096124038766788,0.009073577871472567,9.5004241220863,8.952829234037676,8.921333333333333,1.7181079388731155,1.7269371847911135,1.732303757434313
final_joint_baseline_44mer,hs_quadratic,9,4,284.504,train,0.06296273012420375,0.0688980667811852,0.003334963512935958,0.01585249514656551,0.02472910188755602,0.007386178942967075,9.659105501795388,9.095637713990632,9.084,1.7148231530757665,1.7204201776397308,1.7181082469304716
final_joint_baseline_44mer,hs_quadratic,9,5,285.641,train,0.061975340283792764,0.06422631086671053,0.006321786400882633,0.015404162116734045,0.025275997849317042,0.00834590868661949,9.834191086969753,9.239979923080462,9.230666666666668,1.70995073357408,1.7138613867994579,1.7131158311445538
final_joint_baseline_44mer,hs_quadratic,9,6,286.783,train,0.06585998529321346,0.08196642052139379,0.004516566726666168,0.01592283890589107,0.019284123476716774,0.006395898716351189,10.003320324386829,9.385950339428337,9.43,1.700945718091396,1.7072574092686503,1.705006446347094
final_joint_baseline_44mer,hs_quadratic,9,7,287.929,train,0.06839693376903502,0.07478755076613301,0.003424801641548723,0.015772313290071817,0.01837839894668402,0.006809409501857712,10.215862546406182,9.533384390823805,9.494666666666667,1.6943485754338155,1.7006165632561467,1.6978288297859274
final_joint_baseline_44mer,hs_quadratic,9,8,289.08,train,0.07348868148149215,0.09012024732109783,0.004156367790095445,0.01596524486830895,0.021814639758053207,0.008447613051844771,10.399694936400707,9.682369383906769,9.721333333333334,1.6849675212879243,1.6939357682671485,1.679682841079707
final_joint_baseline_44mer,hs_quadratic,9,9,290.235,train,0.0731140384882975,0.07040220728552551,0.003318987189475428,0.015476021059989051,0.021854628427914885,0.008789091010440704,10.524419922707079,9.832729739106941,9.870000000000001,1.681340394793113,1.687223724195884,1.6847170512675698
final_joint_baseline_44mer,hs_quadratic,9,10,291.395,train,0.07122788883075235,0.0798015780402718,0.004834261773895215,0.015951950773118194,0.016331263351851383,0.009014955960266205,10.66035238269125,9.984544379386339,10.01,1.6777821959555088,1.680477705216683,1.6669147901729353
final_joint_baseline_44mer,hs_quadratic,9,11,292.56,train,0.0725724689755215,0.0745253937494573,0.003385388832545034,0.01597323029521311,0.02362774007958946,0.009214633726391162,10.742928001947536,10.137757674600426,10.265333333333333,1.6731364718597481,1.6737009866963994,1.674760186926682
final_joint_baseline_44mer,hs_quadratic,9,12,293.729,train,0.07150899163460206,0.0674476275826286,0.0037160094652627608,0.015817755003167233,0.01968295418022993,0.007714742115258402,10.807456941147832,10.29217585695099,10.374666666666666,1.6738479584546968,1.6669028635035112,1.6519837025673962
final_joint_baseline_44mer,hs_quadratic,9,13,294.903,train,0.07084155504790976,0.07527939362119537,0.0018843432426529192,0.015991270115777317,0.022676868178120285,0.007213460171357361,10.913218154707565,10.447862877145635,10.531333333333333,1.6724701711734125,1.6600812009126358,1.659978270828822
final_joint_baseline_44mer,hs_quadratic,9,14,296.082,train,0.07469943698436077,0.07666879706014379,0.004585603870193622,0.0179014092615358,0.020569746621762593,0.006086496782470873,11.137181242772805,10.604745210160374,10.52,1.665708368001392,1.653239893658461,1.6649938692235104
final_joint_baseline_44mer,hs_quadratic,9,15,297.266,train,0.07425089222770272,0.0826285100835068,0.0041426190115977785,0.017446766643673,0.02141981313925456,0.007743607203353082,11.28130401375449,10.762742823708441,10.734666666666667,1.6584518174231966,1.6463830514782072,1.6507390990983666
final_joint_baseline_44mer,hs_quadratic,9,16,298.454,train,0.07464174812887568,0.07864621618776564,0.004726330127044876,0.015126695099371347,0.02227789870748905,0.008848276047575864,11.462236397662954,10.921635091475782,10.829333333333334,1.653061674629598,1.639520767925565,1.6303067710997123
final_joint_baseline_44mer,hs_quadratic,9,17,299.647,train,0.07512354417820208,0.0913693545884904,0.004920487390164855,0.01570326526021423,0.019920753162209284,0.005555463114136532,11.609464579149169,11.08146186274376,10.966000000000001,1.6439808387239871,1.6326517763455244,1.638298318611768
final_joint_baseline_44mer,hs_quadratic,9,18,300.845,train,0.07896191332787245,0.08317934008088357,0.004599361698867356,0.015389071646722883,0.02283194107120351,0.008662382949875754,11.843582253058244,11.242122674451647,11.248666666666667,1.6384022936673557,1.6257808216971077,1.628891218075401
final_joint_baseline_44mer,hs_quadratic,9,19,302.047,train,0.08073652391512168,0.08111587354424736,0.003704033079919633,0.015732535067090592,0.019842674690346486,0.007989178388709203,12.03045767147465,11.403375750745292,11.406666666666666,1.6302856790997862,1.6189185546721157,1.6244604814809218
final_joint_baseline_44mer,hs_quadratic,9,20,303.254,train,0.08271327100201803,0.09094366342393129,0.0038447016721188908,0.015531627786063444,0.018514066499293675,0.006995315086878513,12.269134182338263,11.56524055653619,11.590666666666667,1.6206763978222538,1.6120643787070925,1.6086294446475518
final_joint_baseline_44mer,hs_quadratic,9,21,304.467,train,0.08138616447536096,0.08695872903079108,0.004365484576626234,0.013710367146172946,0.0179112630408258,0.006720644540211812,12.378670272655349,11.727729086534056,11.775333333333334,1.611008910967524,1.605218019037899,1.6018063453454603
final_joint_baseline_44mer,hs_quadratic,9,22,305.683,train,0.08409797547222334,0.08545154999285026,0.005494995303255114,0.0138506403146717,0.02145419878469185,0.006970926290985046,12.575666042845839,11.890310698020503,11.876666666666667,1.6024266517823778,1.5984018951349026,1.5917795481994987
final_joint_baseline_44mer,hs_quadratic,9,23,306.905,train,0.08227776311462771,0.09776414641930206,0.005417557427457496,0.013350739274079237,0.02456262242717136,0.007929034694034668,12.589017710425416,12.053250646268243,11.919333333333334,1.6065431646433592,1.5916048561654577,1.5962766024820245
final_joint_baseline_44mer,hs_quadratic,9,24,308.132,train,0.07683692967897003,0.08325364518457037,0.0033752932339853933,0.014031414698195199,0.016527037809441987,0.007331927643763586,12.680625798794962,12.216271737795525,12.484666666666666,1.6048980912246824,1.584838424547576,1.5801170860712028
final_joint_baseline_44mer,hs_quadratic,9,25,309.364,train,0.07797097193294793,0.09304313295937652,0.006004541664517183,0.014529573678192072,0.018828246595834007,0.007908760345344473,12.839442212890269,12.379223745328567,12.168,1.602065164513469,1.578108655342082,1.5843663431661765
final_joint_baseline_44mer,hs_quadratic,9,26,310.6,train,0.07271093708536365,0.08729154535271423,0.006367741947307812,0.015705814907197628,0.021679637315380067,0.007106611000019308,12.760165616821862,12.541818651588923,12.434000000000001,1.6043305868470101,1.5714271227828123,1.5717182572064423
final_joint_baseline_44mer,hs_quadratic,9,27,311.842,train,0.07331211129183657,0.08043579491327593,0.0035077056941778357,0.01588673313944151,0.023108404380342465,0.010247641169972461,12.944969113261518,12.70415645345659,12.675333333333334,1.5958195529076442,1.5647893365731262,1.5595466924488215
final_joint_baseline_44mer,hs_quadratic,9,28,313.088,train,0.07704482070349017,0.07981333085824151,0.003801675382517884,0.016496891492232622,0.022171655369365544,0.007084872022766817,13.29451341975534,12.865806829159379,12.737333333333332,1.5835136685075968,1.5582124095048893,1.5680875116866733
final_joint_baseline_44mer,hs_quadratic,9,29,314.34,train,0.07320140200786714,0.07284138665778489,0.005107687318887515,0.014071663184485852,0.01829624534446784,0.007402704128004127,13.48962745724545,13.026854609957226,13.148666666666665,1.5730841481092992,1.5516923042978434,1.5442184190789414
final_joint_baseline_44mer,hs_quadratic,9,30,315.596,train,0.07437293806105216,0.0784393228701063,0.0031858953079200248,0.014474549893673415,0.01494356666934456,0.00717219163868616,13.672765276002677,13.186862978615054,13.178,1.567634268012788,1.5452460189882786,1.5500914479839016
final_joint_baseline_44mer,hs_quadratic,9,31,316.858,train,0.07418064921151035,0.08225210688657708,0.004124723625504331,0.014345921839851773,0.01985772783311908,0.009327002271531142,13.829060921429004,13.345902427046024,13.528666666666666,1.5631233357800103,1.5388699251761846,1.5270905350840804
final_joint_baseline_44mer,hs_quadratic,9,32,318.124,train,0.07444858016624356,0.07308146909314628,0.0036607952092061343,0.014303729590760173,0.024008831597304374,0.008713087602218984,14.070463605380073,13.503532793167455,13.359333333333334,1.558760215078798,1.5325807835789,1.5504421131637476
final_joint_baseline_44mer,hs_quadratic,9,33,319.396,train,0.07881231449589673,0.08067133646055782,0.003266966093419954,0.014812295390089315,0.019143680981886187,0.007109653905259847,14.099472795325909,13.65981140225767,13.572,1.560315682543106,1.5263753239276427,1.5345893392057746
final_joint_baseline_44mer,hs_quadratic,9,34,320.672,train,0.08054222093312766,0.08997773962856395,0.004386039451713826,0.015003672173482287,0.01995028523280017,0.009240846680800056,14.246917031830076,13.814298264308839,13.766666666666667,1.5576941339806614,1.520269943047867,1.5307184368030695
final_joint_baseline_44mer,hs_quadratic,9,35,321.954,train,0.07784934608928495,0.08407958805964555,0.004516824350618689,0.013790655183345468,0.02227625168676671,0.006952728168232567,14.381535283914552,13.96703897660067,13.897333333333334,1.553315696022292,1.5142616751001092,1.5120495271680512
final_joint_baseline_44mer,hs_quadratic,9,36,323.241,train,0.07947847379982824,0.08918118538446063,0.00381172709446491,0.013763340952308517,0.02038476283158701,0.009094862969286934,14.587121903718579,14.117713474924448,14.127333333333333,1.545519977992165,1.5083618958799592,1.5013062468725389
final_joint_baseline_44mer,hs_quadratic,9,37,324.533,train,0.07571968289781829,0.0867267597725048,0.004343882671518377,0.013486928454611113,0.01839895211294607,0.007678914220498738,14.566468109062138,14.266122963545682,14.011333333333333,1.5455605687236313,1.5025770632370872,1.5164004067363013
final_joint_baseline_44mer,hs_quadratic,9,38,325.83,train,0.07849904424336147,0.08916354265785476,0.004667456004741614,0.013673268845487824,0.021368640051853374,0.00917828692237585,14.80466496257075,14.41206861477525,14.551333333333332,1.5404790686617498,1.4969135291694686,1.485559944141983
final_joint_baseline_44mer,hs_quadratic,9,39,327.132,train,0.08028921502823588,0.09892003446982314,0.005500003702619912,0.015820254044480425,0.020516067282361307,0.00550400891578785,14.926329042663259,14.555352249655236,14.655333333333335,1.543821294173438,1.4913775207509943,1.4975480183667251
final_joint_baseline_44mer,hs_quadratic,9,40,328.44,train,0.07567038118644989,0.07852958534624771,0.004493201306629479,0.015262842585824795,0.023276216440781233,0.008634819256440416,15.05278513176313,14.695883094373755,14.678,1.540026443712756,1.4859710496061576,1.4903393231681972
final_joint_baseline_44mer,hs_quadratic,9,41,329.753,train,0.07971237160107156,0.08455553826802051,0.004514524127299236,0.016833353823547503,0.022451851619042604,0.006157379494953671,15.265959923315682,14.833354536810432,14.630666666666666,1.5372187904758519,1.4807043627561713,1.4810566474285436
final_joint_baseline_44mer,hs_quadratic,9,42,331.071,train,0.07443536731925915,0.07553042844335778,0.004746615180549739,0.01798949074379959,0.026260012146948175,0.00810423624454029,15.465113961414396,14.967573846373398,14.788,1.5314127841504375,1.4755832242314912,1.4712474922298522
final_joint_baseline_44mer,hs_quadratic,9,43,332.394,train,0.07909831339491194,0.09216931202105783,0.006891092050974447,0.017976677353018403,0.030356205607488557,0.00880577233402258,15.650857373257864,15.098351431805074,15.293333333333333,1.5244549200868058,1.4706132131313236,1.4659832858464037
final_joint_baseline_44mer,hs_quadratic,9,44,333.723,train,0.07578095858374997,0.06913484789659169,0.0061786212293454745,0.019081244936125265,0.02847370303337021,0.009501943904272201,15.79094470817357,15.225595520783774,15.452666666666666,1.5161238639190366,1.4657961561873496,1.454265703234721
final_joint_baseline_44mer,hs_quadratic,9,45,335.057,train,0.07499864974464604,0.08842615159185968,0.007113976105096214,0.018481504068477695,0.028917205903843855,0.01041336024460328,15.881811058365287,15.349023623140315,15.369333333333334,1.5139679599741689,1.4611410657369641,1.4471933866822861
final_joint_baseline_44mer,hs_quadratic,9,46,336.396,train,0.0762937950667973,0.08067500160303652,0.004285485570524932,0.0181115007798332,0.02992098138365361,0.011024664848293623,15.95942996470087,15.468458193872307,15.249333333333333,1.5107176380054235,1.4566529239696968,1.465555186207539
final_joint_baseline_44mer,hs_quadratic,9,47,337.741,train,0.07625612084496577,0.06739395059278581,0.005727766062409417,0.018078217228296296,0.031200227666540944,0.00965994039640494,16.191268790700505,15.583810653552298,15.788666666666668,1.5031807816212521,1.4523333607708508,1.4378442714852295
final_joint_baseline_44mer,hs_quadratic,9,48,339.091,train,0.0720533704070298,0.07688523301726527,0.006069099742250163,0.016966027627567038,0.023509788352915305,0.009815085339850406,16.2934658572211,15.694822495155575,15.626666666666667,1.4997236766808852,1.448190362311869,1.4520888807860965
final_joint_baseline_44mer,hs_quadratic,9,49,340.446,train,0.07193360835075224,0.07708125121918757,0.006421786403937447,0.016756713878210473,0.019918589968228862,0.00901898889305196,16.485230661554375,15.80133163238917,15.618,1.4953283897396434,1.444228281277338,1.4553854358895386
final_joint_baseline_44mer,hs_quadratic,9,50,341.807,train,0.07506374615354028,0.06753254354350507,0.009010983920170662,0.017294085757542273,0.030724291640091692,0.010466529053791657,16.691355897389087,15.903254724840139,16.192,1.4903387932207046,1.4404485579825337,1.4263744660565618
final_joint_baseline_44mer,hs_quadratic,9,51,343.173,train,0.0680393526460994,0.072482599532614,0.005444054332975533,0.015637198409545888,0.024504605635653626,0.0072096942863989,16.85042336132919,16.000360636703853,16.06,1.4792115717588992,1.436858133849582,1.4320489222636745
final_joint_baseline_44mer,hs_quadratic,9,52,344.545,train,0.06884833986235794,0.07033072804532028,0.005264260962703651,0.015335670208881061,0.017836085694308952,0.007617743834784329,17.108302522670563,16.0925699231791,15.726,1.4707794216938925,1.4334583525625182,1.4472313241122772
final_joint_baseline_44mer,hs_quadratic,9,53,345.922,train,0.06469848801233796,0.06485041579573969,0.009088006352245832,0.014860114379938356,0.021726547082548512,0.008156861015724336,17.151692684559674,16.17967073749285,16.296666666666667,1.4674249423764787,1.430255477124929,1.4219019342600365
final_joint_baseline_44mer,hs_quadratic,9,54,347.305,train,0.06867132513497734,0.07316507499269495,0.007180599211491055,0.0161295844049804,0.020230327481282947,0.00737902466905891,17.198451478911814,16.261587531355772,16.118666666666666,1.4707388309624263,1.4272507897907394,1.424034925909823
final_joint_baseline_44mer,hs_quadratic,9,55,348.693,train,0.06774235378497434,0.06509622012745728,0.005086680182656465,0.015272640555822567,0.024041901156631646,0.010311233506848295,17.365968291643842,16.33812819353404,16.28066666666667,1.46534792230597,1.42444990238788,1.425855658927642
final_joint_baseline_44mer,hs_quadratic,9,56,350.086,train,0.06995886798550893,0.07469321580122543,0.005248908543352887,0.015045738392011569,0.021149162480386376,0.006717574494334844,17.642026124398996,16.409171888561115,16.402,1.4586152219225486,1.4218558629888152,1.4270542447500603
final_joint_baseline_44mer,hs_quadratic,9,57,351.486,train,0.06799940375206241,0.06501072040694812,0.0056036152819664165,0.015899348799265866,0.026755731684454297,0.0082336746907147,17.59089830199014,16.47469310437318,16.324666666666666,1.459674410254965,1.4194683160860033,1.414421321388983
final_joint_baseline_44mer,hs_quadratic,9,58,352.891,train,0.06608111355404701,0.07189575939367374,0.007069166648926688,0.014735538029918066,0.021962109799564332,0.008099532183425025,17.764145137240583,16.53447634790061,16.256666666666664,1.454219169118449,1.4172939072820954,1.4200555068186347
final_joint_baseline_44mer,hs_quadratic,9,59,354.301,train,0.06559902780882465,0.07100808993114373,0.006989874482245826,0.015002168617029554,0.02041998892206448,0.00896950383130517,17.849990870914734,16.58841807133316,16.377333333333333,1.4515792398474154,1.415335274056374,1.4216117212789257
final_joint_baseline_44mer,hs_quadratic,9,60,355.717,train,0.06404890399759572,0.05462062445398856,0.006475632042033962,0.014662257147440929,0.025203095242445683,0.007308194326094799,17.95618609640314,16.63645212836896,16.927999999999997,1.4478678684382402,1.4135937879890719,1.3967617012923077
final_joint_baseline_44mer,hs_quadratic,9,61,357.139,train,0.06302210166280922,0.05769483566972631,0.00760934514229558,0.015202748118073412,0.023694140653185317,0.010203479838117516,17.985555124459857,16.678473009812315,16.715333333333334,1.4474435804149874,1.4120723464973433,1.4080181117538282
final_joint_baseline_44mer,hs_quadratic,9,62,358.567,train,0.059478137547308844,0.06228302310387887,0.004885556573835881,0.015277007886462027,0.0237050437265852,0.007650610177667484,17.929191771651148,16.714380462001134,16.873333333333335,1.4479398595468786,1.4107737558313098,1.4091762043988003
final_joint_baseline_44mer,hs_quadratic,9,63,360.0,train,0.05845808799295134,0.05002822676173348,0.006009203500427397,0.01492913973504518,0.029127189035875443,0.010535726761956465,18.00590271438135,16.744060948475948,16.954,1.448537998438865,1.409701407520625,1.4019569612941323
final_joint_baseline_44mer,hs_quadratic,10,0,280.0,train,0.055830234021425715,0.06405772033904444,0.005009516600074813,0.017818328239700254,0.022142426561353686,0.0069565639152986795,8.984389264195727,8.53437652046388,8.630666666666666,1.7330192887155929,1.7461932761303853,1.736473924936651
final_joint_baseline_44mer,hs_quadratic,10,1,281.119,train,0.0549544215147567,0.05451247335157787,0.0027521809803516366,0.017439777169752424,0.016759562860450918,0.009423123259358696,9.245772472764894,8.672176296139227,8.881333333333334,1.7254357146970922,1.739825687932702,1.7338373036394126
final_joint_baseline_44mer,hs_quadratic,10,2,282.243,train,0.058473741217887426,0.059923351921652185,0.004302647925188271,0.01788886648674338,0.026319869946924833,0.008396308785899908,9.307776459132127,8.811708925125142,8.780000000000001,1.7239583652442858,1.7334044574717895,1.7331422597184
final_joint_baseline_44mer,hs_quadratic,10,3,283.371,train,0.06222063376624422,0.07092950285751047,0.00360938474396523,0.01701890544912629,0.02138648031625165,0.007581170344846422,9.5004241220863,8.952829234037676,9.062000000000001,1.7181079388731155,1.7269371847911135,1.7323800346158167
final_joint_baseline_44mer,hs_quadratic,10,4,284.504,train,0.06296273012420375,0.06108853812385698,0.004732949192335696,0.01585249514656551,0.01988084722334269,0.00818387582682328,9.659105501795388,9.095637713990632,8.967333333333332,1.7148231530757665,1.7204201776397308,1.7320794629203293
final_joint_baseline_44mer,hs_quadratic,10,5,285.641,train,0.061975340283792764,0.06906767587909862,0.004796562962621924,0.015404162116734045,0.01968184347533261,0.010801423014172588,9.834191086969753,9.239979923080462,9.430666666666667,1.70995073357408,1.7138613867994579,1.7073029107167836
final_joint_baseline_44mer,hs_quadratic,10,6,286.783,train,0.06585998529321346,0.0713491922439631,0.0032711311254697327,0.01592283890589107,0.021483203440297957,0.008862524699579055,10.003320324386829,9.385950339428337,9.249333333333333,1.700945718091396,1.7072574092686503,1.70212857853537
final_joint_baseline_44mer,hs_quadratic,10,7,287.929,train,0.06839693376903502,0.07861216202755018,0.004338751896784909,0.015772313290071817,0.021495577161639565,0.008330154573385044,10.215862546406182,9.533384390823805,9.592666666666666,1.6943485754338155,1.7006165632561467,1.7005658093860765
final_joint_baseline_44mer,hs_quadratic,10,8,289.08,train,0.07348868148149215,0.07347230018361045,0.004627952923864997,0.01596524486830895,0.020513405489929536,0.008056931911523688,10.399694936400707,9.682369383906769,9.726666666666667,1.6849675212879243,1.6939357682671485,1.7059712016721607
final_joint_baseline_44mer,hs_quadratic,10,9,290.235,train,0.0731140384882975,0.08604762766939576,0.005008867945471246,0.015476021059989051,0.019628074020035774,0.0076710955015908645,10.524419922707079,9.832729739106941,10.014000000000001,1.681340394793113,1.687223724195884,1.6836501459452802
final_joint_baseline_44mer,hs_quadratic,10,10,291.395,train,0.07122788883075235,0.09283706598348965,0.004528553952617434,0.015951950773118194,0.025554763725530893,0.010624535743429966,10.66035238269125,9.984544379386339,10.002666666666666,1.6777821959555088,1.680477705216683,1.669699052121795
final_joint_baseline_44mer,hs_quadratic,10,11,292.56,train,0.0725724689755215,0.08187013713900786,0.002412971406042808,0.01597323029521311,0.02502946925521961,0.009595941403951116,10.742928001947536,10.137757674600426,10.095333333333333,1.6731364718597481,1.6737009866963994,1.6826466569269756
final_joint_baseline_44mer,hs_quadratic,10,12,293.729,train,0.07150899163460206,0.0834189005832352,0.0047048454873373086,0.015817755003167233,0.02246753506541399,0.00808994391632814,10.807456941147832,10.29217585695099,10.225999999999999,1.6738479584546968,1.6669028635035112,1.6620726227922882
final_joint_baseline_44mer,hs_quadratic,10,13,294.903,train,0.07084155504790976,0.07877118134331745,0.003934257681384733,0.015991270115777317,0.020517802457126737,0.01000507303072741,10.913218154707565,10.447862877145635,10.723333333333333,1.6724701711734125,1.6600812009126358,1.638793259152356
final_joint_baseline_44mer,hs_quadratic,10,14,296.082,train,0.07469943698436077,0.08558705590902213,0.004635668491235702,0.0179014092615358,0.027280011210359244,0.010502615176271636,11.137181242772805,10.604745210160374,10.639333333333333,1.665708368001392,1.653239893658461,1.6461568927221404
final_joint_baseline_44mer,hs_quadratic,10,15,297.266,train,0.07425089222770272,0.07619440658578608,0.004646694444291043,0.017446766643673,0.027330682901766143,0.010237379848241069,11.28130401375449,10.762742823708441,10.600666666666667,1.6584518174231966,1.6463830514782072,1.6583364272385765
final_joint_baseline_44mer,hs_quadratic,10,16,298.454,train,0.07464174812887568,0.07864628336571064,0.0031192027014583738,0.015126695099371347,0.019315671159239003,0.007836463432909977,11.462236397662954,10.921635091475782,10.826,1.653061674629598,1.639520767925565,1.6432893522653413
final_joint_baseline_44mer,hs_quadratic,10,17,299.647,train,0.07512354417820208,0.07801287652295008,0.005433061499612393,0.01570326526021423,0.021580188163144616,0.00973657215169165,11.609464579149169,11.08146186274376,10.990666666666666,1.6439808387239871,1.6326517763455244,1.6372291223610558
final_joint_baseline_44mer,hs_quadratic,10,18,300.845,train,0.07896191332787245,0.08614225592900002,0.003204837643547163,0.015389071646722883,0.021653987479634818,0.00862477576070816,11.843582253058244,11.242122674451647,11.106666666666667,1.6384022936673557,1.6257808216971077,1.6372368277444784
final_joint_baseline_44mer,hs_quadratic,10,19,302.047,train,0.08073652391512168,0.07934329944951116,0.0026485399973202924,0.015732535067090592,0.021322816091542136,0.007190199960125879,12.03045767147465,11.403375750745292,11.347333333333333,1.6302856790997862,1.6189185546721157,1.6178205633295952
final_joint_baseline_44mer,hs_quadratic,10,20,303.254,train,0.08271327100201803,0.08645739502957833,0.0036629901171662117,0.015531627786063444,0.020377206542970223,0.0066062804622740706,12.269134182338263,11.56524055653619,11.715333333333334,1.6206763978222538,1.6120643787070925,1.601168264468178
final_joint_baseline_44mer,hs_quadratic,10,21,304.467,train,0.08138616447536096,0.0894614072052237,0.003564729452575052,0.013710367146172946,0.02141543070339367,0.009059466408450387,12.378670272655349,11.727729086534056,11.686,1.611008910967524,1.605218019037899,1.6080383338999855
final_joint_baseline_44mer,hs_quadratic,10,22,305.683,train,0.08409797547222334,0.08936218121985184,0.003902149219673137,0.0138506403146717,0.017140977987659282,0.007475924529086955,12.575666042845839,11.890310698020503,11.880666666666666,1.6024266517823778,1.5984018951349026,1.6080893726941259
final_joint_baseline_44mer,hs_quadratic,10,23,306.905,train,0.08227776311462771,0.09976990804157929,0.006037995196278944,0.013350739274079237,0.024171291973498682,0.009992538219698371,12.589017710425416,12.053250646268243,12.124666666666666,1.6065431646433592,1.5916048561654577,1.6002529158674426
final_joint_baseline_44mer,hs_quadratic,10,24,308.132,train,0.07683692967897003,0.08239630808178737,0.005559228724873455,0.014031414698195199,0.018086493364640785,0.006567403909542004,12.680625798794962,12.216271737795525,12.161333333333333,1.6048980912246824,1.584838424547576,1.576615202936051
final_joint_baseline_44mer,hs_quadratic,10,25,309.364,train,0.07797097193294793,0.07667251323172225,0.006020625162367784,0.014529573678192072,0.0207351598074339,0.007512586909761879,12.839442212890269,12.379223745328567,12.127333333333333,1.602065164513469,1.578108655342082,1.593312533900226
final_joint_baseline_44mer,hs_quadratic,10,26,310.6,train,0.07271093708536365,0.08039584927140965,0.003823834990912868,0.015705814907197628,0.025769731654482146,0.008300345539178407,12.760165616821862,12.541818651588923,12.271999999999998,1.6043305868470101,1.5714271227828123,1.57614211784042
final_joint_baseline_44mer,hs_quadratic,10,27,311.842,train,0.07331211129183657,0.07181273549031582,0.00498931520427472,0.01588673313944151,0.025712281151322847,0.00940723235374243,12.944969113261518,12.70415645345659,12.615333333333332,1.5958195529076442,1.5647893365731262,1.5708802166732005
final_joint_baseline_44mer,hs_quadratic,10,28,313.088,train,0.07704482070349017,0.07842738371627514,0.004103309546769461,0.016496891492232622,0.021898799756249195,0.008662205695865073,13.29451341975534,12.865806829159379,12.797333333333334,1.5835136685075968,1.5582124095048893,1.5499698832880622
final_joint_baseline_44mer,hs_quadratic,10,29,314.34,train,0.07320140200786714,0.08367846026712308,0.00427452204833235,0.014071663184485852,0.022142386837990212,0.006922309224755833,13.48962745724545,13.026854609957226,13.012666666666668,1.5730841481092992,1.5516923042978434,1.5480294265462473
final_joint_baseline_44mer,hs_quadratic,10,30,315.596,train,0.07437293806105216,0.07744161382820842,0.005854793597961363,0.014474549893673415,0.021472080257642683,0.011141415002360416,13.672765276002677,13.186862978615054,13.134000000000004,1.567634268012788,1.5452460189882786,1.5541908345164164
final_joint_baseline_44mer,hs_quadratic,10,31,316.858,train,0.07418064921151035,0.078827604183485,0.0036199075615115208,0.014345921839851773,0.022282244497981232,0.008274627727064504,13.829060921429004,13.345902427046024,13.317333333333334,1.5631233357800103,1.5388699251761846,1.5425946975946698
final_joint_baseline_44mer,hs_quadratic,10,32,318.124,train,0.07444858016624356,0.0843877018377001,0.0030843465322016915,0.014303729590760173,0.018148438742331185,0.010682206047726383,14.070463605380073,13.503532793167455,13.369333333333334,1.558760215078798,1.5325807835789,1.5500207256688379
final_joint_baseline_44mer,hs_quadratic,10,33,319.396,train,0.07881231449589673,0.09269740947864177,0.0037785085903678374,0.014812295390089315,0.023382926161920066,0.008260501220916538,14.099472795325909,13.65981140225767,13.656666666666666,1.560315682543106,1.5263753239276427,1.529114244990344
final_joint_baseline_44mer,hs_quadratic,10,34,320.672,train,0.08054222093312766,0.08224820933101173,0.005246731375482725,0.015003672173482287,0.027237759847318334,0.009474296938428894,14.246917031830076,13.814298264308839,13.981333333333332,1.5576941339806614,1.520269943047867,1.5119036457469721
final_joint_baseline_44mer,hs_quadratic,10,35,321.954,train,0.07784934608928495,0.0852341037147758,0.004270900319580776,0.013790655183345468,0.021828585060062224,0.008097291240271799,14.381535283914552,13.96703897660067,14.055333333333333,1.553315696022292,1.5142616751001092,1.51144735807608
final_joint_baseline_44mer,hs_quadratic,10,36,323.241,train,0.07947847379982824,0.07679483845626103,0.003912939082252025,0.013763340952308517,0.0223081740615372,0.008446248513918184,14.587121903718579,14.117713474924448,14.067333333333334,1.545519977992165,1.5083618958799592,1.4996829768937756
final_joint_baseline_44mer,hs_quadratic,10,37,324.533,train,0.07571968289781829,0.08435896703169371,0.002326912638479287,0.013486928454611113,0.01926606325421478,0.00880154980475478,14.566468109062138,14.266122963545682,14.206,1.5455605687236313,1.5025770632370872,1.5007863414723155
final_joint_baseline_44mer,hs_quadratic,10,38,325.83,train,0.07849904424336147,0.09004301887928658,0.004949944640462417,0.013673268845487824,0.022058342146127993,0.009363063579195923,14.80466496257075,14.41206861477525,14.113333333333333,1.5404790686617498,1.4969135291694686,1.5125398004732682
final_joint_baseline_44mer,hs_quadratic,10,39,327.132,train,0.08028921502823588,0.08270885014302903,0.004619886978485869,0.015820254044480425,0.022753936058240568,0.006358740922816205,14.926329042663259,14.555352249655236,14.696666666666665,1.543821294173438,1.4913775207509943,1.4925100576151582
final_joint_baseline_44mer,hs_quadratic,10,40,328.44,train,0.07567038118644989,0.07899302911806005,0.005530530465749299,0.015262842585824795,0.023710951277253776,0.008854891495177163,15.05278513176313,14.695883094373755,14.714,1.540026443712756,1.4859710496061576,1.484714778834459
final_joint_baseline_44mer,hs_quadratic,10,41,329.753,train,0.07971237160107156,0.08050084268068139,0.004371691878631657,0.016833353823547503,0.016846515204721444,0.006397670545973164,15.265959923315682,14.833354536810432,14.61,1.5372187904758519,1.4807043627561713,1.5017043965618166
final_joint_baseline_44mer,hs_quadratic,10,42,331.071,train,0.07443536731925915,0.0786091315372934,0.005320633406406244,0.01798949074379959,0.02606345527929336,0.009058739345167995,15.465113961414396,14.967573846373398,14.941333333333333,1.5314127841504375,1.4755832242314912,1.4781195038618873
final_joint_baseline_44mer,hs_quadratic,10,43,332.394,train,0.07909831339491194,0.07625600662079988,0.006823905309215954,0.017976677353018403,0.024075371385760318,0.007277333946298837,15.650857373257864,15.098351431805074,15.131333333333332,1.5244549200868058,1.4706132131313236,1.4804370625994903
final_joint_baseline_44mer,hs_quadratic,10,44,333.723,train,0.07578095858374997,0.06964853922006757,0.00699427039947296,0.019081244936125265,0.022477774143252978,0.008868676753820526,15.79094470817357,15.225595520783774,15.144000000000002,1.5161238639190366,1.4657961561873496,1.4749981613381506
final_joint_baseline_44mer,hs_quadratic,10,45,335.057,train,0.07499864974464604,0.08916526342597156,0.007827734445859378,0.018481504068477695,0.026187570588787196,0.008640484173706657,15.881811058365287,15.349023623140315,15.24,1.5139679599741689,1.4611410657369641,1.4616724856040744
final_joint_baseline_44mer,hs_quadratic,10,46,336.396,train,0.0762937950667973,0.07049046416541674,0.0072629930294874105,0.0181115007798332,0.024618902488814928,0.008014748319582047,15.95942996470087,15.468458193872307,15.408000000000001,1.5107176380054235,1.4566529239696968,1.468766289621134
final_joint_baseline_44mer,hs_quadratic,10,47,337.741,train,0.07625612084496577,0.07257135180453099,0.006974332666871813,0.018078217228296296,0.03167786829015559,0.011690340203745132,16.191268790700505,15.583810653552298,15.450666666666669,1.5031807816212521,1.4523333607708508,1.4634857610317136
final_joint_baseline_44mer,hs_quadratic,10,48,339.091,train,0.0720533704070298,0.07427106381648284,0.005134886835055198,0.016966027627567038,0.03079036672157571,0.009061527893725519,16.2934658572211,15.694822495155575,15.763333333333332,1.4997236766808852,1.448190362311869,1.4378116398370102
final_joint_baseline_44mer,hs_quadratic,10,49,340.446,train,0.07193360835075224,0.09127248310725039,0.006072028545713911,0.016756713878210473,0.028974334322221407,0.00966107558157349,16.485230661554375,15.80133163238917,15.899333333333333,1.4953283897396434,1.444228281277338,1.437059492001372
final_joint_baseline_44mer,hs_quadratic,10,50,341.807,train,0.07506374615354028,0.08188545163008708,0.003347191588050839,0.017294085757542273,0.02717488473114862,0.009500936464576386,16.691355897389087,15.903254724840139,15.844000000000001,1.4903387932207046,1.4404485579825337,1.439513381744696
final_joint_baseline_44mer,hs_quadratic,10,51,343.173,train,0.0680393526460994,0.06939189141688176,0.005549130800126466,0.015637198409545888,0.022399122470358065,0.007888163425889836,16.85042336132919,16.000360636703853,15.953333333333337,1.4792115717588992,1.436858133849582,1.4402495946216043
final_joint_baseline_44mer,hs_quadratic,10,52,344.545,train,0.06884833986235794,0.07243269271884996,0.005445427632742903,0.015335670208881061,0.020566564468616447,0.00894215534298973,17.108302522670563,16.0925699231791,16.048000000000002,1.4707794216938925,1.4334583525625182,1.4290862456861475
final_joint_baseline_44mer,hs_quadratic,10,53,345.922,train,0.06469848801233796,0.06142165483099375,0.006265920427546642,0.014860114379938356,0.023729104009879508,0.008591001438370233,17.151692684559674,16.17967073749285,16.241999999999997,1.4674249423764787,1.430255477124929,1.414644505168944
final_joint_baseline_44mer,hs_quadratic,10,54,347.305,train,0.06867132513497734,0.06306387431804084,0.004652506723967087,0.0161295844049804,0.022489441612846103,0.006684352578936831,17.198451478911814,16.261587531355772,16.240000000000002,1.4707388309624263,1.4272507897907394,1.4314293077717821
final_joint_baseline_44mer,hs_quadratic,10,55,348.693,train,0.06774235378497434,0.05846535428742522,0.005880936198352442,0.015272640555822567,0.022356504829511598,0.010078190162994629,17.365968291643842,16.33812819353404,16.53,1.46534792230597,1.42444990238788,1.4278637920385728
final_joint_baseline_44mer,hs_quadratic,10,56,350.086,train,0.06995886798550893,0.07235036714978751,0.006217568115983927,0.015045738392011569,0.017713953992496114,0.009367265984354958,17.642026124398996,16.409171888561115,16.310666666666666,1.4586152219225486,1.4218558629888152,1.4265455607103208
final_joint_baseline_44mer,hs_quadratic,10,57,351.486,train,0.06799940375206241,0.06009594556445715,0.007760684383783113,0.015899348799265866,0.021668892343305893,0.005734082461823389,17.59089830199014,16.47469310437318,16.61266666666667,1.459674410254965,1.4194683160860033,1.4150198598282628
final_joint_baseline_44mer,hs_quadratic,10,58,352.891,train,0.06608111355404701,0.07174956266327616,0.00818591401256236,0.014735538029918066,0.023649469950240646,0.010138101196352308,17.764145137240583,16.53447634790061,16.69466666666667,1.454219169118449,1.4172939072820954,1.4110221603808504
final_joint_baseline_44mer,hs_quadratic,10,59,354.301,train,0.06559902780882465,0.06986311245257674,0.005782022158697279,0.015002168617029554,0.026889115022314683,0.009844353331992137,17.849990870914734,16.58841807133316,16.676000000000002,1.4515792398474154,1.415335274056374,1.4106013508759425
final_joint_baseline_44mer,hs_quadratic,10,60,355.717,train,0.06404890399759572,0.06663492465929316,0.006824991487915804,0.014662257147440929,0.02402911417616125,0.008453847705453568,17.95618609640314,16.63645212836896,16.733333333333334,1.4478678684382402,1.4135937879890719,1.4059649162701218
final_joint_baseline_44mer,hs_quadratic,10,61,357.139,train,0.06302210166280922,0.06523353145415699,0.006737218313395446,0.015202748118073412,0.02040487497552989,0.008376643201353166,17.985555124459857,16.678473009812315,16.518666666666668,1.4474435804149874,1.4120723464973433,1.4220483798899497
final_joint_baseline_44mer,hs_quadratic,10,62,358.567,train,0.059478137547308844,0.05541935362933134,0.004954684420989954,0.015277007886462027,0.016928648672063593,0.007147191530437909,17.929191771651148,16.714380462001134,16.644666666666666,1.4479398595468786,1.4107737558313098,1.4152954838862155
final_joint_baseline_44mer,hs_quadratic,10,63,360.0,train,0.05845808799295134,0.05713186030793105,0.008216325985070293,0.01492913973504518,0.02048809103332006,0.007986075114058086,18.00590271438135,16.744060948475948,16.87666666666667,1.448537998438865,1.409701407520625,1.4009241740163951
final_joint_baseline_44mer,poly2,1,0,280.0,train,0.05594803204531839,0.05798089521697257,0.0029591088225968867,0.01773849532769333,0.02019314630814134,0.0062217064375357164,8.984389264195727,8.555573769199817,8.42,1.7330192887155929,1.745212083422836,1.759865153287815
final_joint_baseline_44mer,poly2,1,1,281.119,train,0.055009465993828735,0.05776809674075413,0.002435847206561627,0.0173718755706406,0.027463323413202755,0.010465433876803192,9.245772472764894,8.690555603301078,8.754000000000001,1.7254357146970922,1.7389783599614015,1.7236689091652602
final_joint_baseline_44mer,poly2,1,2,282.243,train,0.05854939030685096,0.056461743619929006,0.00392669575114357,0.01784310418172068,0.02637084064256416,0.009516866261999334,9.307776459132127,8.827360692086232,8.831333333333333,1.7239583652442858,1.7326858277707997,1.7531616329255513
final_joint_baseline_44mer,poly2,1,3,283.371,train,0.062264279054745686,0.06904919595633038,0.0029315050082477003,0.016980087328852957,0.02497761849082008,0.008166264439134315,9.5004241220863,8.965851276383198,9.013333333333334,1.7181079388731155,1.7263417779769383,1.7174453960033913
final_joint_baseline_44mer,poly2,1,4,284.504,train,0.06299469195027939,0.06986589446377423,0.002647388047629161,0.01582961124418446,0.023803601678182157,0.007576170198116898,9.659105501795388,9.10613051530608,9.107333333333333,1.7148231530757665,1.7199424380796242,1.7115585470007824
final_joint_baseline_44mer,poly2,1,5,285.641,train,0.06199542990775824,0.05639718455197264,0.0026556595995459054,0.015385869615469852,0.02370433611360296,0.012821510216715959,9.834191086969753,9.248051185918499,9.217333333333332,1.70995073357408,1.7134954716554083,1.7097988463159783
final_joint_baseline_44mer,poly2,1,6,286.783,train,0.06587349452267803,0.07629684630441366,0.0034114752221293416,0.015907496611475325,0.023575831908266724,0.010973199608960883,10.003320324386829,9.391710592840681,9.297999999999998,1.700945718091396,1.7069973978257438,1.7015088372152325
final_joint_baseline_44mer,poly2,1,7,287.929,train,0.06840153036020183,0.07938526404289403,0.004868425721422451,0.015762832015322754,0.02908959355072191,0.010075011983836556,10.215862546406182,9.536951083630065,9.538,1.6943485754338155,1.7004562743228582,1.7014550605664207
final_joint_baseline_44mer,poly2,1,8,289.08,train,0.0734904498887203,0.07754701054111698,0.003476388287467788,0.015960844715282148,0.023246214970695792,0.006558707055018149,10.399694936400707,9.68386286293136,9.48,1.6849675212879243,1.6938689495973538,1.7064510280655412
final_joint_baseline_44mer,poly2,1,9,290.235,train,0.07311367511917818,0.08207963382824915,0.0054880205666032345,0.015477214520889043,0.02317662996919035,0.006958957674537722,10.524419922707079,9.83227684463175,9.774,1.681340394793113,1.6872438954484634,1.692928738472022
final_joint_baseline_44mer,poly2,1,10,291.395,train,0.07122663036448118,0.07011663301920781,0.002912626713552558,0.015957186221508192,0.020625571344984613,0.010617400604005633,10.66035238269125,9.98227480790748,10.019333333333332,1.6777821959555088,1.6805783270532326,1.6748093395856587
final_joint_baseline_44mer,poly2,1,11,292.56,train,0.07257114301444251,0.07700236503714253,0.0036028182214423166,0.01598124488355001,0.024633261521251483,0.010170355456442369,10.742928001947536,10.133805654370116,10.126000000000001,1.6731364718597481,1.6738753906558987,1.6776888826676144
final_joint_baseline_44mer,poly2,1,12,293.729,train,0.07150299466355149,0.07763345697562718,0.004916828190745827,0.015823084951402264,0.020432863172318412,0.008796397259588848,10.807456941147832,10.286681178460565,10.264,1.6738479584546968,1.6671442135053633,1.669765564906841
final_joint_baseline_44mer,poly2,1,13,294.903,train,0.07083480853814239,0.08404762985894745,0.00441588418317173,0.015995133517143253,0.023219494653280284,0.007673433517854218,10.913218154707565,10.440967850515426,10.626000000000001,1.6724701711734125,1.6603826314515304,1.6469673743625532
final_joint_baseline_44mer,poly2,1,14,296.082,train,0.0747006002132131,0.08043218066137517,0.006189171074200105,0.017907811742119886,0.021483122103601086,0.007987045671472098,11.137181242772805,10.596595847186896,10.313333333333333,1.665708368001392,1.6535944628025334,1.6658684306676212
final_joint_baseline_44mer,poly2,1,15,297.266,train,0.07425072762370666,0.08108842846625264,0.004469270612225858,0.017454761052163432,0.02086966222440767,0.0067071080054026695,11.28130401375449,10.753488459444998,10.737333333333332,1.6584518174231966,1.6467837621525159,1.6516308847158723
final_joint_baseline_44mer,poly2,1,16,298.454,train,0.07464540985188726,0.07963150371461866,0.003750811615243037,0.015131607076535818,0.025116349632778527,0.010151122142660372,11.462236397662954,10.911428682518173,10.976666666666667,1.653061674629598,1.6399605612960408,1.6306488295834205
final_joint_baseline_44mer,poly2,1,17,299.647,train,0.07512561731962669,0.07667638934132495,0.004428812395859646,0.01571225342893269,0.02489130872380052,0.010086237123196989,11.609464579149169,11.070457752414786,11.194666666666667,1.6439808387239871,1.6331236288228448,1.630503792943109
final_joint_baseline_44mer,poly2,1,18,300.845,train,0.078976419268495,0.07724685482625462,0.005281979226004939,0.01539894411853779,0.02128898444673733,0.007748076179396696,11.843582253058244,11.230477030925513,11.164000000000001,1.6384022936673557,1.626277730081079,1.625316875764948
final_joint_baseline_44mer,poly2,1,19,302.047,train,0.08075602233564878,0.09199215459243537,0.005469617331786915,0.015744905569424122,0.02035846476581007,0.007168909379112706,12.03045767147465,11.391246276490591,11.265333333333334,1.6302856790997862,1.6194335531181145,1.632746278278554
final_joint_baseline_44mer,poly2,1,20,303.254,train,0.08274572308388779,0.09114115425383978,0.004258487143719743,0.015547416950196577,0.02316051470670762,0.009172664517136532,12.269134182338263,11.552784858210451,11.492666666666667,1.6206763978222538,1.6125906054218033,1.61678270783864
final_joint_baseline_44mer,poly2,1,21,304.467,train,0.0814136673478285,0.08875438846540688,0.004104423206228498,0.013726663669928764,0.02148512564499847,0.007551411937498907,12.378670272655349,11.715104443258278,11.642,1.611008910967524,1.605748726064094,1.6039641486533198
final_joint_baseline_44mer,poly2,1,22,305.683,train,0.0841340228438216,0.0811760438907004,0.004051406263787451,0.013868054110232633,0.016687845335806077,0.007206472169615817,12.575666042845839,11.877673532886885,12.041333333333334,1.6024266517823778,1.5989304789583823,1.5861886512928742
final_joint_baseline_44mer,poly2,1,23,306.905,train,0.08229974076790281,0.08445515376141571,0.003903104146050444,0.013352463190871244,0.018251351018080487,0.008757426471570618,12.589017710425416,12.040755188182182,11.865333333333334,1.6065431646433592,1.5921248992815327,1.5826011560693587
final_joint_baseline_44mer,poly2,1,24,308.132,train,0.07685170143914652,0.0889327433116271,0.005423927439118215,0.014019211264219695,0.02682938616066164,0.008552149256462733,12.680625798794962,12.204069365524022,12.404666666666667,1.6048980912246824,1.5853437288745258,1.5721835466801364
final_joint_baseline_44mer,poly2,1,25,309.364,train,0.07798023731391591,0.08477510975457696,0.0037002249007993754,0.014509938982058653,0.022004344844614138,0.008898793098209934,12.839442212890269,12.367461901201079,12.372666666666667,1.602065164513469,1.5785932814268195,1.573845126530312
final_joint_baseline_44mer,poly2,1,26,310.6,train,0.07270515254905355,0.0730513851122224,0.0031298149697326456,0.015675267039708292,0.0215579971204091,0.00834427980408027,12.760165616821862,12.530639250790248,12.48,1.6043305868470101,1.571885452274949,1.5708418570702043
final_joint_baseline_44mer,poly2,1,27,311.842,train,0.07331396322405753,0.07455233453559432,0.002244737748021865,0.01585602885249868,0.023030189791815772,0.0073840246163732436,12.944969113261518,12.693696247336248,12.692666666666668,1.5958195529076442,1.5652160455317268,1.5660295722026032
final_joint_baseline_44mer,poly2,1,28,313.088,train,0.07706182721721978,0.0933984532605876,0.004682663700400274,0.016477189204057975,0.02393499411216972,0.00687277991038851,13.29451341975534,12.856194166144284,12.808,1.5835136685075968,1.55860260109035,1.5573187053953128
final_joint_baseline_44mer,poly2,1,29,314.34,train,0.07322084459245481,0.08862767604932985,0.004018996843557693,0.014054573728485014,0.02025898281202236,0.006569128447871341,13.48962745724545,13.018210768292107,12.998666666666667,1.5730841481092992,1.5520414391875463,1.5520104948823332
final_joint_baseline_44mer,poly2,1,30,315.596,train,0.07439374395106316,0.0799905529582686,0.005258354915844417,0.014458712063523064,0.022240133060051813,0.00701903622051789,13.672765276002677,13.179298073504034,13.171333333333333,1.567634268012788,1.5455500780163909,1.5476694276275915
final_joint_baseline_44mer,poly2,1,31,316.858,train,0.0741976099665412,0.08358973733563577,0.0061198485958867295,0.014329438910500834,0.022083490925411703,0.006080139317716608,13.829060921429004,13.339517460133987,13.08,1.5631233357800103,1.5391253105624771,1.551306607649078
final_joint_baseline_44mer,poly2,1,32,318.124,train,0.07446621494799671,0.07884022285583794,0.0029795285881546742,0.014288829405069505,0.015405957925869886,0.010099190986406728,14.070463605380073,13.498414875562819,13.432666666666666,1.558760215078798,1.5327845040700545,1.5307693863357172
final_joint_baseline_44mer,poly2,1,33,319.396,train,0.07882102363767945,0.0770403997359585,0.004098364824324319,0.014797805628893206,0.022783842298941405,0.006838898974436458,14.099472795325909,13.656036423824395,13.328,1.560315682543106,1.526524871851883,1.5370216736801998
final_joint_baseline_44mer,poly2,1,34,320.672,train,0.08054766231463453,0.0717510256382627,0.005683240861001665,0.014993089549230931,0.023402318545181534,0.008940386356784027,14.246917031830076,13.811925632565904,14.014,1.5576941339806614,1.5203634937730852,1.5186619876366048
final_joint_baseline_44mer,poly2,1,35,321.954,train,0.07785096580781084,0.08135085196143732,0.003878263803724308,0.013786430365937137,0.018327240416175034,0.008060118457703016,14.381535283914552,13.966114783474811,13.699333333333332,1.553315696022292,1.514297945835154,1.5225035771219244
final_joint_baseline_44mer,poly2,1,36,323.241,train,0.0794770107676348,0.08562780449601431,0.003920587252241533,0.013765831564932074,0.019514521760372355,0.009654657399238011,14.587121903718579,14.118266128297908,14.222000000000001,1.545519977992165,1.5083403058408655,1.4986969767918925
final_joint_baseline_44mer,poly2,1,37,324.533,train,0.07571740326033546,0.07757282620308362,0.006702911869139584,0.013497967637224426,0.01819895320290549,0.007457089439837529,14.566468109062138,14.268163242649084,14.264,1.5455605687236313,1.5024977163333728,1.5031542421411417
final_joint_baseline_44mer,poly2,1,38,325.83,train,0.07849381029690808,0.08043220350314569,0.00512773380411332,0.013692274821664968,0.02262199027408577,0.008644444135592184,14.80466496257075,14.415588712164535,14.408666666666667,1.5404790686617498,1.4967772371878756,1.5002723193125491
final_joint_baseline_44mer,poly2,1,39,327.132,train,0.08028288045638413,0.07803129343219128,0.004249663227148634,0.01585113228213521,0.025136589873499704,0.008544470979520173,14.926329042663259,14.560324886851923,14.828666666666667,1.543821294173438,1.4911858236186073,1.4828872659979873
final_joint_baseline_44mer,poly2,1,40,328.44,train,0.07566404354052655,0.07544709924622038,0.00481536176095945,0.015304244734599959,0.025191657690564705,0.009618661541665737,15.05278513176313,14.702261766929528,14.719333333333331,1.540026443712756,1.485726193191478,1.490352203987331
final_joint_baseline_44mer,poly2,1,41,329.753,train,0.07970085642600144,0.08389668237392184,0.004391964384520209,0.016884751431157783,0.022807356898475496,0.00891412035123947,15.265959923315682,14.841070567232759,14.880666666666666,1.5372187904758519,1.4804093977390598,1.469640108897933
final_joint_baseline_44mer,poly2,1,42,331.071,train,0.07442063907595126,0.07159642236518614,0.003475758080880148,0.018048772599647534,0.02671314200778925,0.0097775312335027,15.465113961414396,14.97653688237838,14.979333333333333,1.5314127841504375,1.475241974262333,1.4784029976294824
final_joint_baseline_44mer,poly2,1,43,332.394,train,0.07908076622444213,0.07531325147527665,0.004845818806914138,0.018042299867232242,0.025735848349191105,0.007327695978068717,15.650857373257864,15.108448903936885,15.005333333333333,1.5244549200868058,1.4702302835522987,1.4681937371529679
final_joint_baseline_44mer,poly2,1,44,333.723,train,0.07575620587585863,0.08725130161659436,0.004733157624736292,0.019152582705667436,0.02645572559079478,0.008196441095731173,15.79094470817357,15.236692884789438,15.281333333333333,1.5161238639190366,1.4653769151217664,1.455943147344337
final_joint_baseline_44mer,poly2,1,45,335.057,train,0.07497390547845909,0.07623250803227896,0.005771954078429476,0.01856575209303925,0.02706902347843334,0.008970632389224081,15.881811058365287,15.36096234861937,15.585333333333335,1.5139679599741689,1.460691707997285,1.4400595757789116
final_joint_baseline_44mer,poly2,1,46,336.396,train,0.07627331806669428,0.07781162604866423,0.00456766111949738,0.01820212552087802,0.023794450270458678,0.009181036813542086,15.95942996470087,15.481056392551103,15.218666666666667,1.5107176380054235,1.4561804392829132,1.4815486043757022
final_joint_baseline_44mer,poly2,1,47,337.741,train,0.07622814415208337,0.0752555574595831,0.004682850938686176,0.01816370624932627,0.02531272179743736,0.00970228613262695,16.191268790700505,15.596863141170864,15.442,1.5031807816212521,1.451845525269019,1.4603087608565883
final_joint_baseline_44mer,poly2,1,48,339.091,train,0.07202257990337141,0.07509021837731973,0.00622588832159536,0.017056139013221623,0.025620534518169553,0.007121972091291272,16.2934658572211,15.708099808362185,15.768000000000002,1.4997236766808852,1.447695766746764,1.4475955851918418
final_joint_baseline_44mer,poly2,1,49,340.446,train,0.07189742372380968,0.07671488529352502,0.006543881320024436,0.01685208456140155,0.024478107453148407,0.009125902998764281,16.485230661554375,15.814580552654947,15.778666666666666,1.4953283897396434,1.4437363080004952,1.4471982585736765
final_joint_baseline_44mer,poly2,1,50,341.807,train,0.07502923798147952,0.06629731562087487,0.007041598651835812,0.01738095623082603,0.026573377139327475,0.008464185308085148,16.691355897389087,15.916197974146993,16.164,1.4903387932207046,1.4399693903434387,1.43233765439377
final_joint_baseline_44mer,poly2,1,51,343.173,train,0.0680029412584976,0.06433547262915282,0.006539684950119461,0.01571497125158077,0.02193184368097413,0.007565335143575838,16.85042336132919,16.012697175410864,15.904,1.4792115717588992,1.4364027415288203,1.440465882152628
final_joint_baseline_44mer,poly2,1,52,344.545,train,0.06880113617503464,0.07063478536705109,0.0057256938971491905,0.0154060462777716,0.020576167963664946,0.007066712786381024,17.108302522670563,16.103974370268087,16.18466666666667,1.4707794216938925,1.4330385153700254,1.432380417674895
final_joint_baseline_44mer,poly2,1,53,345.922,train,0.06466517262062568,0.07141905194743767,0.0054197210950288855,0.014926619960181688,0.025097781221130384,0.009482238662693997,17.151692684559674,16.189794656109804,16.198,1.4674249423764787,1.4298837378659297,1.425372719625477
final_joint_baseline_44mer,poly2,1,54,347.305,train,0.06864800088123717,0.07121517454414653,0.005907163916869738,0.016186710326317147,0.024767695212350335,0.008247874540710977,17.198451478911814,16.270058009347625,16.137333333333334,1.4707388309624263,1.4269405120529801,1.431799901373762
final_joint_baseline_44mer,poly2,1,55,348.693,train,0.06772047512457285,0.06036675885879504,0.0031707194891741845,0.01531535417179478,0.019531236343468344,0.007573416594129339,17.365968291643842,16.344550222784076,16.397333333333332,1.46534792230597,1.4242151877371654,1.4273511402829793
final_joint_baseline_44mer,poly2,1,56,350.086,train,0.06994218540171303,0.07130631968026827,0.009481889234160042,0.01507052123570118,0.024580324140503318,0.008625118745482982,17.642026124398996,16.413127892209744,16.446666666666665,1.4586152219225486,1.421711577141706,1.4295275576094857
final_joint_baseline_44mer,poly2,1,57,351.486,train,0.06799606012066992,0.06650117344046107,0.005988622066248799,0.015906913160387854,0.028072337764889523,0.009072035676604787,17.59089830199014,16.47573882995128,16.72866666666667,1.459674410254965,1.4194302482459378,1.4111626105139405
final_joint_baseline_44mer,poly2,1,58,352.891,train,0.06609081890283917,0.06885312545070081,0.0076791456295988575,0.014720026741230812,0.02189810480651233,0.009411869062585603,17.764145137240583,16.532148909388805,16.470666666666666,1.454219169118449,1.4173784876035564,1.4266844821109494
final_joint_baseline_44mer,poly2,1,59,354.301,train,0.06562543047414436,0.06440471402218423,0.008240689255798773,0.01495975427459154,0.020693329228137713,0.009721989362280789,17.849990870914734,16.582233158661914,16.534666666666666,1.4515792398474154,1.4155596900835277,1.424086953136831
final_joint_baseline_44mer,poly2,1,60,355.717,train,0.064094219045046,0.07071894547866561,0.00529409286094705,0.014589924076931379,0.0197197694585941,0.00787420157586961,17.95618609640314,16.62590124094411,16.612000000000002,1.4478678684382402,1.4139761000581637,1.4108629634348488
final_joint_baseline_44mer,poly2,1,61,357.139,train,0.06309084428068015,0.06278126200638215,0.006927018174009054,0.01509694315439963,0.027165231853823274,0.009043340162533832,17.985555124459857,16.663026165326286,16.733333333333334,1.4474435804149874,1.412631406625712,1.4141641456412046
final_joint_baseline_44mer,poly2,1,62,358.567,train,0.05956474481452628,0.06845986693921666,0.006585276881929572,0.015127477658332939,0.023597075645538874,0.009310820865293922,17.929191771651148,16.69348672973061,16.576,1.4479398595468786,1.4115292078870807,1.4177370497902717
final_joint_baseline_44mer,poly2,1,63,360.0,train,0.05857299695248348,0.06586844516070939,0.006082687975089984,0.014728074172409822,0.021083617423356307,0.00730164751293458,18.00590271438135,16.717153445726865,16.630666666666666,1.448537998438865,1.4106735286252579,1.4100032056578873
final_joint_baseline_44mer,poly2,2,0,280.0,train,0.05594803204531839,0.05380880979997722,0.0038879770986677137,0.01773849532769333,0.02144061551305243,0.008032095143908232,8.984389264195727,8.555573769199817,8.508,1.7330192887155929,1.745212083422836,1.7434242572316618
final_joint_baseline_44mer,poly2,2,1,281.119,train,0.055009465993828735,0.05499383217737269,0.001788618803878356,0.0173718755706406,0.02485601752638155,0.006883883578501647,9.245772472764894,8.690555603301078,8.683333333333334,1.7254357146970922,1.7389783599614015,1.744201681448381
final_joint_baseline_44mer,poly2,2,2,282.243,train,0.05854939030685096,0.06269514889109509,0.004357412414096699,0.01784310418172068,0.02133926095275257,0.009694803185551857,9.307776459132127,8.827360692086232,8.786,1.7239583652442858,1.7326858277707997,1.7217316979308106
final_joint_baseline_44mer,poly2,2,3,283.371,train,0.062264279054745686,0.07773744554175532,0.006154004786990934,0.016980087328852957,0.026478624323534594,0.009358072538484592,9.5004241220863,8.965851276383198,9.038666666666668,1.7181079388731155,1.7263417779769383,1.717494693012363
final_joint_baseline_44mer,poly2,2,4,284.504,train,0.06299469195027939,0.07255837598540385,0.003265790481496403,0.01582961124418446,0.026947063914289818,0.008929427361067006,9.659105501795388,9.10613051530608,9.116,1.7148231530757665,1.7199424380796242,1.7094143708347713
final_joint_baseline_44mer,poly2,2,5,285.641,train,0.06199542990775824,0.06334637724272595,0.00408054256209732,0.015385869615469852,0.020296779329987302,0.006342980197619931,9.834191086969753,9.248051185918499,9.366666666666667,1.70995073357408,1.7134954716554083,1.7157265191951765
final_joint_baseline_44mer,poly2,2,6,286.783,train,0.06587349452267803,0.07082445671286569,0.003794147766176771,0.015907496611475325,0.02395043060027107,0.010011673637759686,10.003320324386829,9.391710592840681,9.376666666666667,1.700945718091396,1.7069973978257438,1.7031538516463405
final_joint_baseline_44mer,poly2,2,7,287.929,train,0.06840153036020183,0.07017308588534532,0.004897656994370703,0.015762832015322754,0.025111531029055563,0.007300790649616767,10.215862546406182,9.536951083630065,9.357333333333333,1.6943485754338155,1.7004562743228582,1.7081562660343534
final_joint_baseline_44mer,poly2,2,8,289.08,train,0.0734904498887203,0.08067095893319329,0.0032881917707617823,0.015960844715282148,0.02451661795448689,0.007558636589856458,10.399694936400707,9.68386286293136,9.728000000000002,1.6849675212879243,1.6938689495973538,1.7029619662054443
final_joint_baseline_44mer,poly2,2,9,290.235,train,0.07311367511917818,0.08193320692522078,0.004149059453752024,0.015477214520889043,0.020906578943822144,0.007134807683422574,10.524419922707079,9.83227684463175,9.744,1.681340394793113,1.6872438954484634,1.6940351825484832
final_joint_baseline_44mer,poly2,2,10,291.395,train,0.07122663036448118,0.07595438287360817,0.003999556924675762,0.015957186221508192,0.020126845801961474,0.005744335534276697,10.66035238269125,9.98227480790748,9.912666666666667,1.6777821959555088,1.6805783270532326,1.6771084751379517
final_joint_baseline_44mer,poly2,2,11,292.56,train,0.07257114301444251,0.0817269573014108,0.003922556920696415,0.01598124488355001,0.02180134241513604,0.007844388505770974,10.742928001947536,10.133805654370116,10.196000000000002,1.6731364718597481,1.6738753906558987,1.6651181042097511
final_joint_baseline_44mer,poly2,2,12,293.729,train,0.07150299466355149,0.0667326599424369,0.0026553510914761602,0.015823084951402264,0.019424169936361136,0.006773058883079606,10.807456941147832,10.286681178460565,10.343333333333334,1.6738479584546968,1.6671442135053633,1.6660329105063605
final_joint_baseline_44mer,poly2,2,13,294.903,train,0.07083480853814239,0.07207547295452392,0.002822121099177721,0.015995133517143253,0.017998248886439056,0.007295042537122997,10.913218154707565,10.440967850515426,10.448,1.6724701711734125,1.6603826314515304,1.6627092522055573
final_joint_baseline_44mer,poly2,2,14,296.082,train,0.0747006002132131,0.0795304802592027,0.0038479340371715886,0.017907811742119886,0.025401418474285058,0.007692081468831585,11.137181242772805,10.596595847186896,10.676666666666666,1.665708368001392,1.6535944628025334,1.646721295098123
final_joint_baseline_44mer,poly2,2,15,297.266,train,0.07425072762370666,0.07226039586636374,0.005545209542951929,0.017454761052163432,0.02068427822404188,0.006953783863838032,11.28130401375449,10.753488459444998,10.870000000000001,1.6584518174231966,1.6467837621525159,1.6481505074633964
final_joint_baseline_44mer,poly2,2,16,298.454,train,0.07464540985188726,0.07743936945904022,0.004505917004788067,0.015131607076535818,0.020580496672696354,0.00932832272196197,11.462236397662954,10.911428682518173,10.895333333333333,1.653061674629598,1.6399605612960408,1.6437801634932778
final_joint_baseline_44mer,poly2,2,17,299.647,train,0.07512561731962669,0.08143787864115419,0.002710914201862881,0.01571225342893269,0.022986904281341744,0.009766716099383038,11.609464579149169,11.070457752414786,11.056000000000001,1.6439808387239871,1.6331236288228448,1.6298339076458612
final_joint_baseline_44mer,poly2,2,18,300.845,train,0.078976419268495,0.08242249506613379,0.003922558255948295,0.01539894411853779,0.02037286818304703,0.008111089037635959,11.843582253058244,11.230477030925513,11.364666666666666,1.6384022936673557,1.626277730081079,1.608719129662712
final_joint_baseline_44mer,poly2,2,19,302.047,train,0.08075602233564878,0.08928814431128763,0.0044785037865214756,0.015744905569424122,0.024312542566439374,0.005948482721592998,12.03045767147465,11.391246276490591,11.456666666666667,1.6302856790997862,1.6194335531181145,1.608926379371136
final_joint_baseline_44mer,poly2,2,20,303.254,train,0.08274572308388779,0.08893859077234645,0.004065797994223391,0.015547416950196577,0.025187989146598783,0.011968375924982757,12.269134182338263,11.552784858210451,11.600666666666669,1.6206763978222538,1.6125906054218033,1.5999812430280589
final_joint_baseline_44mer,poly2,2,21,304.467,train,0.0814136673478285,0.08762312001911271,0.003673040437655214,0.013726663669928764,0.019404974285317088,0.006951951941943611,12.378670272655349,11.715104443258278,11.494666666666667,1.611008910967524,1.605748726064094,1.6181109061076737
final_joint_baseline_44mer,poly2,2,22,305.683,train,0.0841340228438216,0.10262592901402902,0.005121494933626111,0.013868054110232633,0.023484512004213663,0.008572350807698808,12.575666042845839,11.877673532886885,11.838000000000001,1.6024266517823778,1.5989304789583823,1.5979717475795998
final_joint_baseline_44mer,poly2,2,23,306.905,train,0.08229974076790281,0.08687574300026699,0.003872324180215715,0.013352463190871244,0.017553885529458687,0.006411545963280344,12.589017710425416,12.040755188182182,12.114666666666666,1.6065431646433592,1.5921248992815327,1.5872448885894181
final_joint_baseline_44mer,poly2,2,24,308.132,train,0.07685170143914652,0.07999877629578261,0.003123134891999493,0.014019211264219695,0.01759326398204708,0.006707249653873223,12.680625798794962,12.204069365524022,12.202,1.6048980912246824,1.5853437288745258,1.5922669673737675
final_joint_baseline_44mer,poly2,2,25,309.364,train,0.07798023731391591,0.08912326330625975,0.0042749013257332895,0.014509938982058653,0.014709961900016905,0.006643658914502733,12.839442212890269,12.367461901201079,12.153333333333332,1.602065164513469,1.5785932814268195,1.5912700473362835
final_joint_baseline_44mer,poly2,2,26,310.6,train,0.07270515254905355,0.077077295543417,0.004695455065100485,0.015675267039708292,0.018793260555704287,0.007145826115696289,12.760165616821862,12.530639250790248,12.442,1.6043305868470101,1.571885452274949,1.572536896290013
final_joint_baseline_44mer,poly2,2,27,311.842,train,0.07331396322405753,0.07338311754448323,0.0038590805917649504,0.01585602885249868,0.019975168738228723,0.009204070729806094,12.944969113261518,12.693696247336248,12.553333333333333,1.5958195529076442,1.5652160455317268,1.5669724833149732
final_joint_baseline_44mer,poly2,2,28,313.088,train,0.07706182721721978,0.08968756365113373,0.005798467054899766,0.016477189204057975,0.02443980535987921,0.009606496220151039,13.29451341975534,12.856194166144284,12.653333333333332,1.5835136685075968,1.55860260109035,1.5611788395759816
final_joint_baseline_44mer,poly2,2,29,314.34,train,0.07322084459245481,0.0825762839881356,0.004953770680418714,0.014054573728485014,0.030295538006068812,0.012489230272844196,13.48962745724545,13.018210768292107,12.860666666666667,1.5730841481092992,1.5520414391875463,1.5502022741624744
final_joint_baseline_44mer,poly2,2,30,315.596,train,0.07439374395106316,0.09042005001926076,0.005671050867520957,0.014458712063523064,0.021178517688551335,0.008081146606695191,13.672765276002677,13.179298073504034,12.811333333333334,1.567634268012788,1.5455500780163909,1.5555728044397288
final_joint_baseline_44mer,poly2,2,31,316.858,train,0.0741976099665412,0.08064904475558696,0.005454352652817691,0.014329438910500834,0.021996310221843014,0.010922114836018081,13.829060921429004,13.339517460133987,13.21,1.5631233357800103,1.5391253105624771,1.5428295579456908
final_joint_baseline_44mer,poly2,2,32,318.124,train,0.07446621494799671,0.08796100189628997,0.005996806059239577,0.014288829405069505,0.019909844684625068,0.008727445730254899,14.070463605380073,13.498414875562819,13.243333333333334,1.558760215078798,1.5327845040700545,1.5517360620983411
final_joint_baseline_44mer,poly2,2,33,319.396,train,0.07882102363767945,0.0872205206559993,0.005243755577743384,0.014797805628893206,0.017420142578472145,0.005713691617006439,14.099472795325909,13.656036423824395,13.619333333333334,1.560315682543106,1.526524871851883,1.5309445588648087
final_joint_baseline_44mer,poly2,2,34,320.672,train,0.08054766231463453,0.09376859428115225,0.004948944533581533,0.014993089549230931,0.015575340336998242,0.0062547616770950755,14.246917031830076,13.811925632565904,13.796666666666667,1.5576941339806614,1.5203634937730852,1.5179475389621244
final_joint_baseline_44mer,poly2,2,35,321.954,train,0.07785096580781084,0.09486195233776316,0.008383463609942283,0.013786430365937137,0.020197960865802965,0.007960180831230169,14.381535283914552,13.966114783474811,14.056666666666667,1.553315696022292,1.514297945835154,1.5071094337523667
final_joint_baseline_44mer,poly2,2,36,323.241,train,0.0794770107676348,0.0873008558183437,0.006331089791000221,0.013765831564932074,0.018350672022564046,0.0072375974945530375,14.587121903718579,14.118266128297908,14.150666666666666,1.545519977992165,1.5083403058408655,1.5072909313423848
final_joint_baseline_44mer,poly2,2,37,324.533,train,0.07571740326033546,0.08615571123962242,0.007150623514838686,0.013497967637224426,0.021044397146799083,0.010252749795382333,14.566468109062138,14.268163242649084,13.972666666666665,1.5455605687236313,1.5024977163333728,1.5059313227060231
final_joint_baseline_44mer,poly2,2,38,325.83,train,0.07849381029690808,0.0809141174806142,0.005926718277910493,0.013692274821664968,0.023723649063031767,0.0089282592152744,14.80466496257075,14.415588712164535,14.488666666666667,1.5404790686617498,1.4967772371878756,1.4882012258582917
final_joint_baseline_44mer,poly2,2,39,327.132,train,0.08028288045638413,0.09737438771278902,0.00655957283619754,0.01585113228213521,0.022214494739040927,0.006633833510072056,14.926329042663259,14.560324886851923,14.484666666666667,1.543821294173438,1.4911858236186073,1.4935703308772643
final_joint_baseline_44mer,poly2,2,40,328.44,train,0.07566404354052655,0.08112747544776257,0.0059552364100156395,0.015304244734599959,0.02043552600593304,0.008739955725250617,15.05278513176313,14.702261766929528,14.865333333333332,1.540026443712756,1.485726193191478,1.4845646003876762
final_joint_baseline_44mer,poly2,2,41,329.753,train,0.07970085642600144,0.07853812377324146,0.004015665447477773,0.016884751431157783,0.03088453598001005,0.010490738528793349,15.265959923315682,14.841070567232759,14.786,1.5372187904758519,1.4804093977390598,1.470613817853629
final_joint_baseline_44mer,poly2,2,42,331.071,train,0.07442063907595126,0.07628459939553575,0.004433782062026857,0.018048772599647534,0.022118155621824453,0.006711508601892174,15.465113961414396,14.97653688237838,15.120000000000001,1.5314127841504375,1.475241974262333,1.4746346251199145
final_joint_baseline_44mer,poly2,2,43,332.394,train,0.07908076622444213,0.08404076150531176,0.00499235647732656,0.018042299867232242,0.024336660188071943,0.0076934741436557996,15.650857373257864,15.108448903936885,14.852000000000004,1.5244549200868058,1.4702302835522987,1.4768737774092013
final_joint_baseline_44mer,poly2,2,44,333.723,train,0.07575620587585863,0.0793319411446442,0.004703182355781432,0.019152582705667436,0.03296635193567246,0.008408324390730368,15.79094470817357,15.236692884789438,15.422666666666665,1.5161238639190366,1.4653769151217664,1.4525453588393153
final_joint_baseline_44mer,poly2,2,45,335.057,train,0.07497390547845909,0.08537616493279565,0.006313772466062767,0.01856575209303925,0.030172972876998192,0.009178522377044803,15.881811058365287,15.36096234861937,15.405999999999999,1.5139679599741689,1.460691707997285,1.4547494141625514
final_joint_baseline_44mer,poly2,2,46,336.396,train,0.07627331806669428,0.08111987177513591,0.00376618052007022,0.01820212552087802,0.025726915365823284,0.0071001921304007665,15.95942996470087,15.481056392551103,15.528000000000002,1.5107176380054235,1.4561804392829132,1.455741833211033
final_joint_baseline_44mer,poly2,2,47,337.741,train,0.07622814415208337,0.07659897075368088,0.0037186578839671774,0.01816370624932627,0.02750571262758049,0.007887045690691801,16.191268790700505,15.596863141170864,15.342000000000002,1.5031807816212521,1.451845525269019,1.460286129922835
final_joint_baseline_44mer,poly2,2,48,339.091,train,0.07202257990337141,0.0624880512267335,0.004589008426794128,0.017056139013221623,0.024006131402253827,0.007928612617036456,16.2934658572211,15.708099808362185,16.095333333333336,1.4997236766808852,1.447695766746764,1.430746794351027
final_joint_baseline_44mer,poly2,2,49,340.446,train,0.07189742372380968,0.07352569357156555,0.002755873746572851,0.01685208456140155,0.026174387071619648,0.005637208796027963,16.485230661554375,15.814580552654947,16.006,1.4953283897396434,1.4437363080004952,1.435773538454944
final_joint_baseline_44mer,poly2,2,50,341.807,train,0.07502923798147952,0.07711431951013387,0.0045773164965776745,0.01738095623082603,0.01566868662605608,0.007406831728342576,16.691355897389087,15.916197974146993,15.59,1.4903387932207046,1.4399693903434387,1.4635260112795572
final_joint_baseline_44mer,poly2,2,51,343.173,train,0.0680029412584976,0.0715632500729356,0.006543838999282748,0.01571497125158077,0.018219165119961522,0.009045895550055798,16.85042336132919,16.012697175410864,15.935333333333332,1.4792115717588992,1.4364027415288203,1.434555188837152
final_joint_baseline_44mer,poly2,2,52,344.545,train,0.06880113617503464,0.08485541131533064,0.0050139095789525825,0.0154060462777716,0.019857873073985746,0.009731145964276728,17.108302522670563,16.103974370268087,16.127333333333333,1.4707794216938925,1.4330385153700254,1.4297165231852624
final_joint_baseline_44mer,poly2,2,53,345.922,train,0.06466517262062568,0.061816051473830846,0.007324132734212096,0.014926619960181688,0.02258160950770207,0.008919504141368583,17.151692684559674,16.189794656109804,16.155333333333335,1.4674249423764787,1.4298837378659297,1.4354594769426459
final_joint_baseline_44mer,poly2,2,54,347.305,train,0.06864800088123717,0.06944063980830383,0.007986425296952322,0.016186710326317147,0.023826660267575458,0.00779149155658291,17.198451478911814,16.270058009347625,16.31,1.4707388309624263,1.4269405120529801,1.421144326133345
final_joint_baseline_44mer,poly2,2,55,348.693,train,0.06772047512457285,0.0646501632084716,0.0077601097810969435,0.01531535417179478,0.02630222535847698,0.008963650647565973,17.365968291643842,16.344550222784076,16.484,1.46534792230597,1.4242151877371654,1.4173626923046907
final_joint_baseline_44mer,poly2,2,56,350.086,train,0.06994218540171303,0.06204600287166914,0.005718528633735745,0.01507052123570118,0.019380283527898928,0.006362408956748306,17.642026124398996,16.413127892209744,16.422000000000004,1.4586152219225486,1.421711577141706,1.4231858814222165
final_joint_baseline_44mer,poly2,2,57,351.486,train,0.06799606012066992,0.07562783119448775,0.008617058386526832,0.015906913160387854,0.021558593843564757,0.007546835475598195,17.59089830199014,16.47573882995128,16.306,1.459674410254965,1.4194302482459378,1.4277104591952028
final_joint_baseline_44mer,poly2,2,58,352.891,train,0.06609081890283917,0.06073921191635198,0.008097755820722606,0.014720026741230812,0.022967603604452057,0.005644114018983687,17.764145137240583,16.532148909388805,16.656666666666666,1.454219169118449,1.4173784876035564,1.407336254462928
final_joint_baseline_44mer,poly2,2,59,354.301,train,0.06562543047414436,0.062002511759007534,0.007319696146973349,0.01495975427459154,0.023089415801569833,0.010156674021000829,17.849990870914734,16.582233158661914,16.662666666666667,1.4515792398474154,1.4155596900835277,1.4091660590234052
final_joint_baseline_44mer,poly2,2,60,355.717,train,0.064094219045046,0.06004713435912734,0.007393588039090101,0.014589924076931379,0.022680830446769995,0.009121281897667297,17.95618609640314,16.62590124094411,16.593333333333334,1.4478678684382402,1.4139761000581637,1.406145483152769
final_joint_baseline_44mer,poly2,2,61,357.139,train,0.06309084428068015,0.07267281686881799,0.007782958051756858,0.01509694315439963,0.024195101570630914,0.008252742431120829,17.985555124459857,16.663026165326286,16.798000000000002,1.4474435804149874,1.412631406625712,1.4111006152187104
final_joint_baseline_44mer,poly2,2,62,358.567,train,0.05956474481452628,0.06907420256715947,0.010023358055549169,0.015127477658332939,0.022315005547424584,0.01039522892596331,17.929191771651148,16.69348672973061,16.561999999999998,1.4479398595468786,1.4115292078870807,1.4208164135091235
final_joint_baseline_44mer,poly2,2,63,360.0,train,0.05857299695248348,0.05730682424475164,0.004896269246473789,0.014728074172409822,0.02531604944386202,0.008278123409839399,18.00590271438135,16.717153445726865,16.95066666666667,1.448537998438865,1.4106735286252579,1.3948265275893026
final_joint_baseline_44mer,poly2,3,0,280.0,train,0.05594803204531839,0.052011619934960396,0.005487421868378948,0.01773849532769333,0.02329300555298197,0.007030500941804495,8.984389264195727,8.555573769199817,8.458666666666668,1.7330192887155929,1.745212083422836,1.749062698086641
final_joint_baseline_44mer,poly2,3,1,281.119,train,0.055009465993828735,0.06234052239962843,0.002403782454747674,0.0173718755706406,0.02506363208357218,0.009036712512663173,9.245772472764894,8.690555603301078,8.655333333333333,1.7254357146970922,1.7389783599614015,1.7571416031247407
final_joint_baseline_44mer,poly2,3,2,282.243,train,0.05854939030685096,0.0625642688653683,0.004050078064315884,0.01784310418172068,0.022412357503110387,0.007997901782619225,9.307776459132127,8.827360692086232,8.851333333333333,1.7239583652442858,1.7326858277707997,1.722219414098098
final_joint_baseline_44mer,poly2,3,3,283.371,train,0.062264279054745686,0.07151503474341168,0.0034879369385415393,0.016980087328852957,0.019483925235507224,0.006434833116887107,9.5004241220863,8.965851276383198,8.909333333333333,1.7181079388731155,1.7263417779769383,1.7178993285137087
final_joint_baseline_44mer,poly2,3,4,284.504,train,0.06299469195027939,0.0642886409234011,0.002398470958103568,0.01582961124418446,0.020988127900821437,0.008816843120936455,9.659105501795388,9.10613051530608,9.104666666666667,1.7148231530757665,1.7199424380796242,1.7096798982326438
final_joint_baseline_44mer,poly2,3,5,285.641,train,0.06199542990775824,0.05899148586222325,0.003608885936950211,0.015385869615469852,0.018966881585009168,0.008894262070992448,9.834191086969753,9.248051185918499,9.196000000000002,1.70995073357408,1.7134954716554083,1.7150393232601184
final_joint_baseline_44mer,poly2,3,6,286.783,train,0.06587349452267803,0.0640359996909656,0.003259865097951336,0.015907496611475325,0.019213974518446655,0.009116993154503199,10.003320324386829,9.391710592840681,9.531333333333334,1.700945718091396,1.7069973978257438,1.694728865744843
final_joint_baseline_44mer,poly2,3,7,287.929,train,0.06840153036020183,0.07843731828571512,0.0028866296796522823,0.015762832015322754,0.02098289761461681,0.008485652405958178,10.215862546406182,9.536951083630065,9.675333333333334,1.6943485754338155,1.7004562743228582,1.7128604758402595
final_joint_baseline_44mer,poly2,3,8,289.08,train,0.0734904498887203,0.07575162084972678,0.0032827150248255724,0.015960844715282148,0.023221577686763348,0.008740037281746521,10.399694936400707,9.68386286293136,9.674,1.6849675212879243,1.6938689495973538,1.6902314399932998
final_joint_baseline_44mer,poly2,3,9,290.235,train,0.07311367511917818,0.08637516390513647,0.004088114095884622,0.015477214520889043,0.020658852751291028,0.007847034716957291,10.524419922707079,9.83227684463175,9.865333333333332,1.681340394793113,1.6872438954484634,1.6824382480966698
final_joint_baseline_44mer,poly2,3,10,291.395,train,0.07122663036448118,0.07694308211375767,0.003404417413282303,0.015957186221508192,0.024512073388620145,0.009702146968165598,10.66035238269125,9.98227480790748,10.264,1.6777821959555088,1.6805783270532326,1.6593237762083861
final_joint_baseline_44mer,poly2,3,11,292.56,train,0.07257114301444251,0.08192440099221897,0.0045778990403452305,0.01598124488355001,0.02440683022916859,0.008436971159259767,10.742928001947536,10.133805654370116,10.058666666666667,1.6731364718597481,1.6738753906558987,1.6746850753385472
final_joint_baseline_44mer,poly2,3,12,293.729,train,0.07150299466355149,0.07891734418575301,0.004550992890284421,0.015823084951402264,0.017866680557309524,0.008332056648195505,10.807456941147832,10.286681178460565,10.298666666666666,1.6738479584546968,1.6671442135053633,1.6601584621852916
final_joint_baseline_44mer,poly2,3,13,294.903,train,0.07083480853814239,0.076545993677193,0.0029586309493602045,0.015995133517143253,0.023320251227927333,0.009431690843850123,10.913218154707565,10.440967850515426,10.432666666666666,1.6724701711734125,1.6603826314515304,1.6824500081450922
final_joint_baseline_44mer,poly2,3,14,296.082,train,0.0747006002132131,0.08019870005653591,0.0019487438796741588,0.017907811742119886,0.027690692641318862,0.007746121546354796,11.137181242772805,10.596595847186896,10.611333333333334,1.665708368001392,1.6535944628025334,1.6561701223654586
final_joint_baseline_44mer,poly2,3,15,297.266,train,0.07425072762370666,0.0781202893180107,0.004590906064561048,0.017454761052163432,0.02063447010271271,0.007696161520869964,11.28130401375449,10.753488459444998,10.875333333333334,1.6584518174231966,1.6467837621525159,1.645130454246608
final_joint_baseline_44mer,poly2,3,16,298.454,train,0.07464540985188726,0.0866579987532268,0.004507673478074056,0.015131607076535818,0.018155687145514167,0.007281497667316581,11.462236397662954,10.911428682518173,10.96466666666667,1.653061674629598,1.6399605612960408,1.6404461432127928
final_joint_baseline_44mer,poly2,3,17,299.647,train,0.07512561731962669,0.08593986942809514,0.0040121124417121,0.01571225342893269,0.024572720922446847,0.008795172732520829,11.609464579149169,11.070457752414786,10.971333333333334,1.6439808387239871,1.6331236288228448,1.6339285687658074
final_joint_baseline_44mer,poly2,3,18,300.845,train,0.078976419268495,0.08150277393934288,0.004547996317936943,0.01539894411853779,0.02125586129095109,0.007925353141847093,11.843582253058244,11.230477030925513,11.030000000000001,1.6384022936673557,1.626277730081079,1.6291293473430093
final_joint_baseline_44mer,poly2,3,19,302.047,train,0.08075602233564878,0.0832895756145243,0.0022200011016558856,0.015744905569424122,0.023163705868278144,0.006830241851670602,12.03045767147465,11.391246276490591,11.321333333333332,1.6302856790997862,1.6194335531181145,1.6230835097541394
final_joint_baseline_44mer,poly2,3,20,303.254,train,0.08274572308388779,0.08759386973070653,0.004038653561120873,0.015547416950196577,0.023787947741947257,0.008469025472966915,12.269134182338263,11.552784858210451,11.379333333333332,1.6206763978222538,1.6125906054218033,1.626246975361102
final_joint_baseline_44mer,poly2,3,21,304.467,train,0.0814136673478285,0.09520679085690616,0.003730992599463943,0.013726663669928764,0.019158137126333786,0.006559878844824724,12.378670272655349,11.715104443258278,11.718,1.611008910967524,1.605748726064094,1.61417278941972
final_joint_baseline_44mer,poly2,3,22,305.683,train,0.0841340228438216,0.0834544940489278,0.003209003493109563,0.013868054110232633,0.021139524050403515,0.006653703944787868,12.575666042845839,11.877673532886885,11.871333333333334,1.6024266517823778,1.5989304789583823,1.5961940329701236
final_joint_baseline_44mer,poly2,3,23,306.905,train,0.08229974076790281,0.08862723693299476,0.003396574852774973,0.013352463190871244,0.019678237793524192,0.008410520683854535,12.589017710425416,12.040755188182182,11.878000000000002,1.6065431646433592,1.5921248992815327,1.6016364599321933
final_joint_baseline_44mer,poly2,3,24,308.132,train,0.07685170143914652,0.08830443006002187,0.005292454907634966,0.014019211264219695,0.022768709152333387,0.008363471188886706,12.680625798794962,12.204069365524022,12.084666666666667,1.6048980912246824,1.5853437288745258,1.5800863633824238
final_joint_baseline_44mer,poly2,3,25,309.364,train,0.07798023731391591,0.08116025371405614,0.006029418838441323,0.014509938982058653,0.01745298520969782,0.009332707286189304,12.839442212890269,12.367461901201079,12.295333333333335,1.602065164513469,1.5785932814268195,1.5944678929515756
final_joint_baseline_44mer,poly2,3,26,310.6,train,0.07270515254905355,0.07244774975624205,0.0031702433041761622,0.015675267039708292,0.018342595371616463,0.009069795527844806,12.760165616821862,12.530639250790248,12.483333333333334,1.6043305868470101,1.571885452274949,1.5827162393674852
final_joint_baseline_44mer,poly2,3,27,311.842,train,0.07331396322405753,0.0789133828839169,0.004375087407241733,0.01585602885249868,0.02397487923548449,0.006624296827804381,12.944969113261518,12.693696247336248,12.867333333333335,1.5958195529076442,1.5652160455317268,1.553996919181102
final_joint_baseline_44mer,poly2,3,28,313.088,train,0.07706182721721978,0.08348613968884472,0.005770617686935544,0.016477189204057975,0.021672094048141872,0.007149876007063908,13.29451341975534,12.856194166144284,12.831333333333333,1.5835136685075968,1.55860260109035,1.5662474639170625
final_joint_baseline_44mer,poly2,3,29,314.34,train,0.07322084459245481,0.08983823826069354,0.007242445932697206,0.014054573728485014,0.02494836225671755,0.007330947911051204,13.48962745724545,13.018210768292107,13.123333333333333,1.5730841481092992,1.5520414391875463,1.5524590436804082
final_joint_baseline_44mer,poly2,3,30,315.596,train,0.07439374395106316,0.07352927251928425,0.0036385407973191877,0.014458712063523064,0.022752821157777874,0.009605056180112238,13.672765276002677,13.179298073504034,13.394666666666668,1.567634268012788,1.5455500780163909,1.5471003590872972
final_joint_baseline_44mer,poly2,3,31,316.858,train,0.0741976099665412,0.0888779831480079,0.0032210161063394084,0.014329438910500834,0.020755886065988306,0.007165532390929946,13.829060921429004,13.339517460133987,13.419333333333334,1.5631233357800103,1.5391253105624771,1.5382757388527808
final_joint_baseline_44mer,poly2,3,32,318.124,train,0.07446621494799671,0.09180885627178931,0.004196009951537347,0.014288829405069505,0.021420775581946962,0.009078016623179263,14.070463605380073,13.498414875562819,13.481333333333335,1.558760215078798,1.5327845040700545,1.5410125938194807
final_joint_baseline_44mer,poly2,3,33,319.396,train,0.07882102363767945,0.08826804289919975,0.004065594015800558,0.014797805628893206,0.026613683125033302,0.009826719230169846,14.099472795325909,13.656036423824395,13.563333333333333,1.560315682543106,1.526524871851883,1.530407354974805
final_joint_baseline_44mer,poly2,3,34,320.672,train,0.08054766231463453,0.08381208110772619,0.005787826292312986,0.014993089549230931,0.021997299815960707,0.008052621433699069,14.246917031830076,13.811925632565904,13.647333333333332,1.5576941339806614,1.5203634937730852,1.5273148680340651
final_joint_baseline_44mer,poly2,3,35,321.954,train,0.07785096580781084,0.08458792057204023,0.0035121548688333603,0.013786430365937137,0.016892158749259145,0.00706089068652926,14.381535283914552,13.966114783474811,13.799999999999999,1.553315696022292,1.514297945835154,1.518487504144945
final_joint_baseline_44mer,poly2,3,36,323.241,train,0.0794770107676348,0.08792694806576407,0.004406927920397967,0.013765831564932074,0.015993977547926107,0.006664023182516115,14.587121903718579,14.118266128297908,14.134,1.545519977992165,1.5083403058408655,1.5058643762937598
final_joint_baseline_44mer,poly2,3,37,324.533,train,0.07571740326033546,0.08450637577001817,0.006359726434884572,0.013497967637224426,0.02174606732354021,0.008731608189665067,14.566468109062138,14.268163242649084,14.504666666666667,1.5455605687236313,1.5024977163333728,1.4883628258315529
final_joint_baseline_44mer,poly2,3,38,325.83,train,0.07849381029690808,0.08966378904564903,0.004160940446322086,0.013692274821664968,0.02394295137607543,0.007950490062688912,14.80466496257075,14.415588712164535,14.346,1.5404790686617498,1.4967772371878756,1.4893423500469358
final_joint_baseline_44mer,poly2,3,39,327.132,train,0.08028288045638413,0.08767681641157711,0.005232515971066453,0.01585113228213521,0.021321508179108065,0.006553233509428581,14.926329042663259,14.560324886851923,14.691333333333333,1.543821294173438,1.4911858236186073,1.4852362337988365
final_joint_baseline_44mer,poly2,3,40,328.44,train,0.07566404354052655,0.09277552672675193,0.006568259026818159,0.015304244734599959,0.016815893706913866,0.006822342043304468,15.05278513176313,14.702261766929528,14.436666666666667,1.540026443712756,1.485726193191478,1.498151112365304
final_joint_baseline_44mer,poly2,3,41,329.753,train,0.07970085642600144,0.08009050147325411,0.003735097399661041,0.016884751431157783,0.02064177348880325,0.008674726469684532,15.265959923315682,14.841070567232759,14.832,1.5372187904758519,1.4804093977390598,1.4839628496062103
final_joint_baseline_44mer,poly2,3,42,331.071,train,0.07442063907595126,0.07166484224793077,0.004093670801293834,0.018048772599647534,0.023415655869923318,0.00775442721615389,15.465113961414396,14.97653688237838,14.922666666666666,1.5314127841504375,1.475241974262333,1.4777052747943051
final_joint_baseline_44mer,poly2,3,43,332.394,train,0.07908076622444213,0.0783335747778014,0.005777111848742734,0.018042299867232242,0.024764365838697667,0.007757160458823648,15.650857373257864,15.108448903936885,15.208666666666666,1.5244549200868058,1.4702302835522987,1.4629276160550728
final_joint_baseline_44mer,poly2,3,44,333.723,train,0.07575620587585863,0.08644641055519056,0.004689452225635226,0.019152582705667436,0.026431895532430385,0.010295043555274292,15.79094470817357,15.236692884789438,15.084,1.5161238639190366,1.4653769151217664,1.4675496670736414
final_joint_baseline_44mer,poly2,3,45,335.057,train,0.07497390547845909,0.077397189457831,0.0054070028670243075,0.01856575209303925,0.021447309367979513,0.006123456033541613,15.881811058365287,15.36096234861937,15.252666666666666,1.5139679599741689,1.460691707997285,1.4700175575900511
final_joint_baseline_44mer,poly2,3,46,336.396,train,0.07627331806669428,0.09178882137165548,0.0038652399233138693,0.01820212552087802,0.027441313395293827,0.007160592545421515,15.95942996470087,15.481056392551103,15.341333333333333,1.5107176380054235,1.4561804392829132,1.4525928505912513
final_joint_baseline_44mer,poly2,3,47,337.741,train,0.07622814415208337,0.07907147230136144,0.005316383535088657,0.01816370624932627,0.022580347663757813,0.007718174979048014,16.191268790700505,15.596863141170864,15.450666666666667,1.5031807816212521,1.451845525269019,1.455904867762213
final_joint_baseline_44mer,poly2,3,48,339.091,train,0.07202257990337141,0.08178589448677434,0.005003390282567207,0.017056139013221623,0.02272498205463102,0.006510757453542358,16.2934658572211,15.708099808362185,15.536,1.4997236766808852,1.447695766746764,1.4495940245134697
final_joint_baseline_44mer,poly2,3,49,340.446,train,0.07189742372380968,0.06306864275063684,0.004299973662023342,0.01685208456140155,0.02218106633711315,0.007363570808538613,16.485230661554375,15.814580552654947,15.930666666666667,1.4953283897396434,1.4437363080004952,1.4402295763506239
final_joint_baseline_44mer,poly2,3,50,341.807,train,0.07502923798147952,0.07728954137701294,0.004977891548187193,0.01738095623082603,0.022525431317835316,0.00661107171441251,16.691355897389087,15.916197974146993,15.866000000000001,1.4903387932207046,1.4399693903434387,1.42685892211635
final_joint_baseline_44mer,poly2,3,51,343.173,train,0.0680029412584976,0.07388249687753898,0.0034264475280314146,0.01571497125158077,0.025574561018481795,0.006426319572595044,16.85042336132919,16.012697175410864,16.033333333333335,1.4792115717588992,1.4364027415288203,1.4305054873504004
final_joint_baseline_44mer,poly2,3,52,344.545,train,0.06880113617503464,0.07509984189676581,0.007387810030889761,0.0154060462777716,0.02261096946850894,0.009363730404515404,17.108302522670563,16.103974370268087,15.966666666666669,1.4707794216938925,1.4330385153700254,1.4335109498204117
final_joint_baseline_44mer,poly2,3,53,345.922,train,0.06466517262062568,0.07627715717777331,0.007099258727127654,0.014926619960181688,0.023760703621866823,0.009422058180324204,17.151692684559674,16.189794656109804,16.06,1.4674249423764787,1.4298837378659297,1.4337042572102474
final_joint_baseline_44mer,poly2,3,54,347.305,train,0.06864800088123717,0.06434648345691475,0.005790293470552031,0.016186710326317147,0.02166973292019479,0.006824789108810868,17.198451478911814,16.270058009347625,16.204666666666668,1.4707388309624263,1.4269405120529801,1.4287947955725206
final_joint_baseline_44mer,poly2,3,55,348.693,train,0.06772047512457285,0.06239349972848142,0.006051297013868488,0.01531535417179478,0.02839454353659005,0.009632970390850593,17.365968291643842,16.344550222784076,16.407333333333334,1.46534792230597,1.4242151877371654,1.4216683906053886
final_joint_baseline_44mer,poly2,3,56,350.086,train,0.06994218540171303,0.0722201601207583,0.0064165987702519455,0.01507052123570118,0.021529133815510235,0.01175577381179153,17.642026124398996,16.413127892209744,16.34,1.4586152219225486,1.421711577141706,1.4340509463751931
final_joint_baseline_44mer,poly2,3,57,351.486,train,0.06799606012066992,0.06268904504851755,0.007371873306447296,0.015906913160387854,0.027887989315660014,0.011227342272834406,17.59089830199014,16.47573882995128,16.699333333333335,1.459674410254965,1.4194302482459378,1.4165103842354276
final_joint_baseline_44mer,poly2,3,58,352.891,train,0.06609081890283917,0.06645055621896681,0.0054696248243735895,0.014720026741230812,0.02335586011274632,0.008830926452311795,17.764145137240583,16.532148909388805,16.468,1.454219169118449,1.4173784876035564,1.420182018824392
final_joint_baseline_44mer,poly2,3,59,354.301,train,0.06562543047414436,0.06742240645390904,0.005948167015283544,0.01495975427459154,0.01980231179465046,0.008563587393658709,17.849990870914734,16.582233158661914,16.775333333333336,1.4515792398474154,1.4155596900835277,1.399347561980517
final_joint_baseline_44mer,poly2,3,60,355.717,train,0.064094219045046,0.06445065004793793,0.006219329564670358,0.014589924076931379,0.021141976584599,0.008302550326371075,17.95618609640314,16.62590124094411,16.448,1.4478678684382402,1.4139761000581637,1.4211497771806112
final_joint_baseline_44mer,poly2,3,61,357.139,train,0.06309084428068015,0.05327489660658805,0.008003629736205513,0.01509694315439963,0.02753804015328657,0.010048554046001416,17.985555124459857,16.663026165326286,16.668666666666667,1.4474435804149874,1.412631406625712,1.4128738407645736
final_joint_baseline_44mer,poly2,3,62,358.567,train,0.05956474481452628,0.06494654786401263,0.007146586431339523,0.015127477658332939,0.01923952079588764,0.009489985954651108,17.929191771651148,16.69348672973061,16.749333333333336,1.4479398595468786,1.4115292078870807,1.4056418577384722
final_joint_baseline_44mer,poly2,3,63,360.0,train,0.05857299695248348,0.05327469931264336,0.005410777097618791,0.014728074172409822,0.023819099656795493,0.01151711033547182,18.00590271438135,16.717153445726865,16.969333333333335,1.448537998438865,1.4106735286252579,1.4005764609516052
final_joint_baseline_44mer,poly2,4,0,280.0,train,0.05594803204531839,0.06722968738867494,0.0036642102443511064,0.01773849532769333,0.024013933440498618,0.00678681097049189,8.984389264195727,8.555573769199817,8.600666666666665,1.7330192887155929,1.745212083422836,1.7434548890024992
final_joint_baseline_44mer,poly2,4,1,281.119,train,0.055009465993828735,0.056600665409089465,0.0035067930177910154,0.0173718755706406,0.023795851351079363,0.008817978076040515,9.245772472764894,8.690555603301078,8.728666666666667,1.7254357146970922,1.7389783599614015,1.7388333947415893
final_joint_baseline_44mer,poly2,4,2,282.243,train,0.05854939030685096,0.0616840972355718,0.004538015032361963,0.01784310418172068,0.02079829567642024,0.006879857133247149,9.307776459132127,8.827360692086232,8.608,1.7239583652442858,1.7326858277707997,1.7542625761495079
final_joint_baseline_44mer,poly2,4,3,283.371,train,0.062264279054745686,0.058431481416146555,0.003636039433354758,0.016980087328852957,0.017086319061711045,0.006277481481064514,9.5004241220863,8.965851276383198,9.036666666666665,1.7181079388731155,1.7263417779769383,1.7256849327359411
final_joint_baseline_44mer,poly2,4,4,284.504,train,0.06299469195027939,0.07639083033640098,0.0035777280096727765,0.01582961124418446,0.025468409949347806,0.008096909972049794,9.659105501795388,9.10613051530608,9.157333333333334,1.7148231530757665,1.7199424380796242,1.706771054537731
final_joint_baseline_44mer,poly2,4,5,285.641,train,0.06199542990775824,0.06766646563885408,0.00443511316627361,0.015385869615469852,0.022305128347168128,0.006833082344911731,9.834191086969753,9.248051185918499,9.298666666666668,1.70995073357408,1.7134954716554083,1.7226210162836715
final_joint_baseline_44mer,poly2,4,6,286.783,train,0.06587349452267803,0.07396541017482278,0.00459471776381826,0.015907496611475325,0.02014144102202784,0.0073866784031232525,10.003320324386829,9.391710592840681,9.362000000000002,1.700945718091396,1.7069973978257438,1.7072678640836632
final_joint_baseline_44mer,poly2,4,7,287.929,train,0.06840153036020183,0.08021257084658787,0.00323430890180536,0.015762832015322754,0.015150533586486206,0.006921032402641871,10.215862546406182,9.536951083630065,9.495333333333333,1.6943485754338155,1.7004562743228582,1.7016340012295985
final_joint_baseline_44mer,poly2,4,8,289.08,train,0.0734904498887203,0.08131165436591417,0.0038489633696628233,0.015960844715282148,0.025272019140576883,0.008175616272100141,10.399694936400707,9.68386286293136,9.515333333333334,1.6849675212879243,1.6938689495973538,1.7051687170955803
final_joint_baseline_44mer,poly2,4,9,290.235,train,0.07311367511917818,0.0745192569475156,0.0026429927250275925,0.015477214520889043,0.023766215910819642,0.007935477070634543,10.524419922707079,9.83227684463175,9.850666666666667,1.681340394793113,1.6872438954484634,1.6902432820322213
final_joint_baseline_44mer,poly2,4,10,291.395,train,0.07122663036448118,0.0765686845543706,0.0028220434969633687,0.015957186221508192,0.020303114085644856,0.008036742966834112,10.66035238269125,9.98227480790748,9.973333333333334,1.6777821959555088,1.6805783270532326,1.6892020743464118
final_joint_baseline_44mer,poly2,4,11,292.56,train,0.07257114301444251,0.0852408012438875,0.0060197310933223416,0.01598124488355001,0.023658790517479822,0.0086402242463357,10.742928001947536,10.133805654370116,10.199333333333334,1.6731364718597481,1.6738753906558987,1.6613206899708555
final_joint_baseline_44mer,poly2,4,12,293.729,train,0.07150299466355149,0.07009119979728298,0.004220299057041481,0.015823084951402264,0.02242193049597506,0.008286537864959267,10.807456941147832,10.286681178460565,10.169333333333334,1.6738479584546968,1.6671442135053633,1.6644319021185785
final_joint_baseline_44mer,poly2,4,13,294.903,train,0.07083480853814239,0.07573822600558616,0.0027328715530333045,0.015995133517143253,0.021763139482787935,0.010180933324893567,10.913218154707565,10.440967850515426,10.384666666666668,1.6724701711734125,1.6603826314515304,1.6662094906162066
final_joint_baseline_44mer,poly2,4,14,296.082,train,0.0747006002132131,0.07715834184113672,0.004373547750992195,0.017907811742119886,0.025853142765332064,0.009199573639506117,11.137181242772805,10.596595847186896,10.446,1.665708368001392,1.6535944628025334,1.6730435648906228
final_joint_baseline_44mer,poly2,4,15,297.266,train,0.07425072762370666,0.086242491822784,0.003694404010507091,0.017454761052163432,0.023999163358624752,0.008563380636375373,11.28130401375449,10.753488459444998,10.911999999999999,1.6584518174231966,1.6467837621525159,1.6429525310062347
final_joint_baseline_44mer,poly2,4,16,298.454,train,0.07464540985188726,0.0819603124948983,0.0034054038624548155,0.015131607076535818,0.019686508659821186,0.006795164326094885,11.462236397662954,10.911428682518173,10.984,1.653061674629598,1.6399605612960408,1.6392628512984184
final_joint_baseline_44mer,poly2,4,17,299.647,train,0.07512561731962669,0.07932895676463773,0.004014550559041391,0.01571225342893269,0.02215151662767289,0.00954323109357252,11.609464579149169,11.070457752414786,11.103333333333333,1.6439808387239871,1.6331236288228448,1.6351014030918185
final_joint_baseline_44mer,poly2,4,18,300.845,train,0.078976419268495,0.09768507865458974,0.0050103442566155065,0.01539894411853779,0.022153459397792806,0.007822616498547808,11.843582253058244,11.230477030925513,11.276,1.6384022936673557,1.626277730081079,1.6255651889026448
final_joint_baseline_44mer,poly2,4,19,302.047,train,0.08075602233564878,0.09000521782543425,0.004117265977129177,0.015744905569424122,0.02836827385110065,0.011469367279586253,12.03045767147465,11.391246276490591,11.436,1.6302856790997862,1.6194335531181145,1.612943579126092
final_joint_baseline_44mer,poly2,4,20,303.254,train,0.08274572308388779,0.08636341624411747,0.0037881330481380118,0.015547416950196577,0.021423478523166548,0.007567591719261928,12.269134182338263,11.552784858210451,11.566666666666666,1.6206763978222538,1.6125906054218033,1.605836747266938
final_joint_baseline_44mer,poly2,4,21,304.467,train,0.0814136673478285,0.09071987132113427,0.0038943494284312133,0.013726663669928764,0.020734619040508696,0.007110844836694913,12.378670272655349,11.715104443258278,11.555333333333333,1.611008910967524,1.605748726064094,1.6110630767498488
final_joint_baseline_44mer,poly2,4,22,305.683,train,0.0841340228438216,0.08844570385202061,0.0036131243326153273,0.013868054110232633,0.016023562686623787,0.006615010764345072,12.575666042845839,11.877673532886885,12.066666666666666,1.6024266517823778,1.5989304789583823,1.5973358725180495
final_joint_baseline_44mer,poly2,4,23,306.905,train,0.08229974076790281,0.07518854205912279,0.004286744661914617,0.013352463190871244,0.021760261427557315,0.009116814324252907,12.589017710425416,12.040755188182182,12.225333333333333,1.6065431646433592,1.5921248992815327,1.583268411345795
final_joint_baseline_44mer,poly2,4,24,308.132,train,0.07685170143914652,0.09001368504393195,0.004238214020163141,0.014019211264219695,0.02174560076746164,0.0061679491154709954,12.680625798794962,12.204069365524022,12.111333333333334,1.6048980912246824,1.5853437288745258,1.5813595616112974
final_joint_baseline_44mer,poly2,4,25,309.364,train,0.07798023731391591,0.08124090068984284,0.0040485376401432505,0.014509938982058653,0.023829863811473624,0.01162771843985435,12.839442212890269,12.367461901201079,12.434000000000003,1.602065164513469,1.5785932814268195,1.5726245436290247
final_joint_baseline_44mer,poly2,4,26,310.6,train,0.07270515254905355,0.07490191772914606,0.003936005948289786,0.015675267039708292,0.02299434250392052,0.008043958450997847,12.760165616821862,12.530639250790248,12.466000000000001,1.6043305868470101,1.571885452274949,1.572269615312777
final_joint_baseline_44mer,poly2,4,27,311.842,train,0.07331396322405753,0.07881707379840261,0.004966423164270278,0.01585602885249868,0.018034825419652567,0.008133943736787805,12.944969113261518,12.693696247336248,12.538,1.5958195529076442,1.5652160455317268,1.5730034024206252
final_joint_baseline_44mer,poly2,4,28,313.088,train,0.07706182721721978,0.0898239041129,0.005040255524584002,0.016477189204057975,0.028763597392868753,0.008034435150054225,13.29451341975534,12.856194166144284,12.82,1.5835136685075968,1.55860260109035,1.5514321680745884
final_joint_baseline_44mer,poly2,4,29,314.34,train,0.07322084459245481,0.06707033906863608,0.0024902461741118094,0.014054573728485014,0.019975334161429836,0.008524736140103194,13.48962745724545,13.018210768292107,12.978666666666667,1.5730841481092992,1.5520414391875463,1.5546873425341992
final_joint_baseline_44mer,poly2,4,30,315.596,train,0.07439374395106316,0.07860886247967866,0.004436122291804703,0.014458712063523064,0.018805350597510158,0.010088428522434864,13.672765276002677,13.179298073504034,13.090666666666667,1.567634268012788,1.5455500780163909,1.5649954804962736
final_joint_baseline_44mer,poly2,4,31,316.858,train,0.0741976099665412,0.07032176231429199,0.00618562678850808,0.014329438910500834,0.01975682795522305,0.00753851527519696,13.829060921429004,13.339517460133987,13.504666666666667,1.5631233357800103,1.5391253105624771,1.5240449629277515
final_joint_baseline_44mer,poly2,4,32,318.124,train,0.07446621494799671,0.08069669633978119,0.0041306591497463525,0.014288829405069505,0.024341380303966795,0.007409894128419152,14.070463605380073,13.498414875562819,13.425333333333334,1.558760215078798,1.5327845040700545,1.5338461745059888
final_joint_baseline_44mer,poly2,4,33,319.396,train,0.07882102363767945,0.09392873993777628,0.003836074548524801,0.014797805628893206,0.02632925867979296,0.008754843096875789,14.099472795325909,13.656036423824395,13.770666666666667,1.560315682543106,1.526524871851883,1.511222895411461
final_joint_baseline_44mer,poly2,4,34,320.672,train,0.08054766231463453,0.0851692304587231,0.0032022989039256046,0.014993089549230931,0.017781616283220263,0.010030254498251907,14.246917031830076,13.811925632565904,13.628666666666668,1.5576941339806614,1.5203634937730852,1.5372338336962281
final_joint_baseline_44mer,poly2,4,35,321.954,train,0.07785096580781084,0.08331663035258896,0.005420057570455409,0.013786430365937137,0.021963838398941254,0.00817330188213869,14.381535283914552,13.966114783474811,14.137333333333334,1.553315696022292,1.514297945835154,1.5046089876536985
final_joint_baseline_44mer,poly2,4,36,323.241,train,0.0794770107676348,0.0826114998636506,0.0045412147645071625,0.013765831564932074,0.01939341488277499,0.008410673302512816,14.587121903718579,14.118266128297908,14.058666666666667,1.545519977992165,1.5083403058408655,1.501595481809426
final_joint_baseline_44mer,poly2,4,37,324.533,train,0.07571740326033546,0.08785110976487889,0.0051838920651281935,0.013497967637224426,0.020144490164533346,0.008909064287661885,14.566468109062138,14.268163242649084,14.16,1.5455605687236313,1.5024977163333728,1.5102870125796688
final_joint_baseline_44mer,poly2,4,38,325.83,train,0.07849381029690808,0.06706336659700882,0.005053543222069468,0.013692274821664968,0.025583151202374387,0.012474861540453935,14.80466496257075,14.415588712164535,14.260666666666665,1.5404790686617498,1.4967772371878756,1.5097042240573264
final_joint_baseline_44mer,poly2,4,39,327.132,train,0.08028288045638413,0.08436096660287293,0.005270551065504659,0.01585113228213521,0.026025636522266242,0.009498455566351604,14.926329042663259,14.560324886851923,14.753333333333336,1.543821294173438,1.4911858236186073,1.482187148193997
final_joint_baseline_44mer,poly2,4,40,328.44,train,0.07566404354052655,0.08197126447243994,0.005553075318279191,0.015304244734599959,0.031401647348049025,0.010373031014753748,15.05278513176313,14.702261766929528,15.091333333333333,1.540026443712756,1.485726193191478,1.4567966715898328
final_joint_baseline_44mer,poly2,4,41,329.753,train,0.07970085642600144,0.08015049197896909,0.0028941670732471796,0.016884751431157783,0.027739699735911102,0.008321739832986043,15.265959923315682,14.841070567232759,14.912,1.5372187904758519,1.4804093977390598,1.4690065166442088
final_joint_baseline_44mer,poly2,4,42,331.071,train,0.07442063907595126,0.0757321297323974,0.005124745206496625,0.018048772599647534,0.02499841924076191,0.009133670097567562,15.465113961414396,14.97653688237838,15.151333333333334,1.5314127841504375,1.475241974262333,1.472897927398729
final_joint_baseline_44mer,poly2,4,43,332.394,train,0.07908076622444213,0.0815418184251552,0.006572274812283304,0.018042299867232242,0.024991164344770896,0.007486949896979302,15.650857373257864,15.108448903936885,14.980666666666666,1.5244549200868058,1.4702302835522987,1.4738261267932686
final_joint_baseline_44mer,poly2,4,44,333.723,train,0.07575620587585863,0.08679558608339183,0.0055033108357161915,0.019152582705667436,0.026848192548073243,0.007894504606654668,15.79094470817357,15.236692884789438,15.139333333333333,1.5161238639190366,1.4653769151217664,1.4584997497837924
final_joint_baseline_44mer,poly2,4,45,335.057,train,0.07497390547845909,0.07404191837014285,0.007075739380403188,0.01856575209303925,0.02275417525396216,0.00701554843804502,15.881811058365287,15.36096234861937,15.088666666666667,1.5139679599741689,1.460691707997285,1.4725994292252134
final_joint_baseline_44mer,poly2,4,46,336.396,train,0.07627331806669428,0.0791304777605581,0.00650116519904404,0.01820212552087802,0.023622582934330866,0.00918512560617645,15.95942996470087,15.481056392551103,15.027999999999999,1.5107176380054235,1.4561804392829132,1.4699705645927417
final_joint_baseline_44mer,poly2,4,47,337.741,train,0.07622814415208337,0.08020894178923071,0.006437895405450574,0.01816370624932627,0.02886461754104956,0.01114019996523073,16.191268790700505,15.596863141170864,15.755333333333333,1.5031807816212521,1.451845525269019,1.4461004709279104
final_joint_baseline_44mer,poly2,4,48,339.091,train,0.07202257990337141,0.06731992597861342,0.005342620016073075,0.017056139013221623,0.02498882709393039,0.00862305701978144,16.2934658572211,15.708099808362185,15.398666666666667,1.4997236766808852,1.447695766746764,1.4617266888788378
final_joint_baseline_44mer,poly2,4,49,340.446,train,0.07189742372380968,0.06708758005489177,0.0065390772019195825,0.01685208456140155,0.021482196496086167,0.008321558246085796,16.485230661554375,15.814580552654947,15.575333333333333,1.4953283897396434,1.4437363080004952,1.45476015435981
final_joint_baseline_44mer,poly2,4,50,341.807,train,0.07502923798147952,0.08345689629689766,0.008234582100425665,0.01738095623082603,0.021140481721026547,0.012451418939570132,16.691355897389087,15.916197974146993,16.09733333333333,1.4903387932207046,1.4399693903434387,1.440305116746897
final_joint_baseline_44mer,poly2,4,51,343.173,train,0.0680029412584976,0.06799340999131413,0.005575238100710937,0.01571497125158077,0.019734924277904707,0.007610311812075655,16.85042336132919,16.012697175410864,15.982,1.4792115717588992,1.4364027415288203,1.4352220492473893
final_joint_baseline_44mer,poly2,4,52,344.545,train,0.06880113617503464,0.0632366704416272,0.006217647467551315,0.0154060462777716,0.02513550519366272,0.008185778192676569,17.108302522670563,16.103974370268087,16.143333333333334,1.4707794216938925,1.4330385153700254,1.4320565297749945
final_joint_baseline_44mer,poly2,4,53,345.922,train,0.06466517262062568,0.06706895439086304,0.0076397938440069466,0.014926619960181688,0.026363340395617343,0.009721486832029936,17.151692684559674,16.189794656109804,16.007333333333335,1.4674249423764787,1.4298837378659297,1.4302621002778353
final_joint_baseline_44mer,poly2,4,54,347.305,train,0.06864800088123717,0.06588067888297368,0.007676869777273371,0.016186710326317147,0.022724219797557753,0.006680924344267925,17.198451478911814,16.270058009347625,16.388666666666666,1.4707388309624263,1.4269405120529801,1.4201497325051438
final_joint_baseline_44mer,poly2,4,55,348.693,train,0.06772047512457285,0.0725093379518025,0.006657664281707425,0.01531535417179478,0.02043735033122162,0.007700178618321954,17.365968291643842,16.344550222784076,16.205333333333336,1.46534792230597,1.4242151877371654,1.4308506956092886
final_joint_baseline_44mer,poly2,4,56,350.086,train,0.06994218540171303,0.07452097760670487,0.005270923883437355,0.01507052123570118,0.017888309685633798,0.006894544495552238,17.642026124398996,16.413127892209744,16.304666666666666,1.4586152219225486,1.421711577141706,1.4356891587690632
final_joint_baseline_44mer,poly2,4,57,351.486,train,0.06799606012066992,0.06614296865514963,0.004342420047540424,0.015906913160387854,0.022575832578443297,0.006837495483752841,17.59089830199014,16.47573882995128,16.535999999999998,1.459674410254965,1.4194302482459378,1.421344765710431
final_joint_baseline_44mer,poly2,4,58,352.891,train,0.06609081890283917,0.06557720029950188,0.007678041955902866,0.014720026741230812,0.026387631648911537,0.012310045661119715,17.764145137240583,16.532148909388805,16.675333333333334,1.454219169118449,1.4173784876035564,1.4221114421001415
final_joint_baseline_44mer,poly2,4,59,354.301,train,0.06562543047414436,0.06937201064454697,0.007742474583029319,0.01495975427459154,0.020162557690368853,0.007804500393034162,17.849990870914734,16.582233158661914,16.873333333333335,1.4515792398474154,1.4155596900835277,1.4131715763448622
final_joint_baseline_44mer,poly2,4,60,355.717,train,0.064094219045046,0.06833405428146379,0.004891037561559863,0.014589924076931379,0.016457191659816493,0.00805604691919036,17.95618609640314,16.62590124094411,16.378666666666668,1.4478678684382402,1.4139761000581637,1.4249299514016727
final_joint_baseline_44mer,poly2,4,61,357.139,train,0.06309084428068015,0.06936001571937439,0.006021946873912653,0.01509694315439963,0.025282459501948965,0.009465166882076714,17.985555124459857,16.663026165326286,16.86,1.4474435804149874,1.412631406625712,1.40058579935755
final_joint_baseline_44mer,poly2,4,62,358.567,train,0.05956474481452628,0.055467984029097445,0.006205337354798885,0.015127477658332939,0.023225298985040707,0.009041321560655994,17.929191771651148,16.69348672973061,16.648666666666664,1.4479398595468786,1.4115292078870807,1.4172402668760347
final_joint_baseline_44mer,poly2,4,63,360.0,train,0.05857299695248348,0.05580531872570281,0.005928190335867585,0.014728074172409822,0.02226964209336214,0.007355111878193465,18.00590271438135,16.717153445726865,16.836,1.448537998438865,1.4106735286252579,1.3972908021178219
final_joint_baseline_44mer,poly2,5,0,280.0,train,0.05594803204531839,0.05597810478901154,0.004086715735905369,0.01773849532769333,0.025256238015712827,0.006788199795719395,8.984389264195727,8.555573769199817,8.456666666666667,1.7330192887155929,1.745212083422836,1.7492726918301327
final_joint_baseline_44mer,poly2,5,1,281.119,train,0.055009465993828735,0.06172017069540828,0.005952108162520351,0.0173718755706406,0.019485961256227147,0.009202413169959258,9.245772472764894,8.690555603301078,8.681333333333333,1.7254357146970922,1.7389783599614015,1.7289605601147082
final_joint_baseline_44mer,poly2,5,2,282.243,train,0.05854939030685096,0.06067181991956759,0.003822838068791158,0.01784310418172068,0.022543417968259236,0.010078662224134397,9.307776459132127,8.827360692086232,8.782666666666668,1.7239583652442858,1.7326858277707997,1.7271377928859315
final_joint_baseline_44mer,poly2,5,3,283.371,train,0.062264279054745686,0.06479921801997529,0.003256476860752835,0.016980087328852957,0.021272702824517466,0.008562880158122548,9.5004241220863,8.965851276383198,9.024666666666668,1.7181079388731155,1.7263417779769383,1.7256924476259479
final_joint_baseline_44mer,poly2,5,4,284.504,train,0.06299469195027939,0.07025250776008393,0.0034063549863535486,0.01582961124418446,0.019594930521713193,0.008855084010236302,9.659105501795388,9.10613051530608,9.099333333333334,1.7148231530757665,1.7199424380796242,1.7315647065059205
final_joint_baseline_44mer,poly2,5,5,285.641,train,0.06199542990775824,0.06640644186129074,0.0038322168288601605,0.015385869615469852,0.02116884952618867,0.007067523600517557,9.834191086969753,9.248051185918499,9.278666666666666,1.70995073357408,1.7134954716554083,1.7126679557079267
final_joint_baseline_44mer,poly2,5,6,286.783,train,0.06587349452267803,0.07783655694492564,0.003812245162490852,0.015907496611475325,0.02694527325202635,0.010080811067783503,10.003320324386829,9.391710592840681,9.317333333333336,1.700945718091396,1.7069973978257438,1.7005934052008882
final_joint_baseline_44mer,poly2,5,7,287.929,train,0.06840153036020183,0.06379223888629701,0.0026322820602899446,0.015762832015322754,0.021035316214011265,0.007990118264205245,10.215862546406182,9.536951083630065,9.522666666666666,1.6943485754338155,1.7004562743228582,1.7008192191936358
final_joint_baseline_44mer,poly2,5,8,289.08,train,0.0734904498887203,0.08447176014991489,0.0022697180194158678,0.015960844715282148,0.022587430391298,0.008707347955830736,10.399694936400707,9.68386286293136,9.741333333333333,1.6849675212879243,1.6938689495973538,1.6841846142652277
final_joint_baseline_44mer,poly2,5,9,290.235,train,0.07311367511917818,0.0783446199171608,0.00397723441352698,0.015477214520889043,0.017667513923711818,0.008885966272360997,10.524419922707079,9.83227684463175,9.862666666666666,1.681340394793113,1.6872438954484634,1.681148935874423
final_joint_baseline_44mer,poly2,5,10,291.395,train,0.07122663036448118,0.08304611414722511,0.0032976531249203044,0.015957186221508192,0.02494188309001419,0.00829072966002638,10.66035238269125,9.98227480790748,9.933333333333334,1.6777821959555088,1.6805783270532326,1.684989945646208
final_joint_baseline_44mer,poly2,5,11,292.56,train,0.07257114301444251,0.07872927392370126,0.003324526612032111,0.01598124488355001,0.023665652870233006,0.009182982060219867,10.742928001947536,10.133805654370116,10.244666666666667,1.6731364718597481,1.6738753906558987,1.671916620599491
final_joint_baseline_44mer,poly2,5,12,293.729,train,0.07150299466355149,0.06926778698805408,0.004504917977815387,0.015823084951402264,0.02189534491397996,0.0087290082826245,10.807456941147832,10.286681178460565,10.137333333333334,1.6738479584546968,1.6671442135053633,1.6763664963206582
final_joint_baseline_44mer,poly2,5,13,294.903,train,0.07083480853814239,0.0680569447288808,0.003887078277127216,0.015995133517143253,0.026950971761766668,0.009144277721013254,10.913218154707565,10.440967850515426,10.194666666666667,1.6724701711734125,1.6603826314515304,1.6644890444609317
final_joint_baseline_44mer,poly2,5,14,296.082,train,0.0747006002132131,0.08499117480245695,0.0030058378447414516,0.017907811742119886,0.02679842712808885,0.008988966876088085,11.137181242772805,10.596595847186896,10.660666666666666,1.665708368001392,1.6535944628025334,1.6396577436423443
final_joint_baseline_44mer,poly2,5,15,297.266,train,0.07425072762370666,0.0761142303892955,0.004037514204562529,0.017454761052163432,0.023062969453124735,0.0065116277629743745,11.28130401375449,10.753488459444998,10.812666666666667,1.6584518174231966,1.6467837621525159,1.6417307599717927
final_joint_baseline_44mer,poly2,5,16,298.454,train,0.07464540985188726,0.08267603769888751,0.005062177329846732,0.015131607076535818,0.02288672079101168,0.009281362371377371,11.462236397662954,10.911428682518173,10.830666666666666,1.653061674629598,1.6399605612960408,1.6362730427418435
final_joint_baseline_44mer,poly2,5,17,299.647,train,0.07512561731962669,0.083366789078516,0.003070106010908788,0.01571225342893269,0.025932881927982366,0.00867452782470522,11.609464579149169,11.070457752414786,11.002,1.6439808387239871,1.6331236288228448,1.6212719670584723
final_joint_baseline_44mer,poly2,5,18,300.845,train,0.078976419268495,0.08536464368382125,0.005216721929764913,0.01539894411853779,0.02504356822542291,0.008136761967768096,11.843582253058244,11.230477030925513,11.146,1.6384022936673557,1.626277730081079,1.6179059972067615
final_joint_baseline_44mer,poly2,5,19,302.047,train,0.08075602233564878,0.08256642502505948,0.0036384534015701103,0.015744905569424122,0.024685710846391498,0.008907467816806222,12.03045767147465,11.391246276490591,11.112000000000002,1.6302856790997862,1.6194335531181145,1.631469406742448
final_joint_baseline_44mer,poly2,5,20,303.254,train,0.08274572308388779,0.08157594756616399,0.003813854194180684,0.015547416950196577,0.019230053159867224,0.007559723537437333,12.269134182338263,11.552784858210451,11.472000000000001,1.6206763978222538,1.6125906054218033,1.622042627291586
final_joint_baseline_44mer,poly2,5,21,304.467,train,0.0814136673478285,0.08395595405506322,0.004672920823966191,0.013726663669928764,0.01467134925894198,0.00877111905838449,12.378670272655349,11.715104443258278,11.625333333333334,1.611008910967524,1.605748726064094,1.6114825006461104
final_joint_baseline_44mer,poly2,5,22,305.683,train,0.0841340228438216,0.09172122284776771,0.005286944078716289,0.013868054110232633,0.01711060229616594,0.008812646155574883,12.575666042845839,11.877673532886885,11.958,1.6024266517823778,1.5989304789583823,1.595961334650516
final_joint_baseline_44mer,poly2,5,23,306.905,train,0.08229974076790281,0.10475250737490868,0.005634986286537583,0.013352463190871244,0.018903897873777185,0.009679583921834888,12.589017710425416,12.040755188182182,12.248000000000001,1.6065431646433592,1.5921248992815327,1.5954315888492678
final_joint_baseline_44mer,poly2,5,24,308.132,train,0.07685170143914652,0.08905106050625683,0.004244432900167314,0.014019211264219695,0.017906185277858477,0.00753826818622104,12.680625798794962,12.204069365524022,12.042666666666667,1.6048980912246824,1.5853437288745258,1.586383329165774
final_joint_baseline_44mer,poly2,5,25,309.364,train,0.07798023731391591,0.08516088563649943,0.004260755544235088,0.014509938982058653,0.021787432055760322,0.008694139554286226,12.839442212890269,12.367461901201079,12.398666666666667,1.602065164513469,1.5785932814268195,1.5664524957443882
final_joint_baseline_44mer,poly2,5,26,310.6,train,0.07270515254905355,0.07545761257865938,0.00453133451514048,0.015675267039708292,0.02312258781765005,0.009203752642039608,12.760165616821862,12.530639250790248,12.703999999999999,1.6043305868470101,1.571885452274949,1.5646179020253976
final_joint_baseline_44mer,poly2,5,27,311.842,train,0.07331396322405753,0.07290110722453214,0.004403939717149114,0.01585602885249868,0.020027314795491566,0.007815836910229818,12.944969113261518,12.693696247336248,12.835999999999999,1.5958195529076442,1.5652160455317268,1.5634607153652043
final_joint_baseline_44mer,poly2,5,28,313.088,train,0.07706182721721978,0.08379350637132138,0.004257952175459557,0.016477189204057975,0.023923641127833344,0.010492131288494216,13.29451341975534,12.856194166144284,12.624666666666666,1.5835136685075968,1.55860260109035,1.5745413851421053
final_joint_baseline_44mer,poly2,5,29,314.34,train,0.07322084459245481,0.08163648519266695,0.004619453477540859,0.014054573728485014,0.021604119484133495,0.009690499310238812,13.48962745724545,13.018210768292107,13.166666666666666,1.5730841481092992,1.5520414391875463,1.549477555002689
final_joint_baseline_44mer,poly2,5,30,315.596,train,0.07439374395106316,0.08048612609238445,0.005006123546017927,0.014458712063523064,0.02135115546070799,0.00852973796719719,13.672765276002677,13.179298073504034,12.986666666666668,1.567634268012788,1.5455500780163909,1.558553804910706
final_joint_baseline_44mer,poly2,5,31,316.858,train,0.0741976099665412,0.0866063723181495,0.0031532250124952444,0.014329438910500834,0.021213707561069352,0.007608199925401193,13.829060921429004,13.339517460133987,13.315333333333331,1.5631233357800103,1.5391253105624771,1.535608201080862
final_joint_baseline_44mer,poly2,5,32,318.124,train,0.07446621494799671,0.0744421110222818,0.004956656647465942,0.014288829405069505,0.0206175032397114,0.009628011720653046,14.070463605380073,13.498414875562819,13.691333333333333,1.558760215078798,1.5327845040700545,1.5060994648194759
final_joint_baseline_44mer,poly2,5,33,319.396,train,0.07882102363767945,0.0821741037693918,0.0042597652007866395,0.014797805628893206,0.019533081965233515,0.008165035336293975,14.099472795325909,13.656036423824395,13.366,1.560315682543106,1.526524871851883,1.5401534045689746
final_joint_baseline_44mer,poly2,5,34,320.672,train,0.08054766231463453,0.09222401447417507,0.005777972458585651,0.014993089549230931,0.015667482681507684,0.006328611557526767,14.246917031830076,13.811925632565904,13.797333333333333,1.5576941339806614,1.5203634937730852,1.5297940673672965
final_joint_baseline_44mer,poly2,5,35,321.954,train,0.07785096580781084,0.07917385634397346,0.003521435046835577,0.013786430365937137,0.023237611742209383,0.008764668522786569,14.381535283914552,13.966114783474811,13.928666666666668,1.553315696022292,1.514297945835154,1.5021850982660678
final_joint_baseline_44mer,poly2,5,36,323.241,train,0.0794770107676348,0.07666419196023833,0.004426203839090172,0.013765831564932074,0.023198896703863665,0.008094936867505464,14.587121903718579,14.118266128297908,13.998,1.545519977992165,1.5083403058408655,1.5146925914297182
final_joint_baseline_44mer,poly2,5,37,324.533,train,0.07571740326033546,0.08034629943765911,0.0069501185666867756,0.013497967637224426,0.026753810544814606,0.008777201446050584,14.566468109062138,14.268163242649084,14.396666666666667,1.5455605687236313,1.5024977163333728,1.5040768461141794
final_joint_baseline_44mer,poly2,5,38,325.83,train,0.07849381029690808,0.08405387139284526,0.002882276537866914,0.013692274821664968,0.021090799100393888,0.007849981507635051,14.80466496257075,14.415588712164535,14.474666666666666,1.5404790686617498,1.4967772371878756,1.5072379444095518
final_joint_baseline_44mer,poly2,5,39,327.132,train,0.08028288045638413,0.089941981086208,0.005746460907503631,0.01585113228213521,0.021504269641041823,0.009177273375825353,14.926329042663259,14.560324886851923,14.650666666666666,1.543821294173438,1.4911858236186073,1.487472921571931
final_joint_baseline_44mer,poly2,5,40,328.44,train,0.07566404354052655,0.08297623307960472,0.0028564869839051432,0.015304244734599959,0.022288398811806567,0.0068322676429895665,15.05278513176313,14.702261766929528,14.642666666666667,1.540026443712756,1.485726193191478,1.4903323870490583
final_joint_baseline_44mer,poly2,5,41,329.753,train,0.07970085642600144,0.08303453083567491,0.004815750090259193,0.016884751431157783,0.028613150712945193,0.007781340071469011,15.265959923315682,14.841070567232759,14.654,1.5372187904758519,1.4804093977390598,1.478129107631228
final_joint_baseline_44mer,poly2,5,42,331.071,train,0.07442063907595126,0.08756819091955609,0.005977481612576624,0.018048772599647534,0.020023120651908304,0.006713018993489986,15.465113961414396,14.97653688237838,14.723333333333333,1.5314127841504375,1.475241974262333,1.4854469177316483
final_joint_baseline_44mer,poly2,5,43,332.394,train,0.07908076622444213,0.0773672732372834,0.004788733994371604,0.018042299867232242,0.026688436960934467,0.009673345710751523,15.650857373257864,15.108448903936885,15.045333333333334,1.5244549200868058,1.4702302835522987,1.4720039523072412
final_joint_baseline_44mer,poly2,5,44,333.723,train,0.07575620587585863,0.08433961232702403,0.005903015459981542,0.019152582705667436,0.021021738704329822,0.00935651174190751,15.79094470817357,15.236692884789438,15.232,1.5161238639190366,1.4653769151217664,1.469714091741101
final_joint_baseline_44mer,poly2,5,45,335.057,train,0.07497390547845909,0.08507733654543151,0.007995897131689765,0.01856575209303925,0.028622729891860287,0.009403152012105367,15.881811058365287,15.36096234861937,15.197999999999999,1.5139679599741689,1.460691707997285,1.4606401899523387
final_joint_baseline_44mer,poly2,5,46,336.396,train,0.07627331806669428,0.07883402727030178,0.005564331805305758,0.01820212552087802,0.026062978048911035,0.008317469707229214,15.95942996470087,15.481056392551103,15.406666666666666,1.5107176380054235,1.4561804392829132,1.4493500147134233
final_joint_baseline_44mer,poly2,5,47,337.741,train,0.07622814415208337,0.07341148927955105,0.00412900756294822,0.01816370624932627,0.02499085570170019,0.008379036874208351,16.191268790700505,15.596863141170864,15.469333333333333,1.5031807816212521,1.451845525269019,1.4577180753783237
final_joint_baseline_44mer,poly2,5,48,339.091,train,0.07202257990337141,0.07209834608632332,0.0049799495079228,0.017056139013221623,0.024516993835880345,0.007174292601683853,16.2934658572211,15.708099808362185,15.779333333333334,1.4997236766808852,1.447695766746764,1.4461956350105467
final_joint_baseline_44mer,poly2,5,49,340.446,train,0.07189742372380968,0.07664368987060817,0.004885352414850524,0.01685208456140155,0.0235078553675932,0.0067418049859648554,16.485230661554375,15.814580552654947,15.562666666666665,1.4953283897396434,1.4437363080004952,1.4434407449697921
final_joint_baseline_44mer,poly2,5,50,341.807,train,0.07502923798147952,0.06590060981919613,0.008269066170552525,0.01738095623082603,0.02405135125640344,0.007915733445434094,16.691355897389087,15.916197974146993,15.992666666666668,1.4903387932207046,1.4399693903434387,1.4339994426168672
final_joint_baseline_44mer,poly2,5,51,343.173,train,0.0680029412584976,0.06939484900787604,0.005178798930488015,0.01571497125158077,0.01829622912436627,0.008424857814018865,16.85042336132919,16.012697175410864,15.978000000000003,1.4792115717588992,1.4364027415288203,1.4378895856838003
final_joint_baseline_44mer,poly2,5,52,344.545,train,0.06880113617503464,0.0781322812806444,0.004862966140487153,0.0154060462777716,0.02358294817199587,0.007074014975906319,17.108302522670563,16.103974370268087,16.044666666666668,1.4707794216938925,1.4330385153700254,1.4352075600840155
final_joint_baseline_44mer,poly2,5,53,345.922,train,0.06466517262062568,0.0704323069254799,0.006717167993850076,0.014926619960181688,0.022176044104202083,0.009534848807576546,17.151692684559674,16.189794656109804,16.18266666666667,1.4674249423764787,1.4298837378659297,1.4315053615159437
final_joint_baseline_44mer,poly2,5,54,347.305,train,0.06864800088123717,0.06356519110868639,0.008002124388660794,0.016186710326317147,0.024064768668431002,0.009151206744884205,17.198451478911814,16.270058009347625,15.902000000000001,1.4707388309624263,1.4269405120529801,1.439368413122211
final_joint_baseline_44mer,poly2,5,55,348.693,train,0.06772047512457285,0.06847122531329441,0.0036376083801057174,0.01531535417179478,0.026909094845798013,0.009854471371785044,17.365968291643842,16.344550222784076,16.264,1.46534792230597,1.4242151877371654,1.4300480923867611
final_joint_baseline_44mer,poly2,5,56,350.086,train,0.06994218540171303,0.06958237612581428,0.008791786636820726,0.01507052123570118,0.02180979003547638,0.008312143174788698,17.642026124398996,16.413127892209744,16.278000000000002,1.4586152219225486,1.421711577141706,1.4220627486346924
final_joint_baseline_44mer,poly2,5,57,351.486,train,0.06799606012066992,0.07075066098153936,0.010436609971300873,0.015906913160387854,0.023278234559691177,0.008623693398515386,17.59089830199014,16.47573882995128,16.431333333333335,1.459674410254965,1.4194302482459378,1.4208826546633044
final_joint_baseline_44mer,poly2,5,58,352.891,train,0.06609081890283917,0.07057115938470684,0.004229545457464705,0.014720026741230812,0.025162440848394654,0.009933830670231347,17.764145137240583,16.532148909388805,16.413333333333334,1.454219169118449,1.4173784876035564,1.412643410236083
final_joint_baseline_44mer,poly2,5,59,354.301,train,0.06562543047414436,0.057183792532896544,0.00779265635912854,0.01495975427459154,0.026728159030115484,0.007663523810026027,17.849990870914734,16.582233158661914,17.043333333333333,1.4515792398474154,1.4155596900835277,1.3993189624444249
final_joint_baseline_44mer,poly2,5,60,355.717,train,0.064094219045046,0.06405921107860513,0.005844111491289961,0.014589924076931379,0.019503372663528407,0.007150401124570964,17.95618609640314,16.62590124094411,16.512,1.4478678684382402,1.4139761000581637,1.4225812049725082
final_joint_baseline_44mer,poly2,5,61,357.139,train,0.06309084428068015,0.06680370622552394,0.006947632745237875,0.01509694315439963,0.02047148145558063,0.009729880318737854,17.985555124459857,16.663026165326286,16.43466666666667,1.4474435804149874,1.412631406625712,1.423439485960234
final_joint_baseline_44mer,poly2,5,62,358.567,train,0.05956474481452628,0.06150663594132791,0.006945129078570374,0.015127477658332939,0.023530138858275797,0.010331819554335063,17.929191771651148,16.69348672973061,16.929333333333332,1.4479398595468786,1.4115292078870807,1.4094934495742788
final_joint_baseline_44mer,poly2,5,63,360.0,train,0.05857299695248348,0.054837587881422234,0.008378185869509815,0.014728074172409822,0.02213400482791364,0.006937408524105005,18.00590271438135,16.717153445726865,16.799333333333337,1.448537998438865,1.4106735286252579,1.4092935784424807
final_joint_baseline_44mer,poly2,6,0,280.0,train,0.05594803204531839,0.056037326821888694,0.004361933785159143,0.01773849532769333,0.024377974199154877,0.009412058497303314,8.984389264195727,8.555573769199817,8.492,1.7330192887155929,1.745212083422836,1.7419599472572722
final_joint_baseline_44mer,poly2,6,1,281.119,train,0.055009465993828735,0.05450134100319469,0.0019514657021954206,0.0173718755706406,0.021282765313038972,0.006922260055913751,9.245772472764894,8.690555603301078,8.817333333333334,1.7254357146970922,1.7389783599614015,1.725702298737811
final_joint_baseline_44mer,poly2,6,2,282.243,train,0.05854939030685096,0.06907919550481244,0.004116903711887477,0.01784310418172068,0.022643593015316307,0.007648742289071975,9.307776459132127,8.827360692086232,8.846666666666668,1.7239583652442858,1.7326858277707997,1.7289747066483518
final_joint_baseline_44mer,poly2,6,3,283.371,train,0.062264279054745686,0.06625286105354747,0.003879696691431344,0.016980087328852957,0.02111008457913247,0.006643487679581934,9.5004241220863,8.965851276383198,8.978666666666665,1.7181079388731155,1.7263417779769383,1.722736389331883
final_joint_baseline_44mer,poly2,6,4,284.504,train,0.06299469195027939,0.06392649892605631,0.004041818466931992,0.01582961124418446,0.02268123967563785,0.007890288636990093,9.659105501795388,9.10613051530608,9.218,1.7148231530757665,1.7199424380796242,1.733341993837776
final_joint_baseline_44mer,poly2,6,5,285.641,train,0.06199542990775824,0.07389026935902374,0.004850271862999772,0.015385869615469852,0.02340952256081511,0.008935489171115113,9.834191086969753,9.248051185918499,9.142666666666667,1.70995073357408,1.7134954716554083,1.7068970471952267
final_joint_baseline_44mer,poly2,6,6,286.783,train,0.06587349452267803,0.0788732902613388,0.005229507340624325,0.015907496611475325,0.021861955349679697,0.00758206069574495,10.003320324386829,9.391710592840681,9.376000000000001,1.700945718091396,1.7069973978257438,1.7026192093964299
final_joint_baseline_44mer,poly2,6,7,287.929,train,0.06840153036020183,0.07475716579105626,0.00453765297948548,0.015762832015322754,0.0220617807370405,0.006734141742845222,10.215862546406182,9.536951083630065,9.754666666666667,1.6943485754338155,1.7004562743228582,1.6878045762403189
final_joint_baseline_44mer,poly2,6,8,289.08,train,0.0734904498887203,0.08081472855358168,0.004160355836817523,0.015960844715282148,0.020712749244951104,0.009728711768259787,10.399694936400707,9.68386286293136,9.521333333333333,1.6849675212879243,1.6938689495973538,1.6980484006229708
final_joint_baseline_44mer,poly2,6,9,290.235,train,0.07311367511917818,0.08469583149337206,0.0053607265706369775,0.015477214520889043,0.01976781330122105,0.008136709993914778,10.524419922707079,9.83227684463175,9.982,1.681340394793113,1.6872438954484634,1.689216389076182
final_joint_baseline_44mer,poly2,6,10,291.395,train,0.07122663036448118,0.07881203658091256,0.0045276726920904075,0.015957186221508192,0.02017598210029406,0.009528154491206513,10.66035238269125,9.98227480790748,10.062666666666667,1.6777821959555088,1.6805783270532326,1.684477616767476
final_joint_baseline_44mer,poly2,6,11,292.56,train,0.07257114301444251,0.07605493315832157,0.0027239735954416294,0.01598124488355001,0.021063458505853623,0.00794702666108928,10.742928001947536,10.133805654370116,10.233333333333334,1.6731364718597481,1.6738753906558987,1.6542013832087121
final_joint_baseline_44mer,poly2,6,12,293.729,train,0.07150299466355149,0.07854810527662162,0.0024215968930451077,0.015823084951402264,0.022425057795434737,0.009353418318115368,10.807456941147832,10.286681178460565,10.290000000000001,1.6738479584546968,1.6671442135053633,1.666529365121019
final_joint_baseline_44mer,poly2,6,13,294.903,train,0.07083480853814239,0.07113316404704367,0.004570114971278384,0.015995133517143253,0.022385905864194144,0.006756631685415562,10.913218154707565,10.440967850515426,10.425333333333334,1.6724701711734125,1.6603826314515304,1.663657073433455
final_joint_baseline_44mer,poly2,6,14,296.082,train,0.0747006002132131,0.08085062316623087,0.004171057984779544,0.017907811742119886,0.017798376276052727,0.00914529435841615,11.137181242772805,10.596595847186896,10.542000000000002,1.665708368001392,1.6535944628025334,1.6534071755291957
final_joint_baseline_44mer,poly2,6,15,297.266,train,0.07425072762370666,0.07958273322599765,0.004725058165581648,0.017454761052163432,0.02007949892420395,0.008953892019476006,11.28130401375449,10.753488459444998,10.822666666666667,1.6584518174231966,1.6467837621525159,1.6356855620769442
final_joint_baseline_44mer,poly2,6,16,298.454,train,0.07464540985188726,0.07107505491114141,0.0038912581587530726,0.015131607076535818,0.023523495646252703,0.0075148669598358205,11.462236397662954,10.911428682518173,11.101333333333333,1.653061674629598,1.6399605612960408,1.6435247789654697
final_joint_baseline_44mer,poly2,6,17,299.647,train,0.07512561731962669,0.08739224836798386,0.005997325536238391,0.01571225342893269,0.026225118821092176,0.008151311000497123,11.609464579149169,11.070457752414786,11.054,1.6439808387239871,1.6331236288228448,1.619673821377727
final_joint_baseline_44mer,poly2,6,18,300.845,train,0.078976419268495,0.08331486974759678,0.003227782465482759,0.01539894411853779,0.0184843119485927,0.007717517616533652,11.843582253058244,11.230477030925513,11.180666666666665,1.6384022936673557,1.626277730081079,1.63282186133309
final_joint_baseline_44mer,poly2,6,19,302.047,train,0.08075602233564878,0.08412953361569805,0.003570460338037944,0.015744905569424122,0.023568363343180403,0.009549921050257936,12.03045767147465,11.391246276490591,11.537333333333333,1.6302856790997862,1.6194335531181145,1.616331212690527
final_joint_baseline_44mer,poly2,6,20,303.254,train,0.08274572308388779,0.09407817939782195,0.003432560411586717,0.015547416950196577,0.028115839464463024,0.009471690876056229,12.269134182338263,11.552784858210451,11.512,1.6206763978222538,1.6125906054218033,1.609500446045867
final_joint_baseline_44mer,poly2,6,21,304.467,train,0.0814136673478285,0.0866660161156445,0.003911565077414976,0.013726663669928764,0.018381298320882943,0.007763255791499537,12.378670272655349,11.715104443258278,11.788666666666666,1.611008910967524,1.605748726064094,1.5932583962358506
final_joint_baseline_44mer,poly2,6,22,305.683,train,0.0841340228438216,0.08983448523716203,0.004536775566089089,0.013868054110232633,0.02235563329263328,0.00854835046612815,12.575666042845839,11.877673532886885,11.887333333333334,1.6024266517823778,1.5989304789583823,1.5864324478515712
final_joint_baseline_44mer,poly2,6,23,306.905,train,0.08229974076790281,0.0789802305735787,0.003481153491491091,0.013352463190871244,0.020079816245262627,0.008806843090501289,12.589017710425416,12.040755188182182,12.236,1.6065431646433592,1.5921248992815327,1.5890836017813355
final_joint_baseline_44mer,poly2,6,24,308.132,train,0.07685170143914652,0.08278400897503223,0.004855077269221032,0.014019211264219695,0.016400663576959306,0.006649303894228546,12.680625798794962,12.204069365524022,12.196666666666667,1.6048980912246824,1.5853437288745258,1.5897668330472594
final_joint_baseline_44mer,poly2,6,25,309.364,train,0.07798023731391591,0.08304056214479208,0.004244199670442313,0.014509938982058653,0.01954821872798712,0.006892152513605765,12.839442212890269,12.367461901201079,12.54,1.602065164513469,1.5785932814268195,1.568854174200289
final_joint_baseline_44mer,poly2,6,26,310.6,train,0.07270515254905355,0.07712255729639514,0.005889753962171073,0.015675267039708292,0.02591566730691995,0.009388051269190064,12.760165616821862,12.530639250790248,12.602666666666668,1.6043305868470101,1.571885452274949,1.5640229209706633
final_joint_baseline_44mer,poly2,6,27,311.842,train,0.07331396322405753,0.07644360530402873,0.004485992026710715,0.01585602885249868,0.02517731163881197,0.010833570116992612,12.944969113261518,12.693696247336248,12.706666666666667,1.5958195529076442,1.5652160455317268,1.563028883064063
final_joint_baseline_44mer,poly2,6,28,313.088,train,0.07706182721721978,0.08475742467389595,0.003348764569497764,0.016477189204057975,0.022087342187927496,0.005560428703430572,13.29451341975534,12.856194166144284,12.922666666666666,1.5835136685075968,1.55860260109035,1.5555487761053202
final_joint_baseline_44mer,poly2,6,29,314.34,train,0.07322084459245481,0.08160382607903183,0.0044621977875390455,0.014054573728485014,0.019838724550406167,0.007937859473284625,13.48962745724545,13.018210768292107,13.030000000000001,1.5730841481092992,1.5520414391875463,1.559839027038594
final_joint_baseline_44mer,poly2,6,30,315.596,train,0.07439374395106316,0.08448650960157641,0.0045419498733520565,0.014458712063523064,0.01974038962074031,0.006688649503174218,13.672765276002677,13.179298073504034,13.18,1.567634268012788,1.5455500780163909,1.5478316867632576
final_joint_baseline_44mer,poly2,6,31,316.858,train,0.0741976099665412,0.08854613989246007,0.004533884852083805,0.014329438910500834,0.02312284060730902,0.008705653422419388,13.829060921429004,13.339517460133987,13.572,1.5631233357800103,1.5391253105624771,1.5215263248149116
final_joint_baseline_44mer,poly2,6,32,318.124,train,0.07446621494799671,0.08578412301857237,0.004626238646144965,0.014288829405069505,0.020552518340835605,0.00868091233633577,14.070463605380073,13.498414875562819,13.430666666666667,1.558760215078798,1.5327845040700545,1.5410589589693295
final_joint_baseline_44mer,poly2,6,33,319.396,train,0.07882102363767945,0.08723623560114321,0.005992022928657117,0.014797805628893206,0.01953081965155163,0.009061170209831462,14.099472795325909,13.656036423824395,13.85,1.560315682543106,1.526524871851883,1.5215220575689152
final_joint_baseline_44mer,poly2,6,34,320.672,train,0.08054766231463453,0.0871737395594289,0.004212327418390721,0.014993089549230931,0.02765456567479626,0.009702441437891082,14.246917031830076,13.811925632565904,13.754000000000001,1.5576941339806614,1.5203634937730852,1.5208456885221406
final_joint_baseline_44mer,poly2,6,35,321.954,train,0.07785096580781084,0.08471909580174977,0.0057309854569468684,0.013786430365937137,0.017150436072348816,0.006574383320453164,14.381535283914552,13.966114783474811,13.646,1.553315696022292,1.514297945835154,1.5341720929967266
final_joint_baseline_44mer,poly2,6,36,323.241,train,0.0794770107676348,0.07694137496915954,0.004260430750154897,0.013765831564932074,0.01977422747146413,0.0069861635791294615,14.587121903718579,14.118266128297908,14.174666666666667,1.545519977992165,1.5083403058408655,1.4961399959678312
final_joint_baseline_44mer,poly2,6,37,324.533,train,0.07571740326033546,0.08155791307175622,0.005712173848299598,0.013497967637224426,0.017735740883912963,0.007472590826508227,14.566468109062138,14.268163242649084,14.322666666666667,1.5455605687236313,1.5024977163333728,1.5087479110761077
final_joint_baseline_44mer,poly2,6,38,325.83,train,0.07849381029690808,0.09106578730696938,0.006180565187611893,0.013692274821664968,0.019548718647075643,0.008900892397402464,14.80466496257075,14.415588712164535,14.411999999999999,1.5404790686617498,1.4967772371878756,1.503624893828307
final_joint_baseline_44mer,poly2,6,39,327.132,train,0.08028288045638413,0.07999810379071048,0.004139088938039683,0.01585113228213521,0.027442349580962557,0.00860350916399107,14.926329042663259,14.560324886851923,14.450666666666667,1.543821294173438,1.4911858236186073,1.4935371437673355
final_joint_baseline_44mer,poly2,6,40,328.44,train,0.07566404354052655,0.07610862596479366,0.004347399403329202,0.015304244734599959,0.016655698191220175,0.005238403608884504,15.05278513176313,14.702261766929528,14.675333333333338,1.540026443712756,1.485726193191478,1.4918596451965531
final_joint_baseline_44mer,poly2,6,41,329.753,train,0.07970085642600144,0.08229875621865418,0.004212448159961786,0.016884751431157783,0.021545502326782037,0.006497490909969644,15.265959923315682,14.841070567232759,14.739333333333333,1.5372187904758519,1.4804093977390598,1.4836527078063941
final_joint_baseline_44mer,poly2,6,42,331.071,train,0.07442063907595126,0.07531722531116189,0.007188360172574201,0.018048772599647534,0.025828109069247027,0.008149991139684053,15.465113961414396,14.97653688237838,15.182,1.5314127841504375,1.475241974262333,1.4696644543205215
final_joint_baseline_44mer,poly2,6,43,332.394,train,0.07908076622444213,0.07911153960985942,0.00398328410531633,0.018042299867232242,0.026438772998764133,0.007694237338881549,15.650857373257864,15.108448903936885,15.044,1.5244549200868058,1.4702302835522987,1.4718763164752648
final_joint_baseline_44mer,poly2,6,44,333.723,train,0.07575620587585863,0.0797592903473313,0.005732907807563246,0.019152582705667436,0.028358332002203276,0.00898435602653909,15.79094470817357,15.236692884789438,14.980000000000002,1.5161238639190366,1.4653769151217664,1.478684805466999
final_joint_baseline_44mer,poly2,6,45,335.057,train,0.07497390547845909,0.07827942695609644,0.005373830836992356,0.01856575209303925,0.02300417631549823,0.006314521091778053,15.881811058365287,15.36096234861937,15.550666666666666,1.5139679599741689,1.460691707997285,1.4506680502313754
final_joint_baseline_44mer,poly2,6,46,336.396,train,0.07627331806669428,0.07503250587986754,0.006886363000226513,0.01820212552087802,0.026658228455652327,0.008916192096941215,15.95942996470087,15.481056392551103,15.18,1.5107176380054235,1.4561804392829132,1.457862453969703
final_joint_baseline_44mer,poly2,6,47,337.741,train,0.07622814415208337,0.07917971478923345,0.004319733543275096,0.01816370624932627,0.022607608107626707,0.00782278091773645,16.191268790700505,15.596863141170864,15.673333333333336,1.5031807816212521,1.451845525269019,1.4549364463215488
final_joint_baseline_44mer,poly2,6,48,339.091,train,0.07202257990337141,0.07558809938672015,0.007206226670020046,0.017056139013221623,0.017861401744399385,0.005758517444462458,16.2934658572211,15.708099808362185,15.66,1.4997236766808852,1.447695766746764,1.456254872754285
final_joint_baseline_44mer,poly2,6,49,340.446,train,0.07189742372380968,0.06845733990679681,0.00693666597040167,0.01685208456140155,0.022468106087380306,0.007100229401743263,16.485230661554375,15.814580552654947,15.899999999999999,1.4953283897396434,1.4437363080004952,1.44142081598741
final_joint_baseline_44mer,poly2,6,50,341.807,train,0.07502923798147952,0.07840575526752736,0.007601794017548421,0.01738095623082603,0.022240018656569847,0.007551862706603955,16.691355897389087,15.916197974146993,15.928666666666668,1.4903387932207046,1.4399693903434387,1.4425928079334513
final_joint_baseline_44mer,poly2,6,51,343.173,train,0.0680029412584976,0.0653987426439892,0.006061687395759515,0.01571497125158077,0.02199938570322019,0.007313313783982842,16.85042336132919,16.012697175410864,16.020666666666667,1.4792115717588992,1.4364027415288203,1.4403271242940763
final_joint_baseline_44mer,poly2,6,52,344.545,train,0.06880113617503464,0.07293520979108942,0.005229086926030331,0.0154060462777716,0.022542380980646044,0.009947892966483171,17.108302522670563,16.103974370268087,16.326666666666668,1.4707794216938925,1.4330385153700254,1.4211884616245585
final_joint_baseline_44mer,poly2,6,53,345.922,train,0.06466517262062568,0.07145515431959419,0.0075686575398215905,0.014926619960181688,0.023128863198078328,0.007751282214884032,17.151692684559674,16.189794656109804,16.21,1.4674249423764787,1.4298837378659297,1.414586888325289
final_joint_baseline_44mer,poly2,6,54,347.305,train,0.06864800088123717,0.0702098780177888,0.006089891722376692,0.016186710326317147,0.023268185691166357,0.0062640175589671445,17.198451478911814,16.270058009347625,16.36866666666667,1.4707388309624263,1.4269405120529801,1.4295205726189848
final_joint_baseline_44mer,poly2,6,55,348.693,train,0.06772047512457285,0.07094972107653502,0.006593693572905214,0.01531535417179478,0.02237611465626571,0.007549364190508189,17.365968291643842,16.344550222784076,16.281333333333336,1.46534792230597,1.4242151877371654,1.432959823298053
final_joint_baseline_44mer,poly2,6,56,350.086,train,0.06994218540171303,0.07026065545993032,0.004321324004835348,0.01507052123570118,0.024007566034570917,0.0079651998031935,17.642026124398996,16.413127892209744,16.442666666666668,1.4586152219225486,1.421711577141706,1.411983691644275
final_joint_baseline_44mer,poly2,6,57,351.486,train,0.06799606012066992,0.06867425429849223,0.008153336980174826,0.015906913160387854,0.027178187821945025,0.008945151830717124,17.59089830199014,16.47573882995128,16.471333333333334,1.459674410254965,1.4194302482459378,1.4241678429056195
final_joint_baseline_44mer,poly2,6,58,352.891,train,0.06609081890283917,0.0696333353318517,0.0068547480347613005,0.014720026741230812,0.023674736484866836,0.009871732432967177,17.764145137240583,16.532148909388805,16.504666666666665,1.454219169118449,1.4173784876035564,1.4105575551109393
final_joint_baseline_44mer,poly2,6,59,354.301,train,0.06562543047414436,0.07298758184723315,0.007413367492953545,0.01495975427459154,0.022487678457155172,0.00853576688985379,17.849990870914734,16.582233158661914,16.663333333333334,1.4515792398474154,1.4155596900835277,1.4037378520394483
final_joint_baseline_44mer,poly2,6,60,355.717,train,0.064094219045046,0.0593528096000783,0.007553258801656812,0.014589924076931379,0.018932649539700516,0.0065627773233023524,17.95618609640314,16.62590124094411,16.412,1.4478678684382402,1.4139761000581637,1.4262900069158582
final_joint_baseline_44mer,poly2,6,61,357.139,train,0.06309084428068015,0.0635753963596741,0.006172736068650229,0.01509694315439963,0.016717950004792315,0.006853141165632681,17.985555124459857,16.663026165326286,16.56666666666667,1.4474435804149874,1.412631406625712,1.4203944178237817
final_joint_baseline_44mer,poly2,6,62,358.567,train,0.05956474481452628,0.05867910584381136,0.006636885179301793,0.015127477658332939,0.022491260153000937,0.006873394944837933,17.929191771651148,16.69348672973061,16.747333333333334,1.4479398595468786,1.4115292078870807,1.4148751272033464
final_joint_baseline_44mer,poly2,6,63,360.0,train,0.05857299695248348,0.05710338911873285,0.006032178389797863,0.014728074172409822,0.018444766732008136,0.008455617058910993,18.00590271438135,16.717153445726865,16.564666666666668,1.448537998438865,1.4106735286252579,1.417198203238946
final_joint_baseline_44mer,poly2,7,0,280.0,train,0.05594803204531839,0.05919848342482584,0.0024218586345887048,0.01773849532769333,0.02005900177099313,0.007064996284657782,8.984389264195727,8.555573769199817,8.663333333333334,1.7330192887155929,1.745212083422836,1.7464875579487145
final_joint_baseline_44mer,poly2,7,1,281.119,train,0.055009465993828735,0.06473860165423735,0.003147052287705313,0.0173718755706406,0.023202073237367934,0.007990217805328596,9.245772472764894,8.690555603301078,8.815999999999999,1.7254357146970922,1.7389783599614015,1.7379658540215033
final_joint_baseline_44mer,poly2,7,2,282.243,train,0.05854939030685096,0.05618884876218324,0.005236012602645025,0.01784310418172068,0.019312130658346343,0.005921217414308252,9.307776459132127,8.827360692086232,8.904666666666667,1.7239583652442858,1.7326858277707997,1.7410696935354881
final_joint_baseline_44mer,poly2,7,3,283.371,train,0.062264279054745686,0.06167306462229476,0.0038478282750052805,0.016980087328852957,0.01795679674364266,0.007664557537227716,9.5004241220863,8.965851276383198,8.940666666666667,1.7181079388731155,1.7263417779769383,1.7294640549890206
final_joint_baseline_44mer,poly2,7,4,284.504,train,0.06299469195027939,0.06526182254190599,0.0016115139012943989,0.01582961124418446,0.02472891963221822,0.00877399157386028,9.659105501795388,9.10613051530608,9.021333333333335,1.7148231530757665,1.7199424380796242,1.7173039707988547
final_joint_baseline_44mer,poly2,7,5,285.641,train,0.06199542990775824,0.06389789283347902,0.0024380683332911788,0.015385869615469852,0.017155057556837085,0.006515099426775547,9.834191086969753,9.248051185918499,9.265999999999998,1.70995073357408,1.7134954716554083,1.700117795062393
final_joint_baseline_44mer,poly2,7,6,286.783,train,0.06587349452267803,0.06604000528140679,0.0032281566448063275,0.015907496611475325,0.019995836307457316,0.010113608915347586,10.003320324386829,9.391710592840681,9.646666666666667,1.700945718091396,1.7069973978257438,1.6864718518812682
final_joint_baseline_44mer,poly2,7,7,287.929,train,0.06840153036020183,0.062465284070579365,0.0023350353608649075,0.015762832015322754,0.022172888865461402,0.007629248265050118,10.215862546406182,9.536951083630065,9.589333333333332,1.6943485754338155,1.7004562743228582,1.7148842385966867
final_joint_baseline_44mer,poly2,7,8,289.08,train,0.0734904498887203,0.07217342945798969,0.002824885239756941,0.015960844715282148,0.017933063912794457,0.006543046401468983,10.399694936400707,9.68386286293136,9.79,1.6849675212879243,1.6938689495973538,1.692954602474366
final_joint_baseline_44mer,poly2,7,9,290.235,train,0.07311367511917818,0.08262456235173371,0.00411301384752746,0.015477214520889043,0.023982795325396405,0.009800993078464937,10.524419922707079,9.83227684463175,9.856,1.681340394793113,1.6872438954484634,1.6906580576476582
final_joint_baseline_44mer,poly2,7,10,291.395,train,0.07122663036448118,0.07548883748717218,0.007636703496278311,0.015957186221508192,0.030236757278652923,0.008989292053576767,10.66035238269125,9.98227480790748,9.885333333333334,1.6777821959555088,1.6805783270532326,1.680484322201739
final_joint_baseline_44mer,poly2,7,11,292.56,train,0.07257114301444251,0.07337780341030672,0.006003889937228354,0.01598124488355001,0.022430299527752984,0.008248875418247096,10.742928001947536,10.133805654370116,9.91,1.6731364718597481,1.6738753906558987,1.684795027062056
final_joint_baseline_44mer,poly2,7,12,293.729,train,0.07150299466355149,0.07676334776171134,0.004222945957580662,0.015823084951402264,0.0165569185180732,0.0086264719043662,10.807456941147832,10.286681178460565,10.161333333333333,1.6738479584546968,1.6671442135053633,1.6787421042130317
final_joint_baseline_44mer,poly2,7,13,294.903,train,0.07083480853814239,0.07853798713817986,0.0040394991866216715,0.015995133517143253,0.023691390092610724,0.011047808632390481,10.913218154707565,10.440967850515426,10.451333333333334,1.6724701711734125,1.6603826314515304,1.6597986267143612
final_joint_baseline_44mer,poly2,7,14,296.082,train,0.0747006002132131,0.08623559225547672,0.0031781515142096234,0.017907811742119886,0.022109094612269002,0.006048196123082471,11.137181242772805,10.596595847186896,10.564666666666668,1.665708368001392,1.6535944628025334,1.6516509411595288
final_joint_baseline_44mer,poly2,7,15,297.266,train,0.07425072762370666,0.07799404611302203,0.004016913539465749,0.017454761052163432,0.02610087341541667,0.0077781711655905686,11.28130401375449,10.753488459444998,10.562000000000001,1.6584518174231966,1.6467837621525159,1.654780269351069
final_joint_baseline_44mer,poly2,7,16,298.454,train,0.07464540985188726,0.07647349406585746,0.003015954028102834,0.015131607076535818,0.02832605196890372,0.009595832818365662,11.462236397662954,10.911428682518173,10.868666666666666,1.653061674629598,1.6399605612960408,1.639669477668511
final_joint_baseline_44mer,poly2,7,17,299.647,train,0.07512561731962669,0.08735102393543615,0.004675143491405609,0.01571225342893269,0.0239468075112048,0.00764478724741153,11.609464579149169,11.070457752414786,10.996,1.6439808387239871,1.6331236288228448,1.6220976636838766
final_joint_baseline_44mer,poly2,7,18,300.845,train,0.078976419268495,0.07927092600529756,0.0033676791791360586,0.01539894411853779,0.019015958115687723,0.0062082827124150895,11.843582253058244,11.230477030925513,11.240666666666666,1.6384022936673557,1.626277730081079,1.6401166863840984
final_joint_baseline_44mer,poly2,7,19,302.047,train,0.08075602233564878,0.08468509861148263,0.0036405737949475334,0.015744905569424122,0.026509673573388147,0.00838988844833089,12.03045767147465,11.391246276490591,11.276,1.6302856790997862,1.6194335531181145,1.6274709560244114
final_joint_baseline_44mer,poly2,7,20,303.254,train,0.08274572308388779,0.09540792836828549,0.005917428599782982,0.015547416950196577,0.021640065273702037,0.009886535516874125,12.269134182338263,11.552784858210451,11.45,1.6206763978222538,1.6125906054218033,1.6216175170443705
final_joint_baseline_44mer,poly2,7,21,304.467,train,0.0814136673478285,0.0880246140118251,0.005325273997639306,0.013726663669928764,0.01566697537345254,0.008482824512826791,12.378670272655349,11.715104443258278,11.649333333333336,1.611008910967524,1.605748726064094,1.6137998389259227
final_joint_baseline_44mer,poly2,7,22,305.683,train,0.0841340228438216,0.09319634655788796,0.003682674427643675,0.013868054110232633,0.01783862003839303,0.008307482495437897,12.575666042845839,11.877673532886885,11.842666666666666,1.6024266517823778,1.5989304789583823,1.5945996674427805
final_joint_baseline_44mer,poly2,7,23,306.905,train,0.08229974076790281,0.09318202418261119,0.00396494415821887,0.013352463190871244,0.018019292247874366,0.007357684190569652,12.589017710425416,12.040755188182182,11.935333333333332,1.6065431646433592,1.5921248992815327,1.5978245758862053
final_joint_baseline_44mer,poly2,7,24,308.132,train,0.07685170143914652,0.08064611869835675,0.0029389592566897845,0.014019211264219695,0.017109104086695165,0.007600445204426482,12.680625798794962,12.204069365524022,12.210666666666667,1.6048980912246824,1.5853437288745258,1.5896458045040378
final_joint_baseline_44mer,poly2,7,25,309.364,train,0.07798023731391591,0.08356685287206259,0.0036622532007949266,0.014509938982058653,0.02145656021419151,0.006718962731561612,12.839442212890269,12.367461901201079,12.355333333333332,1.602065164513469,1.5785932814268195,1.5781561215136837
final_joint_baseline_44mer,poly2,7,26,310.6,train,0.07270515254905355,0.07940387302494932,0.0038085881653318046,0.015675267039708292,0.020347417494146258,0.0076490051999663165,12.760165616821862,12.530639250790248,12.437333333333333,1.6043305868470101,1.571885452274949,1.5800062138099709
final_joint_baseline_44mer,poly2,7,27,311.842,train,0.07331396322405753,0.07770778117140445,0.003784959877491666,0.01585602885249868,0.02577804190730316,0.009033515584681767,12.944969113261518,12.693696247336248,12.576,1.5958195529076442,1.5652160455317268,1.5627422223612915
final_joint_baseline_44mer,poly2,7,28,313.088,train,0.07706182721721978,0.0916326361547052,0.0056290361591322365,0.016477189204057975,0.021182524301663026,0.007642699119377174,13.29451341975534,12.856194166144284,12.924,1.5835136685075968,1.55860260109035,1.558203906549943
final_joint_baseline_44mer,poly2,7,29,314.34,train,0.07322084459245481,0.07393722152655292,0.004077657013272899,0.014054573728485014,0.017648310612043142,0.0077220642156700025,13.48962745724545,13.018210768292107,13.082666666666668,1.5730841481092992,1.5520414391875463,1.540726294686189
final_joint_baseline_44mer,poly2,7,30,315.596,train,0.07439374395106316,0.07946913391273258,0.003962779050716188,0.014458712063523064,0.021054611992539548,0.007019540820699383,13.672765276002677,13.179298073504034,13.236666666666668,1.567634268012788,1.5455500780163909,1.5407772762589702
final_joint_baseline_44mer,poly2,7,31,316.858,train,0.0741976099665412,0.07866298963597881,0.0028977003617594223,0.014329438910500834,0.01997393411086039,0.007402229277403762,13.829060921429004,13.339517460133987,13.286666666666665,1.5631233357800103,1.5391253105624771,1.526828758816137
final_joint_baseline_44mer,poly2,7,32,318.124,train,0.07446621494799671,0.07715967138268853,0.0040744315924861,0.014288829405069505,0.025401919422385354,0.008304315293946166,14.070463605380073,13.498414875562819,13.723333333333333,1.558760215078798,1.5327845040700545,1.5240125672380929
final_joint_baseline_44mer,poly2,7,33,319.396,train,0.07882102363767945,0.09164835023487315,0.004581639145099946,0.014797805628893206,0.020231153279751533,0.009218603746201686,14.099472795325909,13.656036423824395,13.712,1.560315682543106,1.526524871851883,1.5302491658128778
final_joint_baseline_44mer,poly2,7,34,320.672,train,0.08054766231463453,0.09201366498956476,0.0043553204649909956,0.014993089549230931,0.01683350845656583,0.010059226292787642,14.246917031830076,13.811925632565904,13.925333333333334,1.5576941339806614,1.5203634937730852,1.518613566290812
final_joint_baseline_44mer,poly2,7,35,321.954,train,0.07785096580781084,0.08343759402916498,0.006983515655020327,0.013786430365937137,0.018346042940276256,0.007898737982525453,14.381535283914552,13.966114783474811,14.044,1.553315696022292,1.514297945835154,1.512233485243179
final_joint_baseline_44mer,poly2,7,36,323.241,train,0.0794770107676348,0.0811305631281644,0.0034358776054772104,0.013765831564932074,0.017022818168499453,0.00802864912088503,14.587121903718579,14.118266128297908,14.207333333333333,1.545519977992165,1.5083403058408655,1.5089323510000048
final_joint_baseline_44mer,poly2,7,37,324.533,train,0.07571740326033546,0.08536668803292086,0.006292900585077345,0.013497967637224426,0.01916544266547727,0.007431228117217701,14.566468109062138,14.268163242649084,14.277999999999999,1.5455605687236313,1.5024977163333728,1.5096286307822244
final_joint_baseline_44mer,poly2,7,38,325.83,train,0.07849381029690808,0.08478893084712158,0.003329729039997321,0.013692274821664968,0.02073443578151038,0.006944424071383696,14.80466496257075,14.415588712164535,14.417333333333334,1.5404790686617498,1.4967772371878756,1.4956721260488202
final_joint_baseline_44mer,poly2,7,39,327.132,train,0.08028288045638413,0.08006675105217242,0.007529420473203646,0.01585113228213521,0.026000109130085738,0.01028381485258097,14.926329042663259,14.560324886851923,14.418,1.543821294173438,1.4911858236186073,1.5158773705861712
final_joint_baseline_44mer,poly2,7,40,328.44,train,0.07566404354052655,0.07427695024150142,0.004212972035940206,0.015304244734599959,0.027036863086133657,0.00894716188573286,15.05278513176313,14.702261766929528,14.901333333333334,1.540026443712756,1.485726193191478,1.4626030847381015
final_joint_baseline_44mer,poly2,7,41,329.753,train,0.07970085642600144,0.081361412771582,0.0045015719315432854,0.016884751431157783,0.0270301726528964,0.009013450187004203,15.265959923315682,14.841070567232759,15.036666666666669,1.5372187904758519,1.4804093977390598,1.4688325072415258
final_joint_baseline_44mer,poly2,7,42,331.071,train,0.07442063907595126,0.07248567911729129,0.0037095664160762916,0.018048772599647534,0.02194544660791458,0.007695472565979528,15.465113961414396,14.97653688237838,14.964666666666666,1.5314127841504375,1.475241974262333,1.4835740045852157
final_joint_baseline_44mer,poly2,7,43,332.394,train,0.07908076622444213,0.07893965413858514,0.004138724575084665,0.018042299867232242,0.028374609125720165,0.007681565880128935,15.650857373257864,15.108448903936885,15.318666666666667,1.5244549200868058,1.4702302835522987,1.4624798997590922
final_joint_baseline_44mer,poly2,7,44,333.723,train,0.07575620587585863,0.07920745982966612,0.005090417074139764,0.019152582705667436,0.029656604088782706,0.008009931583016872,15.79094470817357,15.236692884789438,15.231333333333332,1.5161238639190366,1.4653769151217664,1.4667989979953935
final_joint_baseline_44mer,poly2,7,45,335.057,train,0.07497390547845909,0.07308375814318956,0.004856020867456212,0.01856575209303925,0.02599397786247481,0.008094907432574398,15.881811058365287,15.36096234861937,15.413333333333332,1.5139679599741689,1.460691707997285,1.4553965268378313
final_joint_baseline_44mer,poly2,7,46,336.396,train,0.07627331806669428,0.08975535703268028,0.006062266184938165,0.01820212552087802,0.026122972323120927,0.007044701737216349,15.95942996470087,15.481056392551103,15.306666666666668,1.5107176380054235,1.4561804392829132,1.4610750542013462
final_joint_baseline_44mer,poly2,7,47,337.741,train,0.07622814415208337,0.07451834753456871,0.005191563942189222,0.01816370624932627,0.0171475589154432,0.008357671084678919,16.191268790700505,15.596863141170864,15.162,1.5031807816212521,1.451845525269019,1.4626529690671135
final_joint_baseline_44mer,poly2,7,48,339.091,train,0.07202257990337141,0.07072251939044599,0.005266408536326943,0.017056139013221623,0.024172284086006586,0.009203927706473145,16.2934658572211,15.708099808362185,15.728,1.4997236766808852,1.447695766746764,1.4602665401529589
final_joint_baseline_44mer,poly2,7,49,340.446,train,0.07189742372380968,0.08695891720064611,0.005853508912172732,0.01685208456140155,0.019483373203773954,0.007360648455721858,16.485230661554375,15.814580552654947,15.616666666666665,1.4953283897396434,1.4437363080004952,1.448850084541511
final_joint_baseline_44mer,poly2,7,50,341.807,train,0.07502923798147952,0.07473913556184429,0.007448759307247841,0.01738095623082603,0.025380753846971783,0.008299869907353995,16.691355897389087,15.916197974146993,15.774666666666668,1.4903387932207046,1.4399693903434387,1.4457456985673385
final_joint_baseline_44mer,poly2,7,51,343.173,train,0.0680029412584976,0.07049836258193898,0.006349509103410259,0.01571497125158077,0.02405004638281759,0.00890881396584724,16.85042336132919,16.012697175410864,15.813333333333336,1.4792115717588992,1.4364027415288203,1.4376855942360027
final_joint_baseline_44mer,poly2,7,52,344.545,train,0.06880113617503464,0.06789554817781131,0.005901024459650196,0.0154060462777716,0.023267125899366616,0.0059388901721122425,17.108302522670563,16.103974370268087,16.020666666666667,1.4707794216938925,1.4330385153700254,1.4328471630491568
final_joint_baseline_44mer,poly2,7,53,345.922,train,0.06466517262062568,0.06879139145695246,0.006163652202824575,0.014926619960181688,0.0203837928825503,0.009237963913731679,17.151692684559674,16.189794656109804,16.046,1.4674249423764787,1.4298837378659297,1.4294545954090614
final_joint_baseline_44mer,poly2,7,54,347.305,train,0.06864800088123717,0.06876358116549369,0.0056951922167325034,0.016186710326317147,0.021713322020238214,0.00817736772248693,17.198451478911814,16.270058009347625,16.343333333333334,1.4707388309624263,1.4269405120529801,1.4193185589766546
final_joint_baseline_44mer,poly2,7,55,348.693,train,0.06772047512457285,0.07555540154389746,0.005226266560210297,0.01531535417179478,0.022639866349037467,0.008416697906799563,17.365968291643842,16.344550222784076,16.28333333333333,1.46534792230597,1.4242151877371654,1.4269134403635608
final_joint_baseline_44mer,poly2,7,56,350.086,train,0.06994218540171303,0.07678896740131938,0.007471447560328975,0.01507052123570118,0.02110257602117762,0.008318885808446691,17.642026124398996,16.413127892209744,16.689333333333334,1.4586152219225486,1.421711577141706,1.41514656625478
final_joint_baseline_44mer,poly2,7,57,351.486,train,0.06799606012066992,0.06326160249426804,0.005937905115067832,0.015906913160387854,0.023564370792996604,0.009023657966550473,17.59089830199014,16.47573882995128,16.465999999999998,1.459674410254965,1.4194302482459378,1.4239170711078428
final_joint_baseline_44mer,poly2,7,58,352.891,train,0.06609081890283917,0.06054979891178365,0.004486185489930241,0.014720026741230812,0.02379408289506879,0.008520236825196953,17.764145137240583,16.532148909388805,16.426,1.454219169118449,1.4173784876035564,1.4234454286933524
final_joint_baseline_44mer,poly2,7,59,354.301,train,0.06562543047414436,0.0665700071160197,0.006540651832023667,0.01495975427459154,0.02052201074368943,0.008342026464516875,17.849990870914734,16.582233158661914,16.427333333333337,1.4515792398474154,1.4155596900835277,1.4240087334877072
final_joint_baseline_44mer,poly2,7,60,355.717,train,0.064094219045046,0.05682870057379554,0.006655039671305209,0.014589924076931379,0.02654789818535911,0.008575125971220395,17.95618609640314,16.62590124094411,16.78066666666667,1.4478678684382402,1.4139761000581637,1.394150590667395
final_joint_baseline_44mer,poly2,7,61,357.139,train,0.06309084428068015,0.05982501481936591,0.007092880654625417,0.01509694315439963,0.02330825610694172,0.008364078414222053,17.985555124459857,16.663026165326286,16.944666666666667,1.4474435804149874,1.412631406625712,1.4086535127779798
final_joint_baseline_44mer,poly2,7,62,358.567,train,0.05956474481452628,0.06531159855849883,0.008685602858371345,0.015127477658332939,0.01837480881671085,0.006907200154940233,17.929191771651148,16.69348672973061,16.624666666666666,1.4479398595468786,1.4115292078870807,1.410992219425972
final_joint_baseline_44mer,poly2,7,63,360.0,train,0.05857299695248348,0.06004920594689221,0.008356885444077807,0.014728074172409822,0.02318322221859081,0.008010704454902854,18.00590271438135,16.717153445726865,16.808666666666667,1.448537998438865,1.4106735286252579,1.4123560548558496
final_joint_baseline_44mer,poly2,8,0,280.0,train,0.05594803204531839,0.05929053810571795,0.002543058837321391,0.01773849532769333,0.01981041293138589,0.007458944260822221,8.984389264195727,8.555573769199817,8.62,1.7330192887155929,1.745212083422836,1.7335346901728372
final_joint_baseline_44mer,poly2,8,1,281.119,train,0.055009465993828735,0.056384015045665245,0.0026224307387843963,0.0173718755706406,0.022562579549363262,0.009182001772987617,9.245772472764894,8.690555603301078,8.726666666666667,1.7254357146970922,1.7389783599614015,1.7435407041190272
final_joint_baseline_44mer,poly2,8,2,282.243,train,0.05854939030685096,0.06287079077024586,0.003050715647013251,0.01784310418172068,0.022616366468728687,0.01015966909342167,9.307776459132127,8.827360692086232,8.901333333333334,1.7239583652442858,1.7326858277707997,1.7307822994615525
final_joint_baseline_44mer,poly2,8,3,283.371,train,0.062264279054745686,0.07078751499227681,0.0036633476535852705,0.016980087328852957,0.02517261128301907,0.008063908230003039,9.5004241220863,8.965851276383198,8.89,1.7181079388731155,1.7263417779769383,1.7308109647021688
final_joint_baseline_44mer,poly2,8,4,284.504,train,0.06299469195027939,0.07979587722193912,0.00558087770555068,0.01582961124418446,0.019473301203879044,0.009056506385362553,9.659105501795388,9.10613051530608,9.195333333333334,1.7148231530757665,1.7199424380796242,1.7178274631349155
final_joint_baseline_44mer,poly2,8,5,285.641,train,0.06199542990775824,0.06872163179749777,0.0036307651047477177,0.015385869615469852,0.01672192404671639,0.007782437750870229,9.834191086969753,9.248051185918499,9.143333333333334,1.70995073357408,1.7134954716554083,1.718160856615998
final_joint_baseline_44mer,poly2,8,6,286.783,train,0.06587349452267803,0.07100039100441459,0.003708662010778546,0.015907496611475325,0.02614078363294576,0.009307685843761175,10.003320324386829,9.391710592840681,9.5,1.700945718091396,1.7069973978257438,1.695727227082109
final_joint_baseline_44mer,poly2,8,7,287.929,train,0.06840153036020183,0.06869131127753186,0.0025911309339533162,0.015762832015322754,0.017122001467782103,0.007180893920867739,10.215862546406182,9.536951083630065,9.509333333333334,1.6943485754338155,1.7004562743228582,1.696880262362993
final_joint_baseline_44mer,poly2,8,8,289.08,train,0.0734904498887203,0.07813101551034024,0.0033185681343847707,0.015960844715282148,0.022622048866401727,0.006077012740915041,10.399694936400707,9.68386286293136,9.785333333333334,1.6849675212879243,1.6938689495973538,1.702170940231293
final_joint_baseline_44mer,poly2,8,9,290.235,train,0.07311367511917818,0.0814604549880881,0.00409070421614201,0.015477214520889043,0.023947802147813453,0.009589116721608846,10.524419922707079,9.83227684463175,9.834666666666667,1.681340394793113,1.6872438954484634,1.6882432039970279
final_joint_baseline_44mer,poly2,8,10,291.395,train,0.07122663036448118,0.07158506185540646,0.006294132952443599,0.015957186221508192,0.022753065903447903,0.010391063400994742,10.66035238269125,9.98227480790748,10.075333333333335,1.6777821959555088,1.6805783270532326,1.6740629693049456
final_joint_baseline_44mer,poly2,8,11,292.56,train,0.07257114301444251,0.08269592913886475,0.004734880521648152,0.01598124488355001,0.018126757922109084,0.008081335338827584,10.742928001947536,10.133805654370116,10.277999999999999,1.6731364718597481,1.6738753906558987,1.6559286577579382
final_joint_baseline_44mer,poly2,8,12,293.729,train,0.07150299466355149,0.07564644699491979,0.004408125783403707,0.015823084951402264,0.021143300910420174,0.010602110775030944,10.807456941147832,10.286681178460565,10.597999999999999,1.6738479584546968,1.6671442135053633,1.6417437820233716
final_joint_baseline_44mer,poly2,8,13,294.903,train,0.07083480853814239,0.07200407787018141,0.004459623802233957,0.015995133517143253,0.01862766971896574,0.007446632857580618,10.913218154707565,10.440967850515426,10.364666666666668,1.6724701711734125,1.6603826314515304,1.6747570524112525
final_joint_baseline_44mer,poly2,8,14,296.082,train,0.0747006002132131,0.07030784965718691,0.0032215604235490934,0.017907811742119886,0.019952399511694606,0.008615473654295302,11.137181242772805,10.596595847186896,10.545333333333334,1.665708368001392,1.6535944628025334,1.663153249015853
final_joint_baseline_44mer,poly2,8,15,297.266,train,0.07425072762370666,0.08776774693441136,0.004129921435899852,0.017454761052163432,0.017680612871468025,0.007346899629327097,11.28130401375449,10.753488459444998,10.632000000000001,1.6584518174231966,1.6467837621525159,1.6405400467921751
final_joint_baseline_44mer,poly2,8,16,298.454,train,0.07464540985188726,0.07957409127213397,0.004130361357495338,0.015131607076535818,0.022733458061161154,0.00657675185947039,11.462236397662954,10.911428682518173,11.083333333333334,1.653061674629598,1.6399605612960408,1.6317912178458318
final_joint_baseline_44mer,poly2,8,17,299.647,train,0.07512561731962669,0.0728712632335392,0.004161832020099196,0.01571225342893269,0.019604194481438054,0.007444639114424733,11.609464579149169,11.070457752414786,11.011333333333335,1.6439808387239871,1.6331236288228448,1.6416491976333045
final_joint_baseline_44mer,poly2,8,18,300.845,train,0.078976419268495,0.09013523763986717,0.003992385100117467,0.01539894411853779,0.02253871163332083,0.00691645229584987,11.843582253058244,11.230477030925513,11.35,1.6384022936673557,1.626277730081079,1.6188770619425519
final_joint_baseline_44mer,poly2,8,19,302.047,train,0.08075602233564878,0.08634261627745551,0.004496651108910784,0.015744905569424122,0.014738668976119158,0.00744326366800528,12.03045767147465,11.391246276490591,11.413333333333332,1.6302856790997862,1.6194335531181145,1.6249157657403213
final_joint_baseline_44mer,poly2,8,20,303.254,train,0.08274572308388779,0.08595430907681686,0.0041452930014598205,0.015547416950196577,0.015217223469163347,0.007390055053033399,12.269134182338263,11.552784858210451,11.562,1.6206763978222538,1.6125906054218033,1.610448666000392
final_joint_baseline_44mer,poly2,8,21,304.467,train,0.0814136673478285,0.09248777088756102,0.003490771248924794,0.013726663669928764,0.020974951969224047,0.007891060868945782,12.378670272655349,11.715104443258278,11.626666666666669,1.611008910967524,1.605748726064094,1.6054992963356471
final_joint_baseline_44mer,poly2,8,22,305.683,train,0.0841340228438216,0.09017024831338415,0.0033644574219122998,0.013868054110232633,0.020005819537823655,0.007446752806332245,12.575666042845839,11.877673532886885,11.699333333333335,1.6024266517823778,1.5989304789583823,1.6023636947622926
final_joint_baseline_44mer,poly2,8,23,306.905,train,0.08229974076790281,0.07395977034459406,0.0041094990931626815,0.013352463190871244,0.01855281100040835,0.00769824600850291,12.589017710425416,12.040755188182182,11.955333333333334,1.6065431646433592,1.5921248992815327,1.593264799495707
final_joint_baseline_44mer,poly2,8,24,308.132,train,0.07685170143914652,0.08617441400337292,0.004582253977732185,0.014019211264219695,0.01772420451811471,0.00866544744914376,12.680625798794962,12.204069365524022,12.286666666666667,1.6048980912246824,1.5853437288745258,1.5891005219113956
final_joint_baseline_44mer,poly2,8,25,309.364,train,0.07798023731391591,0.08625264753262465,0.0031381405180694166,0.014509938982058653,0.017266165600461687,0.009446584479565586,12.839442212890269,12.367461901201079,12.152666666666667,1.602065164513469,1.5785932814268195,1.591492231059308
final_joint_baseline_44mer,poly2,8,26,310.6,train,0.07270515254905355,0.07066837720264464,0.004611409765861887,0.015675267039708292,0.01528859192880552,0.008372872924496748,12.760165616821862,12.530639250790248,12.378666666666666,1.6043305868470101,1.571885452274949,1.5881777329425337
final_joint_baseline_44mer,poly2,8,27,311.842,train,0.07331396322405753,0.07534943456287259,0.0034915434957616836,0.01585602885249868,0.02216732918348447,0.007846464858597087,12.944969113261518,12.693696247336248,12.559333333333333,1.5958195529076442,1.5652160455317268,1.56662214902775
final_joint_baseline_44mer,poly2,8,28,313.088,train,0.07706182721721978,0.07995210123770774,0.0039657019394332554,0.016477189204057975,0.026099926665920942,0.007633839480527239,13.29451341975534,12.856194166144284,12.817333333333334,1.5835136685075968,1.55860260109035,1.5615758165305573
final_joint_baseline_44mer,poly2,8,29,314.34,train,0.07322084459245481,0.08852406860364934,0.005382645974900175,0.014054573728485014,0.014481849356164435,0.008016014972904112,13.48962745724545,13.018210768292107,13.044,1.5730841481092992,1.5520414391875463,1.5589915247077377
final_joint_baseline_44mer,poly2,8,30,315.596,train,0.07439374395106316,0.07415623907965593,0.004153148917377894,0.014458712063523064,0.023680098396819428,0.008709303006149124,13.672765276002677,13.179298073504034,13.193333333333333,1.567634268012788,1.5455500780163909,1.54515301553985
final_joint_baseline_44mer,poly2,8,31,316.858,train,0.0741976099665412,0.07965815662617556,0.0038562301849217975,0.014329438910500834,0.0175076881176207,0.007783004764109697,13.829060921429004,13.339517460133987,13.298666666666666,1.5631233357800103,1.5391253105624771,1.5342802701078575
final_joint_baseline_44mer,poly2,8,32,318.124,train,0.07446621494799671,0.08162907094454946,0.005531644402507177,0.014288829405069505,0.020856727219120887,0.007400274970522346,14.070463605380073,13.498414875562819,13.883333333333333,1.558760215078798,1.5327845040700545,1.521656804072176
final_joint_baseline_44mer,poly2,8,33,319.396,train,0.07882102363767945,0.08612833395057415,0.004683665874569937,0.014797805628893206,0.024102333467333842,0.00711415342912627,14.099472795325909,13.656036423824395,13.892,1.560315682543106,1.526524871851883,1.5149839120906592
final_joint_baseline_44mer,poly2,8,34,320.672,train,0.08054766231463453,0.08370781673596733,0.003789357788036207,0.014993089549230931,0.01997699013591283,0.007411706113252264,14.246917031830076,13.811925632565904,13.659333333333333,1.5576941339806614,1.5203634937730852,1.5336310953985277
final_joint_baseline_44mer,poly2,8,35,321.954,train,0.07785096580781084,0.08253509926632624,0.003974678150521859,0.013786430365937137,0.01989997567197612,0.008816159024251827,14.381535283914552,13.966114783474811,13.774666666666667,1.553315696022292,1.514297945835154,1.5187343074406376
final_joint_baseline_44mer,poly2,8,36,323.241,train,0.0794770107676348,0.07841542581196101,0.0052872718779737775,0.013765831564932074,0.02157730939800352,0.007746286360774734,14.587121903718579,14.118266128297908,13.971333333333334,1.545519977992165,1.5083403058408655,1.516976905811653
final_joint_baseline_44mer,poly2,8,37,324.533,train,0.07571740326033546,0.08102434603842316,0.00518627307822913,0.013497967637224426,0.019563780881892753,0.008420500317593593,14.566468109062138,14.268163242649084,14.344666666666667,1.5455605687236313,1.5024977163333728,1.4984144116934677
final_joint_baseline_44mer,poly2,8,38,325.83,train,0.07849381029690808,0.08404792666739477,0.0037006393941906726,0.013692274821664968,0.023531495960425593,0.01023255873671289,14.80466496257075,14.415588712164535,14.286666666666667,1.5404790686617498,1.4967772371878756,1.5003917459153935
final_joint_baseline_44mer,poly2,8,39,327.132,train,0.08028288045638413,0.08782249248993902,0.003457247473261306,0.01585113228213521,0.020144042850068967,0.008489639989189338,14.926329042663259,14.560324886851923,14.587333333333337,1.543821294173438,1.4911858236186073,1.4917564545993227
final_joint_baseline_44mer,poly2,8,40,328.44,train,0.07566404354052655,0.08270862743742338,0.004052495440677957,0.015304244734599959,0.020807950595248294,0.006285096549105517,15.05278513176313,14.702261766929528,14.716666666666667,1.540026443712756,1.485726193191478,1.4854447515547822
final_joint_baseline_44mer,poly2,8,41,329.753,train,0.07970085642600144,0.08199656265009435,0.005079215494518225,0.016884751431157783,0.026810605571959776,0.00948826478178365,15.265959923315682,14.841070567232759,14.964666666666666,1.5372187904758519,1.4804093977390598,1.4725771166087003
final_joint_baseline_44mer,poly2,8,42,331.071,train,0.07442063907595126,0.07525725877104912,0.003571596768543815,0.018048772599647534,0.02207819189428757,0.006671689524207321,15.465113961414396,14.97653688237838,14.83,1.5314127841504375,1.475241974262333,1.480977409486736
final_joint_baseline_44mer,poly2,8,43,332.394,train,0.07908076622444213,0.08545504836057485,0.005362349466707257,0.018042299867232242,0.026007807595210576,0.007200802123361528,15.650857373257864,15.108448903936885,14.986666666666666,1.5244549200868058,1.4702302835522987,1.4697736359627984
final_joint_baseline_44mer,poly2,8,44,333.723,train,0.07575620587585863,0.08145840365581791,0.0059269185336469805,0.019152582705667436,0.021959584905984243,0.008426793680042814,15.79094470817357,15.236692884789438,15.148666666666667,1.5161238639190366,1.4653769151217664,1.4753988726462506
final_joint_baseline_44mer,poly2,8,45,335.057,train,0.07497390547845909,0.07879718838442959,0.0034889312433520206,0.01856575209303925,0.021577950469371984,0.009979217817752536,15.881811058365287,15.36096234861937,15.315333333333333,1.5139679599741689,1.460691707997285,1.465154099527174
final_joint_baseline_44mer,poly2,8,46,336.396,train,0.07627331806669428,0.09027130855892092,0.005578223831035938,0.01820212552087802,0.027438572242445367,0.007143125685897879,15.95942996470087,15.481056392551103,15.390666666666668,1.5107176380054235,1.4561804392829132,1.4524755116577217
final_joint_baseline_44mer,poly2,8,47,337.741,train,0.07622814415208337,0.08976337349482885,0.007555470594876542,0.01816370624932627,0.028883310607297884,0.009491288438138599,16.191268790700505,15.596863141170864,15.690000000000001,1.5031807816212521,1.451845525269019,1.449240720743932
final_joint_baseline_44mer,poly2,8,48,339.091,train,0.07202257990337141,0.08190170489689541,0.006522536024728357,0.017056139013221623,0.02240241081889642,0.007089149934384081,16.2934658572211,15.708099808362185,15.848666666666666,1.4997236766808852,1.447695766746764,1.4535119050839909
final_joint_baseline_44mer,poly2,8,49,340.446,train,0.07189742372380968,0.0757833883271736,0.006026037413996262,0.01685208456140155,0.02501106271203685,0.009523144623559807,16.485230661554375,15.814580552654947,15.810666666666668,1.4953283897396434,1.4437363080004952,1.4525668203055992
final_joint_baseline_44mer,poly2,8,50,341.807,train,0.07502923798147952,0.07229236310148915,0.004087019749701418,0.01738095623082603,0.022329620661732837,0.008346714501702058,16.691355897389087,15.916197974146993,15.692666666666668,1.4903387932207046,1.4399693903434387,1.4470386552211776
final_joint_baseline_44mer,poly2,8,51,343.173,train,0.0680029412584976,0.06601883657692562,0.006224242155656965,0.01571497125158077,0.023048751542725093,0.00751455694532115,16.85042336132919,16.012697175410864,15.902000000000005,1.4792115717588992,1.4364027415288203,1.4313322651818086
final_joint_baseline_44mer,poly2,8,52,344.545,train,0.06880113617503464,0.07508385341067185,0.007779290118530499,0.0154060462777716,0.018793736909932662,0.0090371330659062,17.108302522670563,16.103974370268087,15.804,1.4707794216938925,1.4330385153700254,1.4449397060271938
final_joint_baseline_44mer,poly2,8,53,345.922,train,0.06466517262062568,0.07742745657952023,0.006337025941238552,0.014926619960181688,0.0202815975905362,0.008596930516590922,17.151692684559674,16.189794656109804,16.0,1.4674249423764787,1.4298837378659297,1.4362628969124565
final_joint_baseline_44mer,poly2,8,54,347.305,train,0.06864800088123717,0.07201447738144898,0.004244454428967504,0.016186710326317147,0.016249077291515257,0.006190289153401005,17.198451478911814,16.270058009347625,16.035333333333334,1.4707388309624263,1.4269405120529801,1.4361746807500584
final_joint_baseline_44mer,poly2,8,55,348.693,train,0.06772047512457285,0.06281032476242085,0.0054544938404437,0.01531535417179478,0.023141617179909417,0.007793169363131463,17.365968291643842,16.344550222784076,16.389333333333333,1.46534792230597,1.4242151877371654,1.4259674023401663
final_joint_baseline_44mer,poly2,8,56,350.086,train,0.06994218540171303,0.06581000247593652,0.006768914451832858,0.01507052123570118,0.027910600414664897,0.008889026641702725,17.642026124398996,16.413127892209744,16.458666666666666,1.4586152219225486,1.421711577141706,1.4139629155780014
final_joint_baseline_44mer,poly2,8,57,351.486,train,0.06799606012066992,0.0673893764237753,0.005166789578522955,0.015906913160387854,0.019809219333979874,0.00823521896266453,17.59089830199014,16.47573882995128,16.278666666666666,1.459674410254965,1.4194302482459378,1.4263894378481647
final_joint_baseline_44mer,poly2,8,58,352.891,train,0.06609081890283917,0.06013637602012367,0.00583523629762759,0.014720026741230812,0.029240640819509698,0.011379655859387404,17.764145137240583,16.532148909388805,16.76533333333333,1.454219169118449,1.4173784876035564,1.4052616612756852
final_joint_baseline_44mer,poly2,8,59,354.301,train,0.06562543047414436,0.0627276597138136,0.005021306310872026,0.01495975427459154,0.024231314532799093,0.009243095785896941,17.849990870914734,16.582233158661914,16.628000000000004,1.4515792398474154,1.4155596900835277,1.4128395024351783
final_joint_baseline_44mer,poly2,8,60,355.717,train,0.064094219045046,0.0673400525418025,0.004313732218668253,0.014589924076931379,0.021883210283419587,0.008654161233554197,17.95618609640314,16.62590124094411,16.576666666666668,1.4478678684382402,1.4139761000581637,1.4118200597973256
final_joint_baseline_44mer,poly2,8,61,357.139,train,0.06309084428068015,0.06560391000153279,0.005357536921096763,0.01509694315439963,0.021429176035543326,0.00913439352128121,17.985555124459857,16.663026165326286,16.503999999999998,1.4474435804149874,1.412631406625712,1.419829332730205
final_joint_baseline_44mer,poly2,8,62,358.567,train,0.05956474481452628,0.060427229047678666,0.005585055937074583,0.015127477658332939,0.01812326842562315,0.00803457871061623,17.929191771651148,16.69348672973061,16.582,1.4479398595468786,1.4115292078870807,1.4244033221078185
final_joint_baseline_44mer,poly2,8,63,360.0,train,0.05857299695248348,0.058497084248832106,0.006959088858720417,0.014728074172409822,0.022840538546834634,0.008865076164595417,18.00590271438135,16.717153445726865,16.74733333333333,1.448537998438865,1.4106735286252579,1.4021721916834817
final_joint_baseline_44mer,poly2,9,0,280.0,train,0.05594803204531839,0.06932491464694414,0.002917750401007538,0.017738495327693338,0.016735482081742015,0.007228243988782126,8.984389264195727,8.555573769199817,8.621333333333332,1.7330192887155929,1.745212083422836,1.7387806577525102
final_joint_baseline_44mer,poly2,9,1,281.119,train,0.055009465993828735,0.05731999586266663,0.0026175408945254067,0.0173718755706406,0.024784547144908204,0.00804421083546655,9.245772472764894,8.690555603301078,8.776,1.7254357146970922,1.7389783599614015,1.7423138495349781
final_joint_baseline_44mer,poly2,9,2,282.243,train,0.05854939030685096,0.05957141518268416,0.004226971287576912,0.01784310418172068,0.023012331249907272,0.00667804615950527,9.307776459132127,8.827360692086232,8.948,1.7239583652442858,1.7326858277707997,1.7229493847706359
final_joint_baseline_44mer,poly2,9,3,283.371,train,0.062264279054745686,0.07383446790531495,0.004193554690972712,0.016980087328852957,0.022589733288725596,0.005943026238937137,9.5004241220863,8.965851276383198,8.966666666666665,1.7181079388731155,1.7263417779769383,1.7280938599047828
final_joint_baseline_44mer,poly2,9,4,284.504,train,0.06299469195027939,0.06095474929196106,0.0041746765624529215,0.01582961124418446,0.022503427387742928,0.005885502388004029,9.659105501795388,9.10613051530608,8.987333333333332,1.7148231530757665,1.7199424380796242,1.7344909923165295
final_joint_baseline_44mer,poly2,9,5,285.641,train,0.06199542990775824,0.0712042837538576,0.0036065307864765186,0.015385869615469828,0.021346739132272072,0.008538176666130153,9.834191086969753,9.248051185918499,9.225333333333333,1.70995073357408,1.7134954716554083,1.7163121316506498
final_joint_baseline_44mer,poly2,9,6,286.783,train,0.06587349452267803,0.06425250658334508,0.0022862289908145263,0.01590749661147534,0.02071987409879026,0.0077537982680787425,10.003320324386829,9.391710592840681,9.346,1.7009457180913963,1.7069973978257438,1.7067729024812004
final_joint_baseline_44mer,poly2,9,7,287.929,train,0.06840153036020183,0.07212858956240906,0.0048602770574575,0.015762832015322754,0.02357656866944141,0.005688404532793431,10.215862546406182,9.536951083630065,9.317333333333334,1.6943485754338152,1.7004562743228582,1.7045986370079318
final_joint_baseline_44mer,poly2,9,8,289.08,train,0.0734904498887203,0.0749366019754178,0.0033381211360330584,0.015960844715282148,0.019987148797941973,0.005805839791512146,10.399694936400707,9.68386286293136,9.803333333333335,1.684967521287924,1.6938689495973538,1.6827242892100853
final_joint_baseline_44mer,poly2,9,9,290.235,train,0.07311367511917818,0.07862684105438016,0.0036794797105791253,0.015477214520889094,0.016653293967144774,0.007298253844547083,10.524419922707079,9.83227684463175,9.884666666666666,1.681340394793113,1.6872438954484634,1.6766155493210606
final_joint_baseline_44mer,poly2,9,10,291.395,train,0.07122663036448118,0.07362622117070151,0.004556803915174627,0.015957186221508192,0.021072012896787604,0.0061008568494314575,10.66035238269125,9.98227480790748,10.169333333333334,1.677782195955509,1.6805783270532326,1.6818924822033732
final_joint_baseline_44mer,poly2,9,11,292.56,train,0.07257114301444251,0.07248835223261857,0.004381139834754506,0.01598124488355001,0.019422370553322486,0.007018903930970058,10.742928001947536,10.133805654370116,10.222000000000001,1.6731364718597481,1.6738753906558985,1.6755855743145274
final_joint_baseline_44mer,poly2,9,12,293.729,train,0.07150299466355149,0.0835673689196613,0.005667889172606704,0.015823084951402295,0.02185791763382227,0.005309202763796089,10.807456941147832,10.286681178460565,10.272666666666666,1.6738479584546968,1.6671442135053633,1.6705959027770365
final_joint_baseline_44mer,poly2,9,13,294.903,train,0.07083480853814239,0.07682555418308892,0.00481723415105911,0.015995133517143253,0.021438877302788227,0.00918275528712397,10.913218154707565,10.440967850515426,10.352,1.6724701711734122,1.6603826314515304,1.6641092241770177
final_joint_baseline_44mer,poly2,9,14,296.082,train,0.0747006002132131,0.09168471937097303,0.0063858686857681006,0.017907811742119882,0.019606696985966666,0.007019192448625504,11.137181242772805,10.596595847186896,10.578666666666667,1.6657083680013922,1.6535944628025332,1.6575383595407622
final_joint_baseline_44mer,poly2,9,15,297.266,train,0.07425072762370666,0.07878051369940177,0.004140789505949074,0.017454761052163432,0.02295387505087507,0.009728039474282694,11.28130401375449,10.753488459444998,10.807333333333332,1.6584518174231961,1.6467837621525163,1.6394724518633823
final_joint_baseline_44mer,poly2,9,16,298.454,train,0.07464540985188726,0.08179639540487922,0.004329493115380625,0.015131607076535818,0.017819140507712994,0.006843109807102703,11.462236397662954,10.911428682518173,10.768,1.653061674629598,1.6399605612960408,1.6446341298443514
final_joint_baseline_44mer,poly2,9,17,299.647,train,0.07512561731962669,0.07120732871824308,0.0034347439952803972,0.01571225342893269,0.021335481398082373,0.008054431857412933,11.609464579149169,11.070457752414786,11.106000000000002,1.643980838723987,1.6331236288228443,1.6268534246714166
final_joint_baseline_44mer,poly2,9,18,300.845,train,0.078976419268495,0.08214839368669213,0.0027499516810633607,0.015398944118537775,0.021774253683817985,0.006325788025258196,11.843582253058244,11.230477030925513,11.344000000000001,1.6384022936673557,1.626277730081079,1.6296890217649862
final_joint_baseline_44mer,poly2,9,19,302.047,train,0.08075602233564878,0.08159624235604265,0.00417468288163255,0.015744905569424122,0.02001168255181144,0.007282781269567675,12.03045767147465,11.391246276490591,11.455333333333332,1.6302856790997864,1.6194335531181145,1.608348151664963
final_joint_baseline_44mer,poly2,9,20,303.254,train,0.08274572308388779,0.10417180458837173,0.006342728880849008,0.0155474169501966,0.02130251191247093,0.0072150548404561685,12.269134182338263,11.552784858210451,11.422,1.6206763978222538,1.612590605421803,1.6101904700527037
final_joint_baseline_44mer,poly2,9,21,304.467,train,0.0814136673478285,0.08903393013296337,0.004693809710231339,0.013726663669928774,0.017668745794183024,0.007269566677188044,12.378670272655349,11.715104443258278,11.473333333333333,1.611008910967524,1.605748726064094,1.6135114553054781
final_joint_baseline_44mer,poly2,9,22,305.683,train,0.0841340228438216,0.08460937315351341,0.004918894549748146,0.013868054110232633,0.015262561427028008,0.006488220928974171,12.575666042845839,11.877673532886885,11.920666666666666,1.6024266517823773,1.5989304789583823,1.5955545906253175
final_joint_baseline_44mer,poly2,9,23,306.905,train,0.08229974076790281,0.0890503899979849,0.0019613180573404354,0.013352463190871244,0.014908619031513849,0.00576642023447178,12.589017710425416,12.040755188182182,12.002666666666666,1.6065431646433592,1.5921248992815327,1.6020822143990567
final_joint_baseline_44mer,poly2,9,24,308.132,train,0.07685170143914652,0.08596852771643214,0.004314061780397114,0.014019211264219728,0.016902794491881895,0.005346594700727169,12.680625798794962,12.204069365524022,12.231333333333335,1.604898091224682,1.5853437288745258,1.583662485840434
final_joint_baseline_44mer,poly2,9,25,309.364,train,0.07798023731391591,0.08132980718460937,0.004692455932751241,0.014509938982058651,0.017647979345102035,0.009455415196695828,12.839442212890269,12.367461901201079,12.428000000000003,1.602065164513469,1.5785932814268195,1.5680580108159359
final_joint_baseline_44mer,poly2,9,26,310.6,train,0.07270515254905355,0.07595842225695908,0.004157199893925318,0.015675267039708313,0.026228462087890654,0.007911032299810782,12.760165616821862,12.530639250790248,12.560000000000002,1.6043305868470104,1.5718854522749488,1.5686701842786026
final_joint_baseline_44mer,poly2,9,27,311.842,train,0.07331396322405753,0.07884251687451416,0.0035323730030491444,0.01585602885249868,0.019014022858946898,0.005681757989987441,12.944969113261518,12.693696247336248,12.679333333333332,1.5958195529076444,1.565216045531727,1.5616405303317
final_joint_baseline_44mer,poly2,9,28,313.088,train,0.07706182721721978,0.07995414424068957,0.0028886970421311753,0.016477189204058013,0.02369068567432431,0.008052991001962766,13.29451341975534,12.856194166144284,12.818666666666665,1.5835136685075968,1.55860260109035,1.5658355499114534
final_joint_baseline_44mer,poly2,9,29,314.34,train,0.07322084459245481,0.07443828074950848,0.002739130754586345,0.014054573728485014,0.02244122619398067,0.005948530880921082,13.48962745724545,13.018210768292107,13.129333333333335,1.5730841481092992,1.5520414391875463,1.5404918502223868
final_joint_baseline_44mer,poly2,9,30,315.596,train,0.07439374395106316,0.08022865174780705,0.006559828150140643,0.01445871206352309,0.014536997536137256,0.007668027864000683,13.672765276002677,13.179298073504034,13.078666666666667,1.567634268012788,1.5455500780163909,1.5653790111109984
final_joint_baseline_44mer,poly2,9,31,316.858,train,0.0741976099665412,0.07716108950963514,0.004516489213467593,0.014329438910500831,0.019840887510119472,0.00711851112868582,13.829060921429004,13.339517460133987,13.32866666666667,1.56312333578001,1.5391253105624771,1.5474172860942907
final_joint_baseline_44mer,poly2,9,32,318.124,train,0.07446621494799671,0.08519592292851885,0.004238306957037409,0.014288829405069484,0.020103457370499286,0.006884409733075741,14.070463605380073,13.498414875562819,13.419333333333334,1.558760215078798,1.5327845040700545,1.5309105701192034
final_joint_baseline_44mer,poly2,9,33,319.396,train,0.07882102363767945,0.07830865904787807,0.0038847051678222244,0.014797805628893178,0.021142022666890428,0.007010948816174308,14.099472795325909,13.656036423824395,13.694666666666667,1.560315682543106,1.5265248718518831,1.5195905646005254
final_joint_baseline_44mer,poly2,9,34,320.672,train,0.08054766231463453,0.07232908775663649,0.00524830996096177,0.014993089549230931,0.02024831220401797,0.0065324376079826645,14.246917031830076,13.811925632565904,13.693999999999999,1.5576941339806614,1.520363493773085,1.5298322840758596
final_joint_baseline_44mer,poly2,9,35,321.954,train,0.07785096580781084,0.09491662936138671,0.005820039772558657,0.013786430365937137,0.022491516879406315,0.007070951893596999,14.381535283914552,13.966114783474811,14.114,1.553315696022292,1.514297945835154,1.513041542220603
final_joint_baseline_44mer,poly2,9,36,323.241,train,0.0794770107676348,0.08302848911783989,0.004380832826991938,0.013765831564932074,0.016795215059942005,0.005866913837052635,14.587121903718579,14.118266128297908,14.070666666666668,1.5455199779921647,1.5083403058408658,1.5020299456966872
final_joint_baseline_44mer,poly2,9,37,324.533,train,0.07571740326033546,0.08173322212973895,0.006053455557533285,0.013497967637224419,0.025153167624802412,0.009415908757767839,14.566468109062138,14.268163242649084,14.488,1.5455605687236313,1.5024977163333728,1.484358015066228
final_joint_baseline_44mer,poly2,9,38,325.83,train,0.07849381029690808,0.08691643311578993,0.0038670774202067613,0.013692274821664982,0.01425335602852908,0.005404780601882151,14.80466496257075,14.415588712164535,14.260000000000002,1.5404790686617496,1.4967772371878756,1.5164709883825076
final_joint_baseline_44mer,poly2,9,39,327.132,train,0.08028288045638413,0.08331643042141487,0.0044809065546149544,0.015851132282135215,0.021823874765711453,0.0067194759816253434,14.926329042663259,14.560324886851923,14.440666666666665,1.543821294173438,1.4911858236186073,1.4871479186992318
final_joint_baseline_44mer,poly2,9,40,328.44,train,0.07566404354052655,0.07190899427894884,0.006951334583877002,0.015304244734599938,0.028602627169878138,0.008367766642895662,15.05278513176313,14.702261766929528,14.964666666666666,1.540026443712756,1.4857261931914778,1.4740460798058101
final_joint_baseline_44mer,poly2,9,41,329.753,train,0.07970085642600144,0.08548242223075209,0.0040506714351050055,0.016884751431157793,0.024933346142975363,0.007999873639086396,15.265959923315682,14.841070567232759,14.761999999999999,1.537218790475852,1.4804093977390598,1.4853429397489935
final_joint_baseline_44mer,poly2,9,42,331.071,train,0.07442063907595126,0.08379672148558798,0.00712520607883564,0.018048772599647524,0.02560672531887338,0.00630709520745776,15.465113961414396,14.97653688237838,15.074000000000002,1.5314127841504375,1.4752419742623328,1.4621567866830332
final_joint_baseline_44mer,poly2,9,43,332.394,train,0.07908076622444213,0.08467613992935424,0.0050723522644913685,0.018042299867232242,0.025629053592160684,0.006221739027119691,15.650857373257864,15.108448903936885,15.135333333333334,1.524454920086806,1.4702302835522985,1.4757392942530991
final_joint_baseline_44mer,poly2,9,44,333.723,train,0.07575620587585863,0.08276569677946705,0.0052674926705788576,0.019152582705667408,0.026329645175091447,0.0072421332532506075,15.79094470817357,15.236692884789438,15.294666666666664,1.5161238639190366,1.4653769151217662,1.4551020988844028
final_joint_baseline_44mer,poly2,9,45,335.057,train,0.07497390547845909,0.08630926996466659,0.004148861865891471,0.01856575209303925,0.025995227517302807,0.008056549029321538,15.881811058365287,15.36096234861937,15.317333333333332,1.5139679599741689,1.4606917079972845,1.4687266670185932
final_joint_baseline_44mer,poly2,9,46,336.396,train,0.07627331806669428,0.08165225786090398,0.006313668345815586,0.018202125520878056,0.02752913347448295,0.0070312594481870775,15.95942996470087,15.481056392551103,15.438666666666666,1.5107176380054237,1.4561804392829132,1.4493639767028361
final_joint_baseline_44mer,poly2,9,47,337.741,train,0.07622814415208337,0.08583320428711139,0.003933034157871097,0.01816370624932627,0.018257647632044727,0.006532000220175371,16.191268790700505,15.596863141170864,15.55466666666667,1.5031807816212521,1.451845525269019,1.4586857720069366
final_joint_baseline_44mer,poly2,9,48,339.091,train,0.07202257990337141,0.07165398498772321,0.004700680088145067,0.017056139013221623,0.020874324172459525,0.0047787704823217345,16.2934658572211,15.708099808362185,15.594666666666665,1.4997236766808855,1.4476957667467638,1.4518697833749117
final_joint_baseline_44mer,poly2,9,49,340.446,train,0.07189742372380968,0.06709444105794901,0.006024938277189437,0.016852084561401574,0.02737121112964226,0.006807580663390094,16.485230661554375,15.814580552654947,15.942,1.4953283897396437,1.4437363080004952,1.4378442308236097
final_joint_baseline_44mer,poly2,9,50,341.807,train,0.07502923798147952,0.07529030365013031,0.00477939828178677,0.01738095623082602,0.01523544567754735,0.005226562671616229,16.691355897389087,15.916197974146993,15.471333333333334,1.4903387932207046,1.4399693903434385,1.4514112097400678
final_joint_baseline_44mer,poly2,9,51,343.173,train,0.0680029412584976,0.07043540591160675,0.005390375756786426,0.01571497125158079,0.024681575340484672,0.00844211999119451,16.85042336132919,16.012697175410864,15.969999999999999,1.479211571758899,1.4364027415288205,1.4408786857425775
final_joint_baseline_44mer,poly2,9,52,344.545,train,0.06880113617503464,0.07205515309882436,0.009313795115894844,0.0154060462777716,0.020502975661679308,0.007971128341126059,17.108302522670563,16.103974370268087,16.142,1.4707794216938925,1.4330385153700256,1.4373849019353233
final_joint_baseline_44mer,poly2,9,53,345.922,train,0.06466517262062568,0.057801029610369904,0.006695949752098144,0.014926619960181688,0.020166022074474824,0.007657958769826754,17.151692684559674,16.189794656109804,15.957333333333331,1.467424942376479,1.4298837378659297,1.43090237215378
final_joint_baseline_44mer,poly2,9,54,347.305,train,0.06864800088123717,0.06447671595856673,0.0062391049630253674,0.016186710326317147,0.02335937068328853,0.008770982713572986,17.198451478911814,16.270058009347625,16.21,1.4707388309624263,1.4269405120529803,1.4308771007998677
final_joint_baseline_44mer,poly2,9,55,348.693,train,0.06772047512457285,0.06928456004492207,0.008524659387668967,0.01531535417179478,0.01938391810849026,0.007797066154644329,17.365968291643842,16.344550222784076,16.298666666666666,1.4653479223059702,1.4242151877371656,1.4221112032770757
final_joint_baseline_44mer,poly2,9,56,350.086,train,0.06994218540171303,0.06815962619867576,0.008431723296671394,0.015070521235701167,0.02019038415285476,0.006305168953347052,17.642026124398996,16.413127892209744,16.32,1.4586152219225486,1.421711577141706,1.4218651579924306
final_joint_baseline_44mer,poly2,9,57,351.486,train,0.06799606012066992,0.06877185672030382,0.005324534827329879,0.015906913160387854,0.019401863644695518,0.0061505162011535,17.59089830199014,16.47573882995128,16.229333333333336,1.4596744102549648,1.419430248245938,1.425934970014568
final_joint_baseline_44mer,poly2,9,58,352.891,train,0.06609081890283917,0.061791887549534935,0.00775833572746092,0.01472002674123079,0.0262114421314231,0.008908019114042733,17.764145137240583,16.532148909388805,16.802666666666667,1.454219169118449,1.4173784876035567,1.405711199849852
final_joint_baseline_44mer,poly2,9,59,354.301,train,0.06562543047414436,0.07059536053399366,0.007402594149022291,0.01495975427459154,0.01989031651551483,0.006510990868405409,17.849990870914734,16.582233158661914,16.554666666666666,1.4515792398474157,1.4155596900835277,1.4124352289848252
final_joint_baseline_44mer,poly2,9,60,355.717,train,0.064094219045046,0.06875291584227607,0.005992129106896408,0.014589924076931379,0.024071250326863667,0.007711373420575524,17.95618609640314,16.62590124094411,16.61,1.44786786843824,1.4139761000581634,1.408412578720609
final_joint_baseline_44mer,poly2,9,61,357.139,train,0.06309084428068015,0.06565411700912067,0.005303747867432527,0.015096943154399623,0.0179873269814038,0.006010130026094296,17.985555124459857,16.663026165326286,16.724,1.4474435804149874,1.412631406625712,1.4051429238405584
final_joint_baseline_44mer,poly2,9,62,358.567,train,0.05956474481452628,0.06514309952208908,0.00900989736473231,0.015127477658332937,0.024897199761098943,0.008233576900748711,17.929191771651148,16.69348672973061,16.773333333333333,1.4479398595468786,1.4115292078870807,1.409820065296191
final_joint_baseline_44mer,poly2,9,63,360.0,train,0.05857299695248348,0.05655138677513319,0.005203405028691368,0.014728074172409822,0.021615466700787712,0.007816951693173577,18.00590271438135,16.717153445726865,16.75866666666667,1.448537998438865,1.4106735286252579,1.4025474178789574
final_joint_baseline_44mer,poly2,10,0,280.0,train,0.05594803204531839,0.060104653855382016,0.0020066012166343964,0.01773849532769333,0.028327284241051742,0.013268050687945489,8.984389264195727,8.555573769199817,8.438666666666666,1.7330192887155929,1.745212083422836,1.749698818246849
final_joint_baseline_44mer,poly2,10,1,281.119,train,0.055009465993828735,0.06073048654038474,0.004230199957367773,0.0173718755706406,0.023171437654210293,0.008585848091101654,9.245772472764894,8.690555603301078,8.756,1.7254357146970922,1.7389783599614015,1.7435268384473481
final_joint_baseline_44mer,poly2,10,2,282.243,train,0.05854939030685096,0.06436051251990843,0.002498616585508362,0.01784310418172068,0.02262376371918774,0.008588172422522928,9.307776459132127,8.827360692086232,8.782666666666666,1.7239583652442858,1.7326858277707997,1.7402483591613167
final_joint_baseline_44mer,poly2,10,3,283.371,train,0.062264279054745686,0.0669856660061289,0.004406478809927317,0.016980087328852957,0.022238683725426006,0.009045811317196478,9.5004241220863,8.965851276383198,8.866000000000001,1.7181079388731155,1.7263417779769383,1.7271009852327062
final_joint_baseline_44mer,poly2,10,4,284.504,train,0.06299469195027939,0.0687961984844177,0.00230735891934601,0.01582961124418446,0.025857724568637136,0.008449627967641824,9.659105501795388,9.10613051530608,9.021333333333335,1.7148231530757665,1.7199424380796242,1.7173697007207003
final_joint_baseline_44mer,poly2,10,5,285.641,train,0.06199542990775824,0.0666291767013261,0.004175299996616004,0.015385869615469852,0.021434319160132973,0.007920276475590078,9.834191086969753,9.248051185918499,9.294666666666668,1.70995073357408,1.7134954716554083,1.7061901836036335
final_joint_baseline_44mer,poly2,10,6,286.783,train,0.06587349452267803,0.07674543508335138,0.003559631282285961,0.015907496611475325,0.022794910437736286,0.009581012441051959,10.003320324386829,9.391710592840681,9.404,1.700945718091396,1.7069973978257438,1.7116718897230159
final_joint_baseline_44mer,poly2,10,7,287.929,train,0.06840153036020183,0.06963215207202098,0.0022163056427542834,0.015762832015322754,0.023954686256595012,0.010131598260418114,10.215862546406182,9.536951083630065,9.562,1.6943485754338155,1.7004562743228582,1.7008003234477405
final_joint_baseline_44mer,poly2,10,8,289.08,train,0.0734904498887203,0.08415594203919864,0.006093856328672472,0.015960844715282148,0.021148084803702262,0.010056119216480483,10.399694936400707,9.68386286293136,9.722666666666665,1.6849675212879243,1.6938689495973538,1.6930195036371143
final_joint_baseline_44mer,poly2,10,9,290.235,train,0.07311367511917818,0.07307412039773142,0.0026063800745614787,0.015477214520889043,0.016495467497643832,0.007812693521695412,10.524419922707079,9.83227684463175,9.982666666666667,1.681340394793113,1.6872438954484634,1.681680584618643
final_joint_baseline_44mer,poly2,10,10,291.395,train,0.07122663036448118,0.0825490809115943,0.00465239014846025,0.015957186221508192,0.02339637004417567,0.007633286789004809,10.66035238269125,9.98227480790748,9.953333333333335,1.6777821959555088,1.6805783270532326,1.689535589914954
final_joint_baseline_44mer,poly2,10,11,292.56,train,0.07257114301444251,0.08314862522719346,0.004798188745052792,0.01598124488355001,0.02064697165218287,0.0077347913796537975,10.742928001947536,10.133805654370116,10.022,1.6731364718597481,1.6738753906558987,1.6799506140106162
final_joint_baseline_44mer,poly2,10,12,293.729,train,0.07150299466355149,0.08653041255865718,0.0054451948239276,0.015823084951402264,0.021301938383710962,0.007696555915358561,10.807456941147832,10.286681178460565,10.409333333333334,1.6738479584546968,1.6671442135053633,1.6696833110363885
final_joint_baseline_44mer,poly2,10,13,294.903,train,0.07083480853814239,0.07288709219187588,0.002408600833291626,0.015995133517143253,0.022095801193026114,0.006825507990895975,10.913218154707565,10.440967850515426,10.554666666666666,1.6724701711734125,1.6603826314515304,1.6563069840361837
final_joint_baseline_44mer,poly2,10,14,296.082,train,0.0747006002132131,0.07523949433773708,0.0034124713825460355,0.017907811742119886,0.02363731183708766,0.009003608115300977,11.137181242772805,10.596595847186896,10.605333333333334,1.665708368001392,1.6535944628025334,1.6648977063818746
final_joint_baseline_44mer,poly2,10,15,297.266,train,0.07425072762370666,0.07247627767673354,0.005836056104562293,0.017454761052163432,0.023670254663158308,0.008969784990852981,11.28130401375449,10.753488459444998,10.654,1.6584518174231966,1.6467837621525159,1.6515231810149134
final_joint_baseline_44mer,poly2,10,16,298.454,train,0.07464540985188726,0.0736732741986969,0.002773272821242121,0.015131607076535818,0.023151346054554253,0.009295342455034182,11.462236397662954,10.911428682518173,11.129333333333333,1.653061674629598,1.6399605612960408,1.6419020804903268
final_joint_baseline_44mer,poly2,10,17,299.647,train,0.07512561731962669,0.08696254291291353,0.0030570382726346815,0.01571225342893269,0.020164701123304114,0.007895496594264313,11.609464579149169,11.070457752414786,11.212666666666667,1.6439808387239871,1.6331236288228448,1.6436671602996082
final_joint_baseline_44mer,poly2,10,18,300.845,train,0.078976419268495,0.0847697464975031,0.0039065411026668,0.01539894411853779,0.017077083298704283,0.008223465691612846,11.843582253058244,11.230477030925513,11.409333333333333,1.6384022936673557,1.626277730081079,1.6253514813044643
final_joint_baseline_44mer,poly2,10,19,302.047,train,0.08075602233564878,0.07470768141251244,0.004443961681358726,0.015744905569424122,0.023942860216061096,0.008531785650436136,12.03045767147465,11.391246276490591,11.383333333333333,1.6302856790997862,1.6194335531181145,1.615470721692039
final_joint_baseline_44mer,poly2,10,20,303.254,train,0.08274572308388779,0.0853339604246166,0.0031910976489593072,0.015547416950196577,0.028350287279032584,0.010352833549146859,12.269134182338263,11.552784858210451,11.702000000000002,1.6206763978222538,1.6125906054218033,1.60546829413698
final_joint_baseline_44mer,poly2,10,21,304.467,train,0.0814136673478285,0.08269671584318725,0.0035357355803412563,0.013726663669928764,0.023163791291965087,0.007702568958071559,12.378670272655349,11.715104443258278,11.755333333333335,1.611008910967524,1.605748726064094,1.606801631103554
final_joint_baseline_44mer,poly2,10,22,305.683,train,0.0841340228438216,0.08861591013749245,0.00501546596351571,0.013868054110232633,0.0190383368113944,0.008211818263078048,12.575666042845839,11.877673532886885,11.612,1.6024266517823778,1.5989304789583823,1.6111746795507942
final_joint_baseline_44mer,poly2,10,23,306.905,train,0.08229974076790281,0.09056950929421224,0.005374589796224363,0.013352463190871244,0.020578314732949243,0.00894906096162665,12.589017710425416,12.040755188182182,12.114,1.6065431646433592,1.5921248992815327,1.592721856322307
final_joint_baseline_44mer,poly2,10,24,308.132,train,0.07685170143914652,0.07885526570491888,0.00445631817095519,0.014019211264219695,0.023230895316512713,0.008759051476573555,12.680625798794962,12.204069365524022,12.336666666666666,1.6048980912246824,1.5853437288745258,1.586155523606687
final_joint_baseline_44mer,poly2,10,25,309.364,train,0.07798023731391591,0.08458468138246239,0.004553533560863278,0.014509938982058653,0.020098719169651377,0.007517636631017278,12.839442212890269,12.367461901201079,12.523333333333337,1.602065164513469,1.5785932814268195,1.5852055391638533
final_joint_baseline_44mer,poly2,10,26,310.6,train,0.07270515254905355,0.07390571632914927,0.00407736005720751,0.015675267039708292,0.02255062132460591,0.0069701981587831155,12.760165616821862,12.530639250790248,12.563333333333334,1.6043305868470101,1.571885452274949,1.570744393099224
final_joint_baseline_44mer,poly2,10,27,311.842,train,0.07331396322405753,0.07716876594819254,0.003648902087487703,0.01585602885249868,0.022368976358710883,0.007071685570272785,12.944969113261518,12.693696247336248,12.558666666666667,1.5958195529076442,1.5652160455317268,1.5718082571599148
final_joint_baseline_44mer,poly2,10,28,313.088,train,0.07706182721721978,0.08036026981972733,0.004780161411099845,0.016477189204057975,0.018421496681135074,0.009228336092777758,13.29451341975534,12.856194166144284,12.930666666666667,1.5835136685075968,1.55860260109035,1.564280837824998
final_joint_baseline_44mer,poly2,10,29,314.34,train,0.07322084459245481,0.08002141432031297,0.0030632516740446113,0.014054573728485014,0.019130903969683394,0.008847699977026037,13.48962745724545,13.018210768292107,12.860666666666667,1.5730841481092992,1.5520414391875463,1.5608652319097813
final_joint_baseline_44mer,poly2,10,30,315.596,train,0.07439374395106316,0.08371679874824121,0.0037731526934247596,0.014458712063523064,0.018940973161266743,0.010378927301103236,13.672765276002677,13.179298073504034,13.151333333333334,1.567634268012788,1.5455500780163909,1.540120457158099
final_joint_baseline_44mer,poly2,10,31,316.858,train,0.0741976099665412,0.09154536150313392,0.006228523542502612,0.014329438910500834,0.016979963711986693,0.006976896708963128,13.829060921429004,13.339517460133987,13.238666666666667,1.5631233357800103,1.5391253105624771,1.5380139972188196
final_joint_baseline_44mer,poly2,10,32,318.124,train,0.07446621494799671,0.08590587996539506,0.004513637689257647,0.014288829405069505,0.022225674560312315,0.009862962674831444,14.070463605380073,13.498414875562819,13.353333333333333,1.558760215078798,1.5327845040700545,1.5519180889290636
final_joint_baseline_44mer,poly2,10,33,319.396,train,0.07882102363767945,0.09394732617904296,0.006603152484893319,0.014797805628893206,0.021686179837855785,0.00802250552528997,14.099472795325909,13.656036423824395,13.579999999999998,1.560315682543106,1.526524871851883,1.5353695569333927
final_joint_baseline_44mer,poly2,10,34,320.672,train,0.08054766231463453,0.08396112862497934,0.004645009655995387,0.014993089549230931,0.019029778278800147,0.007410525016495429,14.246917031830076,13.811925632565904,14.043333333333335,1.5576941339806614,1.5203634937730852,1.5175397962522283
final_joint_baseline_44mer,poly2,10,35,321.954,train,0.07785096580781084,0.0866501171470726,0.003890015078316587,0.013786430365937137,0.020858871908156974,0.007403849108674636,14.381535283914552,13.966114783474811,14.254666666666665,1.553315696022292,1.514297945835154,1.5038581581873087
final_joint_baseline_44mer,poly2,10,36,323.241,train,0.0794770107676348,0.08610187944338342,0.005466879204970075,0.013765831564932074,0.02058306862017604,0.008050237191928957,14.587121903718579,14.118266128297908,14.213999999999999,1.545519977992165,1.5083403058408655,1.5025731139628409
final_joint_baseline_44mer,poly2,10,37,324.533,train,0.07571740326033546,0.07890783328883941,0.005394440567127125,0.013497967637224426,0.017661779458184937,0.006597283107574033,14.566468109062138,14.268163242649084,13.994,1.5455605687236313,1.5024977163333728,1.5187396792799919
final_joint_baseline_44mer,poly2,10,38,325.83,train,0.07849381029690808,0.0818162755299825,0.00690646194682549,0.013692274821664968,0.019486874561837706,0.008208251255422506,14.80466496257075,14.415588712164535,14.526666666666667,1.5404790686617498,1.4967772371878756,1.4913071832344775
final_joint_baseline_44mer,poly2,10,39,327.132,train,0.08028288045638413,0.08035336047665861,0.005664979863242511,0.01585113228213521,0.02445556409359003,0.007098109342936552,14.926329042663259,14.560324886851923,14.601333333333333,1.543821294173438,1.4911858236186073,1.4892151306277452
final_joint_baseline_44mer,poly2,10,40,328.44,train,0.07566404354052655,0.0783076940240426,0.004774478616637594,0.015304244734599959,0.022540492072413702,0.006707967208479954,15.05278513176313,14.702261766929528,14.698000000000002,1.540026443712756,1.485726193191478,1.485022104440757
final_joint_baseline_44mer,poly2,10,41,329.753,train,0.07970085642600144,0.09488507424776678,0.0074541755930627365,0.016884751431157783,0.024016908387707613,0.009503049395962141,15.265959923315682,14.841070567232759,14.588666666666667,1.5372187904758519,1.4804093977390598,1.4993697712387979
final_joint_baseline_44mer,poly2,10,42,331.071,train,0.07442063907595126,0.08122533941626317,0.006825345874567479,0.018048772599647534,0.019765575769276993,0.008900214583737829,15.465113961414396,14.97653688237838,14.955333333333334,1.5314127841504375,1.475241974262333,1.4715799928727253
final_joint_baseline_44mer,poly2,10,43,332.394,train,0.07908076622444213,0.08677663362797432,0.00653355574870302,0.018042299867232242,0.023258641817249136,0.00872273522502066,15.650857373257864,15.108448903936885,15.065999999999999,1.5244549200868058,1.4702302835522987,1.4687209850478493
final_joint_baseline_44mer,poly2,10,44,333.723,train,0.07575620587585863,0.07117442034126155,0.006412342148092802,0.019152582705667436,0.019959765438358014,0.007104032167116876,15.79094470817357,15.236692884789438,15.195333333333334,1.5161238639190366,1.4653769151217664,1.4701747214030383
final_joint_baseline_44mer,poly2,10,45,335.057,train,0.07497390547845909,0.08534352391066964,0.007895196211272234,0.01856575209303925,0.021891059383152642,0.01008371623451592,15.881811058365287,15.36096234861937,15.166666666666668,1.5139679599741689,1.460691707997285,1.474049195637729
final_joint_baseline_44mer,poly2,10,46,336.396,train,0.07627331806669428,0.09165478668598301,0.00572109158800402,0.01820212552087802,0.022393253318981073,0.00725043072749602,15.95942996470087,15.481056392551103,15.29,1.5107176380054235,1.4561804392829132,1.4609347791449219
final_joint_baseline_44mer,poly2,10,47,337.741,train,0.07622814415208337,0.08588386272087413,0.005500631926910899,0.01816370624932627,0.0300922594030789,0.010214293786176675,16.191268790700505,15.596863141170864,15.375333333333332,1.5031807816212521,1.451845525269019,1.458907505421246
final_joint_baseline_44mer,poly2,10,48,339.091,train,0.07202257990337141,0.0757449900824465,0.006227720882615306,0.017056139013221623,0.024002574307043646,0.008257155924112653,16.2934658572211,15.708099808362185,15.430666666666667,1.4997236766808852,1.447695766746764,1.4544946752627195
final_joint_baseline_44mer,poly2,10,49,340.446,train,0.07189742372380968,0.07195888015909963,0.006557099708235018,0.01685208456140155,0.029896150331320894,0.009704568945308977,16.485230661554375,15.814580552654947,16.121333333333332,1.4953283897396434,1.4437363080004952,1.437482732721529
final_joint_baseline_44mer,poly2,10,50,341.807,train,0.07502923798147952,0.0834910994814357,0.008096153569109874,0.01738095623082603,0.02603833096297179,0.008532764261629229,16.691355897389087,15.916197974146993,16.141333333333332,1.4903387932207046,1.4399693903434387,1.4274800331031836
final_joint_baseline_44mer,poly2,10,51,343.173,train,0.0680029412584976,0.06936992789782942,0.009168495075374764,0.01571497125158077,0.021485229510465623,0.008313773038952635,16.85042336132919,16.012697175410864,15.982666666666669,1.4792115717588992,1.4364027415288203,1.4310929270046162
final_joint_baseline_44mer,poly2,10,52,344.545,train,0.06880113617503464,0.08008944337151969,0.005885837649077387,0.0154060462777716,0.018956830403281163,0.007150523144011502,17.108302522670563,16.103974370268087,16.060666666666666,1.4707794216938925,1.4330385153700254,1.4352434731750974
final_joint_baseline_44mer,poly2,10,53,345.922,train,0.06466517262062568,0.05778246325355024,0.005996771699872174,0.014926619960181688,0.023717822228460174,0.008106781289581843,17.151692684559674,16.189794656109804,16.366,1.4674249423764787,1.4298837378659297,1.427177469932504
final_joint_baseline_44mer,poly2,10,54,347.305,train,0.06864800088123717,0.06565968534779,0.004676410175475417,0.016186710326317147,0.021813278610290202,0.009144652067835508,17.198451478911814,16.270058009347625,16.21666666666667,1.4707388309624263,1.4269405120529801,1.423094104835901
final_joint_baseline_44mer,poly2,10,55,348.693,train,0.06772047512457285,0.07211121024618712,0.007207871417265559,0.01531535417179478,0.021013470823935662,0.008178199050403314,17.365968291643842,16.344550222784076,16.31866666666667,1.46534792230597,1.4242151877371654,1.4335499104823006
final_joint_baseline_44mer,poly2,10,56,350.086,train,0.06994218540171303,0.07434224659680283,0.0070690452847563595,0.01507052123570118,0.021123828263138068,0.010228145461249229,17.642026124398996,16.413127892209744,16.16133333333333,1.4586152219225486,1.421711577141706,1.4252464747948157
final_joint_baseline_44mer,poly2,10,57,351.486,train,0.06799606012066992,0.06095963687245509,0.006497865847825232,0.015906913160387854,0.025998387409808373,0.00942267017085786,17.59089830199014,16.47573882995128,16.63,1.459674410254965,1.4194302482459378,1.4122091750767098
final_joint_baseline_44mer,poly2,10,58,352.891,train,0.06609081890283917,0.07082355021028458,0.008178595805353982,0.014720026741230812,0.022666863918059794,0.00856506019592182,17.764145137240583,16.532148909388805,16.734666666666666,1.454219169118449,1.4173784876035564,1.4117327268230953
final_joint_baseline_44mer,poly2,10,59,354.301,train,0.06562543047414436,0.06369021763394139,0.006942426387375721,0.01495975427459154,0.021324140947105517,0.006743648153646222,17.849990870914734,16.582233158661914,16.577333333333335,1.4515792398474154,1.4155596900835277,1.4128723517909423
final_joint_baseline_44mer,poly2,10,60,355.717,train,0.064094219045046,0.06683933712604659,0.007173781982137275,0.014589924076931379,0.020168588038978637,0.007679761459857699,17.95618609640314,16.62590124094411,16.738,1.4478678684382402,1.4139761000581637,1.4193439770139915
final_joint_baseline_44mer,poly2,10,61,357.139,train,0.06309084428068015,0.06199349432189727,0.00708677206815745,0.01509694315439963,0.020133816590564266,0.006256030922707557,17.985555124459857,16.663026165326286,16.633333333333333,1.4474435804149874,1.412631406625712,1.4194881039509604
final_joint_baseline_44mer,poly2,10,62,358.567,train,0.05956474481452628,0.05645859225384252,0.006113660723545195,0.015127477658332939,0.02515474790628127,0.0077299722649958194,17.929191771651148,16.69348672973061,16.859333333333332,1.4479398595468786,1.4115292078870807,1.4012001688402098
final_joint_baseline_44mer,poly2,10,63,360.0,train,0.05857299695248348,0.06637653919649548,0.004856309961764291,0.014728074172409822,0.02062094865238901,0.008240797381939627,18.00590271438135,16.717153445726865,16.674,1.448537998438865,1.4106735286252579,1.4075549264706724
final_joint_baseline_44mer,poly3,1,0,280.0,train,0.0551197821605622,0.05494199742417298,0.004795148553413617,0.018513033689417535,0.02320387159407633,0.007242388156184342,8.984389264195727,8.377627251408065,8.312000000000001,1.7330192887155929,1.7534680704302654,1.7504584274533368
final_joint_baseline_44mer,poly3,1,1,281.119,train,0.05466574446207569,0.058728382559424,0.0041750916217121415,0.01802702255746378,0.02242085170011695,0.008819789013544722,9.245772472764894,8.535040555246916,8.423333333333334,1.7254357146970922,1.7461625295134358,1.7564900846012228
final_joint_baseline_44mer,poly3,1,2,282.243,train,0.057987509933499395,0.0647489620322105,0.0056044018031372895,0.01829244525503874,0.02206386235853529,0.0073896483089299905,9.307776459132127,8.693817710101136,8.749333333333333,1.7239583652442858,1.738828017614358,1.7342634795628147
final_joint_baseline_44mer,poly3,1,3,283.371,train,0.06194381873612667,0.06890756698352653,0.0022728662212086453,0.017355319615432383,0.026176750198556503,0.011221626852461291,9.5004241220863,8.853743834384243,8.919999999999998,1.7181079388731155,1.731475238034163,1.7160039014366095
final_joint_baseline_44mer,poly3,1,4,284.504,train,0.06275235136630541,0.06047179816937592,0.0033651080111308457,0.016055962836171105,0.022133702544917158,0.005374395825316849,9.659105501795388,9.014882364181172,8.994,1.7148231530757665,1.7241020025594025,1.7213064008906092
final_joint_baseline_44mer,poly3,1,5,285.641,train,0.06183983391460222,0.06559495655502372,0.0038179611101589643,0.015563293421829154,0.016626827706848202,0.005591360122106244,9.834191086969753,9.177008056252106,9.161999999999999,1.70995073357408,1.716719291833062,1.7182688494970222
final_joint_baseline_44mer,poly3,1,6,286.783,train,0.06576312296865322,0.06772052814418353,0.0036606338683291655,0.016053374978741704,0.01880131125177869,0.006961585305874079,10.003320324386829,9.340175668321272,9.168,1.700945718091396,1.7093252278722633,1.7128336520929341
final_joint_baseline_44mer,poly3,1,7,287.929,train,0.06836333747960784,0.08191782407104142,0.004581484495948989,0.015853509619818636,0.023853135999442332,0.008053308878667901,10.215862546406182,9.504149776724057,9.556000000000001,1.6943485754338155,1.7019310307711475,1.696881401916805
final_joint_baseline_44mer,poly3,1,8,289.08,train,0.07347360572115633,0.07153456128953009,0.003076851952186565,0.01600542698627752,0.022303060927365715,0.008545726508443824,10.399694936400707,9.668976121739384,9.672666666666666,1.6849675212879243,1.6945351213524606,1.7111958447900242
final_joint_baseline_44mer,poly3,1,9,290.235,train,0.07311539999808424,0.06811738803305589,0.004969864890906242,0.015471607331776393,0.024039519466517723,0.008544315910618574,10.524419922707079,9.834409531338803,9.733333333333336,1.681340394793113,1.6871489111416076,1.6915039281841122
final_joint_baseline_44mer,poly3,1,10,291.395,train,0.07123785055778095,0.07279265284925857,0.00475897967287031,0.015916201357438712,0.018412898775973498,0.008915081696654656,10.66035238269125,10.00048661960696,9.681333333333335,1.6777821959555088,1.6797710986710896,1.7033912403129428
final_joint_baseline_44mer,poly3,1,11,292.56,train,0.07258593026598492,0.07178990800239113,0.003015331302162927,0.015917157053537953,0.020095004687054684,0.005387329945788548,10.742928001947536,10.16709611078065,10.223333333333334,1.6731364718597481,1.672406927355174,1.6580203364284594
final_joint_baseline_44mer,poly3,1,12,293.729,train,0.0715618961752458,0.09158792182775571,0.009274321016094343,0.01578403389311341,0.020211551826320895,0.011978375645491169,10.807456941147832,10.333979568931179,10.508666666666667,1.6738479584546968,1.6650679873732295,1.6577390601458264
final_joint_baseline_44mer,poly3,1,13,294.903,train,0.07090544659072279,0.06891318537232767,0.0045541720992196034,0.0159723612115793,0.02628974374336266,0.00979238293609011,10.913218154707565,10.50116021814395,10.431999999999999,1.6724701711734125,1.657753336613701,1.6636769257032484
final_joint_baseline_44mer,poly3,1,14,296.082,train,0.0747064843821392,0.07758834504899637,0.004844355167796722,0.017866690258925524,0.02205357348955425,0.00767119747588196,11.137181242772805,10.66851410881836,10.502666666666666,1.665708368001392,1.650468434458041,1.6611510031921215
final_joint_baseline_44mer,poly3,1,15,297.266,train,0.07427316953425303,0.07769348144924752,0.005184809760784937,0.01740367520203565,0.024556089921312692,0.008445162870877175,11.28130401375449,10.835913547970959,10.831333333333333,1.6584518174231966,1.6432187822568949,1.653805861470261
final_joint_baseline_44mer,poly3,1,16,298.454,train,0.0746379722042733,0.0731750608155248,0.002824203322969251,0.015112332636965778,0.02021877152043634,0.006852590379163123,11.462236397662954,11.003087127584582,11.042,1.653061674629598,1.6360159353110006,1.629774893473364
final_joint_baseline_44mer,poly3,1,17,299.647,train,0.07513625627588495,0.08141802218017874,0.004309095803771344,0.015660177831062314,0.020141556901011673,0.008835946812845458,11.609464579149169,11.170042861406301,11.006,1.6439808387239871,1.6288592545920988,1.6384139158279876
final_joint_baseline_44mer,poly3,1,18,300.845,train,0.07887585288508768,0.08445562351812841,0.0045826195100404366,0.015341626085765357,0.018671593017711922,0.007744621026696848,11.843582253058244,11.336644641012006,11.234000000000002,1.6384022936673557,1.621754231939411,1.6289017952257483
final_joint_baseline_44mer,poly3,1,19,302.047,train,0.08061102427002466,0.0830029930102203,0.004560953717508873,0.015667336123716638,0.026835679604333106,0.008663491610444572,12.03045767147465,11.502616906718856,11.35,1.6302856790997862,1.6147121363541987,1.6279506019940366
final_joint_baseline_44mer,poly3,1,20,303.254,train,0.08248096882507464,0.08957915424656183,0.004074071424875711,0.015439881907708912,0.02107506513656271,0.0063825147930841215,12.269134182338263,11.667960184483796,11.815333333333335,1.6206763978222538,1.6077323700608022,1.6015606746824573
final_joint_baseline_44mer,poly3,1,21,304.467,train,0.08119465708706076,0.08172306998366917,0.003193717303463232,0.013615263735202459,0.01768851378884191,0.009693308407846744,12.378670272655349,11.832669949619259,11.837333333333333,1.611008910967524,1.6008145456783176,1.597377150225073
final_joint_baseline_44mer,poly3,1,22,305.683,train,0.08383254036931445,0.09608104705935404,0.005608016302582759,0.013745667835751277,0.019998767065199582,0.008070461070756494,12.575666042845839,11.996201059931279,12.066000000000003,1.6024266517823778,1.5939808056734959,1.59803353261954
final_joint_baseline_44mer,poly3,1,23,306.905,train,0.08212882796600454,0.0843721596117232,0.004218160277480616,0.013376036224747546,0.021749991164354616,0.007342099267669719,12.589017710425416,12.15881999028782,12.288,1.6065431646433592,1.5872191759566903,1.5785068649154386
final_joint_baseline_44mer,poly3,1,24,308.132,train,0.07674830977126557,0.08314140578137344,0.004091598923873242,0.014174049197153898,0.018707378518364116,0.007266378454985807,12.680625798794962,12.320254039059117,12.251333333333335,1.6048980912246824,1.5805401610018819,1.5884036626695577
final_joint_baseline_44mer,poly3,1,25,309.364,train,0.07792581580854818,0.07719484931541225,0.004795123221512947,0.01473446493239009,0.02186795939021786,0.008811023264495326,12.839442212890269,12.480367845453411,12.464666666666666,1.602065164513469,1.5739484081820667,1.579767365587359
final_joint_baseline_44mer,poly3,1,26,310.6,train,0.07279415645117182,0.0823636888833242,0.004109887854804144,0.01600383894454383,0.02596139894836428,0.007536112435817969,12.760165616821862,12.638901617464505,12.712666666666665,1.6043305868470101,1.5674535511634242,1.5564834871832613
final_joint_baseline_44mer,poly3,1,27,311.842,train,0.0733249594492644,0.07732919613625491,0.004442694024885541,0.01618561325614786,0.02598774830870742,0.008124348400284826,12.944969113261518,12.79598326827577,12.845333333333336,1.5958195529076442,1.561049262480081,1.553324138014635
final_joint_baseline_44mer,poly3,1,28,313.088,train,0.07691834692190289,0.09291606305775829,0.0059990215627625555,0.016697267380167777,0.020655472257312443,0.006458762918105981,13.29451341975534,12.951235820570933,12.810666666666666,1.5835136685075968,1.554749768127221,1.5577714532049713
final_joint_baseline_44mer,poly3,1,29,314.34,train,0.07304748265738667,0.07723854900479882,0.00267853154040742,0.014247012781773141,0.02038622921155667,0.008619416084209418,13.48962745724545,13.104789558057188,12.988666666666669,1.5730841481092992,1.54854858552572,1.5578811415494185
final_joint_baseline_44mer,poly3,1,30,315.596,train,0.0741987240567471,0.07272254437954385,0.003087153150230253,0.014636540953884735,0.01939279415038913,0.008968377077815788,13.672765276002677,13.25628631039368,13.476000000000003,1.567634268012788,1.5424589405245226,1.5348396577570638
final_joint_baseline_44mer,poly3,1,31,316.858,train,0.0740339423492838,0.07704874155843813,0.004208846414973445,0.014513054020463748,0.02000518688725636,0.007519416678888722,13.829060921429004,13.405860979067668,13.466000000000001,1.5631233357800103,1.53647413353068,1.5319498866093588
final_joint_baseline_44mer,poly3,1,32,318.124,train,0.07428602892485925,0.07303378891610364,0.004521777329817846,0.014456638535905135,0.021838727938432643,0.008781399326819607,14.070463605380073,13.553177558255804,13.533999999999999,1.558760215078798,1.530606304101439,1.5321481074182182
final_joint_baseline_44mer,poly3,1,33,319.396,train,0.07872826036479141,0.08127785592572598,0.0043585264095164665,0.014965266316490772,0.019582182710446844,0.009212758226185828,14.099472795325909,13.698377641379317,13.908666666666667,1.560315682543106,1.5248484839715808,1.5256628367296239
final_joint_baseline_44mer,poly3,1,34,320.672,train,0.08048293241533414,0.09152851325777592,0.005632891039009472,0.015125785561464562,0.02390394669224463,0.007689831873485133,14.246917031830076,13.841150324328959,13.551333333333334,1.5576941339806614,1.5192116604124342,1.5299777451533259
final_joint_baseline_44mer,poly3,1,35,321.954,train,0.07782442470650758,0.08060729770704589,0.003539254466055462,0.013858106970113509,0.02166334519597314,0.009299489006769222,14.381535283914552,13.981645710601413,14.097333333333333,1.553315696022292,1.5136885565613534,1.5122213847793806
final_joint_baseline_44mer,poly3,1,36,323.241,train,0.07947325891369081,0.08958764536167074,0.004970412316368222,0.013772241053523763,0.02250887727709664,0.006969172513077665,14.587121903718579,14.119686505670789,14.161333333333333,1.545519977992165,1.5082848188243811,1.5088733481207797
final_joint_baseline_44mer,poly3,1,37,324.533,train,0.07573229282089587,0.08771185417314506,0.004686792320893028,0.01342834501694352,0.022319898249961723,0.0095486395214018,14.566468109062138,14.255218295934666,14.320666666666668,1.5455605687236313,1.503001231173534,1.4949673523705829
final_joint_baseline_44mer,poly3,1,38,325.83,train,0.07853646405810658,0.07800812430851353,0.005478634043663678,0.013546297845455073,0.017688911653079134,0.007047863207590505,14.80466496257075,14.38819686110476,14.423333333333332,1.5404790686617498,1.4978381838086527,1.502547028554775
final_joint_baseline_44mer,poly3,1,39,327.132,train,0.08034050797618218,0.07498942258162608,0.004184209439322947,0.015596392698804027,0.024332323931633596,0.010050362321059055,14.926329042663259,14.518588457868377,14.471999999999998,1.543821294173438,1.4927956715162247,1.493222204955239
final_joint_baseline_44mer,poly3,1,40,328.44,train,0.0757277304673985,0.07868245091830926,0.005698056850432783,0.014950031690131118,0.024691161051489042,0.007767843336391331,15.05278513176313,14.646466625724251,14.813333333333333,1.540026443712756,1.4878695805848343,1.4783832400612726
final_joint_baseline_44mer,poly3,1,41,329.753,train,0.0798167110753264,0.09718167005133077,0.006394520875660075,0.016434922762604533,0.023846330732962717,0.00830889490472035,15.265959923315682,14.771717891260204,14.797999999999998,1.5372187904758519,1.4830630394414779,1.4874843492420111
final_joint_baseline_44mer,poly3,1,42,331.071,train,0.0745736926421071,0.07498993332055763,0.004403878593375382,0.017522219586005198,0.02437251865114385,0.008641667572948477,15.465113961414396,14.89434114825804,14.957333333333334,1.5314127841504375,1.4783748585252405,1.4837772430727898
final_joint_baseline_44mer,poly3,1,43,332.394,train,0.07926703212716399,0.080909869689257,0.005936464915979366,0.01745311970849609,0.023440353827085727,0.006539053201795404,15.650857373257864,15.0143463877056,15.022,1.5244549200868058,1.4738034617094324,1.4692451265310351
final_joint_baseline_44mer,poly3,1,44,333.723,train,0.07601907182177753,0.08347052227966675,0.007315341764668435,0.018506521014689203,0.02987765730370668,0.008962494491209276,15.79094470817357,15.131841996500022,15.106666666666666,1.5161238639190366,1.4693435852260495,1.4806712073910755
final_joint_baseline_44mer,poly3,1,45,335.057,train,0.07524585235007676,0.06599882471917559,0.009602953370131635,0.017793069079556773,0.025338550338209052,0.009828158333613262,15.881811058365287,15.246768451117633,15.242666666666667,1.5139679599741689,1.4649963966160908,1.4692826421133778
final_joint_baseline_44mer,poly3,1,46,336.396,train,0.0765108365970962,0.07614664871202267,0.00653101736483031,0.01736300880799727,0.027196768845131763,0.007281787267375516,15.95942996470087,15.359169178835874,15.23,1.5107176380054235,1.4607591902813513,1.4647332197137883
final_joint_baseline_44mer,poly3,1,47,337.741,train,0.07654452926369362,0.07642800588662042,0.004769611477540995,0.017368838016868185,0.024801916408227022,0.009579097029849664,16.191268790700505,15.46917934001523,15.438666666666666,1.5031807816212521,1.456625873199642,1.4613738482474656
final_joint_baseline_44mer,poly3,1,48,339.091,train,0.07237373765196169,0.0714496012121219,0.005115382416225977,0.016208759606712343,0.023697012650365314,0.008973954826785653,16.2934658572211,15.576779394330208,15.396666666666667,1.4997236766808852,1.4525962322182768,1.4668789694119944
final_joint_baseline_44mer,poly3,1,49,340.446,train,0.07230711504543474,0.07504663990746735,0.004947867650569998,0.01594294124001973,0.022033502926698513,0.008163705471525248,16.485230661554375,15.682045614114994,15.722,1.4953283897396434,1.4486665011723774,1.449203004224328
final_joint_baseline_44mer,poly3,1,50,341.807,train,0.07542512097631926,0.0779788621364817,0.004741984795875904,0.01654506884750719,0.017052803282977105,0.007582632225337041,16.691355897389087,15.785139695524881,15.641333333333332,1.4903387932207046,1.4448298017060728,1.4530194029490109
final_joint_baseline_44mer,poly3,1,51,343.173,train,0.0684221622074358,0.0751299241237515,0.008055723161496315,0.014958251942824172,0.02115411260174323,0.006815551586990133,16.85042336132919,15.88608054646621,15.885333333333335,1.4792115717588992,1.4410846426581434,1.444766734579077
final_joint_baseline_44mer,poly3,1,52,344.545,train,0.06933328645132916,0.0728656746967444,0.006446842485246782,0.01470915091396845,0.026219962005130937,0.008667261013291513,17.108302522670563,15.985047334145488,16.228,1.4707794216938925,1.4374236434361796,1.4273126642744183
final_joint_baseline_44mer,poly3,1,53,345.922,train,0.06505358264781558,0.05918575606272424,0.00605103922307349,0.014249654632489516,0.02456807815368281,0.008794272322086388,17.151692684559674,16.08208353219613,16.026666666666667,1.4674249423764787,1.4338445186647442,1.4276864524855535
final_joint_baseline_44mer,poly3,1,54,347.305,train,0.06892793459484794,0.06959229046779425,0.003904015351668327,0.015584055799747129,0.022517217929761316,0.00867792997059928,17.198451478911814,16.17738552416199,16.231333333333332,1.4707388309624263,1.4303394031519276,1.4183182027062204
final_joint_baseline_44mer,poly3,1,55,348.693,train,0.06798668389629167,0.07097175771255068,0.003186464030662568,0.01484050500087797,0.018894461042780485,0.007577779099013515,17.365968291643842,16.271020319458025,16.116,1.46534792230597,1.4269052671064337,1.4360144379187796
final_joint_baseline_44mer,poly3,1,56,350.086,train,0.07016037263342538,0.07718091115956918,0.00897047303521007,0.014763979181477467,0.02114521593482245,0.010250983963221424,17.642026124398996,16.363135790033073,16.234,1.4586152219225486,1.423536168038407,1.4369914617275636
final_joint_baseline_44mer,poly3,1,57,351.486,train,0.06806696302995485,0.06529792305270932,0.005634774137305132,0.015751086305956435,0.02637236035679505,0.009221583808402205,17.59089830199014,16.45401790677996,16.47533333333333,1.459674410254965,1.4202212039299085,1.4262835994766772
final_joint_baseline_44mer,poly3,1,58,352.891,train,0.06604299972657375,0.055299349654267776,0.006211149788266078,0.014797319681508742,0.023190890251820452,0.006949917922141819,17.764145137240583,16.543700371940172,16.46333333333333,1.454219169118449,1.4169587589611095,1.41928558596815
final_joint_baseline_44mer,poly3,1,59,354.301,train,0.06541866187107044,0.05887849241547381,0.007074708843400581,0.015309880600280414,0.027513563024379125,0.009408277187109751,17.849990870914734,16.632359529416707,16.842,1.4515792398474154,1.4137420693510363,1.400161735099421
final_joint_baseline_44mer,poly3,1,60,355.717,train,0.06371521999866564,0.06719674167228608,0.008608329963917161,0.01525961809205963,0.030008563314976262,0.011273956641594939,17.95618609640314,16.720242360491433,16.927333333333337,1.4478678684382402,1.4105618920670557,1.3859888440937034
final_joint_baseline_44mer,poly3,1,61,357.139,train,0.06250926120665028,0.06229904827825598,0.004781282152852602,0.016140722328639133,0.022815004234154446,0.007212119423055198,17.985555124459857,16.807541129848204,16.812666666666665,1.4474435804149874,1.4074110539929525,1.4035351049682896
final_joint_baseline_44mer,poly3,1,62,358.567,train,0.05885131760549019,0.06155454523032815,0.0071581305050054484,0.016670056960444442,0.023119336925053788,0.008324084168058691,17.929191771651148,16.894457649654687,17.081333333333333,1.4479398595468786,1.4042821135936479,1.4061537957306098
final_joint_baseline_44mer,poly3,1,63,360.0,train,0.05765536290807108,0.0550822570719465,0.007708749138123894,0.01688080658295799,0.023169551082040614,0.008407681298832684,18.00590271438135,16.981142844466568,16.818666666666665,1.448537998438865,1.4011695310437111,1.4137922436437793
final_joint_baseline_44mer,poly3,2,0,280.0,train,0.0551197821605622,0.05927363075565786,0.0029668138469165547,0.018513033689417535,0.023257152983018232,0.006104053788238122,8.984389264195727,8.377627251408065,8.347333333333335,1.7330192887155929,1.7534680704302654,1.7669483468745408
final_joint_baseline_44mer,poly3,2,1,281.119,train,0.05466574446207569,0.060112311846900524,0.002917199090890092,0.01802702255746378,0.02732297469294613,0.008039713120416913,9.245772472764894,8.535040555246916,8.576666666666666,1.7254357146970922,1.7461625295134358,1.7513499176417364
final_joint_baseline_44mer,poly3,2,2,282.243,train,0.057987509933499395,0.061842557489533205,0.003218715594343469,0.01829244525503874,0.022060200400679623,0.006654177649700792,9.307776459132127,8.693817710101136,8.713333333333335,1.7239583652442858,1.738828017614358,1.739033829294785
final_joint_baseline_44mer,poly3,2,3,283.371,train,0.06194381873612667,0.06603809131833283,0.003388606827622931,0.017355319615432383,0.020998083751356658,0.008324791949163475,9.5004241220863,8.853743834384243,8.913333333333334,1.7181079388731155,1.731475238034163,1.7254249816256428
final_joint_baseline_44mer,poly3,2,4,284.504,train,0.06275235136630541,0.0686922235697339,0.00446451210555426,0.016055962836171105,0.019900011846984485,0.008787801073074208,9.659105501795388,9.014882364181172,8.915333333333333,1.7148231530757665,1.7241020025594025,1.736720916527096
final_joint_baseline_44mer,poly3,2,5,285.641,train,0.06183983391460222,0.06626487840528172,0.003911873464476299,0.015563293421829154,0.02152817386064722,0.00907172167031199,9.834191086969753,9.177008056252106,9.124,1.70995073357408,1.716719291833062,1.71326301671373
final_joint_baseline_44mer,poly3,2,6,286.783,train,0.06576312296865322,0.06963790619212343,0.00465126977273635,0.016053374978741704,0.021557931670923555,0.006151915372406841,10.003320324386829,9.340175668321272,9.409333333333333,1.700945718091396,1.7093252278722633,1.7139493789652798
final_joint_baseline_44mer,poly3,2,7,287.929,train,0.06836333747960784,0.06997839277299973,0.0039613355062055695,0.015853509619818636,0.02462859112324893,0.007932334258849434,10.215862546406182,9.504149776724057,9.434666666666665,1.6943485754338155,1.7019310307711475,1.7085821465880155
final_joint_baseline_44mer,poly3,2,8,289.08,train,0.07347360572115633,0.0740476118105766,0.0038420151976067797,0.01600542698627752,0.019888255139191305,0.00669278429517468,10.399694936400707,9.668976121739384,9.708,1.6849675212879243,1.6945351213524606,1.6877958212654205
final_joint_baseline_44mer,poly3,2,9,290.235,train,0.07311539999808424,0.08729756841380845,0.004405420174178014,0.015471607331776393,0.02178054805916423,0.007538333470933474,10.524419922707079,9.834409531338803,9.873333333333335,1.681340394793113,1.6871489111416076,1.6661147443132336
final_joint_baseline_44mer,poly3,2,10,291.395,train,0.07123785055778095,0.07766348269542157,0.003128328691598471,0.015916201357438712,0.021247124885646344,0.008558388547968466,10.66035238269125,10.00048661960696,9.842666666666666,1.6777821959555088,1.6797710986710896,1.6803986851071084
final_joint_baseline_44mer,poly3,2,11,292.56,train,0.07258593026598492,0.07653405622456952,0.002855653095992796,0.015917157053537953,0.02544848496023628,0.009838299051851487,10.742928001947536,10.16709611078065,10.096666666666666,1.6731364718597481,1.672406927355174,1.6863065424668897
final_joint_baseline_44mer,poly3,2,12,293.729,train,0.0715618961752458,0.07209329019936045,0.00464537830049731,0.01578403389311341,0.01833387278358501,0.007430160184896938,10.807456941147832,10.333979568931179,10.352,1.6738479584546968,1.6650679873732295,1.6673155216120552
final_joint_baseline_44mer,poly3,2,13,294.903,train,0.07090544659072279,0.06959780777477456,0.0036195486366172786,0.0159723612115793,0.021575948512229676,0.009844065388012975,10.913218154707565,10.50116021814395,10.539333333333333,1.6724701711734125,1.657753336613701,1.6616114909953543
final_joint_baseline_44mer,poly3,2,14,296.082,train,0.0747064843821392,0.08098326916667979,0.0031680165388661844,0.017866690258925524,0.025148594450960737,0.0065354408979429145,11.137181242772805,10.66851410881836,10.713333333333333,1.665708368001392,1.650468434458041,1.6453159271967188
final_joint_baseline_44mer,poly3,2,15,297.266,train,0.07427316953425303,0.07356347166749032,0.003841469985134068,0.01740367520203565,0.024628462429142815,0.01033997149388301,11.28130401375449,10.835913547970959,10.922666666666666,1.6584518174231966,1.6432187822568949,1.6404123822932644
final_joint_baseline_44mer,poly3,2,16,298.454,train,0.0746379722042733,0.08127691939570056,0.0034265350263599933,0.015112332636965778,0.019997131199662573,0.006910027582197411,11.462236397662954,11.003087127584582,11.053333333333333,1.653061674629598,1.6360159353110006,1.6461209324875017
final_joint_baseline_44mer,poly3,2,17,299.647,train,0.07513625627588495,0.07912245027354795,0.006433520759240214,0.015660177831062314,0.020346672650708816,0.008911418741284396,11.609464579149169,11.170042861406301,11.377333333333336,1.6439808387239871,1.6288592545920988,1.6180850818819548
final_joint_baseline_44mer,poly3,2,18,300.845,train,0.07887585288508768,0.0799953866665824,0.004034523187453549,0.015341626085765357,0.016222879547801387,0.00874484205348497,11.843582253058244,11.336644641012006,11.44,1.6384022936673557,1.621754231939411,1.6277790236224392
final_joint_baseline_44mer,poly3,2,19,302.047,train,0.08061102427002466,0.08556145237723717,0.0030829965670971333,0.015667336123716638,0.01559056304872191,0.00514820090966058,12.03045767147465,11.502616906718856,11.386,1.6302856790997862,1.6147121363541987,1.6191821974279945
final_joint_baseline_44mer,poly3,2,20,303.254,train,0.08248096882507464,0.08959353391189956,0.004820730397921165,0.015439881907708912,0.021133996363284037,0.0071271859258543605,12.269134182338263,11.667960184483796,11.648666666666667,1.6206763978222538,1.6077323700608022,1.610860714484316
final_joint_baseline_44mer,poly3,2,21,304.467,train,0.08119465708706076,0.0839019211944757,0.005422632792750121,0.013615263735202459,0.019583896226068098,0.0073374501893652124,12.378670272655349,11.832669949619259,11.903333333333332,1.611008910967524,1.6008145456783176,1.596804405030345
final_joint_baseline_44mer,poly3,2,22,305.683,train,0.08383254036931445,0.0862900499446734,0.0033039580829742265,0.013745667835751277,0.01630743526682399,0.006376802128528294,12.575666042845839,11.996201059931279,11.976000000000003,1.6024266517823778,1.5939808056734959,1.5941903452528043
final_joint_baseline_44mer,poly3,2,23,306.905,train,0.08212882796600454,0.08599116266064619,0.003796564220897713,0.013376036224747546,0.020460793941943667,0.007678853375678927,12.589017710425416,12.15881999028782,11.995333333333333,1.6065431646433592,1.5872191759566903,1.58867534146243
final_joint_baseline_44mer,poly3,2,24,308.132,train,0.07674830977126557,0.08122495825533342,0.0038603889653379283,0.014174049197153898,0.022778337631326917,0.009910078243156194,12.680625798794962,12.320254039059117,12.455333333333334,1.6048980912246824,1.5805401610018819,1.5753812024627933
final_joint_baseline_44mer,poly3,2,25,309.364,train,0.07792581580854818,0.08191118901854241,0.003731444962762667,0.01473446493239009,0.024447995608800885,0.0067647091851041185,12.839442212890269,12.480367845453411,12.388666666666666,1.602065164513469,1.5739484081820667,1.579036345514724
final_joint_baseline_44mer,poly3,2,26,310.6,train,0.07279415645117182,0.08162978526843784,0.005226773127928063,0.01600383894454383,0.02203930581647582,0.007610219356414756,12.760165616821862,12.638901617464505,12.610666666666667,1.6043305868470101,1.5674535511634242,1.5674853365886041
final_joint_baseline_44mer,poly3,2,27,311.842,train,0.0733249594492644,0.06632154913887732,0.005067741225663039,0.01618561325614786,0.022623999273421538,0.007630234623291527,12.944969113261518,12.79598326827577,12.50866666666667,1.5958195529076442,1.561049262480081,1.5619434110045014
final_joint_baseline_44mer,poly3,2,28,313.088,train,0.07691834692190289,0.08660231067864799,0.004243956560139872,0.016697267380167777,0.024411325950930665,0.008130757639997745,13.29451341975534,12.951235820570933,12.989333333333335,1.5835136685075968,1.554749768127221,1.5548015950764762
final_joint_baseline_44mer,poly3,2,29,314.34,train,0.07304748265738667,0.08327847742384162,0.004279944003866354,0.014247012781773141,0.024551389802346744,0.0074627274752214895,13.48962745724545,13.104789558057188,12.980666666666668,1.5730841481092992,1.54854858552572,1.556253016099395
final_joint_baseline_44mer,poly3,2,30,315.596,train,0.0741987240567471,0.08826022427332807,0.005770075292504203,0.014636540953884735,0.028135066515074574,0.008959103902755648,13.672765276002677,13.25628631039368,13.098666666666666,1.567634268012788,1.5424589405245226,1.5413016837594546
final_joint_baseline_44mer,poly3,2,31,316.858,train,0.0740339423492838,0.0835263916550423,0.005881132690070592,0.014513054020463748,0.02117707281780783,0.006432466960309607,13.829060921429004,13.405860979067668,13.536,1.5631233357800103,1.53647413353068,1.5317550884367326
final_joint_baseline_44mer,poly3,2,32,318.124,train,0.07428602892485925,0.08916925886689474,0.005570369413114881,0.014456638535905135,0.018943501069035713,0.008257744737049625,14.070463605380073,13.553177558255804,13.495333333333333,1.558760215078798,1.530606304101439,1.5279062968883719
final_joint_baseline_44mer,poly3,2,33,319.396,train,0.07872826036479141,0.07992931537279155,0.003983491629765745,0.014965266316490772,0.0219505493944549,0.006488663723987307,14.099472795325909,13.698377641379317,13.530666666666669,1.560315682543106,1.5248484839715808,1.5257015226783939
final_joint_baseline_44mer,poly3,2,34,320.672,train,0.08048293241533414,0.08488119048933485,0.006447664551801419,0.015125785561464562,0.018020300610118355,0.007175505678809052,14.246917031830076,13.841150324328959,13.811333333333335,1.5576941339806614,1.5192116604124342,1.525969296379745
final_joint_baseline_44mer,poly3,2,35,321.954,train,0.07782442470650758,0.08192443651432109,0.0034741818763805157,0.013858106970113509,0.0246282481124089,0.008923979528440953,14.381535283914552,13.981645710601413,13.978666666666669,1.553315696022292,1.5136885565613534,1.5124746981871582
final_joint_baseline_44mer,poly3,2,36,323.241,train,0.07947325891369081,0.07757702046656725,0.005304138172060787,0.013772241053523763,0.020642990769101983,0.007090076923126855,14.587121903718579,14.119686505670789,14.274000000000001,1.545519977992165,1.5082848188243811,1.4958549526577178
final_joint_baseline_44mer,poly3,2,37,324.533,train,0.07573229282089587,0.08719990362605876,0.006600081879336902,0.01342834501694352,0.021332759790811805,0.00867029691705235,14.566468109062138,14.255218295934666,14.047333333333334,1.5455605687236313,1.503001231173534,1.507401628792055
final_joint_baseline_44mer,poly3,2,38,325.83,train,0.07853646405810658,0.0737571075726268,0.003051980167180951,0.013546297845455073,0.01735328997090991,0.00911906649386271,14.80466496257075,14.38819686110476,14.491333333333333,1.5404790686617498,1.4978381838086527,1.5074506427183552
final_joint_baseline_44mer,poly3,2,39,327.132,train,0.08034050797618218,0.07820985386910312,0.004546366649116582,0.015596392698804027,0.030563835773706794,0.007889561321263417,14.926329042663259,14.518588457868377,14.648666666666667,1.543821294173438,1.4927956715162247,1.4807322127500928
final_joint_baseline_44mer,poly3,2,40,328.44,train,0.0757277304673985,0.07804322385736047,0.004160729243387449,0.014950031690131118,0.02350213126657285,0.008393592537677535,15.05278513176313,14.646466625724251,14.839333333333332,1.540026443712756,1.4878695805848343,1.4824753200901832
final_joint_baseline_44mer,poly3,2,41,329.753,train,0.0798167110753264,0.08321919581269777,0.0042916396884472244,0.016434922762604533,0.02288358795282397,0.009224090268033046,15.265959923315682,14.771717891260204,14.86,1.5372187904758519,1.4830630394414779,1.4826567717685544
final_joint_baseline_44mer,poly3,2,42,331.071,train,0.0745736926421071,0.07907158538612996,0.005280262405225832,0.017522219586005198,0.01850098510321566,0.006403913380087629,15.465113961414396,14.89434114825804,14.846666666666668,1.5314127841504375,1.4783748585252405,1.4856827317570767
final_joint_baseline_44mer,poly3,2,43,332.394,train,0.07926703212716399,0.08467229988959138,0.0050605249136764265,0.01745311970849609,0.03278298511843732,0.010284435524531592,15.650857373257864,15.0143463877056,15.242,1.5244549200868058,1.4738034617094324,1.4623652416901707
final_joint_baseline_44mer,poly3,2,44,333.723,train,0.07601907182177753,0.08038704480292062,0.0036626351011848184,0.018506521014689203,0.023106196573903892,0.0067473224611187006,15.79094470817357,15.131841996500022,15.275333333333334,1.5161238639190366,1.4693435852260495,1.4651767235049518
final_joint_baseline_44mer,poly3,2,45,335.057,train,0.07524585235007676,0.07319361040050551,0.005243193880975622,0.017793069079556773,0.022143835660670623,0.007422383612137297,15.881811058365287,15.246768451117633,15.136,1.5139679599741689,1.4649963966160908,1.4730905835118613
final_joint_baseline_44mer,poly3,2,46,336.396,train,0.0765108365970962,0.07994838448999632,0.0031534245165450066,0.01736300880799727,0.020109822715630075,0.007932288342078661,15.95942996470087,15.359169178835874,15.150000000000002,1.5107176380054235,1.4607591902813513,1.467381688149289
final_joint_baseline_44mer,poly3,2,47,337.741,train,0.07654452926369362,0.08117737208157957,0.010037628635581554,0.017368838016868185,0.02238604091982806,0.006225097869620104,16.191268790700505,15.46917934001523,15.222000000000001,1.5031807816212521,1.456625873199642,1.4682369121775969
final_joint_baseline_44mer,poly3,2,48,339.091,train,0.07237373765196169,0.08800969350269514,0.006336654761037992,0.016208759606712343,0.023022738203284786,0.010370771654678174,16.2934658572211,15.576779394330208,15.45466666666667,1.4997236766808852,1.4525962322182768,1.4554826425289618
final_joint_baseline_44mer,poly3,2,49,340.446,train,0.07230711504543474,0.07426689389564398,0.005042365001446939,0.01594294124001973,0.02332197511895876,0.007462010466672338,16.485230661554375,15.682045614114994,15.658666666666667,1.4953283897396434,1.4486665011723774,1.450116260678475
final_joint_baseline_44mer,poly3,2,50,341.807,train,0.07542512097631926,0.07129527857240327,0.006304818535775321,0.01654506884750719,0.027172545221010255,0.00934217468441205,16.691355897389087,15.785139695524881,15.763333333333334,1.4903387932207046,1.4448298017060728,1.447649698483652
final_joint_baseline_44mer,poly3,2,51,343.173,train,0.0684221622074358,0.0777589560241861,0.0037450223780225132,0.014958251942824172,0.02561293798034678,0.008382282574563523,16.85042336132919,15.88608054646621,15.89266666666667,1.4792115717588992,1.4410846426581434,1.4345423729661024
final_joint_baseline_44mer,poly3,2,52,344.545,train,0.06933328645132916,0.07011660330251389,0.004304735677783637,0.01470915091396845,0.021098381152266896,0.007013123862671908,17.108302522670563,15.985047334145488,16.156666666666666,1.4707794216938925,1.4374236434361796,1.423638788043063
final_joint_baseline_44mer,poly3,2,53,345.922,train,0.06505358264781558,0.061063262043579536,0.006722571407286741,0.014249654632489516,0.021086341467694336,0.007161947185953004,17.151692684559674,16.08208353219613,15.928666666666668,1.4674249423764787,1.4338445186647442,1.4409319102050404
final_joint_baseline_44mer,poly3,2,54,347.305,train,0.06892793459484794,0.07922161809931044,0.007995218053131916,0.015584055799747129,0.022139850520978867,0.008856003941009976,17.198451478911814,16.17738552416199,16.172,1.4707388309624263,1.4303394031519276,1.424678243582903
final_joint_baseline_44mer,poly3,2,55,348.693,train,0.06798668389629167,0.06646206213937533,0.003413814776296967,0.01484050500087797,0.014333758523223106,0.006706076206245594,17.365968291643842,16.271020319458025,16.34,1.46534792230597,1.4269052671064337,1.4290759032502731
final_joint_baseline_44mer,poly3,2,56,350.086,train,0.07016037263342538,0.07184660522610684,0.007424735279089889,0.014763979181477467,0.022782640247211144,0.008592321132029929,17.642026124398996,16.363135790033073,16.63,1.4586152219225486,1.423536168038407,1.417713401188665
final_joint_baseline_44mer,poly3,2,57,351.486,train,0.06806696302995485,0.07021087746371876,0.006363780764908851,0.015751086305956435,0.02689544481827846,0.010188884002771743,17.59089830199014,16.45401790677996,16.535999999999998,1.459674410254965,1.4202212039299085,1.4084382661574173
final_joint_baseline_44mer,poly3,2,58,352.891,train,0.06604299972657375,0.07465734354921645,0.006494201142275457,0.014797319681508742,0.022385370804796273,0.008557794424448158,17.764145137240583,16.543700371940172,16.684,1.454219169118449,1.4169587589611095,1.4104474064283505
final_joint_baseline_44mer,poly3,2,59,354.301,train,0.06541866187107044,0.06117830517689009,0.007298252630243968,0.015309880600280414,0.022589678758961295,0.008122348166195944,17.849990870914734,16.632359529416707,16.47,1.4515792398474154,1.4137420693510363,1.4248312635866716
final_joint_baseline_44mer,poly3,2,60,355.717,train,0.06371521999866564,0.060345978814395455,0.007053741214470945,0.01525961809205963,0.025412903343992342,0.008450832755704178,17.95618609640314,16.720242360491433,17.019333333333336,1.4478678684382402,1.4105618920670557,1.4041261280249409
final_joint_baseline_44mer,poly3,2,61,357.139,train,0.06250926120665028,0.06533174815816165,0.00891287207787549,0.016140722328639133,0.020867620490890772,0.007138025845749681,17.985555124459857,16.807541129848204,16.768666666666668,1.4474435804149874,1.4074110539929525,1.4170125009183112
final_joint_baseline_44mer,poly3,2,62,358.567,train,0.05885131760549019,0.05859517102028951,0.009587202185713831,0.016670056960444442,0.02486770975568062,0.009583132197724106,17.929191771651148,16.894457649654687,16.962,1.4479398595468786,1.4042821135936479,1.4060800213387348
final_joint_baseline_44mer,poly3,2,63,360.0,train,0.05765536290807108,0.06041240099130135,0.009599445956656882,0.01688080658295799,0.02476896687784648,0.009527868093489279,18.00590271438135,16.981142844466568,16.654666666666664,1.448537998438865,1.4011695310437111,1.4095108443390116
final_joint_baseline_44mer,poly3,3,0,280.0,train,0.0551197821605622,0.05336701853832807,0.002762399114146342,0.018513033689417535,0.02483494064512877,0.009501590564373177,8.984389264195727,8.377627251408065,8.370000000000001,1.7330192887155929,1.7534680704302654,1.74798024037949
final_joint_baseline_44mer,poly3,3,1,281.119,train,0.05466574446207569,0.059116265743374724,0.0029175404238733177,0.01802702255746378,0.029863703794089213,0.008248851472737817,9.245772472764894,8.535040555246916,8.625333333333334,1.7254357146970922,1.7461625295134358,1.7422371809041104
final_joint_baseline_44mer,poly3,3,2,282.243,train,0.057987509933499395,0.06873850213513873,0.004751066953202538,0.01829244525503874,0.023118349908232735,0.007397028773909371,9.307776459132127,8.693817710101136,8.748,1.7239583652442858,1.738828017614358,1.7294845324096653
final_joint_baseline_44mer,poly3,3,3,283.371,train,0.06194381873612667,0.07170715909128475,0.0038467110999559524,0.017355319615432383,0.020629028548935027,0.007610738811355297,9.5004241220863,8.853743834384243,8.990000000000002,1.7181079388731155,1.731475238034163,1.717087411494697
final_joint_baseline_44mer,poly3,3,4,284.504,train,0.06275235136630541,0.061149737365467416,0.0027736533718499294,0.016055962836171105,0.024627793513516336,0.009057371253150601,9.659105501795388,9.014882364181172,8.992,1.7148231530757665,1.7241020025594025,1.7365273044680274
final_joint_baseline_44mer,poly3,3,5,285.641,train,0.06183983391460222,0.06466789810587445,0.0025235586891564493,0.015563293421829154,0.0209712239544065,0.007659916600579008,9.834191086969753,9.177008056252106,9.248666666666667,1.70995073357408,1.716719291833062,1.7142337899052198
final_joint_baseline_44mer,poly3,3,6,286.783,train,0.06576312296865322,0.07869825605472658,0.00471511465618711,0.016053374978741704,0.02184214992226635,0.009722191129099004,10.003320324386829,9.340175668321272,9.281333333333333,1.700945718091396,1.7093252278722633,1.7217234774915782
final_joint_baseline_44mer,poly3,3,7,287.929,train,0.06836333747960784,0.07681464962585693,0.004613825860686656,0.015853509619818636,0.019312788311029963,0.011971310017423652,10.215862546406182,9.504149776724057,9.487333333333332,1.6943485754338155,1.7019310307711475,1.6930809119912287
final_joint_baseline_44mer,poly3,3,8,289.08,train,0.07347360572115633,0.07298299615760392,0.004549626477143539,0.01600542698627752,0.022809983365393437,0.006693648691787679,10.399694936400707,9.668976121739384,9.727333333333334,1.6849675212879243,1.6945351213524606,1.7038518850444808
final_joint_baseline_44mer,poly3,3,9,290.235,train,0.07311539999808424,0.08236551113025056,0.004062497370894964,0.015471607331776393,0.016804445283736973,0.007389313981930762,10.524419922707079,9.834409531338803,9.718000000000002,1.681340394793113,1.6871489111416076,1.689181158799717
final_joint_baseline_44mer,poly3,3,10,291.395,train,0.07123785055778095,0.07780576359790026,0.0031743940539650994,0.015916201357438712,0.019078648034855764,0.007884808742456811,10.66035238269125,10.00048661960696,10.008666666666667,1.6777821959555088,1.6797710986710896,1.671842200003099
final_joint_baseline_44mer,poly3,3,11,292.56,train,0.07258593026598492,0.08281515162594076,0.004516962258984274,0.015917157053537953,0.02078709231448312,0.008005920718717079,10.742928001947536,10.16709611078065,9.979999999999999,1.6731364718597481,1.672406927355174,1.6882390692957405
final_joint_baseline_44mer,poly3,3,12,293.729,train,0.0715618961752458,0.08192599940305956,0.002926534208648472,0.01578403389311341,0.023218048212886956,0.006964084503694742,10.807456941147832,10.333979568931179,10.250666666666667,1.6738479584546968,1.6650679873732295,1.6568319816926813
final_joint_baseline_44mer,poly3,3,13,294.903,train,0.07090544659072279,0.07055771242807267,0.004581115731759473,0.0159723612115793,0.022989962689438023,0.006699175271391524,10.913218154707565,10.50116021814395,10.423333333333334,1.6724701711734125,1.657753336613701,1.660682725763654
final_joint_baseline_44mer,poly3,3,14,296.082,train,0.0747064843821392,0.09098719226524553,0.004866135942551738,0.017866690258925524,0.024508366165395135,0.00872856154521515,11.137181242772805,10.66851410881836,10.804,1.665708368001392,1.650468434458041,1.6403014071441582
final_joint_baseline_44mer,poly3,3,15,297.266,train,0.07427316953425303,0.07757041898793601,0.003578701386583661,0.01740367520203565,0.026223935797335805,0.010155464172433383,11.28130401375449,10.835913547970959,10.706666666666667,1.6584518174231966,1.6432187822568949,1.6430110306267531
final_joint_baseline_44mer,poly3,3,16,298.454,train,0.0746379722042733,0.07368568863880016,0.0032507667062868185,0.015112332636965778,0.01957566418618414,0.00815839455184135,11.462236397662954,11.003087127584582,10.896666666666667,1.653061674629598,1.6360159353110006,1.6467749224248336
final_joint_baseline_44mer,poly3,3,17,299.647,train,0.07513625627588495,0.0840238403666075,0.00504210524924315,0.015660177831062314,0.021742416017340813,0.008061397816964067,11.609464579149169,11.170042861406301,11.027999999999999,1.6439808387239871,1.6288592545920988,1.6321199515665261
final_joint_baseline_44mer,poly3,3,18,300.845,train,0.07887585288508768,0.08004671909567349,0.0029169306407715867,0.015341626085765357,0.01997628982067746,0.006873829807070048,11.843582253058244,11.336644641012006,11.422666666666666,1.6384022936673557,1.621754231939411,1.6259681525507064
final_joint_baseline_44mer,poly3,3,19,302.047,train,0.08061102427002466,0.0976197990873768,0.003978697750024276,0.015667336123716638,0.024952752384355983,0.006853015751567701,12.03045767147465,11.502616906718856,11.397333333333332,1.6302856790997862,1.6147121363541987,1.6219612423872674
final_joint_baseline_44mer,poly3,3,20,303.254,train,0.08248096882507464,0.07819950249992097,0.0036558405169803587,0.015439881907708912,0.01883378656939775,0.005239526331591797,12.269134182338263,11.667960184483796,11.654666666666667,1.6206763978222538,1.6077323700608022,1.610737727455263
final_joint_baseline_44mer,poly3,3,21,304.467,train,0.08119465708706076,0.09227827724233283,0.004577754779258937,0.013615263735202459,0.020298399115406165,0.008295264408442124,12.378670272655349,11.832669949619259,11.865333333333332,1.611008910967524,1.6008145456783176,1.5919531024106273
final_joint_baseline_44mer,poly3,3,22,305.683,train,0.08383254036931445,0.09229991453495709,0.0033809116840968273,0.013745667835751277,0.015102355486671364,0.006070053890037967,12.575666042845839,11.996201059931279,12.008666666666667,1.6024266517823778,1.5939808056734959,1.601569162494177
final_joint_baseline_44mer,poly3,3,23,306.905,train,0.08212882796600454,0.08316847437704322,0.0030906430631167403,0.013376036224747546,0.01667329222358723,0.007665242653963017,12.589017710425416,12.15881999028782,12.088666666666668,1.6065431646433592,1.5872191759566903,1.5968255047638682
final_joint_baseline_44mer,poly3,3,24,308.132,train,0.07674830977126557,0.08923092092693025,0.005613397400283977,0.014174049197153898,0.020529741702181532,0.007802681315943504,12.680625798794962,12.320254039059117,12.234666666666666,1.6048980912246824,1.5805401610018819,1.5790546484397063
final_joint_baseline_44mer,poly3,3,25,309.364,train,0.07792581580854818,0.07680530596480113,0.003074919844298502,0.01473446493239009,0.01855941011616207,0.008821666397529956,12.839442212890269,12.480367845453411,12.534,1.602065164513469,1.5739484081820667,1.5758490518219217
final_joint_baseline_44mer,poly3,3,26,310.6,train,0.07279415645117182,0.0755385501566556,0.003541851075191716,0.01600383894454383,0.020314943206898313,0.005934497964835148,12.760165616821862,12.638901617464505,12.634,1.6043305868470101,1.5674535511634242,1.5698024442345186
final_joint_baseline_44mer,poly3,3,27,311.842,train,0.0733249594492644,0.08189837429732455,0.0033990850694566406,0.01618561325614786,0.023467586545405643,0.008309973161456125,12.944969113261518,12.79598326827577,12.756666666666668,1.5958195529076442,1.561049262480081,1.5490389700124296
final_joint_baseline_44mer,poly3,3,28,313.088,train,0.07691834692190289,0.07382444159059812,0.0037901288719658674,0.016697267380167777,0.02255251438705362,0.007055839948515276,13.29451341975534,12.951235820570933,13.079999999999998,1.5835136685075968,1.554749768127221,1.5529790410006878
final_joint_baseline_44mer,poly3,3,29,314.34,train,0.07304748265738667,0.08102204960522164,0.004286582295461904,0.014247012781773141,0.022774887531134554,0.00733965857780625,13.48962745724545,13.104789558057188,13.060666666666666,1.5730841481092992,1.54854858552572,1.5493134279797063
final_joint_baseline_44mer,poly3,3,30,315.596,train,0.0741987240567471,0.06803903791390321,0.0037814758061451943,0.014636540953884735,0.021322473798555557,0.007807138911610361,13.672765276002677,13.25628631039368,13.278666666666668,1.567634268012788,1.5424589405245226,1.531674446413714
final_joint_baseline_44mer,poly3,3,31,316.858,train,0.0740339423492838,0.07570635595554963,0.0054428812382901655,0.014513054020463748,0.019564636354355153,0.009557793054465696,13.829060921429004,13.405860979067668,13.405333333333335,1.5631233357800103,1.53647413353068,1.5437523518709462
final_joint_baseline_44mer,poly3,3,32,318.124,train,0.07428602892485925,0.07762445833175863,0.005012453052987337,0.014456638535905135,0.019952789742073374,0.00923644574693248,14.070463605380073,13.553177558255804,13.679333333333332,1.558760215078798,1.530606304101439,1.5264991121338067
final_joint_baseline_44mer,poly3,3,33,319.396,train,0.07872826036479141,0.0859384139112914,0.005308546778702046,0.014965266316490772,0.019213420929247382,0.007050854436995798,14.099472795325909,13.698377641379317,13.739333333333335,1.560315682543106,1.5248484839715808,1.525497211434613
final_joint_baseline_44mer,poly3,3,34,320.672,train,0.08048293241533414,0.0900307490731464,0.006482062767123203,0.015125785561464562,0.018609391814530276,0.0070310430666732735,14.246917031830076,13.841150324328959,13.627333333333334,1.5576941339806614,1.5192116604124342,1.5358188412591334
final_joint_baseline_44mer,poly3,3,35,321.954,train,0.07782442470650758,0.08301829494629095,0.004008820024814136,0.013858106970113509,0.015656532175573806,0.007067588059694718,14.381535283914552,13.981645710601413,13.962666666666667,1.553315696022292,1.5136885565613534,1.5200746194878276
final_joint_baseline_44mer,poly3,3,36,323.241,train,0.07947325891369081,0.08159129133674396,0.004664604526510276,0.013772241053523763,0.02261526513271041,0.007556615220365589,14.587121903718579,14.119686505670789,14.240000000000002,1.545519977992165,1.5082848188243811,1.5048246990725211
final_joint_baseline_44mer,poly3,3,37,324.533,train,0.07573229282089587,0.07272934979862503,0.0029224356698880453,0.01342834501694352,0.021205245710906297,0.008128915558105205,14.566468109062138,14.255218295934666,14.226666666666668,1.5455605687236313,1.503001231173534,1.5142812949642688
final_joint_baseline_44mer,poly3,3,38,325.83,train,0.07853646405810658,0.07716370811538598,0.005024873808302923,0.013546297845455073,0.021335292769328315,0.008564695529010659,14.80466496257075,14.38819686110476,14.344000000000001,1.5404790686617498,1.4978381838086527,1.4897605350053342
final_joint_baseline_44mer,poly3,3,39,327.132,train,0.08034050797618218,0.07836634106812727,0.0072777051614258785,0.015596392698804027,0.018795335554399387,0.006796131558774638,14.926329042663259,14.518588457868377,14.518,1.543821294173438,1.4927956715162247,1.490429996174158
final_joint_baseline_44mer,poly3,3,40,328.44,train,0.0757277304673985,0.08492255470770121,0.0046605961154919315,0.014950031690131118,0.02286612666034838,0.007707021587453098,15.05278513176313,14.646466625724251,14.59,1.540026443712756,1.4878695805848343,1.4890499890700575
final_joint_baseline_44mer,poly3,3,41,329.753,train,0.0798167110753264,0.08354742809549337,0.005106682986026288,0.016434922762604533,0.022477281844324404,0.006793974795462963,15.265959923315682,14.771717891260204,14.754666666666667,1.5372187904758519,1.4830630394414779,1.486162403197618
final_joint_baseline_44mer,poly3,3,42,331.071,train,0.0745736926421071,0.07559388267113973,0.003991996184225328,0.017522219586005198,0.024994020110500764,0.007286521349900547,15.465113961414396,14.89434114825804,15.009333333333332,1.5314127841504375,1.4783748585252405,1.4750063865872198
final_joint_baseline_44mer,poly3,3,43,332.394,train,0.07926703212716399,0.08152406497456562,0.005403506381199937,0.01745311970849609,0.03014660808313091,0.007837793960975625,15.650857373257864,15.0143463877056,15.129333333333333,1.5244549200868058,1.4738034617094324,1.4591957644322235
final_joint_baseline_44mer,poly3,3,44,333.723,train,0.07601907182177753,0.0843878195109912,0.0038937027740666387,0.018506521014689203,0.0261036326310603,0.007454424809446851,15.79094470817357,15.131841996500022,15.066666666666666,1.5161238639190366,1.4693435852260495,1.4699423498632518
final_joint_baseline_44mer,poly3,3,45,335.057,train,0.07524585235007676,0.07841006448258664,0.00425024595267331,0.017793069079556773,0.022493594275871404,0.009944313193895438,15.881811058365287,15.246768451117633,15.323333333333334,1.5139679599741689,1.4649963966160908,1.4570112136383384
final_joint_baseline_44mer,poly3,3,46,336.396,train,0.0765108365970962,0.08570516994641142,0.008172265868898538,0.01736300880799727,0.01828113524614418,0.007624229343342526,15.95942996470087,15.359169178835874,15.460666666666665,1.5107176380054235,1.4607591902813513,1.4652048602642893
final_joint_baseline_44mer,poly3,3,47,337.741,train,0.07654452926369362,0.08830730824601207,0.0037685680469962913,0.017368838016868185,0.018870721684300314,0.006971272578301129,16.191268790700505,15.46917934001523,15.455333333333332,1.5031807816212521,1.456625873199642,1.4537662643543143
final_joint_baseline_44mer,poly3,3,48,339.091,train,0.07237373765196169,0.07183543531276465,0.0040044892375265765,0.016208759606712343,0.02132135100566651,0.007363517034191857,16.2934658572211,15.576779394330208,15.377333333333334,1.4997236766808852,1.4525962322182768,1.45732817902381
final_joint_baseline_44mer,poly3,3,49,340.446,train,0.07230711504543474,0.07990997031286692,0.005115677051731037,0.01594294124001973,0.02657428898989269,0.006808110900168189,16.485230661554375,15.682045614114994,15.668,1.4953283897396434,1.4486665011723774,1.4484180830774522
final_joint_baseline_44mer,poly3,3,50,341.807,train,0.07542512097631926,0.07434078702163707,0.00540100627404409,0.01654506884750719,0.02384150174682371,0.00801942362250397,16.691355897389087,15.785139695524881,15.877333333333333,1.4903387932207046,1.4448298017060728,1.4295681249615309
final_joint_baseline_44mer,poly3,3,51,343.173,train,0.0684221622074358,0.06887359840465071,0.0050268634659881425,0.014958251942824172,0.0202403923213064,0.007165948600875273,16.85042336132919,15.88608054646621,15.74,1.4792115717588992,1.4410846426581434,1.4494917246839567
final_joint_baseline_44mer,poly3,3,52,344.545,train,0.06933328645132916,0.07597027930263577,0.0050909725395492066,0.01470915091396845,0.023648850501805686,0.007427761206456687,17.108302522670563,15.985047334145488,16.012,1.4707794216938925,1.4374236434361796,1.432840658906405
final_joint_baseline_44mer,poly3,3,53,345.922,train,0.06505358264781558,0.07301788343312102,0.00793507059937416,0.014249654632489516,0.02154329392305725,0.006990543096097309,17.151692684559674,16.08208353219613,16.044666666666664,1.4674249423764787,1.4338445186647442,1.4267787143828983
final_joint_baseline_44mer,poly3,3,54,347.305,train,0.06892793459484794,0.07510083475119204,0.004619401649910929,0.015584055799747129,0.018373341356728343,0.007841128255175718,17.198451478911814,16.17738552416199,16.155333333333335,1.4707388309624263,1.4303394031519276,1.4354500190426436
final_joint_baseline_44mer,poly3,3,55,348.693,train,0.06798668389629167,0.0708181379071451,0.00957218179538059,0.01484050500087797,0.017342350464964296,0.0057919634466177174,17.365968291643842,16.271020319458025,16.20533333333333,1.46534792230597,1.4269052671064337,1.4260014322585295
final_joint_baseline_44mer,poly3,3,56,350.086,train,0.07016037263342538,0.07222898499505102,0.00949376522957284,0.014763979181477467,0.024992810581811117,0.009548590721441035,17.642026124398996,16.363135790033073,16.262,1.4586152219225486,1.423536168038407,1.4395339092553188
final_joint_baseline_44mer,poly3,3,57,351.486,train,0.06806696302995485,0.06955810487142448,0.004942413725175029,0.015751086305956435,0.02539682901085575,0.008810228877887263,17.59089830199014,16.45401790677996,16.41466666666667,1.459674410254965,1.4202212039299085,1.4128667898028102
final_joint_baseline_44mer,poly3,3,58,352.891,train,0.06604299972657375,0.06440178467540167,0.0054820635128603416,0.014797319681508742,0.023068558573611855,0.008416642899617787,17.764145137240583,16.543700371940172,16.751333333333335,1.454219169118449,1.4169587589611095,1.4087502643885979
final_joint_baseline_44mer,poly3,3,59,354.301,train,0.06541866187107044,0.06312356012390123,0.0076465375633717,0.015309880600280414,0.024416435366311905,0.008396661568579208,17.849990870914734,16.632359529416707,16.700000000000003,1.4515792398474154,1.4137420693510363,1.410491257653036
final_joint_baseline_44mer,poly3,3,60,355.717,train,0.06371521999866564,0.06291200704085895,0.008332190444417024,0.01525961809205963,0.021514068628700818,0.0071213683066696995,17.95618609640314,16.720242360491433,16.717333333333336,1.4478678684382402,1.4105618920670557,1.412044197250433
final_joint_baseline_44mer,poly3,3,61,357.139,train,0.06250926120665028,0.06274423964187342,0.005862623333321194,0.016140722328639133,0.022626466656288632,0.0066691496434667045,17.985555124459857,16.807541129848204,16.786,1.4474435804149874,1.4074110539929525,1.4018960355612131
final_joint_baseline_44mer,poly3,3,62,358.567,train,0.05885131760549019,0.05102399021596922,0.009657251379988423,0.016670056960444442,0.03191102364043509,0.011083887150740396,17.929191771651148,16.894457649654687,17.247333333333334,1.4479398595468786,1.4042821135936479,1.3889638633377988
final_joint_baseline_44mer,poly3,3,63,360.0,train,0.05765536290807108,0.054720723461094814,0.00693576716290287,0.01688080658295799,0.022071633275619836,0.006447320975491612,18.00590271438135,16.981142844466568,16.854666666666667,1.448537998438865,1.4011695310437111,1.3993712272859509
final_joint_baseline_44mer,poly3,4,0,280.0,train,0.0551197821605622,0.05398706781550423,0.0038917523410565056,0.018513033689417535,0.02602162521336035,0.008682232019496906,8.984389264195727,8.377627251408065,8.183333333333334,1.7330192887155929,1.7534680704302654,1.766769659529773
final_joint_baseline_44mer,poly3,4,1,281.119,train,0.05466574446207569,0.06308655328249713,0.0040767111703957455,0.01802702255746378,0.023910741402018924,0.009652644974126712,9.245772472764894,8.535040555246916,8.43,1.7254357146970922,1.7461625295134358,1.7424812393611404
final_joint_baseline_44mer,poly3,4,2,282.243,train,0.057987509933499395,0.06091558408876094,0.003292423902919967,0.01829244525503874,0.019402216982334346,0.008632769736595124,9.307776459132127,8.693817710101136,8.640666666666666,1.7239583652442858,1.738828017614358,1.7427143145275301
final_joint_baseline_44mer,poly3,4,3,283.371,train,0.06194381873612667,0.06860644509970526,0.004019889960151221,0.017355319615432383,0.02166927917877426,0.007132078232551567,9.5004241220863,8.853743834384243,8.974666666666668,1.7181079388731155,1.731475238034163,1.7396220733843912
final_joint_baseline_44mer,poly3,4,4,284.504,train,0.06275235136630541,0.0634895924544639,0.0035200598278639778,0.016055962836171105,0.021271282806787015,0.006758749493190042,9.659105501795388,9.014882364181172,9.06,1.7148231530757665,1.7241020025594025,1.7318667583821705
final_joint_baseline_44mer,poly3,4,5,285.641,train,0.06183983391460222,0.055795914922143086,0.004136034280779157,0.015563293421829154,0.02486362719127411,0.009064834758436094,9.834191086969753,9.177008056252106,9.174,1.70995073357408,1.716719291833062,1.721341165334234
final_joint_baseline_44mer,poly3,4,6,286.783,train,0.06576312296865322,0.06595084854317124,0.0041497869550895985,0.016053374978741704,0.020832121339274975,0.007841615231878781,10.003320324386829,9.340175668321272,9.432,1.700945718091396,1.7093252278722633,1.7050742172381597
final_joint_baseline_44mer,poly3,4,7,287.929,train,0.06836333747960784,0.07182125971508793,0.003188888900385263,0.015853509619818636,0.024718664681177845,0.009696798251106397,10.215862546406182,9.504149776724057,9.558666666666667,1.6943485754338155,1.7019310307711475,1.6934191132227674
final_joint_baseline_44mer,poly3,4,8,289.08,train,0.07347360572115633,0.07283742123701414,0.003214424802886131,0.01600542698627752,0.02239067520726911,0.006484048235276438,10.399694936400707,9.668976121739384,9.682666666666666,1.6849675212879243,1.6945351213524606,1.6961876423195315
final_joint_baseline_44mer,poly3,4,9,290.235,train,0.07311539999808424,0.07017044686698917,0.003428290752888377,0.015471607331776393,0.020557516958598716,0.006516443661838469,10.524419922707079,9.834409531338803,9.687999999999999,1.681340394793113,1.6871489111416076,1.690223641526719
final_joint_baseline_44mer,poly3,4,10,291.395,train,0.07123785055778095,0.0822150376877554,0.004186645068817565,0.015916201357438712,0.021222208263994707,0.010377811053493797,10.66035238269125,10.00048661960696,9.827333333333334,1.6777821959555088,1.6797710986710896,1.6976786218776883
final_joint_baseline_44mer,poly3,4,11,292.56,train,0.07258593026598492,0.07722315627367746,0.0036717980604087297,0.015917157053537953,0.020669588116060664,0.008664724365880807,10.742928001947536,10.16709611078065,10.218,1.6731364718597481,1.672406927355174,1.6762478452903595
final_joint_baseline_44mer,poly3,4,12,293.729,train,0.0715618961752458,0.08374418837938011,0.0034738699099397933,0.01578403389311341,0.026336411733000525,0.009982947391843125,10.807456941147832,10.333979568931179,10.494666666666667,1.6738479584546968,1.6650679873732295,1.6469902467634598
final_joint_baseline_44mer,poly3,4,13,294.903,train,0.07090544659072279,0.07529427564748067,0.0033003649907825936,0.0159723612115793,0.01937378578769725,0.007447870388313942,10.913218154707565,10.50116021814395,10.518,1.6724701711734125,1.657753336613701,1.6538681601410237
final_joint_baseline_44mer,poly3,4,14,296.082,train,0.0747064843821392,0.08871961461896011,0.003887747396182522,0.017866690258925524,0.023337203420312418,0.011328519182692124,11.137181242772805,10.66851410881836,10.437333333333333,1.665708368001392,1.650468434458041,1.6583875787707956
final_joint_baseline_44mer,poly3,4,15,297.266,train,0.07427316953425303,0.08060768695042893,0.0029110020167013844,0.01740367520203565,0.018385660939661017,0.00751906238616167,11.28130401375449,10.835913547970959,10.861333333333334,1.6584518174231966,1.6432187822568949,1.6428143387090988
final_joint_baseline_44mer,poly3,4,16,298.454,train,0.0746379722042733,0.08257736547658971,0.0035527120142255604,0.015112332636965778,0.022856637179931576,0.00825183749614105,11.462236397662954,11.003087127584582,10.981333333333334,1.653061674629598,1.6360159353110006,1.6527392780366863
final_joint_baseline_44mer,poly3,4,17,299.647,train,0.07513625627588495,0.07975646062135264,0.00395242295749072,0.015660177831062314,0.02444990842513078,0.008299949194875695,11.609464579149169,11.170042861406301,11.088000000000001,1.6439808387239871,1.6288592545920988,1.6320464986985743
final_joint_baseline_44mer,poly3,4,18,300.845,train,0.07887585288508768,0.0824907987101862,0.003392558512452063,0.015341626085765357,0.02433385273989737,0.010333745136352983,11.843582253058244,11.336644641012006,11.400666666666666,1.6384022936673557,1.621754231939411,1.605055010550425
final_joint_baseline_44mer,poly3,4,19,302.047,train,0.08061102427002466,0.08719178002864185,0.004470177820571702,0.015667336123716638,0.01828123236353659,0.0071839295494146764,12.03045767147465,11.502616906718856,11.524666666666667,1.6302856790997862,1.6147121363541987,1.610197596227547
final_joint_baseline_44mer,poly3,4,20,303.254,train,0.08248096882507464,0.09163707665139903,0.0051644643060247564,0.015439881907708912,0.026956287825384808,0.008784817300162704,12.269134182338263,11.667960184483796,11.780666666666667,1.6206763978222538,1.6077323700608022,1.5974333378344059
final_joint_baseline_44mer,poly3,4,21,304.467,train,0.08119465708706076,0.08560211006335824,0.003266936920972007,0.013615263735202459,0.020436685654306376,0.009140595895534655,12.378670272655349,11.832669949619259,11.724666666666664,1.611008910967524,1.6008145456783176,1.6130494412154737
final_joint_baseline_44mer,poly3,4,22,305.683,train,0.08383254036931445,0.07614083309744636,0.004238471788999816,0.013745667835751277,0.013476557616437198,0.0068259189782689505,12.575666042845839,11.996201059931279,12.022666666666666,1.6024266517823778,1.5939808056734959,1.5918630106814882
final_joint_baseline_44mer,poly3,4,23,306.905,train,0.08212882796600454,0.09784765032729698,0.004810572138809251,0.013376036224747546,0.022628229307367555,0.008143936538565238,12.589017710425416,12.15881999028782,12.175999999999998,1.6065431646433592,1.5872191759566903,1.5964450173788718
final_joint_baseline_44mer,poly3,4,24,308.132,train,0.07674830977126557,0.07067623656901215,0.0025306309725589655,0.014174049197153898,0.023105016856585184,0.009593692133823004,12.680625798794962,12.320254039059117,12.432666666666668,1.6048980912246824,1.5805401610018819,1.5693168228010466
final_joint_baseline_44mer,poly3,4,25,309.364,train,0.07792581580854818,0.0775890498005486,0.0039000718560013563,0.01473446493239009,0.01975723585295898,0.009915007929342119,12.839442212890269,12.480367845453411,12.567333333333334,1.602065164513469,1.5739484081820667,1.5684098712626406
final_joint_baseline_44mer,poly3,4,26,310.6,train,0.07279415645117182,0.06767822853594611,0.0046101786888649845,0.01600383894454383,0.02400394067032892,0.00853038822025647,12.760165616821862,12.638901617464505,12.703333333333333,1.6043305868470101,1.5674535511634242,1.5593842940645612
final_joint_baseline_44mer,poly3,4,27,311.842,train,0.0733249594492644,0.06671471574956615,0.003370154353190722,0.01618561325614786,0.029890345488509083,0.010894500655956676,12.944969113261518,12.79598326827577,12.646666666666668,1.5958195529076442,1.561049262480081,1.5593428418072468
final_joint_baseline_44mer,poly3,4,28,313.088,train,0.07691834692190289,0.07643593266601864,0.003551259877167561,0.016697267380167777,0.023105514455915514,0.006962837837514536,13.29451341975534,12.951235820570933,13.034666666666666,1.5835136685075968,1.554749768127221,1.5562589350688354
final_joint_baseline_44mer,poly3,4,29,314.34,train,0.07304748265738667,0.07388064855388968,0.0037533888848812636,0.014247012781773141,0.022209859122034013,0.009046053200058822,13.48962745724545,13.104789558057188,13.170666666666666,1.5730841481092992,1.54854858552572,1.5612209998989732
final_joint_baseline_44mer,poly3,4,30,315.596,train,0.0741987240567471,0.0747750286587435,0.004376534158838113,0.014636540953884735,0.021566745005575018,0.006610319771092809,13.672765276002677,13.25628631039368,13.107999999999999,1.567634268012788,1.5424589405245226,1.548122935800325
final_joint_baseline_44mer,poly3,4,31,316.858,train,0.0740339423492838,0.09242787261118773,0.005997134875112144,0.014513054020463748,0.018657353110991527,0.00796048295941168,13.829060921429004,13.405860979067668,13.51,1.5631233357800103,1.53647413353068,1.5366388591524145
final_joint_baseline_44mer,poly3,4,32,318.124,train,0.07428602892485925,0.07479292720047634,0.006953710145259545,0.014456638535905135,0.025317113731261772,0.009995458759873038,14.070463605380073,13.553177558255804,13.542666666666666,1.558760215078798,1.530606304101439,1.5230891026990716
final_joint_baseline_44mer,poly3,4,33,319.396,train,0.07872826036479141,0.08383835111117431,0.003793541823047552,0.014965266316490772,0.023164805769532934,0.009312841758045552,14.099472795325909,13.698377641379317,13.685333333333334,1.560315682543106,1.5248484839715808,1.5191713226887242
final_joint_baseline_44mer,poly3,4,34,320.672,train,0.08048293241533414,0.0864401947058731,0.0037426121889923974,0.015125785561464562,0.019817719718443746,0.009781871208878287,14.246917031830076,13.841150324328959,13.650666666666666,1.5576941339806614,1.5192116604124342,1.5225058076610378
final_joint_baseline_44mer,poly3,4,35,321.954,train,0.07782442470650758,0.08367385693040255,0.007641517704724385,0.013858106970113509,0.024539497519743964,0.012299059062584525,14.381535283914552,13.981645710601413,13.932,1.553315696022292,1.5136885565613534,1.5106138613811488
final_joint_baseline_44mer,poly3,4,36,323.241,train,0.07947325891369081,0.08939916456472169,0.005359418690973011,0.013772241053523763,0.015553361759135225,0.008376708804887951,14.587121903718579,14.119686505670789,14.090000000000003,1.545519977992165,1.5082848188243811,1.51977789109241
final_joint_baseline_44mer,poly3,4,37,324.533,train,0.07573229282089587,0.08345098249174876,0.0044727443509858045,0.01342834501694352,0.020002042778264263,0.007902927423467944,14.566468109062138,14.255218295934666,14.272666666666666,1.5455605687236313,1.503001231173534,1.5026054541328844
final_joint_baseline_44mer,poly3,4,38,325.83,train,0.07853646405810658,0.08999194003158947,0.003547643587555769,0.013546297845455073,0.02035956296891997,0.008380401061616222,14.80466496257075,14.38819686110476,14.400666666666666,1.5404790686617498,1.4978381838086527,1.4929399568790789
final_joint_baseline_44mer,poly3,4,39,327.132,train,0.08034050797618218,0.07731050997333146,0.0030253949659178464,0.015596392698804027,0.024318305456650847,0.009152970706303491,14.926329042663259,14.518588457868377,14.227333333333332,1.543821294173438,1.4927956715162247,1.5061083699351339
final_joint_baseline_44mer,poly3,4,40,328.44,train,0.0757277304673985,0.0753990324259951,0.003788622878579757,0.014950031690131118,0.025222614143047228,0.008922212250421222,15.05278513176313,14.646466625724251,14.550666666666666,1.540026443712756,1.4878695805848343,1.4851903729760583
final_joint_baseline_44mer,poly3,4,41,329.753,train,0.0798167110753264,0.08660862787446844,0.005265748339549964,0.016434922762604533,0.026471137531299087,0.009430072901407686,15.265959923315682,14.771717891260204,14.674000000000001,1.5372187904758519,1.4830630394414779,1.4772676593379162
final_joint_baseline_44mer,poly3,4,42,331.071,train,0.0745736926421071,0.07883372387365661,0.005935835593480791,0.017522219586005198,0.028022207990849667,0.010478979739000444,15.465113961414396,14.89434114825804,14.932,1.5314127841504375,1.4783748585252405,1.4788229480248547
final_joint_baseline_44mer,poly3,4,43,332.394,train,0.07926703212716399,0.07920991386082157,0.0028789808471524547,0.01745311970849609,0.02021886792971861,0.008213729797482004,15.650857373257864,15.0143463877056,14.804666666666666,1.5244549200868058,1.4738034617094324,1.4815795526327566
final_joint_baseline_44mer,poly3,4,44,333.723,train,0.07601907182177753,0.07870601276124514,0.004252264555836287,0.018506521014689203,0.02603286014357424,0.010966541252562217,15.79094470817357,15.131841996500022,15.322666666666667,1.5161238639190366,1.4693435852260495,1.4591700261276639
final_joint_baseline_44mer,poly3,4,45,335.057,train,0.07524585235007676,0.075390827425408,0.00579270448464657,0.017793069079556773,0.027886189765892175,0.008603178395843559,15.881811058365287,15.246768451117633,15.14,1.5139679599741689,1.4649963966160908,1.4661609493614305
final_joint_baseline_44mer,poly3,4,46,336.396,train,0.0765108365970962,0.0793784918743719,0.005910279714190045,0.01736300880799727,0.03021361272852599,0.00902203765309474,15.95942996470087,15.359169178835874,15.334666666666667,1.5107176380054235,1.4607591902813513,1.4560528395261596
final_joint_baseline_44mer,poly3,4,47,337.741,train,0.07654452926369362,0.08468716493333311,0.005256956218768259,0.017368838016868185,0.025115633955297142,0.008341843470955415,16.191268790700505,15.46917934001523,15.454,1.5031807816212521,1.456625873199642,1.4634512401469497
final_joint_baseline_44mer,poly3,4,48,339.091,train,0.07237373765196169,0.07639256893669713,0.005912417661640293,0.016208759606712343,0.023416985584928267,0.00864966827978543,16.2934658572211,15.576779394330208,15.552666666666667,1.4997236766808852,1.4525962322182768,1.4543576811290326
final_joint_baseline_44mer,poly3,4,49,340.446,train,0.07230711504543474,0.07936597068461107,0.0064186388425582835,0.01594294124001973,0.01945469440344274,0.009966132347334487,16.485230661554375,15.682045614114994,15.498666666666667,1.4953283897396434,1.4486665011723774,1.4729950774016238
final_joint_baseline_44mer,poly3,4,50,341.807,train,0.07542512097631926,0.08462829500169099,0.005833397629047391,0.01654506884750719,0.02842533536379927,0.00840544124343219,16.691355897389087,15.785139695524881,15.857333333333333,1.4903387932207046,1.4448298017060728,1.4447508410947698
final_joint_baseline_44mer,poly3,4,51,343.173,train,0.0684221622074358,0.07608846350768454,0.006390175138425576,0.014958251942824172,0.02260082743878505,0.010209146914186834,16.85042336132919,15.88608054646621,16.068666666666665,1.4792115717588992,1.4410846426581434,1.4227589068835258
final_joint_baseline_44mer,poly3,4,52,344.545,train,0.06933328645132916,0.06613646305167842,0.006015838052240213,0.01470915091396845,0.023286312755953987,0.007256805318352686,17.108302522670563,15.985047334145488,16.047333333333338,1.4707794216938925,1.4374236434361796,1.4306255763771696
final_joint_baseline_44mer,poly3,4,53,345.922,train,0.06505358264781558,0.06056797900554707,0.007005406356281564,0.014249654632489516,0.019617630786388254,0.008019858086003799,17.151692684559674,16.08208353219613,16.195999999999998,1.4674249423764787,1.4338445186647442,1.445006964183715
final_joint_baseline_44mer,poly3,4,54,347.305,train,0.06892793459484794,0.07352359808364256,0.003932538009316076,0.015584055799747129,0.01917360672001181,0.009872376612833952,17.198451478911814,16.17738552416199,16.152666666666665,1.4707388309624263,1.4303394031519276,1.432558773949708
final_joint_baseline_44mer,poly3,4,55,348.693,train,0.06798668389629167,0.06822613264006638,0.0057391788304262965,0.01484050500087797,0.018588717909700538,0.007663750334519119,17.365968291643842,16.271020319458025,16.000666666666667,1.46534792230597,1.4269052671064337,1.4380962010745142
final_joint_baseline_44mer,poly3,4,56,350.086,train,0.07016037263342538,0.06597869365936726,0.005452047232863185,0.014763979181477467,0.020350122954416787,0.006882226022644751,17.642026124398996,16.363135790033073,16.52733333333333,1.4586152219225486,1.423536168038407,1.4226365614070262
final_joint_baseline_44mer,poly3,4,57,351.486,train,0.06806696302995485,0.06987839713832993,0.007930009863954823,0.015751086305956435,0.022257836630914803,0.009032794995664827,17.59089830199014,16.45401790677996,16.421333333333337,1.459674410254965,1.4202212039299085,1.420977553627671
final_joint_baseline_44mer,poly3,4,58,352.891,train,0.06604299972657375,0.062491665462898735,0.00689804080119439,0.014797319681508742,0.020507368233939272,0.008609825020036176,17.764145137240583,16.543700371940172,16.451333333333334,1.454219169118449,1.4169587589611095,1.4288473025639843
final_joint_baseline_44mer,poly3,4,59,354.301,train,0.06541866187107044,0.07010280857953391,0.006669074343909728,0.015309880600280414,0.022474064217380317,0.008701631332921969,17.849990870914734,16.632359529416707,16.801333333333332,1.4515792398474154,1.4137420693510363,1.4099058976094747
final_joint_baseline_44mer,poly3,4,60,355.717,train,0.06371521999866564,0.05737534365783824,0.005615200400965338,0.01525961809205963,0.019922571688399664,0.008025418261772506,17.95618609640314,16.720242360491433,16.673333333333336,1.4478678684382402,1.4105618920670557,1.4080572070611592
final_joint_baseline_44mer,poly3,4,61,357.139,train,0.06250926120665028,0.0692021171146682,0.005279483498293731,0.016140722328639133,0.02219421204239868,0.008093443648264462,17.985555124459857,16.807541129848204,16.805333333333333,1.4474435804149874,1.4074110539929525,1.408088858464737
final_joint_baseline_44mer,poly3,4,62,358.567,train,0.05885131760549019,0.055552234531125094,0.00787301956832895,0.016670056960444442,0.02715386487168934,0.01013314367224283,17.929191771651148,16.894457649654687,16.997999999999998,1.4479398595468786,1.4042821135936479,1.3985868224130407
final_joint_baseline_44mer,poly3,4,63,360.0,train,0.05765536290807108,0.045496293978153746,0.0059132100446328325,0.01688080658295799,0.03514638624074426,0.012678225207005116,18.00590271438135,16.981142844466568,17.174,1.448537998438865,1.4011695310437111,1.4005829163787855
final_joint_baseline_44mer,poly3,5,0,280.0,train,0.0551197821605622,0.06384355446390552,0.002974875152431027,0.018513033689417535,0.02483442077990745,0.0098073856908714,8.984389264195727,8.377627251408065,8.365333333333334,1.7330192887155929,1.7534680704302654,1.7562498201819519
final_joint_baseline_44mer,poly3,5,1,281.119,train,0.05466574446207569,0.06707942307024742,0.00374208274176938,0.01802702255746378,0.026542797483096646,0.00742131300002711,9.245772472764894,8.535040555246916,8.596,1.7254357146970922,1.7461625295134358,1.7395009622131623
final_joint_baseline_44mer,poly3,5,2,282.243,train,0.057987509933499395,0.0563508000712577,0.0034380054190199395,0.01829244525503874,0.025771463712392507,0.008719924592962355,9.307776459132127,8.693817710101136,8.691333333333333,1.7239583652442858,1.738828017614358,1.7313988446002306
final_joint_baseline_44mer,poly3,5,3,283.371,train,0.06194381873612667,0.06680572837588089,0.004697697510289117,0.017355319615432383,0.02460333541427099,0.010504124108603168,9.5004241220863,8.853743834384243,9.038000000000002,1.7181079388731155,1.731475238034163,1.7199851881452441
final_joint_baseline_44mer,poly3,5,4,284.504,train,0.06275235136630541,0.06792905448712948,0.0022726164895893663,0.016055962836171105,0.02041287209995658,0.006749679473213742,9.659105501795388,9.014882364181172,8.945333333333334,1.7148231530757665,1.7241020025594025,1.7359847796231314
final_joint_baseline_44mer,poly3,5,5,285.641,train,0.06183983391460222,0.0748969600158704,0.0069622621154281136,0.015563293421829154,0.019441388129165422,0.008463372203256329,9.834191086969753,9.177008056252106,9.088666666666667,1.70995073357408,1.716719291833062,1.7134052625572076
final_joint_baseline_44mer,poly3,5,6,286.783,train,0.06576312296865322,0.0612499258939204,0.0029731475136029655,0.016053374978741704,0.01930567479725229,0.007694202175869384,10.003320324386829,9.340175668321272,9.320666666666668,1.700945718091396,1.7093252278722633,1.71246886826592
final_joint_baseline_44mer,poly3,5,7,287.929,train,0.06836333747960784,0.07149306544041194,0.0019975837513786835,0.015853509619818636,0.021989771843996666,0.00996245299560515,10.215862546406182,9.504149776724057,9.476666666666667,1.6943485754338155,1.7019310307711475,1.6925568354723646
final_joint_baseline_44mer,poly3,5,8,289.08,train,0.07347360572115633,0.08438682313701912,0.005191868056517968,0.01600542698627752,0.02314104035730105,0.00984652306367122,10.399694936400707,9.668976121739384,9.718,1.6849675212879243,1.6945351213524606,1.6826101952873422
final_joint_baseline_44mer,poly3,5,9,290.235,train,0.07311539999808424,0.07259338437047774,0.004469543475771123,0.015471607331776393,0.01855603688605134,0.008525062533135465,10.524419922707079,9.834409531338803,9.707333333333334,1.681340394793113,1.6871489111416076,1.70068497871636
final_joint_baseline_44mer,poly3,5,10,291.395,train,0.07123785055778095,0.07536182898351719,0.004990125517679482,0.015916201357438712,0.022549042430955873,0.008134682928234011,10.66035238269125,10.00048661960696,9.888666666666667,1.6777821959555088,1.6797710986710896,1.6797543298770545
final_joint_baseline_44mer,poly3,5,11,292.56,train,0.07258593026598492,0.078840860535029,0.002172768696903132,0.015917157053537953,0.019128156470879086,0.009548155727074334,10.742928001947536,10.16709611078065,10.222666666666665,1.6731364718597481,1.672406927355174,1.6805731827155364
final_joint_baseline_44mer,poly3,5,12,293.729,train,0.0715618961752458,0.07305765674176663,0.005406751925988105,0.01578403389311341,0.02464435488854352,0.008670376394883855,10.807456941147832,10.333979568931179,10.258666666666667,1.6738479584546968,1.6650679873732295,1.682048203504149
final_joint_baseline_44mer,poly3,5,13,294.903,train,0.07090544659072279,0.07851115223584702,0.005292290836154902,0.0159723612115793,0.020551122594406123,0.007955176999861337,10.913218154707565,10.50116021814395,10.605333333333332,1.6724701711734125,1.657753336613701,1.666176815404424
final_joint_baseline_44mer,poly3,5,14,296.082,train,0.0747064843821392,0.08561826621881966,0.0035095795195486546,0.017866690258925524,0.02633625477107833,0.009599850326938924,11.137181242772805,10.66851410881836,10.654666666666667,1.665708368001392,1.650468434458041,1.6678401542939465
final_joint_baseline_44mer,poly3,5,15,297.266,train,0.07427316953425303,0.08099778607357785,0.0032991225813414774,0.01740367520203565,0.03039446454334456,0.010102386991716433,11.28130401375449,10.835913547970959,10.721333333333334,1.6584518174231966,1.6432187822568949,1.6427858365195567
final_joint_baseline_44mer,poly3,5,16,298.454,train,0.0746379722042733,0.07620742806951195,0.0026886594120250533,0.015112332636965778,0.022878642943685024,0.010018410104624528,11.462236397662954,11.003087127584582,10.934666666666665,1.653061674629598,1.6360159353110006,1.6587192897911098
final_joint_baseline_44mer,poly3,5,17,299.647,train,0.07513625627588495,0.09494503708262822,0.00580108589384094,0.015660177831062314,0.028181536102019875,0.011368113385164226,11.609464579149169,11.170042861406301,11.341333333333333,1.6439808387239871,1.6288592545920988,1.6214726415755887
final_joint_baseline_44mer,poly3,5,18,300.845,train,0.07887585288508768,0.07670164101450153,0.002002822761373241,0.015341626085765357,0.018823910216025808,0.0078698561659509,11.843582253058244,11.336644641012006,11.214666666666666,1.6384022936673557,1.621754231939411,1.620958418418362
final_joint_baseline_44mer,poly3,5,19,302.047,train,0.08061102427002466,0.086271678166734,0.004987289223837818,0.015667336123716638,0.022311772318538106,0.00839382772398237,12.03045767147465,11.502616906718856,11.633333333333335,1.6302856790997862,1.6147121363541987,1.6056396634597494
final_joint_baseline_44mer,poly3,5,20,303.254,train,0.08248096882507464,0.08891249204609858,0.004050716245101957,0.015439881907708912,0.01919105479451652,0.006893711797858849,12.269134182338263,11.667960184483796,11.706000000000001,1.6206763978222538,1.6077323700608022,1.610023039514676
final_joint_baseline_44mer,poly3,5,21,304.467,train,0.08119465708706076,0.08225209732799435,0.002724569132516482,0.013615263735202459,0.019488643882042432,0.00812260568587601,12.378670272655349,11.832669949619259,12.007333333333333,1.611008910967524,1.6008145456783176,1.5944362583964398
final_joint_baseline_44mer,poly3,5,22,305.683,train,0.08383254036931445,0.10064636269019472,0.006634578662009736,0.013745667835751277,0.022156088624271653,0.007871888429513196,12.575666042845839,11.996201059931279,12.183333333333334,1.6024266517823778,1.5939808056734959,1.586231742406422
final_joint_baseline_44mer,poly3,5,23,306.905,train,0.08212882796600454,0.10268700475121444,0.004195580059506179,0.013376036224747546,0.022879260814232007,0.009981268384052163,12.589017710425416,12.15881999028782,12.253333333333334,1.6065431646433592,1.5872191759566903,1.5736127715873172
final_joint_baseline_44mer,poly3,5,24,308.132,train,0.07674830977126557,0.08998199677019691,0.005362853215312937,0.014174049197153898,0.02618813961579479,0.011808655161469367,12.680625798794962,12.320254039059117,12.04,1.6048980912246824,1.5805401610018819,1.5969582110611003
final_joint_baseline_44mer,poly3,5,25,309.364,train,0.07792581580854818,0.08775895849203161,0.003469692910562349,0.01473446493239009,0.023221879095520842,0.009071388275080815,12.839442212890269,12.480367845453411,12.537333333333333,1.602065164513469,1.5739484081820667,1.568049770912042
final_joint_baseline_44mer,poly3,5,26,310.6,train,0.07279415645117182,0.07906058849421249,0.002864007264723149,0.01600383894454383,0.020024315006019387,0.0070151312473465625,12.760165616821862,12.638901617464505,12.638,1.6043305868470101,1.5674535511634242,1.5637983469025698
final_joint_baseline_44mer,poly3,5,27,311.842,train,0.0733249594492644,0.07946349489869303,0.004373343457084046,0.01618561325614786,0.01741027239992969,0.005047089952565154,12.944969113261518,12.79598326827577,12.692666666666668,1.5958195529076442,1.561049262480081,1.5649639374295243
final_joint_baseline_44mer,poly3,5,28,313.088,train,0.07691834692190289,0.09611443570246847,0.0072288214480151075,0.016697267380167777,0.020195155168538117,0.006483834923602458,13.29451341975534,12.951235820570933,13.064,1.5835136685075968,1.554749768127221,1.5502874907925177
final_joint_baseline_44mer,poly3,5,29,314.34,train,0.07304748265738667,0.08131914562959829,0.005081382411183909,0.014247012781773141,0.02314997320421671,0.0077498994180799025,13.48962745724545,13.104789558057188,13.235333333333333,1.5730841481092992,1.54854858552572,1.545522647843143
final_joint_baseline_44mer,poly3,5,30,315.596,train,0.0741987240567471,0.0731050794326491,0.0033264868998328897,0.014636540953884735,0.020134407836126307,0.006905883582403449,13.672765276002677,13.25628631039368,13.282,1.567634268012788,1.5424589405245226,1.5406961815044915
final_joint_baseline_44mer,poly3,5,31,316.858,train,0.0740339423492838,0.07798788574992851,0.0036740583849034273,0.014513054020463748,0.024105726841993087,0.010652488794836781,13.829060921429004,13.405860979067668,13.141333333333332,1.5631233357800103,1.53647413353068,1.549574728603408
final_joint_baseline_44mer,poly3,5,32,318.124,train,0.07428602892485925,0.07728082452616403,0.003764722775129158,0.014456638535905135,0.02211856125425036,0.01002700774557137,14.070463605380073,13.553177558255804,13.665333333333333,1.558760215078798,1.530606304101439,1.528989800774782
final_joint_baseline_44mer,poly3,5,33,319.396,train,0.07872826036479141,0.08561775830028975,0.005197110895403919,0.014965266316490772,0.018320733535352934,0.008689546438549292,14.099472795325909,13.698377641379317,14.002,1.560315682543106,1.5248484839715808,1.514515357266134
final_joint_baseline_44mer,poly3,5,34,320.672,train,0.08048293241533414,0.08741289885449158,0.005668042063445677,0.015125785561464562,0.02528884985417346,0.00959016933071474,14.246917031830076,13.841150324328959,14.116666666666667,1.5576941339806614,1.5192116604124342,1.5096707298127743
final_joint_baseline_44mer,poly3,5,35,321.954,train,0.07782442470650758,0.08444215615608541,0.004794499122109821,0.013858106970113509,0.02389560596574155,0.009760355513161238,14.381535283914552,13.981645710601413,13.905999999999999,1.553315696022292,1.5136885565613534,1.5166115520076322
final_joint_baseline_44mer,poly3,5,36,323.241,train,0.07947325891369081,0.08234368099483974,0.0040753020894739546,0.013772241053523763,0.024864003792760696,0.009679212878235425,14.587121903718579,14.119686505670789,14.388,1.545519977992165,1.5082848188243811,1.5055938684789574
final_joint_baseline_44mer,poly3,5,37,324.533,train,0.07573229282089587,0.07390440300010886,0.0033730148441404526,0.01342834501694352,0.018732334247059237,0.009672795260604935,14.566468109062138,14.255218295934666,14.38066666666667,1.5455605687236313,1.503001231173534,1.4939904162006188
final_joint_baseline_44mer,poly3,5,38,325.83,train,0.07853646405810658,0.07766013213514743,0.0073990563525126755,0.013546297845455073,0.0197068919071507,0.007586597598656089,14.80466496257075,14.38819686110476,14.335333333333335,1.5404790686617498,1.4978381838086527,1.4898783203495194
final_joint_baseline_44mer,poly3,5,39,327.132,train,0.08034050797618218,0.096113662777336,0.009080286926092192,0.015596392698804027,0.023623177878785595,0.009328773814104685,14.926329042663259,14.518588457868377,14.43,1.543821294173438,1.4927956715162247,1.4917420956113139
final_joint_baseline_44mer,poly3,5,40,328.44,train,0.0757277304673985,0.08782055599204215,0.004756717718521795,0.014950031690131118,0.02132360635201251,0.008036311216434864,15.05278513176313,14.646466625724251,14.636,1.540026443712756,1.4878695805848343,1.4816977752868086
final_joint_baseline_44mer,poly3,5,41,329.753,train,0.0798167110753264,0.08421532009158153,0.003618244556930541,0.016434922762604533,0.020086468959505003,0.006559281183968524,15.265959923315682,14.771717891260204,14.429333333333332,1.5372187904758519,1.4830630394414779,1.497152623271297
final_joint_baseline_44mer,poly3,5,42,331.071,train,0.0745736926421071,0.08179356086528043,0.005012844188289601,0.017522219586005198,0.020734203603417344,0.00543566219721449,15.465113961414396,14.89434114825804,14.906000000000002,1.5314127841504375,1.4783748585252405,1.484269107402291
final_joint_baseline_44mer,poly3,5,43,332.394,train,0.07926703212716399,0.07780585367061259,0.004803035288624535,0.01745311970849609,0.02275947779022272,0.009146125830413562,15.650857373257864,15.0143463877056,14.93,1.5244549200868058,1.4738034617094324,1.4774985990832454
final_joint_baseline_44mer,poly3,5,44,333.723,train,0.07601907182177753,0.07835495007161157,0.005709427722175534,0.018506521014689203,0.025602674528210793,0.007383228395495116,15.79094470817357,15.131841996500022,15.202666666666666,1.5161238639190366,1.4693435852260495,1.4583776533042085
final_joint_baseline_44mer,poly3,5,45,335.057,train,0.07524585235007676,0.0764624734579427,0.00482174988577372,0.017793069079556773,0.023172256480849543,0.01050171456024296,15.881811058365287,15.246768451117633,15.157333333333334,1.5139679599741689,1.4649963966160908,1.4710305101062997
final_joint_baseline_44mer,poly3,5,46,336.396,train,0.0765108365970962,0.07606296847509561,0.0053920756853519415,0.01736300880799727,0.02148367339211204,0.006064016557340275,15.95942996470087,15.359169178835874,15.280000000000001,1.5107176380054235,1.4607591902813513,1.4642764303525484
final_joint_baseline_44mer,poly3,5,47,337.741,train,0.07654452926369362,0.07435520835255585,0.005195236871073835,0.017368838016868185,0.02572452175417319,0.007746068555902452,16.191268790700505,15.46917934001523,15.554666666666666,1.5031807816212521,1.456625873199642,1.4521544891038933
final_joint_baseline_44mer,poly3,5,48,339.091,train,0.07237373765196169,0.07159424965848933,0.006023212754218018,0.016208759606712343,0.020022081329544153,0.007038251225190759,16.2934658572211,15.576779394330208,15.304666666666668,1.4997236766808852,1.4525962322182768,1.4608572719824178
final_joint_baseline_44mer,poly3,5,49,340.446,train,0.07230711504543474,0.07802395373473156,0.006717243342696229,0.01594294124001973,0.021846294910791063,0.008769378009548273,16.485230661554375,15.682045614114994,15.911333333333333,1.4953283897396434,1.4486665011723774,1.446261183508416
final_joint_baseline_44mer,poly3,5,50,341.807,train,0.07542512097631926,0.07485540250135841,0.006118699629942964,0.01654506884750719,0.02773263172708528,0.010876385769276457,16.691355897389087,15.785139695524881,16.064666666666668,1.4903387932207046,1.4448298017060728,1.4281404414341747
final_joint_baseline_44mer,poly3,5,51,343.173,train,0.0684221622074358,0.06846112024078152,0.007333636287650534,0.014958251942824172,0.023089551437907793,0.008601085529385055,16.85042336132919,15.88608054646621,15.828,1.4792115717588992,1.4410846426581434,1.4396724615569
final_joint_baseline_44mer,poly3,5,52,344.545,train,0.06933328645132916,0.06938615270577542,0.007260346519971805,0.01470915091396845,0.018745872516971532,0.008254299084555286,17.108302522670563,15.985047334145488,15.927999999999999,1.4707794216938925,1.4374236434361796,1.4488932384605282
final_joint_baseline_44mer,poly3,5,53,345.922,train,0.06505358264781558,0.07756631932080589,0.0061452695696633895,0.014249654632489516,0.016796370162562392,0.008020213525032831,17.151692684559674,16.08208353219613,15.98866666666667,1.4674249423764787,1.4338445186647442,1.4438811637661884
final_joint_baseline_44mer,poly3,5,54,347.305,train,0.06892793459484794,0.07054996141099809,0.0044366050420789095,0.015584055799747129,0.01959913705410442,0.009577365129939577,17.198451478911814,16.17738552416199,16.008000000000003,1.4707388309624263,1.4303394031519276,1.4444532447298157
final_joint_baseline_44mer,poly3,5,55,348.693,train,0.06798668389629167,0.06822019724597217,0.0054020107125675315,0.01484050500087797,0.02377601059761069,0.010529524116854823,17.365968291643842,16.271020319458025,16.261333333333333,1.46534792230597,1.4269052671064337,1.4219655411991223
final_joint_baseline_44mer,poly3,5,56,350.086,train,0.07016037263342538,0.06887293881876788,0.007482316974054052,0.014763979181477467,0.022806762227151223,0.008489101978051965,17.642026124398996,16.363135790033073,16.484666666666666,1.4586152219225486,1.423536168038407,1.424060197172143
final_joint_baseline_44mer,poly3,5,57,351.486,train,0.06806696302995485,0.07115650679892029,0.007193744339414832,0.015751086305956435,0.01598948826430581,0.00706779354430602,17.59089830199014,16.45401790677996,16.432000000000002,1.459674410254965,1.4202212039299085,1.4230581327424168
final_joint_baseline_44mer,poly3,5,58,352.891,train,0.06604299972657375,0.06013111202015328,0.007477385040701253,0.014797319681508742,0.0209348550964846,0.0069347188361875475,17.764145137240583,16.543700371940172,16.586,1.454219169118449,1.4169587589611095,1.4185468065779538
final_joint_baseline_44mer,poly3,5,59,354.301,train,0.06541866187107044,0.06396263940648375,0.008166398237650294,0.015309880600280414,0.023177254474152573,0.010766116541419797,17.849990870914734,16.632359529416707,16.600666666666665,1.4515792398474154,1.4137420693510363,1.4152330232357393
final_joint_baseline_44mer,poly3,5,60,355.717,train,0.06371521999866564,0.060295567145335474,0.007716404207449207,0.01525961809205963,0.026438174210038044,0.00887141581291327,17.95618609640314,16.720242360491433,16.838,1.4478678684382402,1.4105618920670557,1.4133821275478475
final_joint_baseline_44mer,poly3,5,61,357.139,train,0.06250926120665028,0.05786810909076699,0.006969162281170477,0.016140722328639133,0.024540768354761752,0.008074491988248857,17.985555124459857,16.807541129848204,16.791333333333334,1.4474435804149874,1.4074110539929525,1.4006469250984261
final_joint_baseline_44mer,poly3,5,62,358.567,train,0.05885131760549019,0.06648900960458455,0.01064276390091528,0.016670056960444442,0.024016809250238837,0.008969305779488308,17.929191771651148,16.894457649654687,17.048000000000002,1.4479398595468786,1.4042821135936479,1.3914023345768887
final_joint_baseline_44mer,poly3,5,63,360.0,train,0.05765536290807108,0.05009810506776579,0.005816560300262735,0.01688080658295799,0.026799907704421824,0.009987172772199708,18.00590271438135,16.981142844466568,17.018,1.448537998438865,1.4011695310437111,1.3921573479538836
final_joint_baseline_44mer,poly3,6,0,280.0,train,0.0551197821605622,0.051184586378716555,0.0028594772351871623,0.018513033689417535,0.02483528754040761,0.008814019930796512,8.984389264195727,8.377627251408065,8.314666666666668,1.7330192887155929,1.7534680704302654,1.762162022710567
final_joint_baseline_44mer,poly3,6,1,281.119,train,0.05466574446207569,0.05479633180555256,0.0016637417982418362,0.01802702255746378,0.02336210350845169,0.007792530623085046,9.245772472764894,8.535040555246916,8.462666666666667,1.7254357146970922,1.7461625295134358,1.7429870242981576
final_joint_baseline_44mer,poly3,6,2,282.243,train,0.057987509933499395,0.06979432777577106,0.005092226735813049,0.01829244525503874,0.022382033282187325,0.008020889312067313,9.307776459132127,8.693817710101136,8.762,1.7239583652442858,1.738828017614358,1.7231798339083673
final_joint_baseline_44mer,poly3,6,3,283.371,train,0.06194381873612667,0.06929601209122467,0.005118046317041528,0.017355319615432383,0.023216218096925055,0.006606198369571493,9.5004241220863,8.853743834384243,8.784000000000002,1.7181079388731155,1.731475238034163,1.7408873020926823
final_joint_baseline_44mer,poly3,6,4,284.504,train,0.06275235136630541,0.0657738104654052,0.0037014298367825027,0.016055962836171105,0.019681034559003704,0.008482115613392502,9.659105501795388,9.014882364181172,9.053333333333335,1.7148231530757665,1.7241020025594025,1.730333830530531
final_joint_baseline_44mer,poly3,6,5,285.641,train,0.06183983391460222,0.07294033320467906,0.0025923861568639176,0.015563293421829154,0.020461973073043677,0.009882091202747922,9.834191086969753,9.177008056252106,9.256666666666666,1.70995073357408,1.716719291833062,1.710649525282411
final_joint_baseline_44mer,poly3,6,6,286.783,train,0.06576312296865322,0.07398837329541305,0.003509206189901898,0.016053374978741704,0.020903498183921697,0.010703157430491977,10.003320324386829,9.340175668321272,9.248,1.700945718091396,1.7093252278722633,1.7146202908790742
final_joint_baseline_44mer,poly3,6,7,287.929,train,0.06836333747960784,0.06560554313417302,0.003115252988403377,0.015853509619818636,0.0254924108281118,0.009712838427234903,10.215862546406182,9.504149776724057,9.325333333333333,1.6943485754338155,1.7019310307711475,1.6989973159053067
final_joint_baseline_44mer,poly3,6,8,289.08,train,0.07347360572115633,0.06596320028965282,0.002912033907874883,0.01600542698627752,0.020410979577081413,0.008588999139707815,10.399694936400707,9.668976121739384,9.875333333333334,1.6849675212879243,1.6945351213524606,1.6960764696861732
final_joint_baseline_44mer,poly3,6,9,290.235,train,0.07311539999808424,0.08561139832712812,0.004920208570525476,0.015471607331776393,0.020342910197042017,0.006726867179407729,10.524419922707079,9.834409531338803,9.783999999999999,1.681340394793113,1.6871489111416076,1.6938167910710913
final_joint_baseline_44mer,poly3,6,10,291.395,train,0.07123785055778095,0.07705117165949149,0.0030674629059274944,0.015916201357438712,0.02378371953874967,0.007913721606626997,10.66035238269125,10.00048661960696,10.060666666666666,1.6777821959555088,1.6797710986710896,1.6754254219564437
final_joint_baseline_44mer,poly3,6,11,292.56,train,0.07258593026598492,0.09092822426904767,0.004952872638760151,0.015917157053537953,0.02580555281757927,0.008730589484866672,10.742928001947536,10.16709611078065,10.339333333333334,1.6731364718597481,1.672406927355174,1.6767545788352936
final_joint_baseline_44mer,poly3,6,12,293.729,train,0.0715618961752458,0.08292096951166694,0.005083146014159961,0.01578403389311341,0.019709744547069988,0.006859324728156762,10.807456941147832,10.333979568931179,10.299333333333335,1.6738479584546968,1.6650679873732295,1.6664789633742025
final_joint_baseline_44mer,poly3,6,13,294.903,train,0.07090544659072279,0.0906718141249843,0.0056290902280346005,0.0159723612115793,0.02385405235995432,0.008686236762890844,10.913218154707565,10.50116021814395,10.466666666666667,1.6724701711734125,1.657753336613701,1.661494655714959
final_joint_baseline_44mer,poly3,6,14,296.082,train,0.0747064843821392,0.08125444143196783,0.0048297348299094975,0.017866690258925524,0.021175575809762433,0.006972301491649704,11.137181242772805,10.66851410881836,10.736,1.665708368001392,1.650468434458041,1.6485148992311314
final_joint_baseline_44mer,poly3,6,15,297.266,train,0.07427316953425303,0.08200951880989185,0.004912368150560585,0.01740367520203565,0.0325850504445668,0.010949847554827263,11.28130401375449,10.835913547970959,10.861333333333334,1.6584518174231966,1.6432187822568949,1.6510532040173946
final_joint_baseline_44mer,poly3,6,16,298.454,train,0.0746379722042733,0.07730106426751059,0.0046546168992864685,0.015112332636965778,0.019824315442365542,0.00818726851022185,11.462236397662954,11.003087127584582,11.074,1.653061674629598,1.6360159353110006,1.6286033198343015
final_joint_baseline_44mer,poly3,6,17,299.647,train,0.07513625627588495,0.08507566211572201,0.004234869637312533,0.015660177831062314,0.027098638187369014,0.010045272370520053,11.609464579149169,11.170042861406301,11.125333333333334,1.6439808387239871,1.6288592545920988,1.631790839291296
final_joint_baseline_44mer,poly3,6,18,300.845,train,0.07887585288508768,0.0795637158233436,0.004307441604025726,0.015341626085765357,0.02190685091296179,0.007133137409503297,11.843582253058244,11.336644641012006,11.196666666666669,1.6384022936673557,1.621754231939411,1.632511128115361
final_joint_baseline_44mer,poly3,6,19,302.047,train,0.08061102427002466,0.08804078900491868,0.003235005617558718,0.015667336123716638,0.024583564564082085,0.009251852360857127,12.03045767147465,11.502616906718856,11.596,1.6302856790997862,1.6147121363541987,1.6144477664177674
final_joint_baseline_44mer,poly3,6,20,303.254,train,0.08248096882507464,0.09100046343333174,0.002877933088634339,0.015439881907708912,0.019072955023418527,0.008113850264355215,12.269134182338263,11.667960184483796,11.458,1.6206763978222538,1.6077323700608022,1.622925365948752
final_joint_baseline_44mer,poly3,6,21,304.467,train,0.08119465708706076,0.07974357209250742,0.005678816445731058,0.013615263735202459,0.022444016072896936,0.008524412435838269,12.378670272655349,11.832669949619259,11.744000000000002,1.611008910967524,1.6008145456783176,1.604362669380451
final_joint_baseline_44mer,poly3,6,22,305.683,train,0.08383254036931445,0.0830300468052871,0.0034091648978116975,0.013745667835751277,0.016190391019861777,0.007450579759854817,12.575666042845839,11.996201059931279,12.026,1.6024266517823778,1.5939808056734959,1.5863438271516137
final_joint_baseline_44mer,poly3,6,23,306.905,train,0.08212882796600454,0.09052271143110299,0.004510178134300981,0.013376036224747546,0.02294817162063387,0.008685859067629375,12.589017710425416,12.15881999028782,12.156000000000002,1.6065431646433592,1.5872191759566903,1.5833865466069597
final_joint_baseline_44mer,poly3,6,24,308.132,train,0.07674830977126557,0.07788783234907506,0.004226211461027045,0.014174049197153898,0.01737246861792439,0.0077415510122573125,12.680625798794962,12.320254039059117,12.378,1.6048980912246824,1.5805401610018819,1.5862876936695238
final_joint_baseline_44mer,poly3,6,25,309.364,train,0.07792581580854818,0.08067496301209649,0.004601041102886048,0.01473446493239009,0.015012563531575943,0.007741557262740978,12.839442212890269,12.480367845453411,12.579333333333334,1.602065164513469,1.5739484081820667,1.574937583824269
final_joint_baseline_44mer,poly3,6,26,310.6,train,0.07279415645117182,0.08015400830804409,0.004300460905756217,0.01600383894454383,0.021935903569878182,0.00782549841177979,12.760165616821862,12.638901617464505,12.596666666666668,1.6043305868470101,1.5674535511634242,1.5624224549864019
final_joint_baseline_44mer,poly3,6,27,311.842,train,0.0733249594492644,0.08064381699313934,0.004157480666894489,0.01618561325614786,0.02325364183573994,0.008307742624918315,12.944969113261518,12.79598326827577,12.847333333333333,1.5958195529076442,1.561049262480081,1.558136363554097
final_joint_baseline_44mer,poly3,6,28,313.088,train,0.07691834692190289,0.08586216450232342,0.0052686800871593,0.016697267380167777,0.02728798283637681,0.00878172909198473,13.29451341975534,12.951235820570933,12.991333333333333,1.5835136685075968,1.554749768127221,1.5371113849348577
final_joint_baseline_44mer,poly3,6,29,314.34,train,0.07304748265738667,0.08264794342449273,0.0049192387738266705,0.014247012781773141,0.020733335354530667,0.006886133742230507,13.48962745724545,13.104789558057188,13.111333333333334,1.5730841481092992,1.54854858552572,1.5428889075758003
final_joint_baseline_44mer,poly3,6,30,315.596,train,0.0741987240567471,0.08250634849995003,0.0034315457971354365,0.014636540953884735,0.020824281599885343,0.007712911647534449,13.672765276002677,13.25628631039368,13.097999999999999,1.567634268012788,1.5424589405245226,1.542769568287167
final_joint_baseline_44mer,poly3,6,31,316.858,train,0.0740339423492838,0.07945940838854948,0.004680984968009993,0.014513054020463748,0.01991337839176919,0.0070051537105564245,13.829060921429004,13.405860979067668,13.288,1.5631233357800103,1.53647413353068,1.5433753354056854
final_joint_baseline_44mer,poly3,6,32,318.124,train,0.07428602892485925,0.0769157272307728,0.006289361691349447,0.014456638535905135,0.019906134162642905,0.008925385601525209,14.070463605380073,13.553177558255804,13.505333333333333,1.558760215078798,1.530606304101439,1.5392440162848096
final_joint_baseline_44mer,poly3,6,33,319.396,train,0.07872826036479141,0.07698061101708649,0.003928267257003857,0.014965266316490772,0.021991598141689175,0.007026940144061316,14.099472795325909,13.698377641379317,13.574,1.560315682543106,1.5248484839715808,1.5276725600525152
final_joint_baseline_44mer,poly3,6,34,320.672,train,0.08048293241533414,0.09315149569116007,0.0044648757274469535,0.015125785561464562,0.023767899743642178,0.007508650634331631,14.246917031830076,13.841150324328959,13.862,1.5576941339806614,1.5192116604124342,1.511383993532445
final_joint_baseline_44mer,poly3,6,35,321.954,train,0.07782442470650758,0.0828881629949694,0.004703461721469982,0.013858106970113509,0.021548555915410657,0.006552447919613281,14.381535283914552,13.981645710601413,13.889333333333335,1.553315696022292,1.5136885565613534,1.5153226272715978
final_joint_baseline_44mer,poly3,6,36,323.241,train,0.07947325891369081,0.08893136170378754,0.004245819496827745,0.013772241053523763,0.02811846347350712,0.009589866730082925,14.587121903718579,14.119686505670789,14.229999999999999,1.545519977992165,1.5082848188243811,1.4843133226757255
final_joint_baseline_44mer,poly3,6,37,324.533,train,0.07573229282089587,0.07730660721697785,0.005504923224019229,0.01342834501694352,0.01703923206240717,0.00686323428759525,14.566468109062138,14.255218295934666,14.569333333333333,1.5455605687236313,1.503001231173534,1.5030722690376062
final_joint_baseline_44mer,poly3,6,38,325.83,train,0.07853646405810658,0.07950505520709913,0.005065643892582352,0.013546297845455073,0.022494858722382022,0.007767257917532028,14.80466496257075,14.38819686110476,14.299333333333333,1.5404790686617498,1.4978381838086527,1.494603671383
final_joint_baseline_44mer,poly3,6,39,327.132,train,0.08034050797618218,0.09165169821357524,0.006346146404839593,0.015596392698804027,0.01991549098745983,0.008726566386437339,14.926329042663259,14.518588457868377,14.530666666666667,1.543821294173438,1.4927956715162247,1.5002154830440944
final_joint_baseline_44mer,poly3,6,40,328.44,train,0.0757277304673985,0.08441584622707829,0.003996878678831384,0.014950031690131118,0.023398990395462525,0.007994293775301446,15.05278513176313,14.646466625724251,14.50666666666667,1.540026443712756,1.4878695805848343,1.4936358869841482
final_joint_baseline_44mer,poly3,6,41,329.753,train,0.0798167110753264,0.0787870518790271,0.005313581202745249,0.016434922762604533,0.024064824893971465,0.006153711016221251,15.265959923315682,14.771717891260204,14.672666666666666,1.5372187904758519,1.4830630394414779,1.4811798154919775
final_joint_baseline_44mer,poly3,6,42,331.071,train,0.0745736926421071,0.0776752698870889,0.0049411670909263235,0.017522219586005198,0.024403284893834674,0.008648463160110725,15.465113961414396,14.89434114825804,14.899333333333335,1.5314127841504375,1.4783748585252405,1.4777967253711666
final_joint_baseline_44mer,poly3,6,43,332.394,train,0.07926703212716399,0.09091664845126801,0.0066476728033194946,0.01745311970849609,0.020996861311913893,0.00743349287318068,15.650857373257864,15.0143463877056,14.875333333333332,1.5244549200868058,1.4738034617094324,1.467430503769332
final_joint_baseline_44mer,poly3,6,44,333.723,train,0.07601907182177753,0.0802717414083566,0.005752823642307323,0.018506521014689203,0.02532625363633636,0.008111793870771397,15.79094470817357,15.131841996500022,15.326666666666668,1.5161238639190366,1.4693435852260495,1.4651160308667344
final_joint_baseline_44mer,poly3,6,45,335.057,train,0.07524585235007676,0.07264746837052165,0.0027802298120507066,0.017793069079556773,0.024627568947012814,0.00972995516273499,15.881811058365287,15.246768451117633,15.446666666666665,1.5139679599741689,1.4649963966160908,1.4592530413297848
final_joint_baseline_44mer,poly3,6,46,336.396,train,0.0765108365970962,0.08011646619537986,0.0050408191588393455,0.01736300880799727,0.0225703738389433,0.00790370558537339,15.95942996470087,15.359169178835874,15.308,1.5107176380054235,1.4607591902813513,1.4664430014060157
final_joint_baseline_44mer,poly3,6,47,337.741,train,0.07654452926369362,0.08472273201487107,0.005757770423186868,0.017368838016868185,0.025530584613238504,0.007847640603152715,16.191268790700505,15.46917934001523,15.332666666666668,1.5031807816212521,1.456625873199642,1.4558865837947985
final_joint_baseline_44mer,poly3,6,48,339.091,train,0.07237373765196169,0.07974429183645002,0.004038081595004672,0.016208759606712343,0.021593012603759697,0.005973002129464529,16.2934658572211,15.576779394330208,15.650666666666666,1.4997236766808852,1.4525962322182768,1.448323856106406
final_joint_baseline_44mer,poly3,6,49,340.446,train,0.07230711504543474,0.08100091631668474,0.005692824648241528,0.01594294124001973,0.02713124221457762,0.008142540872831571,16.485230661554375,15.682045614114994,15.767333333333333,1.4953283897396434,1.4486665011723774,1.4431747739299976
final_joint_baseline_44mer,poly3,6,50,341.807,train,0.07542512097631926,0.08840806804344509,0.0050152712928525104,0.01654506884750719,0.0276919623813906,0.009158227089260684,16.691355897389087,15.785139695524881,15.631333333333334,1.4903387932207046,1.4448298017060728,1.449360878427367
final_joint_baseline_44mer,poly3,6,51,343.173,train,0.0684221622074358,0.06565708211004267,0.007022879467822625,0.014958251942824172,0.020119041495458297,0.006835324116617423,16.85042336132919,15.88608054646621,15.636666666666667,1.4792115717588992,1.4410846426581434,1.4496024040840512
final_joint_baseline_44mer,poly3,6,52,344.545,train,0.06933328645132916,0.059919481560276724,0.006650374500435003,0.01470915091396845,0.024108908299941226,0.008867327947991006,17.108302522670563,15.985047334145488,15.507333333333335,1.4707794216938925,1.4374236434361796,1.453298119154407
final_joint_baseline_44mer,poly3,6,53,345.922,train,0.06505358264781558,0.06467982000930747,0.004304528254996925,0.014249654632489516,0.02292074774789435,0.00755088766833771,17.151692684559674,16.08208353219613,15.972000000000001,1.4674249423764787,1.4338445186647442,1.4436524667983255
final_joint_baseline_44mer,poly3,6,54,347.305,train,0.06892793459484794,0.06399883293454983,0.005523314241858949,0.015584055799747129,0.022586417146986407,0.009787022158320453,17.198451478911814,16.17738552416199,16.054666666666666,1.4707388309624263,1.4303394031519276,1.4414924484420246
final_joint_baseline_44mer,poly3,6,55,348.693,train,0.06798668389629167,0.07519281949273901,0.005081107502515586,0.01484050500087797,0.01878265455752997,0.007586436875878687,17.365968291643842,16.271020319458025,16.25466666666667,1.46534792230597,1.4269052671064337,1.420768896180132
final_joint_baseline_44mer,poly3,6,56,350.086,train,0.07016037263342538,0.07397051349444511,0.005423846145437736,0.014763979181477467,0.01955460594142515,0.007451555048140436,17.642026124398996,16.363135790033073,16.447333333333333,1.4586152219225486,1.423536168038407,1.4264239963682885
final_joint_baseline_44mer,poly3,6,57,351.486,train,0.06806696302995485,0.06618568551623327,0.0065828082747396485,0.015751086305956435,0.028062924914808444,0.009053201772129312,17.59089830199014,16.45401790677996,16.70733333333333,1.459674410254965,1.4202212039299085,1.4054926546201099
final_joint_baseline_44mer,poly3,6,58,352.891,train,0.06604299972657375,0.06759195603537353,0.004491267214719955,0.014797319681508742,0.020951585320284356,0.007658581753291181,17.764145137240583,16.543700371940172,16.379333333333335,1.454219169118449,1.4169587589611095,1.4233562141629055
final_joint_baseline_44mer,poly3,6,59,354.301,train,0.06541866187107044,0.06497499154537942,0.006568265873816323,0.015309880600280414,0.023337280202811193,0.007031348771816775,17.849990870914734,16.632359529416707,16.47066666666667,1.4515792398474154,1.4137420693510363,1.4213644423182359
final_joint_baseline_44mer,poly3,6,60,355.717,train,0.06371521999866564,0.0592516658430962,0.006946115450495151,0.01525961809205963,0.0279759184674868,0.009067269597383881,17.95618609640314,16.720242360491433,17.008666666666667,1.4478678684382402,1.4105618920670557,1.3962778394468345
final_joint_baseline_44mer,poly3,6,61,357.139,train,0.06250926120665028,0.06658575603813038,0.005325217113753564,0.016140722328639133,0.02162023246817374,0.00690689157854416,17.985555124459857,16.807541129848204,16.791333333333334,1.4474435804149874,1.4074110539929525,1.4005506488627937
final_joint_baseline_44mer,poly3,6,62,358.567,train,0.05885131760549019,0.05978966165189263,0.00645901922695868,0.016670056960444442,0.027459271545929094,0.008716352704060903,17.929191771651148,16.894457649654687,17.127333333333333,1.4479398595468786,1.4042821135936479,1.4000522084179905
final_joint_baseline_44mer,poly3,6,63,360.0,train,0.05765536290807108,0.05146831734068239,0.006615844786471792,0.01688080658295799,0.027324627111484104,0.01005852990003199,18.00590271438135,16.981142844466568,17.003999999999998,1.448537998438865,1.4011695310437111,1.4047790379353893
final_joint_baseline_44mer,poly3,7,0,280.0,train,0.0551197821605622,0.05869296058193506,0.003816796938026102,0.018513033689417535,0.02200530709876722,0.008286258300590228,8.984389264195727,8.377627251408065,8.512,1.7330192887155929,1.7534680704302654,1.7505411932687052
final_joint_baseline_44mer,poly3,7,1,281.119,train,0.05466574446207569,0.07106052908157058,0.004824336852665246,0.01802702255746378,0.027475112368683885,0.01004971431840938,9.245772472764894,8.535040555246916,8.693999999999999,1.7254357146970922,1.7461625295134358,1.7267471858400074
final_joint_baseline_44mer,poly3,7,2,282.243,train,0.057987509933499395,0.0533429949277688,0.003733104132555217,0.01829244525503874,0.023255101265519672,0.007326459563702293,9.307776459132127,8.693817710101136,8.755333333333333,1.7239583652442858,1.738828017614358,1.7411377440135458
final_joint_baseline_44mer,poly3,7,3,283.371,train,0.06194381873612667,0.060455522292885984,0.0027386564830957074,0.017355319615432383,0.020491986659233796,0.008298939509090442,9.5004241220863,8.853743834384243,8.985333333333333,1.7181079388731155,1.731475238034163,1.7225164585180859
final_joint_baseline_44mer,poly3,7,4,284.504,train,0.06275235136630541,0.06959197627831577,0.005274076289745368,0.016055962836171105,0.023196069976434322,0.00878305542811636,9.659105501795388,9.014882364181172,9.249333333333333,1.7148231530757665,1.7241020025594025,1.7201619098616512
final_joint_baseline_44mer,poly3,7,5,285.641,train,0.06183983391460222,0.05923651326730761,0.003050949574400557,0.015563293421829154,0.01832214250104898,0.008151313747082885,9.834191086969753,9.177008056252106,9.257333333333333,1.70995073357408,1.716719291833062,1.7187000412980775
final_joint_baseline_44mer,poly3,7,6,286.783,train,0.06576312296865322,0.07265205291385363,0.0045967545307172755,0.016053374978741704,0.020624876177059326,0.007685158064205155,10.003320324386829,9.340175668321272,9.606,1.700945718091396,1.7093252278722633,1.6940457273084182
final_joint_baseline_44mer,poly3,7,7,287.929,train,0.06836333747960784,0.06749108798696887,0.0023400435119592666,0.015853509619818636,0.01780744258842603,0.008507246674615523,10.215862546406182,9.504149776724057,9.393333333333334,1.6943485754338155,1.7019310307711475,1.7011039805880699
final_joint_baseline_44mer,poly3,7,8,289.08,train,0.07347360572115633,0.0784956761196196,0.004616782043383737,0.01600542698627752,0.019098580669707432,0.008547508469645462,10.399694936400707,9.668976121739384,9.466000000000001,1.6849675212879243,1.6945351213524606,1.7012358100689955
final_joint_baseline_44mer,poly3,7,9,290.235,train,0.07311539999808424,0.07799491222303964,0.0036106343022270053,0.015471607331776393,0.021232116628313598,0.006980156752026092,10.524419922707079,9.834409531338803,10.005333333333333,1.681340394793113,1.6871489111416076,1.6793839534877395
final_joint_baseline_44mer,poly3,7,10,291.395,train,0.07123785055778095,0.07991368423297765,0.0037557692059217527,0.015916201357438712,0.017532365217890318,0.00648133783883687,10.66035238269125,10.00048661960696,10.208666666666666,1.6777821959555088,1.6797710986710896,1.679402722202779
final_joint_baseline_44mer,poly3,7,11,292.56,train,0.07258593026598492,0.07323888261813283,0.0043299689946951735,0.015917157053537953,0.023730451391501352,0.00709873392145185,10.742928001947536,10.16709611078065,10.177333333333333,1.6731364718597481,1.672406927355174,1.6677627386684895
final_joint_baseline_44mer,poly3,7,12,293.729,train,0.0715618961752458,0.08435099384264653,0.0036045660861547314,0.01578403389311341,0.020908178259942137,0.006656478108708409,10.807456941147832,10.333979568931179,10.366666666666667,1.6738479584546968,1.6650679873732295,1.6705105753271803
final_joint_baseline_44mer,poly3,7,13,294.903,train,0.07090544659072279,0.07982485064278935,0.0052010262589287405,0.0159723612115793,0.022532432119620974,0.008920633704859543,10.913218154707565,10.50116021814395,10.531333333333333,1.6724701711734125,1.657753336613701,1.6484887075894665
final_joint_baseline_44mer,poly3,7,14,296.082,train,0.0747064843821392,0.07544163090764869,0.005320506057642919,0.017866690258925524,0.02501418412825499,0.007379345532741279,11.137181242772805,10.66851410881836,10.670666666666667,1.665708368001392,1.650468434458041,1.655274543140055
final_joint_baseline_44mer,poly3,7,15,297.266,train,0.07427316953425303,0.08225770793931582,0.0028307667298762378,0.01740367520203565,0.028556597437364516,0.008064785858574425,11.28130401375449,10.835913547970959,10.943333333333333,1.6584518174231966,1.6432187822568949,1.6347306932979262
final_joint_baseline_44mer,poly3,7,16,298.454,train,0.0746379722042733,0.08613496083704389,0.003927835965582142,0.015112332636965778,0.024242195694312067,0.009276515716980696,11.462236397662954,11.003087127584582,11.13,1.653061674629598,1.6360159353110006,1.628430988304671
final_joint_baseline_44mer,poly3,7,17,299.647,train,0.07513625627588495,0.07691099594698805,0.00515204935394643,0.015660177831062314,0.01949045020237501,0.007012582099213325,11.609464579149169,11.170042861406301,11.168666666666667,1.6439808387239871,1.6288592545920988,1.638737415803401
final_joint_baseline_44mer,poly3,7,18,300.845,train,0.07887585288508768,0.08443865220493335,0.0025543057464801682,0.015341626085765357,0.016754088818343588,0.008089632745085378,11.843582253058244,11.336644641012006,11.332666666666666,1.6384022936673557,1.621754231939411,1.628095088195737
final_joint_baseline_44mer,poly3,7,19,302.047,train,0.08061102427002466,0.08560440689969352,0.003642629002761616,0.015667336123716638,0.020298065741106645,0.006724210254157981,12.03045767147465,11.502616906718856,11.415333333333333,1.6302856790997862,1.6147121363541987,1.6237752617296113
final_joint_baseline_44mer,poly3,7,20,303.254,train,0.08248096882507464,0.09470539786213536,0.0066495989412397,0.015439881907708912,0.021467495029517045,0.007076823991655205,12.269134182338263,11.667960184483796,11.406666666666668,1.6206763978222538,1.6077323700608022,1.6119459352403716
final_joint_baseline_44mer,poly3,7,21,304.467,train,0.08119465708706076,0.08168610940787557,0.0034847321330462367,0.013615263735202459,0.018336973391242815,0.006505807434829473,12.378670272655349,11.832669949619259,11.872,1.611008910967524,1.6008145456783176,1.6045045373820512
final_joint_baseline_44mer,poly3,7,22,305.683,train,0.08383254036931445,0.09215345498498212,0.004203167589724607,0.013745667835751277,0.015211340789404545,0.006801179402319528,12.575666042845839,11.996201059931279,11.902000000000001,1.6024266517823778,1.5939808056734959,1.6147639117799568
final_joint_baseline_44mer,poly3,7,23,306.905,train,0.08212882796600454,0.1026056343793707,0.003831789328970357,0.013376036224747546,0.019291182320268482,0.010087194566215839,12.589017710425416,12.15881999028782,12.078666666666667,1.6065431646433592,1.5872191759566903,1.5921755942805191
final_joint_baseline_44mer,poly3,7,24,308.132,train,0.07674830977126557,0.08248646223603603,0.0040634443373824426,0.014174049197153898,0.018393759677258315,0.007025957489609537,12.680625798794962,12.320254039059117,12.218666666666667,1.6048980912246824,1.5805401610018819,1.5844742704457497
final_joint_baseline_44mer,poly3,7,25,309.364,train,0.07792581580854818,0.09175929216002865,0.003404334004100529,0.01473446493239009,0.025660877450457316,0.00850019258313061,12.839442212890269,12.480367845453411,12.396666666666665,1.602065164513469,1.5739484081820667,1.5697969724501741
final_joint_baseline_44mer,poly3,7,26,310.6,train,0.07279415645117182,0.0763512992699294,0.004600852972567607,0.01600383894454383,0.026193762166850293,0.009399769268688796,12.760165616821862,12.638901617464505,12.562,1.6043305868470101,1.5674535511634242,1.5687212699860826
final_joint_baseline_44mer,poly3,7,27,311.842,train,0.0733249594492644,0.08936545441070579,0.0054306406277191644,0.01618561325614786,0.02066860272904477,0.00890025082499886,12.944969113261518,12.79598326827577,12.972000000000001,1.5958195529076442,1.561049262480081,1.55864060805898
final_joint_baseline_44mer,poly3,7,28,313.088,train,0.07691834692190289,0.08719632122190515,0.0028060885702793797,0.016697267380167777,0.0213100774485241,0.007924309381094227,13.29451341975534,12.951235820570933,12.838,1.5835136685075968,1.554749768127221,1.5555941560601223
final_joint_baseline_44mer,poly3,7,29,314.34,train,0.07304748265738667,0.08225147842741379,0.004336212159511202,0.014247012781773141,0.016852173604618055,0.009304122788413641,13.48962745724545,13.104789558057188,12.92,1.5730841481092992,1.54854858552572,1.5434262077609504
final_joint_baseline_44mer,poly3,7,30,315.596,train,0.0741987240567471,0.07887575418054574,0.003307673819989119,0.014636540953884735,0.022060515144900025,0.007914457839245884,13.672765276002677,13.25628631039368,13.066,1.567634268012788,1.5424589405245226,1.5477688216170993
final_joint_baseline_44mer,poly3,7,31,316.858,train,0.0740339423492838,0.08603809852968906,0.005920535496896251,0.014513054020463748,0.018884016123284948,0.007829673900718271,13.829060921429004,13.405860979067668,13.711333333333332,1.5631233357800103,1.53647413353068,1.529294985338759
final_joint_baseline_44mer,poly3,7,32,318.124,train,0.07428602892485925,0.08367656464660013,0.004338040192157531,0.014456638535905135,0.026668119119070584,0.010553208715990754,14.070463605380073,13.553177558255804,13.476000000000003,1.558760215078798,1.530606304101439,1.508894716864224
final_joint_baseline_44mer,poly3,7,33,319.396,train,0.07872826036479141,0.09777161639556387,0.0058153361307463555,0.014965266316490772,0.019388486468277406,0.007595378971850378,14.099472795325909,13.698377641379317,13.724666666666666,1.560315682543106,1.5248484839715808,1.5238634260293407
final_joint_baseline_44mer,poly3,7,34,320.672,train,0.08048293241533414,0.08403826992169743,0.0047512467547023715,0.015125785561464562,0.019425775927734784,0.0057368123124559075,14.246917031830076,13.841150324328959,13.777999999999999,1.5576941339806614,1.5192116604124342,1.5237052277828895
final_joint_baseline_44mer,poly3,7,35,321.954,train,0.07782442470650758,0.07831315500030643,0.003941087828183067,0.013858106970113509,0.018580504392330395,0.006777074342057004,14.381535283914552,13.981645710601413,14.079333333333334,1.553315696022292,1.5136885565613534,1.515342588094615
final_joint_baseline_44mer,poly3,7,36,323.241,train,0.07947325891369081,0.07660925623390213,0.002681213181331554,0.013772241053523763,0.02137588039452359,0.0076820712862475625,14.587121903718579,14.119686505670789,14.356,1.545519977992165,1.5082848188243811,1.4985661819897254
final_joint_baseline_44mer,poly3,7,37,324.533,train,0.07573229282089587,0.08305259933014811,0.002428249111638551,0.01342834501694352,0.022991617946478464,0.009411119437257776,14.566468109062138,14.255218295934666,14.225333333333333,1.5455605687236313,1.503001231173534,1.4887165567759728
final_joint_baseline_44mer,poly3,7,38,325.83,train,0.07853646405810658,0.08512924807531892,0.004695300155117727,0.013546297845455073,0.02133101627700955,0.00859551034785028,14.80466496257075,14.38819686110476,14.326,1.5404790686617498,1.4978381838086527,1.504615736590826
final_joint_baseline_44mer,poly3,7,39,327.132,train,0.08034050797618218,0.08364392878740703,0.005175682106405731,0.015596392698804027,0.022354691536445037,0.007833892429015516,14.926329042663259,14.518588457868377,14.462,1.543821294173438,1.4927956715162247,1.492350799351129
final_joint_baseline_44mer,poly3,7,40,328.44,train,0.0757277304673985,0.07694259447436474,0.005135210395755433,0.014950031690131118,0.021195918530042983,0.010375897629848474,15.05278513176313,14.646466625724251,14.822,1.540026443712756,1.4878695805848343,1.4909150327813498
final_joint_baseline_44mer,poly3,7,41,329.753,train,0.0798167110753264,0.08185699426962026,0.0036621614229340564,0.016434922762604533,0.023595430193380954,0.0073694017485418754,15.265959923315682,14.771717891260204,14.830000000000002,1.5372187904758519,1.4830630394414779,1.4929247877694265
final_joint_baseline_44mer,poly3,7,42,331.071,train,0.0745736926421071,0.08395275649822559,0.003444268791655997,0.017522219586005198,0.024742505121387866,0.007747339597660588,15.465113961414396,14.89434114825804,14.778666666666666,1.5314127841504375,1.4783748585252405,1.4822161742298439
final_joint_baseline_44mer,poly3,7,43,332.394,train,0.07926703212716399,0.0853847127109155,0.004762005251401024,0.01745311970849609,0.02469558441113876,0.009076224430645097,15.650857373257864,15.0143463877056,15.081333333333333,1.5244549200868058,1.4738034617094324,1.4717999758229912
final_joint_baseline_44mer,poly3,7,44,333.723,train,0.07601907182177753,0.0743980528248277,0.0052414070810098854,0.018506521014689203,0.028106115325085813,0.007508885044683209,15.79094470817357,15.131841996500022,15.302666666666667,1.5161238639190366,1.4693435852260495,1.4538813960110213
final_joint_baseline_44mer,poly3,7,45,335.057,train,0.07524585235007676,0.08124782131654314,0.0029909094516528028,0.017793069079556773,0.024860105789528734,0.007738713254967063,15.881811058365287,15.246768451117633,15.112666666666668,1.5139679599741689,1.4649963966160908,1.460382757383944
final_joint_baseline_44mer,poly3,7,46,336.396,train,0.0765108365970962,0.08512738201746954,0.004808551514246,0.01736300880799727,0.02232579033036558,0.006783211346045651,15.95942996470087,15.359169178835874,15.339333333333332,1.5107176380054235,1.4607591902813513,1.4551816322242588
final_joint_baseline_44mer,poly3,7,47,337.741,train,0.07654452926369362,0.08575632110057595,0.00826000100514376,0.017368838016868185,0.024665143004397014,0.009425939839138003,16.191268790700505,15.46917934001523,15.401333333333334,1.5031807816212521,1.456625873199642,1.4556901980867207
final_joint_baseline_44mer,poly3,7,48,339.091,train,0.07237373765196169,0.0753044067625646,0.005156175586364843,0.016208759606712343,0.0210821359717301,0.008578641240163686,16.2934658572211,15.576779394330208,15.822000000000001,1.4997236766808852,1.4525962322182768,1.4463935314670404
final_joint_baseline_44mer,poly3,7,49,340.446,train,0.07230711504543474,0.06332261845461677,0.00665584755344195,0.01594294124001973,0.022861180264762426,0.008597186076880984,16.485230661554375,15.682045614114994,15.657333333333334,1.4953283897396434,1.4486665011723774,1.4490157046356937
final_joint_baseline_44mer,poly3,7,50,341.807,train,0.07542512097631926,0.07508254465655481,0.004291977575960317,0.01654506884750719,0.02329446927041864,0.007145470084428422,16.691355897389087,15.785139695524881,15.806666666666668,1.4903387932207046,1.4448298017060728,1.453861768077661
final_joint_baseline_44mer,poly3,7,51,343.173,train,0.0684221622074358,0.06253306475672003,0.004722684531444868,0.014958251942824172,0.02147731160226075,0.007224022746961119,16.85042336132919,15.88608054646621,16.014,1.4792115717588992,1.4410846426581434,1.4484765700512419
final_joint_baseline_44mer,poly3,7,52,344.545,train,0.06933328645132916,0.08542422175585448,0.008788872129741537,0.01470915091396845,0.019876238133004903,0.008927458562948359,17.108302522670563,15.985047334145488,16.083333333333336,1.4707794216938925,1.4374236434361796,1.4329873714671952
final_joint_baseline_44mer,poly3,7,53,345.922,train,0.06505358264781558,0.0683645084173326,0.007422223946587486,0.014249654632489516,0.02236790509246963,0.008902224244457777,17.151692684559674,16.08208353219613,16.234666666666666,1.4674249423764787,1.4338445186647442,1.4226642518032036
final_joint_baseline_44mer,poly3,7,54,347.305,train,0.06892793459484794,0.07374959930135036,0.005432028206402418,0.015584055799747129,0.020104612372681564,0.007444232820380953,17.198451478911814,16.17738552416199,16.08,1.4707388309624263,1.4303394031519276,1.4379248750482125
final_joint_baseline_44mer,poly3,7,55,348.693,train,0.06798668389629167,0.06465589050723143,0.004304410665833724,0.01484050500087797,0.021970075514039504,0.007237301163456694,17.365968291643842,16.271020319458025,16.282,1.46534792230597,1.4269052671064337,1.4379799073177078
final_joint_baseline_44mer,poly3,7,56,350.086,train,0.07016037263342538,0.08075321466152799,0.006318056940653624,0.014763979181477467,0.02479439461810382,0.007993486577376707,17.642026124398996,16.363135790033073,16.298,1.4586152219225486,1.423536168038407,1.4249066140889641
final_joint_baseline_44mer,poly3,7,57,351.486,train,0.06806696302995485,0.07767023609110775,0.006028850355322536,0.015751086305956435,0.021588315766691395,0.006238655778788154,17.59089830199014,16.45401790677996,16.328,1.459674410254965,1.4202212039299085,1.4143343159454163
final_joint_baseline_44mer,poly3,7,58,352.891,train,0.06604299972657375,0.06567325682023134,0.007631742478381256,0.014797319681508742,0.02502736320699099,0.008303377250556207,17.764145137240583,16.543700371940172,16.644666666666666,1.454219169118449,1.4169587589611095,1.4112490225727699
final_joint_baseline_44mer,poly3,7,59,354.301,train,0.06541866187107044,0.06650713612748584,0.004056821401427267,0.015309880600280414,0.020378905954207327,0.008259017126343807,17.849990870914734,16.632359529416707,16.757333333333335,1.4515792398474154,1.4137420693510363,1.403967116223524
final_joint_baseline_44mer,poly3,7,60,355.717,train,0.06371521999866564,0.06259280869849104,0.006521641512080414,0.01525961809205963,0.02678522762747213,0.009148533282751526,17.95618609640314,16.720242360491433,16.799999999999997,1.4478678684382402,1.4105618920670557,1.4080790738821722
final_joint_baseline_44mer,poly3,7,61,357.139,train,0.06250926120665028,0.0582201324742329,0.005034575689145962,0.016140722328639133,0.023180467023545752,0.007193596123207042,17.985555124459857,16.807541129848204,17.082,1.4474435804149874,1.4074110539929525,1.395285576808862
final_joint_baseline_44mer,poly3,7,62,358.567,train,0.05885131760549019,0.05091675188631296,0.005623464157071019,0.016670056960444442,0.029348808170066583,0.008159697055642172,17.929191771651148,16.894457649654687,17.026666666666667,1.4479398595468786,1.4042821135936479,1.4003068466701902
final_joint_baseline_44mer,poly3,7,63,360.0,train,0.05765536290807108,0.05922772860203597,0.006008090567595767,0.01688080658295799,0.026970475836667313,0.010882711049229832,18.00590271438135,16.981142844466568,16.863333333333333,1.448537998438865,1.4011695310437111,1.399749264589616
final_joint_baseline_44mer,poly3,8,0,280.0,train,0.0551197821605622,0.05906791784712269,0.001503880110604255,0.018513033689417535,0.026086465695074265,0.009490977083281433,8.984389264195727,8.377627251408065,8.343333333333334,1.7330192887155929,1.7534680704302654,1.7644930343237153
final_joint_baseline_44mer,poly3,8,1,281.119,train,0.05466574446207569,0.06274149317052176,0.00251928658024118,0.01802702255746378,0.026519114751664574,0.007392363034790477,9.245772472764894,8.535040555246916,8.551333333333334,1.7254357146970922,1.7461625295134358,1.7484956548529
final_joint_baseline_44mer,poly3,8,2,282.243,train,0.057987509933499395,0.06609258372418551,0.0027625897055094783,0.01829244525503874,0.02562796139518884,0.007878658794262638,9.307776459132127,8.693817710101136,8.684000000000001,1.7239583652442858,1.738828017614358,1.7293776440443729
final_joint_baseline_44mer,poly3,8,3,283.371,train,0.06194381873612667,0.06722707320426619,0.0038579453374256367,0.017355319615432383,0.023461577165770478,0.008741409384013249,9.5004241220863,8.853743834384243,8.670666666666667,1.7181079388731155,1.731475238034163,1.7416531020501864
final_joint_baseline_44mer,poly3,8,4,284.504,train,0.06275235136630541,0.06107788443347005,0.0028614535208056732,0.016055962836171105,0.021397153738450442,0.005521214354305672,9.659105501795388,9.014882364181172,9.009333333333334,1.7148231530757665,1.7241020025594025,1.722662810688201
final_joint_baseline_44mer,poly3,8,5,285.641,train,0.06183983391460222,0.06363078758096197,0.0031853861274159113,0.015563293421829154,0.02116962562810573,0.007167498569102406,9.834191086969753,9.177008056252106,9.197333333333333,1.70995073357408,1.716719291833062,1.7209550897843946
final_joint_baseline_44mer,poly3,8,6,286.783,train,0.06576312296865322,0.07456103232245419,0.0045053661020342875,0.016053374978741704,0.02023831678095893,0.0069616657037413834,10.003320324386829,9.340175668321272,9.330000000000002,1.700945718091396,1.7093252278722633,1.7103405904927276
final_joint_baseline_44mer,poly3,8,7,287.929,train,0.06836333747960784,0.06617753426311956,0.002631312653425451,0.015853509619818636,0.023055532649495836,0.0085524271199094,10.215862546406182,9.504149776724057,9.384666666666668,1.6943485754338155,1.7019310307711475,1.702416808266893
final_joint_baseline_44mer,poly3,8,8,289.08,train,0.07347360572115633,0.07882265721192973,0.00403003377951994,0.01600542698627752,0.017944686906346274,0.00890058224654865,10.399694936400707,9.668976121739384,9.435333333333332,1.6849675212879243,1.6945351213524606,1.710366086439506
final_joint_baseline_44mer,poly3,8,9,290.235,train,0.07311539999808424,0.07399212828243851,0.004187173242112974,0.015471607331776393,0.021752049329228678,0.008635682574011885,10.524419922707079,9.834409531338803,9.636000000000001,1.681340394793113,1.6871489111416076,1.7041041155194188
final_joint_baseline_44mer,poly3,8,10,291.395,train,0.07123785055778095,0.07592897803314876,0.0028468680500632155,0.015916201357438712,0.0222258691369304,0.008945689686529725,10.66035238269125,10.00048661960696,9.960666666666668,1.6777821959555088,1.6797710986710896,1.6784841274452895
final_joint_baseline_44mer,poly3,8,11,292.56,train,0.07258593026598492,0.08053005912129427,0.00376169595811707,0.015917157053537953,0.01992766629759972,0.010224344936633531,10.742928001947536,10.16709611078065,10.25,1.6731364718597481,1.672406927355174,1.6660253740406872
final_joint_baseline_44mer,poly3,8,12,293.729,train,0.0715618961752458,0.07139409581629447,0.0036054273236480307,0.01578403389311341,0.020051247010856997,0.010582265941833407,10.807456941147832,10.333979568931179,10.243333333333334,1.6738479584546968,1.6650679873732295,1.6717435632703714
final_joint_baseline_44mer,poly3,8,13,294.903,train,0.07090544659072279,0.07666701206579152,0.005263705878328052,0.0159723612115793,0.021930854918928988,0.00848138789018307,10.913218154707565,10.50116021814395,10.759333333333334,1.6724701711734125,1.657753336613701,1.649091663629562
final_joint_baseline_44mer,poly3,8,14,296.082,train,0.0747064843821392,0.07678942467028267,0.004280335951225943,0.017866690258925524,0.024434553870230476,0.007912935726350583,11.137181242772805,10.66851410881836,10.578666666666667,1.665708368001392,1.650468434458041,1.652948931102338
final_joint_baseline_44mer,poly3,8,15,297.266,train,0.07427316953425303,0.0795256822057114,0.002990626981268199,0.01740367520203565,0.023132476469747604,0.006327026278370376,11.28130401375449,10.835913547970959,10.661333333333333,1.6584518174231966,1.6432187822568949,1.6496073184238902
final_joint_baseline_44mer,poly3,8,16,298.454,train,0.0746379722042733,0.07913640175650494,0.0027667229318338697,0.015112332636965778,0.02164825781261444,0.00869202480985007,11.462236397662954,11.003087127584582,10.978666666666665,1.653061674629598,1.6360159353110006,1.647106156612331
final_joint_baseline_44mer,poly3,8,17,299.647,train,0.07513625627588495,0.08062326504149685,0.0032994889987481802,0.015660177831062314,0.022455811488143854,0.008832484624807445,11.609464579149169,11.170042861406301,11.185333333333332,1.6439808387239871,1.6288592545920988,1.6371348894443858
final_joint_baseline_44mer,poly3,8,18,300.845,train,0.07887585288508768,0.08491834559703867,0.0030367179599134304,0.015341626085765357,0.021293183236564858,0.007793157428711931,11.843582253058244,11.336644641012006,11.237333333333336,1.6384022936673557,1.621754231939411,1.6263734709389845
final_joint_baseline_44mer,poly3,8,19,302.047,train,0.08061102427002466,0.07974548500591727,0.0033335059410222164,0.015667336123716638,0.024311047820982777,0.008873294441295383,12.03045767147465,11.502616906718856,11.467333333333332,1.6302856790997862,1.6147121363541987,1.5982420668494626
final_joint_baseline_44mer,poly3,8,20,303.254,train,0.08248096882507464,0.08768382557440785,0.0038082660017856006,0.015439881907708912,0.020575581072991768,0.008531579444222104,12.269134182338263,11.667960184483796,11.614666666666666,1.6206763978222538,1.6077323700608022,1.608977825876475
final_joint_baseline_44mer,poly3,8,21,304.467,train,0.08119465708706076,0.08132842311317555,0.0018808624905997584,0.013615263735202459,0.01582237845623727,0.007152601507649609,12.378670272655349,11.832669949619259,11.895333333333333,1.611008910967524,1.6008145456783176,1.6019349408038428
final_joint_baseline_44mer,poly3,8,22,305.683,train,0.08383254036931445,0.0820160311940574,0.005029275066528881,0.013745667835751277,0.020693592777288772,0.009843874195707526,12.575666042845839,11.996201059931279,12.007333333333333,1.6024266517823778,1.5939808056734959,1.5898213154476326
final_joint_baseline_44mer,poly3,8,23,306.905,train,0.08212882796600454,0.08778685673182182,0.004757364804802007,0.013376036224747546,0.018126959864080378,0.010864954661587729,12.589017710425416,12.15881999028782,12.072666666666668,1.6065431646433592,1.5872191759566903,1.5935360278404676
final_joint_baseline_44mer,poly3,8,24,308.132,train,0.07674830977126557,0.08513435720960603,0.004694312680172612,0.014174049197153898,0.020086689740329303,0.008452520432297828,12.680625798794962,12.320254039059117,12.408666666666669,1.6048980912246824,1.5805401610018819,1.578276021343036
final_joint_baseline_44mer,poly3,8,25,309.364,train,0.07792581580854818,0.09489430984207986,0.0042195141953709075,0.01473446493239009,0.024655219942680783,0.010254625112820851,12.839442212890269,12.480367845453411,12.466000000000005,1.602065164513469,1.5739484081820667,1.564816300997087
final_joint_baseline_44mer,poly3,8,26,310.6,train,0.07279415645117182,0.07976404957094599,0.00490538832680832,0.01600383894454383,0.01880612717794969,0.012125833251661243,12.760165616821862,12.638901617464505,12.574000000000002,1.6043305868470101,1.5674535511634242,1.571839797914322
final_joint_baseline_44mer,poly3,8,27,311.842,train,0.0733249594492644,0.08766488363009758,0.002534456924216255,0.01618561325614786,0.021192432682599793,0.00834470197277802,12.944969113261518,12.79598326827577,12.812,1.5958195529076442,1.561049262480081,1.560616827281056
final_joint_baseline_44mer,poly3,8,28,313.088,train,0.07691834692190289,0.07523582510205307,0.004309387186357868,0.016697267380167777,0.015657402190053817,0.005819023516905076,13.29451341975534,12.951235820570933,12.945333333333332,1.5835136685075968,1.554749768127221,1.5682854102571864
final_joint_baseline_44mer,poly3,8,29,314.34,train,0.07304748265738667,0.07916784489530712,0.0042031000997552696,0.014247012781773141,0.02117880984298582,0.007136212814572196,13.48962745724545,13.104789558057188,13.05,1.5730841481092992,1.54854858552572,1.5455448146705433
final_joint_baseline_44mer,poly3,8,30,315.596,train,0.0741987240567471,0.07712723925388229,0.004387284130035781,0.014636540953884735,0.021177950280841268,0.005783360964058338,13.672765276002677,13.25628631039368,13.369333333333334,1.567634268012788,1.5424589405245226,1.5387603362083278
final_joint_baseline_44mer,poly3,8,31,316.858,train,0.0740339423492838,0.0813599736161475,0.004814328093039328,0.014513054020463748,0.02899844593931783,0.009103673695963809,13.829060921429004,13.405860979067668,13.567333333333334,1.5631233357800103,1.53647413353068,1.5198555051934675
final_joint_baseline_44mer,poly3,8,32,318.124,train,0.07428602892485925,0.07436127265905995,0.002887509400329462,0.014456638535905135,0.018940508907316973,0.007261622972837369,14.070463605380073,13.553177558255804,13.651333333333334,1.558760215078798,1.530606304101439,1.5255407355794692
final_joint_baseline_44mer,poly3,8,33,319.396,train,0.07872826036479141,0.07634683007981385,0.004912928028344257,0.014965266316490772,0.023128922198361476,0.007435430463126443,14.099472795325909,13.698377641379317,13.835333333333335,1.560315682543106,1.5248484839715808,1.5253843277325128
final_joint_baseline_44mer,poly3,8,34,320.672,train,0.08048293241533414,0.08546156788858603,0.003507334715905396,0.015125785561464562,0.020336888088522784,0.006760845790989603,14.246917031830076,13.841150324328959,14.031333333333333,1.5576941339806614,1.5192116604124342,1.5168761981004086
final_joint_baseline_44mer,poly3,8,35,321.954,train,0.07782442470650758,0.08068130591080658,0.004698151723474775,0.013858106970113509,0.01771741868484568,0.008566088313544221,14.381535283914552,13.981645710601413,13.655999999999999,1.553315696022292,1.5136885565613534,1.5263543248782536
final_joint_baseline_44mer,poly3,8,36,323.241,train,0.07947325891369081,0.08623116708449528,0.0039790566321850785,0.013772241053523763,0.02590657222993172,0.00804724882715897,14.587121903718579,14.119686505670789,14.164666666666667,1.545519977992165,1.5082848188243811,1.506416818265275
final_joint_baseline_44mer,poly3,8,37,324.533,train,0.07573229282089587,0.08221178524018807,0.005632497392774542,0.01342834501694352,0.0193180170561785,0.00860871421453253,14.566468109062138,14.255218295934666,14.277333333333335,1.5455605687236313,1.503001231173534,1.5119251325748009
final_joint_baseline_44mer,poly3,8,38,325.83,train,0.07853646405810658,0.07507593892638761,0.004998602737055378,0.013546297845455073,0.019255976875964864,0.007031923998921601,14.80466496257075,14.38819686110476,14.430666666666667,1.5404790686617498,1.4978381838086527,1.4917935985531556
final_joint_baseline_44mer,poly3,8,39,327.132,train,0.08034050797618218,0.08733138543619187,0.005072936586376257,0.015596392698804027,0.02016854132124574,0.006478887957587366,14.926329042663259,14.518588457868377,14.289333333333332,1.543821294173438,1.4927956715162247,1.5062069778218024
final_joint_baseline_44mer,poly3,8,40,328.44,train,0.0757277304673985,0.07152533071214633,0.0034488041720265755,0.014950031690131118,0.019561879342659242,0.00987074594159365,15.05278513176313,14.646466625724251,14.664666666666669,1.540026443712756,1.4878695805848343,1.4935449577874969
final_joint_baseline_44mer,poly3,8,41,329.753,train,0.0798167110753264,0.08590194162626068,0.004545384009267717,0.016434922762604533,0.0223955969687885,0.008084363514251272,15.265959923315682,14.771717891260204,14.854666666666667,1.5372187904758519,1.4830630394414779,1.4856070216277106
final_joint_baseline_44mer,poly3,8,42,331.071,train,0.0745736926421071,0.07201991077438406,0.0041336941264397,0.017522219586005198,0.021959005706917074,0.0069002775437397215,15.465113961414396,14.89434114825804,14.868666666666666,1.5314127841504375,1.4783748585252405,1.4798628271057939
final_joint_baseline_44mer,poly3,8,43,332.394,train,0.07926703212716399,0.08641558271499611,0.006155716964325547,0.01745311970849609,0.02070658461205403,0.009300613023443618,15.650857373257864,15.0143463877056,14.872,1.5244549200868058,1.4738034617094324,1.4836101733579279
final_joint_baseline_44mer,poly3,8,44,333.723,train,0.07601907182177753,0.08777250088426533,0.006084450489747682,0.018506521014689203,0.01808462206834308,0.005398305899005267,15.79094470817357,15.131841996500022,15.145999999999999,1.5161238639190366,1.4693435852260495,1.4763594826026696
final_joint_baseline_44mer,poly3,8,45,335.057,train,0.07524585235007676,0.07916423657252697,0.003961818213412446,0.017793069079556773,0.01971785444542446,0.006500415978655617,15.881811058365287,15.246768451117633,15.413333333333334,1.5139679599741689,1.4649963966160908,1.4622121177363328
final_joint_baseline_44mer,poly3,8,46,336.396,train,0.0765108365970962,0.07871112436885119,0.0054042917103588935,0.01736300880799727,0.023886455757334422,0.007173406879120733,15.95942996470087,15.359169178835874,15.494666666666667,1.5107176380054235,1.4607591902813513,1.4522854791871211
final_joint_baseline_44mer,poly3,8,47,337.741,train,0.07654452926369362,0.0787351936145015,0.004415720839930073,0.017368838016868185,0.021697614666295002,0.008072863268368324,16.191268790700505,15.46917934001523,15.413333333333334,1.5031807816212521,1.456625873199642,1.4676380172158188
final_joint_baseline_44mer,poly3,8,48,339.091,train,0.07237373765196169,0.08131523871820678,0.006769196667584706,0.016208759606712343,0.0252642743861857,0.008935010680100549,16.2934658572211,15.576779394330208,15.561333333333334,1.4997236766808852,1.4525962322182768,1.4497920005562228
final_joint_baseline_44mer,poly3,8,49,340.446,train,0.07230711504543474,0.08442940406338684,0.006210647089160157,0.01594294124001973,0.022255832438559303,0.007148310625883018,16.485230661554375,15.682045614114994,15.719333333333333,1.4953283897396434,1.4486665011723774,1.448724434573488
final_joint_baseline_44mer,poly3,8,50,341.807,train,0.07542512097631926,0.07847237454792998,0.0071833628770162795,0.01654506884750719,0.02216211076012907,0.008663172617659885,16.691355897389087,15.785139695524881,15.664666666666665,1.4903387932207046,1.4448298017060728,1.4525070489303529
final_joint_baseline_44mer,poly3,8,51,343.173,train,0.0684221622074358,0.07600504617941417,0.005198140122113859,0.014958251942824172,0.01706441349739575,0.007041070666732881,16.85042336132919,15.88608054646621,15.7,1.4792115717588992,1.4410846426581434,1.4531124917140663
final_joint_baseline_44mer,poly3,8,52,344.545,train,0.06933328645132916,0.07801644030167934,0.0047505022637345014,0.01470915091396845,0.021458915949312155,0.009138251275325377,17.108302522670563,15.985047334145488,15.943333333333333,1.4707794216938925,1.4374236434361796,1.429471852150184
final_joint_baseline_44mer,poly3,8,53,345.922,train,0.06505358264781558,0.06642065579617881,0.004935803851270351,0.014249654632489516,0.021004653862533522,0.00928631679383525,17.151692684559674,16.08208353219613,15.967333333333332,1.4674249423764787,1.4338445186647442,1.4403215919992909
final_joint_baseline_44mer,poly3,8,54,347.305,train,0.06892793459484794,0.0740772021930225,0.004355506234463746,0.015584055799747129,0.025879504978685408,0.008417150489549951,17.198451478911814,16.17738552416199,16.20733333333333,1.4707388309624263,1.4303394031519276,1.4253275930566387
final_joint_baseline_44mer,poly3,8,55,348.693,train,0.06798668389629167,0.07171791020588458,0.007880325030758065,0.01484050500087797,0.019209146329495747,0.00879059682466049,17.365968291643842,16.271020319458025,16.206,1.46534792230597,1.4269052671064337,1.4326402986564402
final_joint_baseline_44mer,poly3,8,56,350.086,train,0.07016037263342538,0.07853526816161191,0.005034692617144551,0.014763979181477467,0.017499474548742337,0.00734408015526887,17.642026124398996,16.363135790033073,16.340666666666667,1.4586152219225486,1.423536168038407,1.4295604888981752
final_joint_baseline_44mer,poly3,8,57,351.486,train,0.06806696302995485,0.07258053173104181,0.00678520854513916,0.015751086305956435,0.020454457940022753,0.00898392439196456,17.59089830199014,16.45401790677996,16.340666666666667,1.459674410254965,1.4202212039299085,1.4226508503909325
final_joint_baseline_44mer,poly3,8,58,352.891,train,0.06604299972657375,0.07294230306256498,0.006062198304756074,0.014797319681508742,0.027933963596197618,0.009413377150701731,17.764145137240583,16.543700371940172,16.47266666666667,1.454219169118449,1.4169587589611095,1.4238175318463702
final_joint_baseline_44mer,poly3,8,59,354.301,train,0.06541866187107044,0.06322981661270533,0.005855675862863358,0.015309880600280414,0.02321252403836739,0.007860504503078299,17.849990870914734,16.632359529416707,16.8,1.4515792398474154,1.4137420693510363,1.4113266909830229
final_joint_baseline_44mer,poly3,8,60,355.717,train,0.06371521999866564,0.07468006541508848,0.004743822516242358,0.01525961809205963,0.024036543999113286,0.00815504173809883,17.95618609640314,16.720242360491433,16.454,1.4478678684382402,1.4105618920670557,1.4110736828273844
final_joint_baseline_44mer,poly3,8,61,357.139,train,0.06250926120665028,0.055393835140024585,0.006561533488389519,0.016140722328639133,0.024040569349267016,0.008640748730082679,17.985555124459857,16.807541129848204,16.701999999999998,1.4474435804149874,1.4074110539929525,1.4064014639273403
final_joint_baseline_44mer,poly3,8,62,358.567,train,0.05885131760549019,0.05479299768299839,0.007713575354316825,0.016670056960444442,0.021331585001877436,0.006889245140716033,17.929191771651148,16.894457649654687,16.856,1.4479398595468786,1.4042821135936479,1.4143995864379348
final_joint_baseline_44mer,poly3,8,63,360.0,train,0.05765536290807108,0.04941330612932227,0.006730689308969837,0.01688080658295799,0.027176634964242843,0.007562384851884738,18.00590271438135,16.981142844466568,17.172,1.448537998438865,1.4011695310437111,1.4017114610147499
final_joint_baseline_44mer,poly3,9,0,280.0,train,0.0551197821605622,0.06271961798636103,0.005654568029866928,0.018513033689417535,0.0182169024662902,0.006879698146741791,8.984389264195727,8.377627251408065,8.327333333333334,1.7330192887155929,1.7534680704302654,1.7543561724722787
final_joint_baseline_44mer,poly3,9,1,281.119,train,0.05466574446207569,0.0673721040719815,0.0034407488902524134,0.01802702255746378,0.026354721133522975,0.00818542414225266,9.245772472764894,8.535040555246916,8.658000000000001,1.7254357146970922,1.7461625295134358,1.7444737440032267
final_joint_baseline_44mer,poly3,9,2,282.243,train,0.057987509933499395,0.06446426490844584,0.002733890991850136,0.01829244525503874,0.026375015346480787,0.01048212398514875,9.307776459132127,8.693817710101136,8.502666666666666,1.7239583652442858,1.738828017614358,1.7411046160823815
final_joint_baseline_44mer,poly3,9,3,283.371,train,0.06194381873612667,0.06429085304246834,0.004960474173285463,0.017355319615432383,0.024517661255678343,0.007822389907709568,9.5004241220863,8.853743834384243,8.575333333333333,1.7181079388731155,1.731475238034163,1.7289519132438802
final_joint_baseline_44mer,poly3,9,4,284.504,train,0.06275235136630541,0.0711072733544542,0.0034132546636458606,0.016055962836171105,0.02027045541071889,0.006884217001706406,9.659105501795388,9.014882364181172,9.087333333333333,1.7148231530757665,1.7241020025594025,1.7170403976608608
final_joint_baseline_44mer,poly3,9,5,285.641,train,0.06183983391460222,0.06815524903063463,0.0036586626850650143,0.015563293421829154,0.018545047896840375,0.009123417888854856,9.834191086969753,9.177008056252106,9.209333333333333,1.70995073357408,1.716719291833062,1.7227868834420126
final_joint_baseline_44mer,poly3,9,6,286.783,train,0.06576312296865322,0.07325376645494237,0.003441718207970515,0.016053374978741704,0.021990920712124183,0.010051716203689068,10.003320324386829,9.340175668321272,9.292000000000002,1.700945718091396,1.7093252278722633,1.7136008402823184
final_joint_baseline_44mer,poly3,9,7,287.929,train,0.06836333747960784,0.07646664364974128,0.0036515985709642024,0.015853509619818636,0.023686221541760432,0.009300203063703504,10.215862546406182,9.504149776724057,9.580666666666666,1.6943485754338155,1.7019310307711475,1.693629683879324
final_joint_baseline_44mer,poly3,9,8,289.08,train,0.07347360572115633,0.07277031548174458,0.0028968351983051513,0.01600542698627752,0.017450584947631298,0.008096526586755954,10.399694936400707,9.668976121739384,9.624666666666666,1.6849675212879243,1.6945351213524606,1.6858906517267112
final_joint_baseline_44mer,poly3,9,9,290.235,train,0.07311539999808424,0.08680655360310566,0.002783021620372357,0.015471607331776393,0.024092245769127486,0.01124837114538699,10.524419922707079,9.834409531338803,9.883333333333333,1.681340394793113,1.6871489111416076,1.6832871377296625
final_joint_baseline_44mer,poly3,9,10,291.395,train,0.07123785055778095,0.07698240175904852,0.004776832941078341,0.015916201357438712,0.018911780246337807,0.010046857167370082,10.66035238269125,10.00048661960696,10.184000000000001,1.6777821959555088,1.6797710986710896,1.6595151810414053
final_joint_baseline_44mer,poly3,9,11,292.56,train,0.07258593026598492,0.0707267306670554,0.00439109012085047,0.015917157053537953,0.02316338175787228,0.007698547055506313,10.742928001947536,10.16709611078065,9.891333333333332,1.6731364718597481,1.672406927355174,1.6910927045035493
final_joint_baseline_44mer,poly3,9,12,293.729,train,0.0715618961752458,0.071306096048585,0.0048043930323670575,0.01578403389311341,0.020271749828067974,0.006425807065126191,10.807456941147832,10.333979568931179,10.330666666666666,1.6738479584546968,1.6650679873732295,1.662995838620879
final_joint_baseline_44mer,poly3,9,13,294.903,train,0.07090544659072279,0.07527020050366526,0.002886131963235156,0.0159723612115793,0.023009398826957315,0.009090327888274831,10.913218154707565,10.50116021814395,10.603333333333333,1.6724701711734125,1.657753336613701,1.6476713031295096
final_joint_baseline_44mer,poly3,9,14,296.082,train,0.0747064843821392,0.08548255228220135,0.0061530206225192275,0.017866690258925524,0.02721904030247671,0.007792610033566476,11.137181242772805,10.66851410881836,10.734,1.665708368001392,1.650468434458041,1.6474857965325842
final_joint_baseline_44mer,poly3,9,15,297.266,train,0.07427316953425303,0.08205231880460231,0.0034738142740674497,0.01740367520203565,0.024893412261697438,0.007320132197966531,11.28130401375449,10.835913547970959,10.949333333333334,1.6584518174231966,1.6432187822568949,1.6326009212624844
final_joint_baseline_44mer,poly3,9,16,298.454,train,0.0746379722042733,0.07881389122345733,0.0030028593117652717,0.015112332636965778,0.018562589207153958,0.0070414402347962635,11.462236397662954,11.003087127584582,10.996,1.653061674629598,1.6360159353110006,1.6394602611177458
final_joint_baseline_44mer,poly3,9,17,299.647,train,0.07513625627588495,0.08449312562425117,0.0036994938910238856,0.015660177831062314,0.024115503254045087,0.0068993205135669715,11.609464579149169,11.170042861406301,11.33,1.6439808387239871,1.6288592545920988,1.6198364437164836
final_joint_baseline_44mer,poly3,9,18,300.845,train,0.07887585288508768,0.07844825744268198,0.0022676536160394266,0.015341626085765357,0.01963431046117833,0.007209701041836429,11.843582253058244,11.336644641012006,11.350666666666665,1.6384022936673557,1.621754231939411,1.6286646293227192
final_joint_baseline_44mer,poly3,9,19,302.047,train,0.08061102427002466,0.0840895448497363,0.005624423047942735,0.015667336123716638,0.02423665958194601,0.007902935790861826,12.03045767147465,11.502616906718856,11.539333333333335,1.6302856790997862,1.6147121363541987,1.6077347394617907
final_joint_baseline_44mer,poly3,9,20,303.254,train,0.08248096882507464,0.09288748215016317,0.004550344643776403,0.015439881907708912,0.02535145855602077,0.009301081506539577,12.269134182338263,11.667960184483796,11.521333333333335,1.6206763978222538,1.6077323700608022,1.609607882476747
final_joint_baseline_44mer,poly3,9,21,304.467,train,0.08119465708706076,0.08979570920267371,0.004623316784847588,0.013615263735202459,0.020635585588041898,0.008091003101867448,12.378670272655349,11.832669949619259,11.796666666666667,1.611008910967524,1.6008145456783176,1.6076255049876913
final_joint_baseline_44mer,poly3,9,22,305.683,train,0.08383254036931445,0.08723802388160164,0.003067741786983219,0.013745667835751277,0.018660750180779402,0.007433789456063456,12.575666042845839,11.996201059931279,11.954666666666666,1.6024266517823778,1.5939808056734959,1.5984698203407763
final_joint_baseline_44mer,poly3,9,23,306.905,train,0.08212882796600454,0.08529606249021787,0.005316761851982002,0.013376036224747546,0.022705991458005698,0.008195595440437707,12.589017710425416,12.15881999028782,11.920000000000002,1.6065431646433592,1.5872191759566903,1.598087365014774
final_joint_baseline_44mer,poly3,9,24,308.132,train,0.07674830977126557,0.08492271709605836,0.0026004936520727146,0.014174049197153898,0.016368902168997584,0.006569885864933648,12.680625798794962,12.320254039059117,12.221333333333334,1.6048980912246824,1.5805401610018819,1.5778832557178486
final_joint_baseline_44mer,poly3,9,25,309.364,train,0.07792581580854818,0.08506869208976284,0.003019768373687397,0.01473446493239009,0.021918472019115093,0.008113825340151672,12.839442212890269,12.480367845453411,12.706,1.602065164513469,1.5739484081820667,1.5702841731348747
final_joint_baseline_44mer,poly3,9,26,310.6,train,0.07279415645117182,0.08037865188919815,0.003876646116058994,0.01600383894454383,0.019247563447176753,0.007662702835584444,12.760165616821862,12.638901617464505,12.462666666666667,1.6043305868470101,1.5674535511634242,1.5722350379388443
final_joint_baseline_44mer,poly3,9,27,311.842,train,0.0733249594492644,0.07967164365061954,0.004920270378167729,0.01618561325614786,0.02414157475061035,0.010227782364061437,12.944969113261518,12.79598326827577,12.854666666666667,1.5958195529076442,1.561049262480081,1.5610448594249844
final_joint_baseline_44mer,poly3,9,28,313.088,train,0.07691834692190289,0.0827283027843844,0.006814212935097727,0.016697267380167777,0.023785316235538537,0.008431920087931291,13.29451341975534,12.951235820570933,13.144666666666668,1.5835136685075968,1.554749768127221,1.5470536675552784
final_joint_baseline_44mer,poly3,9,29,314.34,train,0.07304748265738667,0.08917266510242904,0.0048222166041143825,0.014247012781773141,0.014976660249728432,0.007016472481979051,13.48962745724545,13.104789558057188,13.008,1.5730841481092992,1.54854858552572,1.548046473170544
final_joint_baseline_44mer,poly3,9,30,315.596,train,0.0741987240567471,0.0795695909564243,0.0034842051837388087,0.014636540953884735,0.021874656355940783,0.008279601016927983,13.672765276002677,13.25628631039368,13.294,1.567634268012788,1.5424589405245226,1.5402188735757825
final_joint_baseline_44mer,poly3,9,31,316.858,train,0.0740339423492838,0.08215236319731366,0.003750320571594471,0.014513054020463748,0.019234932822085056,0.005651346679118084,13.829060921429004,13.405860979067668,13.482666666666667,1.5631233357800103,1.53647413353068,1.5358264543532314
final_joint_baseline_44mer,poly3,9,32,318.124,train,0.07428602892485925,0.08574781950220997,0.004731618233455305,0.014456638535905135,0.022239679730214814,0.008050885708307205,14.070463605380073,13.553177558255804,13.639333333333333,1.558760215078798,1.530606304101439,1.5189006923811978
final_joint_baseline_44mer,poly3,9,33,319.396,train,0.07872826036479141,0.0814261823798536,0.002166503771434446,0.014965266316490772,0.022079934484187748,0.007815992451529172,14.099472795325909,13.698377641379317,13.752,1.560315682543106,1.5248484839715808,1.5218843206680581
final_joint_baseline_44mer,poly3,9,34,320.672,train,0.08048293241533414,0.0901882807123651,0.005891612907051443,0.015125785561464562,0.02065639127588682,0.0076002936331521255,14.246917031830076,13.841150324328959,13.868666666666666,1.5576941339806614,1.5192116604124342,1.5256792772650065
final_joint_baseline_44mer,poly3,9,35,321.954,train,0.07782442470650758,0.08465736252371611,0.003270280201937487,0.013858106970113509,0.015576543687382026,0.009249842544604779,14.381535283914552,13.981645710601413,13.872,1.553315696022292,1.5136885565613534,1.5265113485855548
final_joint_baseline_44mer,poly3,9,36,323.241,train,0.07947325891369081,0.08743837434662727,0.005531435899921277,0.013772241053523763,0.018406095562375345,0.007023233178505762,14.587121903718579,14.119686505670789,13.989333333333335,1.545519977992165,1.5082848188243811,1.5194220689476448
final_joint_baseline_44mer,poly3,9,37,324.533,train,0.07573229282089587,0.08020652094391378,0.004524765936512994,0.01342834501694352,0.020452988079003837,0.009206854146676564,14.566468109062138,14.255218295934666,14.28466666666667,1.5455605687236313,1.503001231173534,1.501494551268546
final_joint_baseline_44mer,poly3,9,38,325.83,train,0.07853646405810658,0.09147586933832447,0.005263471781284669,0.013546297845455073,0.02065522406530448,0.012094496630356468,14.80466496257075,14.38819686110476,14.266,1.5404790686617498,1.4978381838086527,1.4944038114465312
final_joint_baseline_44mer,poly3,9,39,327.132,train,0.08034050797618218,0.08221791704231322,0.0034729358124555585,0.015596392698804027,0.021314159248374303,0.00940198452460449,14.926329042663259,14.518588457868377,14.403333333333332,1.543821294173438,1.4927956715162247,1.500766395484264
final_joint_baseline_44mer,poly3,9,40,328.44,train,0.0757277304673985,0.08276531185202887,0.005653738178059425,0.014950031690131118,0.02076396826752823,0.008152983738265182,15.05278513176313,14.646466625724251,14.489333333333335,1.540026443712756,1.4878695805848343,1.4915194581762106
final_joint_baseline_44mer,poly3,9,41,329.753,train,0.0798167110753264,0.09011108680986064,0.004879059820411008,0.016434922762604533,0.0264988439430303,0.0087413978722652,15.265959923315682,14.771717891260204,14.760666666666667,1.5372187904758519,1.4830630394414779,1.4811337594662364
final_joint_baseline_44mer,poly3,9,42,331.071,train,0.0745736926421071,0.06751391858801731,0.00404190916786981,0.017522219586005198,0.019995123141771473,0.006804159370236509,15.465113961414396,14.89434114825804,14.913333333333332,1.5314127841504375,1.4783748585252405,1.4848045095879243
final_joint_baseline_44mer,poly3,9,43,332.394,train,0.07926703212716399,0.08726591161473221,0.006830968168218117,0.01745311970849609,0.023059072167163613,0.005768309010397438,15.650857373257864,15.0143463877056,14.803333333333336,1.5244549200868058,1.4738034617094324,1.4791240001856265
final_joint_baseline_44mer,poly3,9,44,333.723,train,0.07601907182177753,0.0836599117862518,0.009224605636989187,0.018506521014689203,0.020580000821304414,0.008985905058333535,15.79094470817357,15.131841996500022,15.001999999999999,1.5161238639190366,1.4693435852260495,1.4844257094059854
final_joint_baseline_44mer,poly3,9,45,335.057,train,0.07524585235007676,0.06501139128230865,0.005203799980638629,0.017793069079556773,0.024728568772892718,0.010117373647559701,15.881811058365287,15.246768451117633,15.078000000000003,1.5139679599741689,1.4649963966160908,1.4740179423581339
final_joint_baseline_44mer,poly3,9,46,336.396,train,0.0765108365970962,0.08268765986219928,0.007439892618577965,0.01736300880799727,0.02844310970223035,0.012157984140701846,15.95942996470087,15.359169178835874,15.189333333333334,1.5107176380054235,1.4607591902813513,1.466391437454138
final_joint_baseline_44mer,poly3,9,47,337.741,train,0.07654452926369362,0.07957162565663156,0.009137133708016436,0.017368838016868185,0.02826680856444319,0.006599382114203108,16.191268790700505,15.46917934001523,15.716000000000001,1.5031807816212521,1.456625873199642,1.4439954797192565
final_joint_baseline_44mer,poly3,9,48,339.091,train,0.07237373765196169,0.07783666908059597,0.0038742846636166204,0.016208759606712343,0.028630339903584018,0.008484327853107779,16.2934658572211,15.576779394330208,16.043333333333337,1.4997236766808852,1.4525962322182768,1.4374268711653
final_joint_baseline_44mer,poly3,9,49,340.446,train,0.07230711504543474,0.07404497354607129,0.005180399424569522,0.01594294124001973,0.01971001557113664,0.0056083845922553326,16.485230661554375,15.682045614114994,15.671999999999999,1.4953283897396434,1.4486665011723774,1.458158798620553
final_joint_baseline_44mer,poly3,9,50,341.807,train,0.07542512097631926,0.07083654316535525,0.0028414622245450144,0.01654506884750719,0.026586028509519098,0.008885287707515968,16.691355897389087,15.785139695524881,16.016,1.4903387932207046,1.4448298017060728,1.4327856718259437
final_joint_baseline_44mer,poly3,9,51,343.173,train,0.0684221622074358,0.06771599015058316,0.006440909259905513,0.014958251942824172,0.018447298620445803,0.009146659186101119,16.85042336132919,15.88608054646621,15.613333333333333,1.4792115717588992,1.4410846426581434,1.4442585655583815
final_joint_baseline_44mer,poly3,9,52,344.545,train,0.06933328645132916,0.06432180609619095,0.005744425588731806,0.01470915091396845,0.020422469658435513,0.007656135159991462,17.108302522670563,15.985047334145488,16.092,1.4707794216938925,1.4374236434361796,1.4417620004349032
final_joint_baseline_44mer,poly3,9,53,345.922,train,0.06505358264781558,0.06784937712797019,0.00539856951490408,0.014249654632489516,0.02105506926055501,0.0073411868499804,17.151692684559674,16.08208353219613,15.768666666666668,1.4674249423764787,1.4338445186647442,1.4448384001354566
final_joint_baseline_44mer,poly3,9,54,347.305,train,0.06892793459484794,0.06342611773606155,0.005352567862094645,0.015584055799747129,0.01778547301759966,0.00894638181233751,17.198451478911814,16.17738552416199,16.044000000000004,1.4707388309624263,1.4303394031519276,1.428528206403459
final_joint_baseline_44mer,poly3,9,55,348.693,train,0.06798668389629167,0.06698822631325442,0.0046711329798486065,0.01484050500087797,0.021613044183440615,0.006515388921282807,17.365968291643842,16.271020319458025,16.317333333333334,1.46534792230597,1.4269052671064337,1.4258665302910263
final_joint_baseline_44mer,poly3,9,56,350.086,train,0.07016037263342538,0.0703472903018789,0.009080758399425968,0.014763979181477467,0.021431518752673503,0.009004787346448382,17.642026124398996,16.363135790033073,16.569333333333336,1.4586152219225486,1.423536168038407,1.4180357353841209
final_joint_baseline_44mer,poly3,9,57,351.486,train,0.06806696302995485,0.06575398965824192,0.005694577333396136,0.015751086305956435,0.02227049116486452,0.00796146311472597,17.59089830199014,16.45401790677996,16.672,1.459674410254965,1.4202212039299085,1.4144146626818979
final_joint_baseline_44mer,poly3,9,58,352.891,train,0.06604299972657375,0.06706789434871548,0.0050948326021618045,0.014797319681508742,0.020079063052271577,0.00738629576025758,17.764145137240583,16.543700371940172,16.534666666666666,1.454219169118449,1.4169587589611095,1.4196423000125515
final_joint_baseline_44mer,poly3,9,59,354.301,train,0.06541866187107044,0.06797897868939554,0.005754258616156575,0.015309880600280414,0.02183413560692908,0.007083715812543386,17.849990870914734,16.632359529416707,16.50866666666667,1.4515792398474154,1.4137420693510363,1.4241475518665956
final_joint_baseline_44mer,poly3,9,60,355.717,train,0.06371521999866564,0.06096312915145492,0.007546414810427482,0.01525961809205963,0.021799172794881944,0.006877933897239299,17.95618609640314,16.720242360491433,16.85333333333333,1.4478678684382402,1.4105618920670557,1.3993087376647204
final_joint_baseline_44mer,poly3,9,61,357.139,train,0.06250926120665028,0.06330012271001502,0.007400911349835888,0.016140722328639133,0.027088221927475654,0.013023697030525609,17.985555124459857,16.807541129848204,16.753333333333337,1.4474435804149874,1.4074110539929525,1.4126305873132476
final_joint_baseline_44mer,poly3,9,62,358.567,train,0.05885131760549019,0.05848909417156202,0.007316381058995933,0.016670056960444442,0.02464416576306365,0.008189758227537312,17.929191771651148,16.894457649654687,16.901333333333334,1.4479398595468786,1.4042821135936479,1.4056854382472448
final_joint_baseline_44mer,poly3,9,63,360.0,train,0.05765536290807108,0.05530594098401347,0.007607502027618015,0.01688080658295799,0.023886883905181334,0.008319637900975549,18.00590271438135,16.981142844466568,17.021333333333335,1.448537998438865,1.4011695310437111,1.3897329449514675
final_joint_baseline_44mer,poly3,10,0,280.0,train,0.0551197821605622,0.061391517390200434,0.0043272069671545475,0.018513033689417535,0.02209622045116815,0.007522806337745823,8.984389264195727,8.377627251408065,8.34,1.7330192887155929,1.7534680704302654,1.7512142881601347
final_joint_baseline_44mer,poly3,10,1,281.119,train,0.05466574446207569,0.05221844934148616,0.003140210681755496,0.01802702255746378,0.023446058072062945,0.008119768570318583,9.245772472764894,8.535040555246916,8.527333333333333,1.7254357146970922,1.7461625295134358,1.7378725987766885
final_joint_baseline_44mer,poly3,10,2,282.243,train,0.057987509933499395,0.06035196866685154,0.002805991298871151,0.01829244525503874,0.029185092333608838,0.010444351705470901,9.307776459132127,8.693817710101136,8.711333333333334,1.7239583652442858,1.738828017614358,1.7378749595192637
final_joint_baseline_44mer,poly3,10,3,283.371,train,0.06194381873612667,0.0765487926564822,0.00416014191437983,0.017355319615432383,0.01923209400102202,0.009119382737762985,9.5004241220863,8.853743834384243,9.002,1.7181079388731155,1.731475238034163,1.7205830002059934
final_joint_baseline_44mer,poly3,10,4,284.504,train,0.06275235136630541,0.06504952611086,0.004533443769024158,0.016055962836171105,0.01912637913959147,0.00622086279317138,9.659105501795388,9.014882364181172,8.978000000000002,1.7148231530757665,1.7241020025594025,1.730802329703592
final_joint_baseline_44mer,poly3,10,5,285.641,train,0.06183983391460222,0.06726493670539424,0.003434991502308109,0.015563293421829154,0.02382910794143331,0.007940795937802142,9.834191086969753,9.177008056252106,9.312,1.70995073357408,1.716719291833062,1.7201599522662716
final_joint_baseline_44mer,poly3,10,6,286.783,train,0.06576312296865322,0.07324922145691179,0.003564818667879128,0.016053374978741704,0.02116546785810268,0.006062466414957711,10.003320324386829,9.340175668321272,9.332,1.700945718091396,1.7093252278722633,1.7039461602030255
final_joint_baseline_44mer,poly3,10,7,287.929,train,0.06836333747960784,0.07441562951865342,0.004571771999330988,0.015853509619818636,0.021717950496958877,0.008023554244679966,10.215862546406182,9.504149776724057,9.466000000000001,1.6943485754338155,1.7019310307711475,1.6938431586519782
final_joint_baseline_44mer,poly3,10,8,289.08,train,0.07347360572115633,0.088994401902024,0.004590478019460425,0.01600542698627752,0.02557904372393093,0.007558249652231133,10.399694936400707,9.668976121739384,9.760000000000002,1.6849675212879243,1.6945351213524606,1.6939121809002418
final_joint_baseline_44mer,poly3,10,9,290.235,train,0.07311539999808424,0.07870222802444943,0.004287842480824944,0.015471607331776393,0.018388106206818994,0.009212269584182392,10.524419922707079,9.834409531338803,9.955333333333336,1.681340394793113,1.6871489111416076,1.6786833507128534
final_joint_baseline_44mer,poly3,10,10,291.395,train,0.07123785055778095,0.08926533411488893,0.0051503628865006736,0.015916201357438712,0.022709995619713944,0.00744945833400414,10.66035238269125,10.00048661960696,9.958666666666668,1.6777821959555088,1.6797710986710896,1.6781773751315656
final_joint_baseline_44mer,poly3,10,11,292.56,train,0.07258593026598492,0.08489950349635658,0.004568942257610157,0.015917157053537953,0.02243901407881157,0.009291075286606724,10.742928001947536,10.16709611078065,10.316666666666666,1.6731364718597481,1.672406927355174,1.6747972388568435
final_joint_baseline_44mer,poly3,10,12,293.729,train,0.0715618961752458,0.08037384027880456,0.004557399788713133,0.01578403389311341,0.021925062777913666,0.010065211964489021,10.807456941147832,10.333979568931179,10.203333333333333,1.6738479584546968,1.6650679873732295,1.6735063779847863
final_joint_baseline_44mer,poly3,10,13,294.903,train,0.07090544659072279,0.07406108673956266,0.0038289450456444785,0.0159723612115793,0.024959390401959068,0.00790452703079223,10.913218154707565,10.50116021814395,10.350000000000001,1.6724701711734125,1.657753336613701,1.6650067553300865
final_joint_baseline_44mer,poly3,10,14,296.082,train,0.0747064843821392,0.08704618949325586,0.004962975645600392,0.017866690258925524,0.022071215279669203,0.00580569126794946,11.137181242772805,10.66851410881836,10.938,1.665708368001392,1.650468434458041,1.6472841072840612
final_joint_baseline_44mer,poly3,10,15,297.266,train,0.07427316953425303,0.08310838830070494,0.005036690333590152,0.01740367520203565,0.02517529933724652,0.007694103745242893,11.28130401375449,10.835913547970959,10.724,1.6584518174231966,1.6432187822568949,1.6507984353936258
final_joint_baseline_44mer,poly3,10,16,298.454,train,0.0746379722042733,0.0783527512170216,0.003603799469604178,0.015112332636965778,0.01859848825301031,0.00795684226742081,11.462236397662954,11.003087127584582,10.964666666666666,1.653061674629598,1.6360159353110006,1.6477119970978986
final_joint_baseline_44mer,poly3,10,17,299.647,train,0.07513625627588495,0.09184481327582701,0.006728313339507689,0.015660177831062314,0.018205469069165772,0.007259194706826195,11.609464579149169,11.170042861406301,11.148666666666667,1.6439808387239871,1.6288592545920988,1.6250567925503603
final_joint_baseline_44mer,poly3,10,18,300.845,train,0.07887585288508768,0.08754294401398316,0.0032705584693595593,0.015341626085765357,0.020581532311890964,0.007685466932354883,11.843582253058244,11.336644641012006,11.479333333333333,1.6384022936673557,1.621754231939411,1.6319087159572505
final_joint_baseline_44mer,poly3,10,19,302.047,train,0.08061102427002466,0.08089656246703902,0.004705809733951897,0.015667336123716638,0.024364465357245253,0.007207422732600187,12.03045767147465,11.502616906718856,11.678666666666667,1.6302856790997862,1.6147121363541987,1.6059863499007514
final_joint_baseline_44mer,poly3,10,20,303.254,train,0.08248096882507464,0.07857391511221451,0.0031565714104214975,0.015439881907708912,0.018170743730675495,0.006039335312920052,12.269134182338263,11.667960184483796,11.73,1.6206763978222538,1.6077323700608022,1.6011513260363732
final_joint_baseline_44mer,poly3,10,21,304.467,train,0.08119465708706076,0.08590153931001354,0.004313695194199784,0.013615263735202459,0.016961439579949916,0.006205964906300918,12.378670272655349,11.832669949619259,11.757333333333335,1.611008910967524,1.6008145456783176,1.60722904406764
final_joint_baseline_44mer,poly3,10,22,305.683,train,0.08383254036931445,0.09725830811731398,0.005263595541207932,0.013745667835751277,0.017374646673378888,0.007825853425708393,12.575666042845839,11.996201059931279,11.928,1.6024266517823778,1.5939808056734959,1.5994988722480326
final_joint_baseline_44mer,poly3,10,23,306.905,train,0.08212882796600454,0.08636992613540832,0.005885148434497712,0.013376036224747546,0.016910336560796893,0.006676068522583333,12.589017710425416,12.15881999028782,12.036000000000003,1.6065431646433592,1.5872191759566903,1.586882463997784
final_joint_baseline_44mer,poly3,10,24,308.132,train,0.07674830977126557,0.08597572503116983,0.004056679677976386,0.014174049197153898,0.02232546469266536,0.007561805010057954,12.680625798794962,12.320254039059117,12.412,1.6048980912246824,1.5805401610018819,1.5654218632031343
final_joint_baseline_44mer,poly3,10,25,309.364,train,0.07792581580854818,0.08150952346330897,0.0031782079333817024,0.01473446493239009,0.01887705078035802,0.005587298754999147,12.839442212890269,12.480367845453411,12.406666666666666,1.602065164513469,1.5739484081820667,1.5695749752942154
final_joint_baseline_44mer,poly3,10,26,310.6,train,0.07279415645117182,0.08774799094861256,0.005509452044034698,0.01600383894454383,0.021457067260175683,0.008363796486957339,12.760165616821862,12.638901617464505,12.522666666666666,1.6043305868470101,1.5674535511634242,1.584680085911223
final_joint_baseline_44mer,poly3,10,27,311.842,train,0.0733249594492644,0.07933024980313458,0.0033075063414740825,0.01618561325614786,0.021199184839577796,0.00902552642600229,12.944969113261518,12.79598326827577,12.668666666666667,1.5958195529076442,1.561049262480081,1.5878102862804717
final_joint_baseline_44mer,poly3,10,28,313.088,train,0.07691834692190289,0.08401531951766185,0.004761243410534435,0.016697267380167777,0.01914434130715445,0.008064711883871119,13.29451341975534,12.951235820570933,12.779333333333334,1.5835136685075968,1.554749768127221,1.5527666612348723
final_joint_baseline_44mer,poly3,10,29,314.34,train,0.07304748265738667,0.0777069580467058,0.004131313808052948,0.014247012781773141,0.018850498343355705,0.007751152024017346,13.48962745724545,13.104789558057188,13.147333333333334,1.5730841481092992,1.54854858552572,1.5576377237087753
final_joint_baseline_44mer,poly3,10,30,315.596,train,0.0741987240567471,0.08395818394409575,0.00453558212092533,0.014636540953884735,0.023387574205952964,0.007721580247388367,13.672765276002677,13.25628631039368,13.271333333333333,1.567634268012788,1.5424589405245226,1.5325134360393275
final_joint_baseline_44mer,poly3,10,31,316.858,train,0.0740339423492838,0.07846823322896096,0.003908708921158467,0.014513054020463748,0.026407518667858336,0.007723862644877177,13.829060921429004,13.405860979067668,13.247333333333334,1.5631233357800103,1.53647413353068,1.5293372547530428
final_joint_baseline_44mer,poly3,10,32,318.124,train,0.07428602892485925,0.08363987131835589,0.003328595216148958,0.014456638535905135,0.022344931513667496,0.011201828566236194,14.070463605380073,13.553177558255804,13.428666666666667,1.558760215078798,1.530606304101439,1.5351340014761774
final_joint_baseline_44mer,poly3,10,33,319.396,train,0.07872826036479141,0.08274958728792936,0.0058506598163830265,0.014965266316490772,0.023471105443543354,0.007620541283327103,14.099472795325909,13.698377641379317,13.898666666666667,1.560315682543106,1.5248484839715808,1.5134701691043455
final_joint_baseline_44mer,poly3,10,34,320.672,train,0.08048293241533414,0.085665096757011,0.004498393654092181,0.015125785561464562,0.02158767910978362,0.007204154527863944,14.246917031830076,13.841150324328959,13.886000000000001,1.5576941339806614,1.5192116604124342,1.5156311120143424
final_joint_baseline_44mer,poly3,10,35,321.954,train,0.07782442470650758,0.08815276893352492,0.0036057635776386,0.013858106970113509,0.02352016210704578,0.009904590861545475,14.381535283914552,13.981645710601413,13.882000000000001,1.553315696022292,1.5136885565613534,1.5181673455832878
final_joint_baseline_44mer,poly3,10,36,323.241,train,0.07947325891369081,0.08366036012408304,0.005055586608701826,0.013772241053523763,0.022404262002250118,0.008424751271842834,14.587121903718579,14.119686505670789,14.324666666666667,1.545519977992165,1.5082848188243811,1.500730865362833
final_joint_baseline_44mer,poly3,10,37,324.533,train,0.07573229282089587,0.08418993663964716,0.005245354268051896,0.01342834501694352,0.02074987233701645,0.007712647838737172,14.566468109062138,14.255218295934666,14.317333333333336,1.5455605687236313,1.503001231173534,1.4949202494557885
final_joint_baseline_44mer,poly3,10,38,325.83,train,0.07853646405810658,0.08711546499800621,0.005104487602660154,0.013546297845455073,0.01753068777590254,0.006965321518916238,14.80466496257075,14.38819686110476,14.217333333333336,1.5404790686617498,1.4978381838086527,1.4994748824466237
final_joint_baseline_44mer,poly3,10,39,327.132,train,0.08034050797618218,0.09157342573861119,0.004827048627744085,0.015596392698804027,0.024740534172366553,0.00943844473862238,14.926329042663259,14.518588457868377,14.57,1.543821294173438,1.4927956715162247,1.4893210718698007
final_joint_baseline_44mer,poly3,10,40,328.44,train,0.0757277304673985,0.07558149120420268,0.0027533556643211258,0.014950031690131118,0.022614142454117685,0.008031208508924812,15.05278513176313,14.646466625724251,14.822666666666667,1.540026443712756,1.4878695805848343,1.4765066738000918
final_joint_baseline_44mer,poly3,10,41,329.753,train,0.0798167110753264,0.08258452196328889,0.004474134341860553,0.016434922762604533,0.027118849973514755,0.010254876769496057,15.265959923315682,14.771717891260204,14.724,1.5372187904758519,1.4830630394414779,1.4804277254193239
final_joint_baseline_44mer,poly3,10,42,331.071,train,0.0745736926421071,0.07325877809867067,0.003458280377126288,0.017522219586005198,0.02771568491186838,0.007805015124305933,15.465113961414396,14.89434114825804,15.041333333333334,1.5314127841504375,1.4783748585252405,1.4685265304403534
final_joint_baseline_44mer,poly3,10,43,332.394,train,0.07926703212716399,0.0917958178821412,0.0046501937577125545,0.01745311970849609,0.019698993734985043,0.005487329651499716,15.650857373257864,15.0143463877056,14.761333333333333,1.5244549200868058,1.4738034617094324,1.475086952555161
final_joint_baseline_44mer,poly3,10,44,333.723,train,0.07601907182177753,0.07942529776744073,0.004081044340673892,0.018506521014689203,0.022362657461268864,0.007141110665997901,15.79094470817357,15.131841996500022,14.832,1.5161238639190366,1.4693435852260495,1.477108406229465
final_joint_baseline_44mer,poly3,10,45,335.057,train,0.07524585235007676,0.08836454757521522,0.007799614613365693,0.017793069079556773,0.027825474389709837,0.009075100821869544,15.881811058365287,15.246768451117633,15.323333333333338,1.5139679599741689,1.4649963966160908,1.454733887970695
final_joint_baseline_44mer,poly3,10,46,336.396,train,0.0765108365970962,0.07928884687818068,0.005885921257082302,0.01736300880799727,0.020457927944096642,0.006881121300626947,15.95942996470087,15.359169178835874,15.137333333333338,1.5107176380054235,1.4607591902813513,1.4594235514311034
final_joint_baseline_44mer,poly3,10,47,337.741,train,0.07654452926369362,0.07144671252218307,0.005318572481521421,0.017368838016868185,0.02561835798340175,0.007338797531202987,16.191268790700505,15.46917934001523,15.599999999999998,1.5031807816212521,1.456625873199642,1.4518604970064033
final_joint_baseline_44mer,poly3,10,48,339.091,train,0.07237373765196169,0.07243549901667123,0.005953227467372547,0.016208759606712343,0.025321333299153318,0.00934390511565277,16.2934658572211,15.576779394330208,15.922666666666666,1.4997236766808852,1.4525962322182768,1.4316643557608997
final_joint_baseline_44mer,poly3,10,49,340.446,train,0.07230711504543474,0.06926468275092726,0.0055298341934560714,0.01594294124001973,0.020980163190936887,0.008029095509576856,16.485230661554375,15.682045614114994,15.806000000000001,1.4953283897396434,1.4486665011723774,1.4476736820250793
final_joint_baseline_44mer,poly3,10,50,341.807,train,0.07542512097631926,0.07738233501026381,0.0057197807125969145,0.01654506884750719,0.030265634222537134,0.010015380511018404,16.691355897389087,15.785139695524881,15.857333333333333,1.4903387932207046,1.4448298017060728,1.432343885353344
final_joint_baseline_44mer,poly3,10,51,343.173,train,0.0684221622074358,0.07445712554194632,0.006459409460619644,0.014958251942824172,0.025984695486601424,0.008741960482949458,16.85042336132919,15.88608054646621,15.644666666666668,1.4792115717588992,1.4410846426581434,1.4374978305155124
final_joint_baseline_44mer,poly3,10,52,344.545,train,0.06933328645132916,0.07367317124521477,0.005218266800947119,0.01470915091396845,0.021643553191750913,0.00954734625069868,17.108302522670563,15.985047334145488,16.07333333333333,1.4707794216938925,1.4374236434361796,1.4350913812831652
final_joint_baseline_44mer,poly3,10,53,345.922,train,0.06505358264781558,0.07036768466217853,0.006743776896133899,0.014249654632489516,0.01835307910378762,0.005986090372973804,17.151692684559674,16.08208353219613,16.35333333333333,1.4674249423764787,1.4338445186647442,1.4282533550937595
final_joint_baseline_44mer,poly3,10,54,347.305,train,0.06892793459484794,0.06641384627402104,0.006070155093298503,0.015584055799747129,0.020255360531631766,0.008110140794035619,17.198451478911814,16.17738552416199,16.029333333333334,1.4707388309624263,1.4303394031519276,1.4327709756803069
final_joint_baseline_44mer,poly3,10,55,348.693,train,0.06798668389629167,0.06957578513151515,0.005431554977504379,0.01484050500087797,0.022390630916344807,0.00900992850713244,17.365968291643842,16.271020319458025,16.356,1.46534792230597,1.4269052671064337,1.428932209532496
final_joint_baseline_44mer,poly3,10,56,350.086,train,0.07016037263342538,0.07614738673139713,0.004963368644025226,0.014763979181477467,0.019831995517195864,0.009366909225211016,17.642026124398996,16.363135790033073,16.112000000000002,1.4586152219225486,1.423536168038407,1.4376970858162623
final_joint_baseline_44mer,poly3,10,57,351.486,train,0.06806696302995485,0.06483603176784178,0.0066062261156322735,0.015751086305956435,0.026294625946707333,0.007959523831432704,17.59089830199014,16.45401790677996,16.63533333333333,1.459674410254965,1.4202212039299085,1.410601926485732
final_joint_baseline_44mer,poly3,10,58,352.891,train,0.06604299972657375,0.06414537565666276,0.008514686084847942,0.014797319681508742,0.021571023868661707,0.007781650350523679,17.764145137240583,16.543700371940172,16.320666666666668,1.454219169118449,1.4169587589611095,1.419439014214707
final_joint_baseline_44mer,poly3,10,59,354.301,train,0.06541866187107044,0.06979503029007586,0.008451630358630762,0.015309880600280414,0.017574316328437298,0.006540735809415544,17.849990870914734,16.632359529416707,16.428,1.4515792398474154,1.4137420693510363,1.4117878325488555
final_joint_baseline_44mer,poly3,10,60,355.717,train,0.06371521999866564,0.05743949884326878,0.0075907152687769595,0.01525961809205963,0.02479893681841397,0.009973369293752869,17.95618609640314,16.720242360491433,16.904,1.4478678684382402,1.4105618920670557,1.405068247459847
final_joint_baseline_44mer,poly3,10,61,357.139,train,0.06250926120665028,0.058971880328224605,0.006290775749793179,0.016140722328639133,0.025203108321362876,0.0073770100461649345,17.985555124459857,16.807541129848204,16.924,1.4474435804149874,1.4074110539929525,1.4006966108039154
final_joint_baseline_44mer,poly3,10,62,358.567,train,0.05885131760549019,0.052002242569302234,0.006256761410687562,0.016670056960444442,0.028062669160711214,0.01089137404066766,17.929191771651148,16.894457649654687,17.122,1.4479398595468786,1.4042821135936479,1.3946177471055898
final_joint_baseline_44mer,poly3,10,63,360.0,train,0.05765536290807108,0.056758442469598394,0.007070569086996565,0.01688080658295799,0.0259859567457454,0.010089865577306765,18.00590271438135,16.981142844466568,17.28333333333333,1.448537998438865,1.4011695310437111,1.3926523703875
final_joint_baseline_44mer,heat_capacity,1,0,280.0,train,0.0554272145684275,0.06808936717388564,0.004059821053634483,0.018154482000141164,0.020667210474964233,0.0064241595266368145,8.984389264195727,8.45334557174684,8.528666666666666,1.7330192887155929,1.74994975650975,1.7462070665294904
final_joint_baseline_44mer,heat_capacity,1,1,281.119,train,0.05477880846679787,0.07042925405165532,0.006306897872248002,0.01772405443298958,0.027540027684577625,0.009732664085244366,9.245772472764894,8.601641243811667,8.602666666666668,1.7254357146970922,1.7430817989691079,1.735479005423222
final_joint_baseline_44mer,heat_capacity,1,2,282.243,train,0.05820627245487862,0.06115021758517013,0.0040074698249673935,0.018082441617078053,0.025302042216660936,0.007721244874645264,9.307776459132127,8.751365142548494,8.89,1.7239583652442858,1.7361781898336295,1.7328182093269244
final_joint_baseline_44mer,heat_capacity,1,3,283.371,train,0.06206729991633707,0.0658319383515477,0.00313218535167739,0.017181247619058197,0.025652263363289518,0.008989484086677657,9.5004241220863,8.902341908891824,9.042666666666666,1.7181079388731155,1.7292478019431403,1.7356441456675527
final_joint_baseline_44mer,heat_capacity,1,4,284.504,train,0.06284806117837109,0.07160358557840685,0.0039353207460849455,0.0159496881005807,0.018059823126084396,0.005980612489267607,9.659105501795388,9.054659644997908,9.090666666666667,1.7148231530757665,1.7222873537281678,1.720069159935056
final_joint_baseline_44mer,heat_capacity,1,5,285.641,train,0.06190209161049383,0.06880867836074822,0.003911568371775196,0.015480997592197414,0.02078618010484279,0.007846335286766185,9.834191086969753,9.208134486077084,9.272666666666666,1.70995073357408,1.7153059811341542,1.7076915882846635
final_joint_baseline_44mer,heat_capacity,1,6,286.783,train,0.06580876409447989,0.08020535944753084,0.0033193123903184265,0.015986805981181903,0.023028296942556564,0.008032819813503612,10.003320324386829,9.362848083609395,9.381333333333334,1.700945718091396,1.7083006718779261,1.708410808873753
final_joint_baseline_44mer,heat_capacity,1,7,287.929,train,0.06837904208131079,0.07425395273308295,0.0027539900059226057,0.015812578228270518,0.021851173241237757,0.007415786896063381,10.215862546406182,9.51860764692708,9.446666666666665,1.6943485754338155,1.7012808210042882,1.7050261458048892
final_joint_baseline_44mer,heat_capacity,1,8,289.08,train,0.07348075907080118,0.07249433855762974,0.004339283146383979,0.015985729126792383,0.019584228097781736,0.006415593909133143,10.399694936400707,9.675487578900754,9.806000000000001,1.6849675212879243,1.6942437011126987,1.688138191079997
final_joint_baseline_44mer,heat_capacity,1,9,290.235,train,0.07311448679790719,0.08254278135484264,0.0031119394571025192,0.015474557711003376,0.017210451758944364,0.006784081241773522,10.524419922707079,9.833285813556124,9.890666666666668,1.681340394793113,1.6871989578377633,1.6833363885688752
final_joint_baseline_44mer,heat_capacity,1,10,291.395,train,0.07123234596339517,0.07381389798491679,0.0041917164029763405,0.015934854037423594,0.022901495162949523,0.007991441590717746,10.66035238269125,9.992068751214738,9.889333333333333,1.6777821959555088,1.6801441605084584,1.678750431811455
final_joint_baseline_44mer,heat_capacity,1,11,292.56,train,0.0725780999653572,0.08146846395189744,0.0034187587903067064,0.01594571183111288,0.025256303209522508,0.008645049940792404,10.742928001947536,10.151761963959135,10.140666666666666,1.6731364718597481,1.6730831415732743,1.6809927946476493
final_joint_baseline_44mer,heat_capacity,1,12,293.729,train,0.07153266573567718,0.06626641362250699,0.004393299080484447,0.01580013827195998,0.019242310259247754,0.009124793628870882,10.807456941147832,10.312148972422406,10.248000000000001,1.6738479584546968,1.6660258985426586,1.6521966770899357
final_joint_baseline_44mer,heat_capacity,1,13,294.903,train,0.07086943878228037,0.07575570236393799,0.0036022290584668206,0.015979833170545365,0.0230446181786652,0.007608221860026293,10.913218154707565,10.473282852131435,10.433333333333334,1.6724701711734125,1.6589704616599394,1.6478511089936347
final_joint_baseline_44mer,heat_capacity,1,14,296.082,train,0.07469922386695522,0.09226470009696508,0.004798583786211043,0.017881497159264355,0.026077828262918996,0.009621098000858978,11.137181242772805,10.635074753474072,10.888666666666667,1.665708368001392,1.6519210674658997,1.634751322641153
final_joint_baseline_44mer,heat_capacity,1,15,297.266,train,0.07425682006663592,0.08513773966094135,0.003391261199328223,0.017421888876943417,0.024309380050661192,0.006797186919504062,11.28130401375449,10.797430865078706,10.730666666666668,1.6584518174231966,1.6448820821436618,1.645256460966305
final_joint_baseline_44mer,heat_capacity,1,16,298.454,train,0.07463434031652152,0.080518887957131,0.004189981057990478,0.01511441341213573,0.0238531421066207,0.010148319570070586,11.462236397662954,10.960115599335179,10.938666666666666,1.653061674629598,1.6378638832363879,1.6354504422943221
final_joint_baseline_44mer,heat_capacity,1,17,299.647,train,0.07512302780570491,0.08496681885902253,0.00402126676600862,0.015676501524097983,0.02492672893743811,0.008957420622840277,11.609464579149169,11.123162717690747,11.093333333333334,1.6439808387239871,1.630865103903865,1.6330249133910086
final_joint_baseline_44mer,heat_capacity,1,18,300.845,train,0.07891453217133033,0.08464369173733358,0.003154558516136786,0.01535957407093614,0.019885260724856642,0.00879597440946904,11.843582253058244,11.286463962565211,11.116000000000001,1.6384022936673557,1.6238904480672989,1.6281778825591322
final_joint_baseline_44mer,heat_capacity,1,19,302.047,train,0.08067031881431347,0.07988017725065312,0.003681035868963509,0.01569407360361449,0.02350702279964733,0.008296900361541943,12.03045767147465,11.44977075562559,11.258,1.6302856790997862,1.616950466575303,1.6289113042399324
final_joint_baseline_44mer,heat_capacity,1,20,303.254,train,0.08259720547041577,0.08059425587923383,0.0038748456475188368,0.015480351794863376,0.02251566124531537,0.009931303268350514,12.269134182338263,11.61310235590916,11.676666666666666,1.6206763978222538,1.610044193930448,1.6037420137601937
final_joint_baseline_44mer,heat_capacity,1,21,304.467,train,0.08128898903604681,0.08334696311144288,0.003002743925660166,0.013657243163609714,0.01907767124301464,0.01073141838830807,12.378670272655349,11.776471498476127,11.904,1.611008910967524,1.6031709479064684,1.600563688421449
final_joint_baseline_44mer,heat_capacity,1,22,305.683,train,0.08396692742592812,0.08748732247379994,0.002222650047049016,0.013792942472957394,0.023419781143846005,0.008921544585592276,12.575666042845839,11.93934948721055,11.748666666666667,1.6024266517823778,1.5963526585351844,1.6139001952254348
final_joint_baseline_44mer,heat_capacity,1,23,306.905,train,0.08220081881280264,0.09318467572410392,0.003933750770834764,0.013353574960283762,0.02083537168191562,0.008628871966719236,12.589017710425416,12.102009782758449,12.147333333333332,1.6065431646433592,1.5895774804023906,1.5827501385657607
final_joint_baseline_44mer,heat_capacity,1,24,308.132,train,0.0767878220636166,0.08577624273852884,0.005664888564035136,0.014088557217215206,0.021403181454757718,0.008886257499226169,12.680625798794962,12.2641850202194,12.322000000000001,1.6048980912246824,1.5828561512808983,1.575449553372066
final_joint_baseline_44mer,heat_capacity,1,25,309.364,train,0.07794253457896033,0.08776246482482128,0.003919501032102724,0.014615791735358617,0.02321051213511171,0.008154371168031076,12.839442212890269,12.425739024735673,12.478,1.602065164513469,1.5761937894727105,1.5720786707140328
final_joint_baseline_44mer,heat_capacity,1,26,310.6,train,0.07274181934139937,0.08235571606366883,0.0073507054084505676,0.015835399389376913,0.02188446207774502,0.0076420327503076745,12.760165616821862,12.586403499622662,12.568666666666665,1.6043305868470101,1.5696008107963473,1.5751462635972688
final_joint_baseline_44mer,heat_capacity,1,27,311.842,train,0.07331152665015384,0.07641712450513398,0.004428091743709018,0.016017363410389555,0.01835784107547213,0.008266618938053243,12.944969113261518,12.746297283815814,12.832666666666668,1.5958195529076442,1.5630716480702194,1.5600817423515356
final_joint_baseline_44mer,heat_capacity,1,28,313.088,train,0.07698126604716601,0.08522958539322864,0.003632086620667165,0.016583231457018906,0.021554056179265053,0.008781528009260207,13.29451341975534,12.905020055519435,12.872666666666667,1.5835136685075968,1.5566218788864925,1.5494900599662895
final_joint_baseline_44mer,heat_capacity,1,29,314.34,train,0.07312586705265596,0.08776936776182373,0.005096415235526166,0.014147523917767236,0.019499704589558478,0.00899647214318669,13.48962745724545,13.062682245485973,12.914000000000001,1.5730841481092992,1.5502461681705957,1.5533304474300869
final_joint_baseline_44mer,heat_capacity,1,30,315.596,train,0.07428883077733517,0.0776891375101329,0.005512844529331117,0.014545547330480536,0.020320748692727944,0.007176461941318867,13.672765276002677,13.218886939353336,13.139333333333333,1.567634268012788,1.5439596462991445,1.5433801777604192
final_joint_baseline_44mer,heat_capacity,1,31,316.858,train,0.07410971971338678,0.07012915125865511,0.004023587084400105,0.014420737393465041,0.025788090590558067,0.007895106955171182,13.829060921429004,13.373737342935826,13.35266666666667,1.5631233357800103,1.5377571675467974,1.5438105729158422
final_joint_baseline_44mer,heat_capacity,1,32,318.124,train,0.07437033562229042,0.07878273096010951,0.004870375243697933,0.014373636482712147,0.02396877066976985,0.011025507277941058,14.070463605380073,13.52684285144316,13.601333333333335,1.558760215078798,1.5316533203460314,1.5351227053153862
final_joint_baseline_44mer,heat_capacity,1,33,319.396,train,0.07877089915056024,0.08790342125708,0.004358435419370497,0.014884510093412807,0.02307100615351556,0.008280228611689214,14.099472795325909,13.678300729330875,13.725333333333333,1.560315682543106,1.5256431067144562,1.5321418034706642
final_joint_baseline_44mer,heat_capacity,1,34,320.672,train,0.08051203812594962,0.09322979573124295,0.005124506162072584,0.01506421448640614,0.025179959158540204,0.007746921102054483,14.246917031830076,13.827729605492255,13.785333333333334,1.5576941339806614,1.519740484511549,1.5178580398289614
final_joint_baseline_44mer,heat_capacity,1,35,321.954,train,0.07783522729916961,0.07949321869859191,0.00409144992105225,0.013828286346770788,0.02053483079365708,0.007382331998766973,14.381535283914552,13.975222104180826,14.074666666666666,1.553315696022292,1.5139405657422746,1.5179385003059753
final_joint_baseline_44mer,heat_capacity,1,36,323.241,train,0.07947106094878792,0.07491471830996334,0.005177565179081278,0.013776011064626482,0.02182391221815717,0.008242030138141775,14.587121903718579,14.120520718491475,14.168,1.545519977992165,1.508252231428096,1.500578218019346
final_joint_baseline_44mer,heat_capacity,1,37,324.533,train,0.07572266324524232,0.0790368643427494,0.0053467014491733545,0.013472712401999837,0.020331714571971568,0.007414542562972904,14.566468109062138,14.2634887990469,14.320666666666668,1.5455605687236313,1.5026795137147961,1.5041253859374577
final_joint_baseline_44mer,heat_capacity,1,38,325.83,train,0.07851132752226125,0.0856191474276353,0.004882355049102144,0.01362994058461632,0.023938731645733527,0.009550878500276883,14.80466496257075,14.403992901936059,14.486,1.5404790686617498,1.4972262613105247,1.4845143944157555
final_joint_baseline_44mer,heat_capacity,1,39,327.132,train,0.08030706754254742,0.07905450690710844,0.0037444220854250337,0.01573745508527731,0.02564949897892961,0.008063866436659756,14.926329042663259,14.54190321225531,14.489333333333333,1.543821294173438,1.491896130456339,1.4948848443498068
final_joint_baseline_44mer,heat_capacity,1,40,328.44,train,0.07569034908395066,0.0860732764288086,0.00441621908133397,0.015142898011691514,0.02646398969663888,0.010084885639205971,15.05278513176313,14.677196101244133,14.681333333333335,1.540026443712756,1.4866886529594232,1.4892548158075098
final_joint_baseline_44mer,heat_capacity,1,41,329.753,train,0.07974991136427335,0.08721311112095348,0.00423260971360288,0.016677520715134595,0.0250877644028126,0.007934581304586494,15.265959923315682,14.809642782780987,14.729333333333333,1.5372187904758519,1.4816112335673008,1.4844525779145612
final_joint_baseline_44mer,heat_capacity,1,42,331.071,train,0.07448529161944029,0.08190807502337484,0.004754050168758421,0.017804356388515775,0.023686134705379697,0.007547407179375906,15.465113961414396,14.939126311870083,14.784000000000002,1.5314127841504375,1.4766669165845459,1.4839468878867523
final_joint_baseline_44mer,heat_capacity,1,43,332.394,train,0.07915939023668714,0.08132457531589696,0.004099413046888518,0.01776738737718335,0.02157215640110289,0.007209398669540476,15.650857373257864,15.065534714971182,15.046000000000001,1.5244549200868058,1.4718585326867715,1.4812259160905055
final_joint_baseline_44mer,heat_capacity,1,44,333.723,train,0.07586809614502214,0.07445232278738328,0.0053084626117761505,0.018850041033464385,0.03518175472961034,0.010641728703437183,15.79094470817357,15.188852612792223,15.465333333333334,1.5161238639190366,1.4671852406253307,1.4484079824172023
final_joint_baseline_44mer,heat_capacity,1,45,335.057,train,0.07508815928104856,0.07710016675076291,0.0036943066591218414,0.018204159695785992,0.0219846391439553,0.00855760635688256,15.881811058365287,15.308881546944269,15.230666666666664,1.5139679599741689,1.462653137608421,1.4720528689502812
final_joint_baseline_44mer,heat_capacity,1,46,336.396,train,0.07637062538791389,0.08168939982529606,0.005463941285531814,0.01780939829081579,0.02880747385811725,0.00842232139625152,15.95942996470087,15.425525513875437,15.375333333333332,1.5107176380054235,1.4582644141890653,1.4615775831732147
final_joint_baseline_44mer,heat_capacity,1,47,337.741,train,0.07636027466235146,0.07817127289774417,0.004991083039703981,0.017790652610208887,0.0247155637756081,0.00912686578255308,16.191268790700505,15.538776893025199,15.391333333333334,1.5031807816212521,1.4540179536041566,1.4653834800478522
final_joint_baseline_44mer,heat_capacity,1,48,339.091,train,0.07216919128261665,0.08560445807373765,0.004420965577527634,0.016659200674699608,0.023116447522117646,0.006986763504304308,16.2934658572211,15.648462364718837,15.676666666666668,1.4997236766808852,1.4499188688141458,1.4473174577588503
final_joint_baseline_44mer,heat_capacity,1,49,340.446,train,0.07206999096815171,0.06973090707182551,0.004452457607705865,0.016427599339888542,0.02571746195712178,0.008399686697361646,16.485230661554375,15.754502916036166,15.852666666666668,1.4953283897396434,1.4459687338110028,1.4468236459701798
final_joint_baseline_44mer,heat_capacity,1,50,341.807,train,0.07519558264770347,0.08038667379014275,0.005856299524291921,0.016990716159661766,0.02382690036849511,0.00946970225274684,16.691355897389087,15.856898989051913,15.596,1.4903387932207046,1.4421661944069064,1.4525669686926757
final_joint_baseline_44mer,heat_capacity,1,51,343.173,train,0.06817981441377416,0.06991867547368434,0.004127510161082846,0.015361753760458587,0.025176963891104374,0.009291811079707812,16.85042336132919,15.955503159734604,16.142000000000003,1.4792115717588992,1.4385154179968698,1.44210226446752
final_joint_baseline_44mer,heat_capacity,1,52,344.545,train,0.0690302815908777,0.06663865304443603,0.005463968551495198,0.01508150427202503,0.02273720321403389,0.008343994324236981,17.108302522670563,16.050320963847653,16.194666666666667,1.4707794216938925,1.43501492512449,1.4283398905921265
final_joint_baseline_44mer,heat_capacity,1,53,345.922,train,0.06483104335710717,0.07550021921118598,0.006028371531679127,0.01461297076818674,0.02530879676723071,0.010620798750239403,17.151692684559674,16.14122212735106,16.021333333333335,1.4674249423764787,1.4316682883371885,1.4226288107355471
final_joint_baseline_44mer,heat_capacity,1,54,347.305,train,0.06876764135765605,0.06526641593944786,0.0044960530929598124,0.015908521922230322,0.02646230579814994,0.010138722359671695,17.198451478911814,16.228216852570945,16.28333333333333,1.4707388309624263,1.4284739345523891,1.423213067645359
final_joint_baseline_44mer,heat_capacity,1,55,348.693,train,0.06783698070521572,0.071581759537563,0.0052348329745483205,0.015096067718511571,0.021831759864453723,0.009267216670758811,17.365968291643842,16.311191665188833,16.394666666666666,1.46534792230597,1.4254348765232294,1.4259454763280623
final_joint_baseline_44mer,heat_capacity,1,56,350.086,train,0.07004067556763044,0.08008650921550142,0.007469216824848537,0.014927562120025549,0.022470415068856307,0.009119560361699891,17.642026124398996,16.390105770020043,16.186,1.4586152219225486,1.4225514923001337,1.4243993127561798
final_joint_baseline_44mer,heat_capacity,1,57,351.486,train,0.0680306444661401,0.0670742136889223,0.0063719320686689675,0.01582972770860679,0.02585260403956948,0.010139601037444077,17.59089830199014,16.46502720201908,16.38866666666667,1.459674410254965,1.419820242611283,1.41548141314849
final_joint_baseline_44mer,heat_capacity,1,58,352.891,train,0.0660755749477438,0.06999001500716029,0.009988955407656229,0.014744429628930373,0.029732978424620245,0.011150789007066533,17.764145137240583,16.535808401374283,16.446666666666665,1.454219169118449,1.4172455023991148,1.4141078023371652
final_joint_baseline_44mer,heat_capacity,1,59,354.301,train,0.06554016962223784,0.06522737558397393,0.0074780773707462085,0.015099027778712807,0.0194422712943441,0.008835421527565425,17.849990870914734,16.602422811546965,16.258000000000003,1.4515792398474154,1.4148272723475868,1.4257902326393224
final_joint_baseline_44mer,heat_capacity,1,60,355.717,train,0.06393043752545935,0.054693580234181846,0.006547642115403573,0.0148604413139031,0.027984701674961913,0.009118342233395225,17.95618609640314,16.664890790576038,16.82,1.4478678684382402,1.412563907543389,1.4081516114451857
final_joint_baseline_44mer,heat_capacity,1,61,357.139,train,0.0628320030577528,0.06723764379884722,0.0066553342649973354,0.015516793300051995,0.02314827790129853,0.011401028369602342,17.985555124459857,16.72318494761943,16.554666666666666,1.4474435804149874,1.4104555534611798,1.408448429049839
final_joint_baseline_44mer,heat_capacity,1,62,358.567,train,0.05923484213617331,0.06073317053630917,0.006374185895237814,0.015742395971078477,0.025192095435753056,0.010070269020190956,17.929191771651148,16.777281909390474,16.739333333333335,1.4479398595468786,1.4085022628986121,1.416755554819516
final_joint_baseline_44mer,heat_capacity,1,63,360.0,train,0.0581339975440621,0.05976852547617671,0.007761686384217474,0.015576220698765774,0.02460863960298179,0.00993308009164797,18.00590271438135,16.827128899646183,16.695333333333334,1.448537998438865,1.4067052016936175,1.4022649083876924
final_joint_baseline_44mer,heat_capacity,2,0,280.0,train,0.0554272145684275,0.059726668403600774,0.0024949437576688525,0.018154482000141164,0.020829733835237754,0.008275207755477496,8.984389264195727,8.45334557174684,8.378,1.7330192887155929,1.74994975650975,1.7462492035704371
final_joint_baseline_44mer,heat_capacity,2,1,281.119,train,0.05477880846679787,0.05171790480688831,0.003609055977937377,0.01772405443298958,0.024396037430042948,0.00812237635595304,9.245772472764894,8.601641243811667,8.554666666666666,1.7254357146970922,1.7430817989691079,1.7539993576413944
final_joint_baseline_44mer,heat_capacity,2,2,282.243,train,0.05820627245487862,0.05665160389643614,0.0021295106506177422,0.018082441617078053,0.025692674753172665,0.0055105143691590195,9.307776459132127,8.751365142548494,8.590666666666667,1.7239583652442858,1.7361781898336295,1.7457372486758496
final_joint_baseline_44mer,heat_capacity,2,3,283.371,train,0.06206729991633707,0.07260609229476483,0.004677800715458922,0.017181247619058197,0.023121569702713986,0.01037544142898295,9.5004241220863,8.902341908891824,8.896666666666667,1.7181079388731155,1.7292478019431403,1.7451054106510355
final_joint_baseline_44mer,heat_capacity,2,4,284.504,train,0.06284806117837109,0.06591133009119482,0.003977410067836179,0.0159496881005807,0.020418363724056747,0.007056044306102436,9.659105501795388,9.054659644997908,8.954666666666666,1.7148231530757665,1.7222873537281678,1.7354284317429305
final_joint_baseline_44mer,heat_capacity,2,5,285.641,train,0.06190209161049383,0.07795605163653778,0.005421727616872261,0.015480997592197414,0.022055724572156876,0.010301622475759692,9.834191086969753,9.208134486077084,9.21,1.70995073357408,1.7153059811341542,1.7123820554130411
final_joint_baseline_44mer,heat_capacity,2,6,286.783,train,0.06580876409447989,0.06960427645983039,0.0029154816603750265,0.015986805981181903,0.02307957299017774,0.009784316802793888,10.003320324386829,9.362848083609395,9.476666666666667,1.700945718091396,1.7083006718779261,1.703343030723619
final_joint_baseline_44mer,heat_capacity,2,7,287.929,train,0.06837904208131079,0.08130435089193194,0.005668911098668624,0.015812578228270518,0.018180642356633803,0.007518980230407694,10.215862546406182,9.51860764692708,9.535333333333334,1.6943485754338155,1.7012808210042882,1.6964451932761775
final_joint_baseline_44mer,heat_capacity,2,8,289.08,train,0.07348075907080118,0.08206150789389369,0.0037271761049104722,0.015985729126792383,0.02167506686920414,0.00857441882681527,10.399694936400707,9.675487578900754,9.563333333333333,1.6849675212879243,1.6942437011126987,1.7005446297639006
final_joint_baseline_44mer,heat_capacity,2,9,290.235,train,0.07311448679790719,0.07865286515863833,0.004090303268465736,0.015474557711003376,0.02039723081617894,0.00723465088662022,10.524419922707079,9.833285813556124,9.86,1.681340394793113,1.6871989578377633,1.6816661317271981
final_joint_baseline_44mer,heat_capacity,2,10,291.395,train,0.07123234596339517,0.08252232369018109,0.002306880985261982,0.015934854037423594,0.026168495842290362,0.008310464260634457,10.66035238269125,9.992068751214738,10.038666666666668,1.6777821959555088,1.6801441605084584,1.6822512129906286
final_joint_baseline_44mer,heat_capacity,2,11,292.56,train,0.0725780999653572,0.06762752705847122,0.003224739633985189,0.01594571183111288,0.022596587542207718,0.008516292287286462,10.742928001947536,10.151761963959135,10.331999999999999,1.6731364718597481,1.6730831415732743,1.6737617973819372
final_joint_baseline_44mer,heat_capacity,2,12,293.729,train,0.07153266573567718,0.07614492730486074,0.00399306953246038,0.01580013827195998,0.0193841073785841,0.007259071077886931,10.807456941147832,10.312148972422406,10.307333333333336,1.6738479584546968,1.6660258985426586,1.6680842511003124
final_joint_baseline_44mer,heat_capacity,2,13,294.903,train,0.07086943878228037,0.07531048059852785,0.0035336953212225758,0.015979833170545365,0.01931598493619966,0.0065444928110416235,10.913218154707565,10.473282852131435,10.516,1.6724701711734125,1.6589704616599394,1.6598348202484317
final_joint_baseline_44mer,heat_capacity,2,14,296.082,train,0.07469922386695522,0.07588522268949217,0.003113632964709662,0.017881497159264355,0.02390798069390332,0.007461778246426954,11.137181242772805,10.635074753474072,10.549333333333333,1.665708368001392,1.6519210674658997,1.6529323334945158
final_joint_baseline_44mer,heat_capacity,2,15,297.266,train,0.07425682006663592,0.0736677540989507,0.006128220000858186,0.017421888876943417,0.028462470266514845,0.009396265081063837,11.28130401375449,10.797430865078706,10.572000000000001,1.6584518174231966,1.6448820821436618,1.6642794971567156
final_joint_baseline_44mer,heat_capacity,2,16,298.454,train,0.07463434031652152,0.07383363173595334,0.0034979922363828604,0.01511441341213573,0.026118683794482518,0.009397503109173509,11.462236397662954,10.960115599335179,11.011333333333333,1.653061674629598,1.6378638832363879,1.6393052894554714
final_joint_baseline_44mer,heat_capacity,2,17,299.647,train,0.07512302780570491,0.07983918129570969,0.00395395234118039,0.015676501524097983,0.019945816053685776,0.006745414070348945,11.609464579149169,11.123162717690747,11.176666666666666,1.6439808387239871,1.630865103903865,1.625725888563063
final_joint_baseline_44mer,heat_capacity,2,18,300.845,train,0.07891453217133033,0.089735258443191,0.005855625493069522,0.01535957407093614,0.0205177133410963,0.007801120050525289,11.843582253058244,11.286463962565211,11.356000000000002,1.6384022936673557,1.6238904480672989,1.6189170235864
final_joint_baseline_44mer,heat_capacity,2,19,302.047,train,0.08067031881431347,0.076048326272221,0.004907371317042835,0.01569407360361449,0.021198219973776817,0.007256807972653679,12.03045767147465,11.44977075562559,11.297333333333334,1.6302856790997862,1.616950466575303,1.6230415494256827
final_joint_baseline_44mer,heat_capacity,2,20,303.254,train,0.08259720547041577,0.0906568488002096,0.0036789694586061615,0.015480351794863376,0.02531978941088956,0.009322868975984354,12.269134182338263,11.61310235590916,11.501999999999999,1.6206763978222538,1.610044193930448,1.6155652480401206
final_joint_baseline_44mer,heat_capacity,2,21,304.467,train,0.08128898903604681,0.09231349049248347,0.004196829800684603,0.013657243163609714,0.016870773934274948,0.007738689860841101,12.378670272655349,11.776471498476127,11.799999999999999,1.611008910967524,1.6031709479064684,1.600644726561311
final_joint_baseline_44mer,heat_capacity,2,22,305.683,train,0.08396692742592812,0.08984517160485765,0.003310112678214122,0.013792942472957394,0.015688822047585767,0.006315468243454558,12.575666042845839,11.93934948721055,11.867333333333333,1.6024266517823778,1.5963526585351844,1.6046061665846008
final_joint_baseline_44mer,heat_capacity,2,23,306.905,train,0.08220081881280264,0.09820694083282602,0.0061004490428316445,0.013353574960283762,0.02106563288261362,0.00622262297137199,12.589017710425416,12.102009782758449,12.034666666666668,1.6065431646433592,1.5895774804023906,1.5977548870699456
final_joint_baseline_44mer,heat_capacity,2,24,308.132,train,0.0767878220636166,0.08426426953443905,0.006259335245854416,0.014088557217215206,0.0224974420717678,0.007075153858867658,12.680625798794962,12.2641850202194,12.455333333333334,1.6048980912246824,1.5828561512808983,1.5700559670565342
final_joint_baseline_44mer,heat_capacity,2,25,309.364,train,0.07794253457896033,0.07469980691963038,0.003258438621106306,0.014615791735358617,0.020837410660663615,0.006552974187038277,12.839442212890269,12.425739024735673,12.213333333333335,1.602065164513469,1.5761937894727105,1.5818308889871817
final_joint_baseline_44mer,heat_capacity,2,26,310.6,train,0.07274181934139937,0.07460671239183346,0.003064207539454613,0.015835399389376913,0.02369342831453332,0.006787696220044839,12.760165616821862,12.586403499622662,12.635333333333334,1.6043305868470101,1.5696008107963473,1.5617011284607614
final_joint_baseline_44mer,heat_capacity,2,27,311.842,train,0.07331152665015384,0.0949327926149201,0.005096031283460466,0.016017363410389555,0.02014331722121863,0.009683031456068341,12.944969113261518,12.746297283815814,12.697999999999999,1.5958195529076442,1.5630716480702194,1.5691631345984283
final_joint_baseline_44mer,heat_capacity,2,28,313.088,train,0.07698126604716601,0.08011162998029597,0.004668971633615109,0.016583231457018906,0.02308242482218161,0.009502399943965453,13.29451341975534,12.905020055519435,13.012,1.5835136685075968,1.5566218788864925,1.5439272229133454
final_joint_baseline_44mer,heat_capacity,2,29,314.34,train,0.07312586705265596,0.09109286942807762,0.005024234786881513,0.014147523917767236,0.019514109918272862,0.007335786218157702,13.48962745724545,13.062682245485973,12.946000000000002,1.5730841481092992,1.5502461681705957,1.5524702974113789
final_joint_baseline_44mer,heat_capacity,2,30,315.596,train,0.07428883077733517,0.08612331288302248,0.006643513959678026,0.014545547330480536,0.020101869722735612,0.00710627396991669,13.672765276002677,13.218886939353336,13.232,1.567634268012788,1.5439596462991445,1.5532570067971843
final_joint_baseline_44mer,heat_capacity,2,31,316.858,train,0.07410971971338678,0.08708300444166281,0.004114505448877854,0.014420737393465041,0.022296784812171823,0.00738473492213281,13.829060921429004,13.373737342935826,13.224,1.5631233357800103,1.5377571675467974,1.5457979061014409
final_joint_baseline_44mer,heat_capacity,2,32,318.124,train,0.07437033562229042,0.0831966653303306,0.003628966156542896,0.014373636482712147,0.02088976824212315,0.007287602997496855,14.070463605380073,13.52684285144316,13.434000000000001,1.558760215078798,1.5316533203460314,1.5296929969507225
final_joint_baseline_44mer,heat_capacity,2,33,319.396,train,0.07877089915056024,0.09453756870180613,0.004031487111184205,0.014884510093412807,0.021801450046427452,0.0068868767656664436,14.099472795325909,13.678300729330875,13.8,1.560315682543106,1.5256431067144562,1.524639598067275
final_joint_baseline_44mer,heat_capacity,2,34,320.672,train,0.08051203812594962,0.08982855798483591,0.0039153639284616685,0.01506421448640614,0.02510792929994558,0.00913590488313138,14.246917031830076,13.827729605492255,13.820666666666668,1.5576941339806614,1.519740484511549,1.5229078050273899
final_joint_baseline_44mer,heat_capacity,2,35,321.954,train,0.07783522729916961,0.08230142582648176,0.004172579476568827,0.013828286346770788,0.02229899310723489,0.007656901184423918,14.381535283914552,13.975222104180826,14.224,1.553315696022292,1.5139405657422746,1.4972886597635224
final_joint_baseline_44mer,heat_capacity,2,36,323.241,train,0.07947106094878792,0.08208954557813483,0.003577215716298457,0.013776011064626482,0.023432120187062602,0.008561762495074449,14.587121903718579,14.120520718491475,14.245333333333333,1.545519977992165,1.508252231428096,1.4979562871655163
final_joint_baseline_44mer,heat_capacity,2,37,324.533,train,0.07572266324524232,0.07178848884293111,0.003034460606895234,0.013472712401999837,0.022433318547402274,0.008599867974384496,14.566468109062138,14.2634887990469,14.163333333333334,1.5455605687236313,1.5026795137147961,1.5036520125828403
final_joint_baseline_44mer,heat_capacity,2,38,325.83,train,0.07851132752226125,0.0808586475514671,0.004869376196939363,0.01362994058461632,0.021278194408779354,0.00863007550961914,14.80466496257075,14.403992901936059,14.538666666666666,1.5404790686617498,1.4972262613105247,1.4882575073115676
final_joint_baseline_44mer,heat_capacity,2,39,327.132,train,0.08030706754254742,0.08357775456083232,0.003784892444881028,0.01573745508527731,0.023741648023575288,0.0074653391665268215,14.926329042663259,14.54190321225531,14.499333333333333,1.543821294173438,1.491896130456339,1.4980275079971928
final_joint_baseline_44mer,heat_capacity,2,40,328.44,train,0.07569034908395066,0.08603496537976578,0.005563386883989864,0.015142898011691514,0.02406736459621694,0.007291276902624482,15.05278513176313,14.677196101244133,14.727333333333334,1.540026443712756,1.4866886529594232,1.4814083635146953
final_joint_baseline_44mer,heat_capacity,2,41,329.753,train,0.07974991136427335,0.1005915736990236,0.005896265610515882,0.016677520715134595,0.020686650238976124,0.00627551150044877,15.265959923315682,14.809642782780987,14.696666666666665,1.5372187904758519,1.4816112335673008,1.4879315592647078
final_joint_baseline_44mer,heat_capacity,2,42,331.071,train,0.07448529161944029,0.08707451385345613,0.0043692648087886275,0.017804356388515775,0.020919006568635636,0.007547507233670017,15.465113961414396,14.939126311870083,14.741333333333333,1.5314127841504375,1.4766669165845459,1.4842530097544995
final_joint_baseline_44mer,heat_capacity,2,43,332.394,train,0.07915939023668714,0.08567373637171052,0.00582724290052211,0.01776738737718335,0.025337364399494872,0.009317457786754201,15.650857373257864,15.065534714971182,14.887333333333332,1.5244549200868058,1.4718585326867715,1.4860379466704319
final_joint_baseline_44mer,heat_capacity,2,44,333.723,train,0.07586809614502214,0.08234653589723101,0.004755349708148814,0.018850041033464385,0.028011593659322848,0.006710507728894408,15.79094470817357,15.188852612792223,15.188,1.5161238639190366,1.4671852406253307,1.4685175453150399
final_joint_baseline_44mer,heat_capacity,2,45,335.057,train,0.07508815928104856,0.08070344804202535,0.004858683624434689,0.018204159695785992,0.02084822117730612,0.00915197200172154,15.881811058365287,15.308881546944269,15.46,1.5139679599741689,1.462653137608421,1.4580334637766992
final_joint_baseline_44mer,heat_capacity,2,46,336.396,train,0.07637062538791389,0.06878200352297419,0.005745093245688266,0.01780939829081579,0.026342870318717397,0.009790024824039005,15.95942996470087,15.425525513875437,15.354,1.5107176380054235,1.4582644141890653,1.467567089130331
final_joint_baseline_44mer,heat_capacity,2,47,337.741,train,0.07636027466235146,0.0807796551954285,0.003885472522792203,0.017790652610208887,0.02090291087297757,0.007692900765689226,16.191268790700505,15.538776893025199,15.545333333333332,1.5031807816212521,1.4540179536041566,1.4648907120171157
final_joint_baseline_44mer,heat_capacity,2,48,339.091,train,0.07216919128261665,0.06817408222816856,0.0029043150177325665,0.016659200674699608,0.03051774132883317,0.008877582698190271,16.2934658572211,15.648462364718837,15.724666666666668,1.4997236766808852,1.4499188688141458,1.4446895720899355
final_joint_baseline_44mer,heat_capacity,2,49,340.446,train,0.07206999096815171,0.07720236560420143,0.006454140768759815,0.016427599339888542,0.019030731636398637,0.00900614859887153,16.485230661554375,15.754502916036166,15.777333333333331,1.4953283897396434,1.4459687338110028,1.4560117915867095
final_joint_baseline_44mer,heat_capacity,2,50,341.807,train,0.07519558264770347,0.06528726209344095,0.005501274293684586,0.016990716159661766,0.02085336393714993,0.007655374104155685,16.691355897389087,15.856898989051913,15.943333333333332,1.4903387932207046,1.4421661944069064,1.4405336764901902
final_joint_baseline_44mer,heat_capacity,2,51,343.173,train,0.06817981441377416,0.0683226878049716,0.00663200074402349,0.015361753760458587,0.0224079828814171,0.006726571869838505,16.85042336132919,15.955503159734604,16.175333333333334,1.4792115717588992,1.4385154179968698,1.4418419202155237
final_joint_baseline_44mer,heat_capacity,2,52,344.545,train,0.0690302815908777,0.06470509076543203,0.0067204241638363985,0.01508150427202503,0.023242226161583474,0.010066001866195048,17.108302522670563,16.050320963847653,15.878666666666668,1.4707794216938925,1.43501492512449,1.4430410835230856
final_joint_baseline_44mer,heat_capacity,2,53,345.922,train,0.06483104335710717,0.06696366128792497,0.005453814509288767,0.01461297076818674,0.023362140719898963,0.008246027655957604,17.151692684559674,16.14122212735106,15.913999999999998,1.4674249423764787,1.4316682883371885,1.433545295226645
final_joint_baseline_44mer,heat_capacity,2,54,347.305,train,0.06876764135765605,0.0696429788266163,0.0073914240414787785,0.015908521922230322,0.019151555459331247,0.007551243361473234,17.198451478911814,16.228216852570945,16.325333333333333,1.4707388309624263,1.4284739345523891,1.4240012847920778
final_joint_baseline_44mer,heat_capacity,2,55,348.693,train,0.06783698070521572,0.06725542450021774,0.00755401010649648,0.015096067718511571,0.022806753119489348,0.0070986283002455386,17.365968291643842,16.311191665188833,16.523333333333333,1.46534792230597,1.4254348765232294,1.4183600092649684
final_joint_baseline_44mer,heat_capacity,2,56,350.086,train,0.07004067556763044,0.06268617153076841,0.005933044538530701,0.014927562120025549,0.02141776147924055,0.007552035786774679,17.642026124398996,16.390105770020043,16.241999999999997,1.4586152219225486,1.4225514923001337,1.4274902473441402
final_joint_baseline_44mer,heat_capacity,2,57,351.486,train,0.0680306444661401,0.07257027649909939,0.007652534190215063,0.01582972770860679,0.022118122208480705,0.009200171288656895,17.59089830199014,16.46502720201908,16.318666666666665,1.459674410254965,1.419820242611283,1.4265858887170448
final_joint_baseline_44mer,heat_capacity,2,58,352.891,train,0.0660755749477438,0.07399297619601247,0.008000671021391613,0.014744429628930373,0.024385674683815237,0.009944783909842683,17.764145137240583,16.535808401374283,16.478666666666665,1.454219169118449,1.4172455023991148,1.4148344734270972
final_joint_baseline_44mer,heat_capacity,2,59,354.301,train,0.06554016962223784,0.07103757133577203,0.011044210998850935,0.015099027778712807,0.024457326239127233,0.00866524612308738,17.849990870914734,16.602422811546965,16.456666666666667,1.4515792398474154,1.4148272723475868,1.4087412052670945
final_joint_baseline_44mer,heat_capacity,2,60,355.717,train,0.06393043752545935,0.06187417777029046,0.00854818612621596,0.0148604413139031,0.019865211969993073,0.008398465652294972,17.95618609640314,16.664890790576038,16.884666666666668,1.4478678684382402,1.412563907543389,1.4063509592683188
final_joint_baseline_44mer,heat_capacity,2,61,357.139,train,0.0628320030577528,0.06200466695403811,0.006814256437375221,0.015516793300051995,0.02407514866317014,0.006848154925408738,17.985555124459857,16.72318494761943,16.947333333333333,1.4474435804149874,1.4104555534611798,1.4005782089753158
final_joint_baseline_44mer,heat_capacity,2,62,358.567,train,0.05923484213617331,0.054880699535061084,0.005605841784205449,0.015742395971078477,0.023535343829467655,0.007978680270131398,17.929191771651148,16.777281909390474,16.94466666666667,1.4479398595468786,1.4085022628986121,1.407686921322823
final_joint_baseline_44mer,heat_capacity,2,63,360.0,train,0.0581339975440621,0.05960253358355466,0.008282499383824046,0.015576220698765774,0.025063704610622267,0.009693245284929514,18.00590271438135,16.827128899646183,16.93933333333333,1.448537998438865,1.4067052016936175,1.4032422658914707
final_joint_baseline_44mer,heat_capacity,3,0,280.0,train,0.0554272145684275,0.05570032411418192,0.004076572208363549,0.018154482000141164,0.02164311585245587,0.009932801869723114,8.984389264195727,8.45334557174684,8.597333333333331,1.7330192887155929,1.74994975650975,1.7457776326076995
final_joint_baseline_44mer,heat_capacity,3,1,281.119,train,0.05477880846679787,0.06253805798990196,0.004443324736828095,0.01772405443298958,0.027394549804483907,0.007643225517758469,9.245772472764894,8.601641243811667,8.819333333333333,1.7254357146970922,1.7430817989691079,1.7429149075675392
final_joint_baseline_44mer,heat_capacity,3,2,282.243,train,0.05820627245487862,0.06206061870516835,0.0036383806780613797,0.018082441617078053,0.02352238249732799,0.009091398077378467,9.307776459132127,8.751365142548494,8.677333333333333,1.7239583652442858,1.7361781898336295,1.7457395033800966
final_joint_baseline_44mer,heat_capacity,3,3,283.371,train,0.06206729991633707,0.0712925912080985,0.0043398203024023994,0.017181247619058197,0.02781127267629868,0.008956391927568565,9.5004241220863,8.902341908891824,9.051333333333334,1.7181079388731155,1.7292478019431403,1.7224903587291434
final_joint_baseline_44mer,heat_capacity,3,4,284.504,train,0.06284806117837109,0.053472903688945,0.002697125869499639,0.0159496881005807,0.019508900369527366,0.008522978067514092,9.659105501795388,9.054659644997908,9.076,1.7148231530757665,1.7222873537281678,1.719108149955516
final_joint_baseline_44mer,heat_capacity,3,5,285.641,train,0.06190209161049383,0.07167595700044734,0.005401021389068538,0.015480997592197414,0.02515280947352616,0.006122273576025373,9.834191086969753,9.208134486077084,9.148,1.70995073357408,1.7153059811341542,1.7273189473452324
final_joint_baseline_44mer,heat_capacity,3,6,286.783,train,0.06580876409447989,0.07000812023736161,0.00518165021856536,0.015986805981181903,0.019922571697445837,0.007609510303031734,10.003320324386829,9.362848083609395,9.307333333333332,1.700945718091396,1.7083006718779261,1.7032033096417163
final_joint_baseline_44mer,heat_capacity,3,7,287.929,train,0.06837904208131079,0.0735995698639236,0.004068449516643962,0.015812578228270518,0.02874575151100061,0.009061035281480369,10.215862546406182,9.51860764692708,9.362,1.6943485754338155,1.7012808210042882,1.7034128442928522
final_joint_baseline_44mer,heat_capacity,3,8,289.08,train,0.07348075907080118,0.07216313294718715,0.0028358479976390944,0.015985729126792383,0.020208049215396498,0.007233663571697902,10.399694936400707,9.675487578900754,9.556000000000001,1.6849675212879243,1.6942437011126987,1.6922413145889577
final_joint_baseline_44mer,heat_capacity,3,9,290.235,train,0.07311448679790719,0.08357166038837868,0.004146201875670476,0.015474557711003376,0.015934233538384853,0.006649358783475733,10.524419922707079,9.833285813556124,9.735333333333333,1.681340394793113,1.6871989578377633,1.6986846315201272
final_joint_baseline_44mer,heat_capacity,3,10,291.395,train,0.07123234596339517,0.0784802311238422,0.0043147041010374474,0.015934854037423594,0.022180568786031946,0.007129526412586193,10.66035238269125,9.992068751214738,10.0,1.6777821959555088,1.6801441605084584,1.681237251706402
final_joint_baseline_44mer,heat_capacity,3,11,292.56,train,0.0725780999653572,0.07511956150233348,0.0038082913129397567,0.01594571183111288,0.019421964892038276,0.00638584705707943,10.742928001947536,10.151761963959135,10.119333333333334,1.6731364718597481,1.6730831415732743,1.6707157147446872
final_joint_baseline_44mer,heat_capacity,3,12,293.729,train,0.07153266573567718,0.07464471463750019,0.0042547356290235415,0.01580013827195998,0.020946325003721542,0.007788823759421122,10.807456941147832,10.312148972422406,10.156,1.6738479584546968,1.6660258985426586,1.66576322605024
final_joint_baseline_44mer,heat_capacity,3,13,294.903,train,0.07086943878228037,0.07488142903164995,0.002897647202409092,0.015979833170545365,0.01985723465899479,0.009107404956337946,10.913218154707565,10.473282852131435,10.483333333333334,1.6724701711734125,1.6589704616599394,1.6640115791755576
final_joint_baseline_44mer,heat_capacity,3,14,296.082,train,0.07469922386695522,0.07805438371573238,0.0029938619261551877,0.017881497159264355,0.02267737492093068,0.0064241668573662685,11.137181242772805,10.635074753474072,10.648,1.665708368001392,1.6519210674658997,1.6595230159468572
final_joint_baseline_44mer,heat_capacity,3,15,297.266,train,0.07425682006663592,0.08310825141388384,0.0050896752229024796,0.017421888876943417,0.01998590788052035,0.006542422107914645,11.28130401375449,10.797430865078706,10.784666666666666,1.6584518174231966,1.6448820821436618,1.6571180913062626
final_joint_baseline_44mer,heat_capacity,3,16,298.454,train,0.07463434031652152,0.07765501595778321,0.002983610248026567,0.01511441341213573,0.024120348183806505,0.008053700984527044,11.462236397662954,10.960115599335179,11.042666666666667,1.653061674629598,1.6378638832363879,1.6420287723049296
final_joint_baseline_44mer,heat_capacity,3,17,299.647,train,0.07512302780570491,0.08379102635128269,0.0039036889989213413,0.015676501524097983,0.026300554678350255,0.008803777683532441,11.609464579149169,11.123162717690747,10.890666666666666,1.6439808387239871,1.630865103903865,1.6370722572262086
final_joint_baseline_44mer,heat_capacity,3,18,300.845,train,0.07891453217133033,0.08621685390048152,0.00555422892033869,0.01535957407093614,0.0234443143284521,0.007019485934856424,11.843582253058244,11.286463962565211,11.068000000000001,1.6384022936673557,1.6238904480672989,1.6333233027575282
final_joint_baseline_44mer,heat_capacity,3,19,302.047,train,0.08067031881431347,0.08748434354636063,0.0040276957692690265,0.01569407360361449,0.023658324209347974,0.0082878726144872,12.03045767147465,11.44977075562559,11.448,1.6302856790997862,1.616950466575303,1.6108597718431876
final_joint_baseline_44mer,heat_capacity,3,20,303.254,train,0.08259720547041577,0.08433203001293049,0.006037305618393288,0.015480351794863376,0.01806528025039123,0.0066088240099071004,12.269134182338263,11.61310235590916,11.554666666666668,1.6206763978222538,1.610044193930448,1.6150630388179164
final_joint_baseline_44mer,heat_capacity,3,21,304.467,train,0.08128898903604681,0.07799189658218456,0.004234167215707893,0.013657243163609714,0.018618497288908662,0.007612417777256738,12.378670272655349,11.776471498476127,11.816666666666666,1.611008910967524,1.6031709479064684,1.6085916092564707
final_joint_baseline_44mer,heat_capacity,3,22,305.683,train,0.08396692742592812,0.09992300930268742,0.006152661706029291,0.013792942472957394,0.020215478662257744,0.007083732122785636,12.575666042845839,11.93934948721055,11.701333333333334,1.6024266517823778,1.5963526585351844,1.617995866465395
final_joint_baseline_44mer,heat_capacity,3,23,306.905,train,0.08220081881280264,0.08418247764238504,0.004711569588334572,0.013353574960283762,0.023140875747982882,0.009841511015637489,12.589017710425416,12.102009782758449,11.817333333333334,1.6065431646433592,1.5895774804023906,1.6136418649279878
final_joint_baseline_44mer,heat_capacity,3,24,308.132,train,0.0767878220636166,0.07741522250246524,0.0028994546196267094,0.014088557217215206,0.019513166020397626,0.008647903205787354,12.680625798794962,12.2641850202194,12.332666666666668,1.6048980912246824,1.5828561512808983,1.578019622131761
final_joint_baseline_44mer,heat_capacity,3,25,309.364,train,0.07794253457896033,0.07601152035283397,0.004370363406195267,0.014615791735358617,0.019334955270864866,0.007602669589951905,12.839442212890269,12.425739024735673,12.288,1.602065164513469,1.5761937894727105,1.5828463114450821
final_joint_baseline_44mer,heat_capacity,3,26,310.6,train,0.07274181934139937,0.06917285630853365,0.004593217721909903,0.015835399389376913,0.01776182042223235,0.008342843891500066,12.760165616821862,12.586403499622662,12.654,1.6043305868470101,1.5696008107963473,1.5668657186495645
final_joint_baseline_44mer,heat_capacity,3,27,311.842,train,0.07331152665015384,0.07256711216264403,0.003621799935586,0.016017363410389555,0.019406556594310384,0.0045492440266651545,12.944969113261518,12.746297283815814,12.659333333333333,1.5958195529076442,1.5630716480702194,1.559121673286979
final_joint_baseline_44mer,heat_capacity,3,28,313.088,train,0.07698126604716601,0.07464344882416371,0.002961027765009229,0.016583231457018906,0.022733196188465084,0.006764833394515881,13.29451341975534,12.905020055519435,12.869333333333334,1.5835136685075968,1.5566218788864925,1.5616994254845757
final_joint_baseline_44mer,heat_capacity,3,29,314.34,train,0.07312586705265596,0.07295553938418758,0.006358588049002592,0.014147523917767236,0.01928372824942178,0.006750422323789795,13.48962745724545,13.062682245485973,12.838666666666668,1.5730841481092992,1.5502461681705957,1.5570931838966287
final_joint_baseline_44mer,heat_capacity,3,30,315.596,train,0.07428883077733517,0.07446556298467785,0.0054586958419535914,0.014545547330480536,0.02207744916295112,0.00899298793811813,13.672765276002677,13.218886939353336,13.122,1.567634268012788,1.5439596462991445,1.555372683949146
final_joint_baseline_44mer,heat_capacity,3,31,316.858,train,0.07410971971338678,0.08628803861731926,0.003373727941564163,0.014420737393465041,0.024142058253153197,0.010205065334306838,13.829060921429004,13.373737342935826,13.292000000000002,1.5631233357800103,1.5377571675467974,1.532680086810873
final_joint_baseline_44mer,heat_capacity,3,32,318.124,train,0.07437033562229042,0.08963991431610022,0.005799863073550878,0.014373636482712147,0.023134162908578913,0.010587239210524372,14.070463605380073,13.52684285144316,13.536666666666667,1.558760215078798,1.5316533203460314,1.535116287909319
final_joint_baseline_44mer,heat_capacity,3,33,319.396,train,0.07877089915056024,0.10029464245286816,0.005788302049980355,0.014884510093412807,0.016954721721512016,0.007173247351683261,14.099472795325909,13.678300729330875,13.527333333333333,1.560315682543106,1.5256431067144562,1.5314262638682787
final_joint_baseline_44mer,heat_capacity,3,34,320.672,train,0.08051203812594962,0.09259160725208537,0.0034019087692245126,0.01506421448640614,0.021811419044825586,0.008841356500193982,14.246917031830076,13.827729605492255,13.994666666666667,1.5576941339806614,1.519740484511549,1.5181157220379742
final_joint_baseline_44mer,heat_capacity,3,35,321.954,train,0.07783522729916961,0.09317947068710344,0.003770313072356095,0.013828286346770788,0.018250712225568975,0.006248928923568729,14.381535283914552,13.975222104180826,14.003333333333334,1.553315696022292,1.5139405657422746,1.514904301117656
final_joint_baseline_44mer,heat_capacity,3,36,323.241,train,0.07947106094878792,0.08426700432823371,0.004818979269996606,0.013776011064626482,0.023711800632742357,0.008745406105349279,14.587121903718579,14.120520718491475,13.929333333333332,1.545519977992165,1.508252231428096,1.5182580503953942
final_joint_baseline_44mer,heat_capacity,3,37,324.533,train,0.07572266324524232,0.08533673944952946,0.0060193305623729935,0.013472712401999837,0.020401567957461772,0.008811775017169624,14.566468109062138,14.2634887990469,14.327333333333335,1.5455605687236313,1.5026795137147961,1.508364785022149
final_joint_baseline_44mer,heat_capacity,3,38,325.83,train,0.07851132752226125,0.08765424875954943,0.006191140557088305,0.01362994058461632,0.020995926905514918,0.005872459699794354,14.80466496257075,14.403992901936059,14.362666666666666,1.5404790686617498,1.4972262613105247,1.4981030154649149
final_joint_baseline_44mer,heat_capacity,3,39,327.132,train,0.08030706754254742,0.0840267658140376,0.005157080866532911,0.01573745508527731,0.021504890860130677,0.006918556695411644,14.926329042663259,14.54190321225531,14.583333333333332,1.543821294173438,1.491896130456339,1.491834739749851
final_joint_baseline_44mer,heat_capacity,3,40,328.44,train,0.07569034908395066,0.07696063509526307,0.004192524513210748,0.015142898011691514,0.022970678150761713,0.009875354497209438,15.05278513176313,14.677196101244133,14.702,1.540026443712756,1.4866886529594232,1.4972811346703847
final_joint_baseline_44mer,heat_capacity,3,41,329.753,train,0.07974991136427335,0.08885510065462346,0.005627847112266114,0.016677520715134595,0.026065271926218173,0.007601278724660602,15.265959923315682,14.809642782780987,14.924666666666669,1.5372187904758519,1.4816112335673008,1.478832685920125
final_joint_baseline_44mer,heat_capacity,3,42,331.071,train,0.07448529161944029,0.08311626950167525,0.003285092017147661,0.017804356388515775,0.02231824487011428,0.009445064467414475,15.465113961414396,14.939126311870083,14.709333333333333,1.5314127841504375,1.4766669165845459,1.4901973301971783
final_joint_baseline_44mer,heat_capacity,3,43,332.394,train,0.07915939023668714,0.07978804635819525,0.00516455527780123,0.01776738737718335,0.026145276784722348,0.011330529532677935,15.650857373257864,15.065534714971182,14.739999999999998,1.5244549200868058,1.4718585326867715,1.4842615517286122
final_joint_baseline_44mer,heat_capacity,3,44,333.723,train,0.07586809614502214,0.09335821240546059,0.007208203641622145,0.018850041033464385,0.026779903324780537,0.006781002482633234,15.79094470817357,15.188852612792223,15.278666666666666,1.5161238639190366,1.4671852406253307,1.4648737492082327
final_joint_baseline_44mer,heat_capacity,3,45,335.057,train,0.07508815928104856,0.073493864969289,0.0053934409839047365,0.018204159695785992,0.0281933503317459,0.008314883533979509,15.881811058365287,15.308881546944269,15.578666666666667,1.5139679599741689,1.462653137608421,1.4516779332758674
final_joint_baseline_44mer,heat_capacity,3,46,336.396,train,0.07637062538791389,0.08908240838184572,0.0058121596975761036,0.01780939829081579,0.027950572005537085,0.009455262464520142,15.95942996470087,15.425525513875437,15.173333333333332,1.5107176380054235,1.4582644141890653,1.466815802710929
final_joint_baseline_44mer,heat_capacity,3,47,337.741,train,0.07636027466235146,0.08495896893257335,0.005864148678211269,0.017790652610208887,0.0234491895106968,0.00929846002378217,16.191268790700505,15.538776893025199,15.362666666666666,1.5031807816212521,1.4540179536041566,1.4719725568657465
final_joint_baseline_44mer,heat_capacity,3,48,339.091,train,0.07216919128261665,0.0763411796430925,0.006368661929517129,0.016659200674699608,0.024198976677939577,0.0061717050604840765,16.2934658572211,15.648462364718837,15.796666666666667,1.4997236766808852,1.4499188688141458,1.4428637461398095
final_joint_baseline_44mer,heat_capacity,3,49,340.446,train,0.07206999096815171,0.08097337137478584,0.006060976939236372,0.016427599339888542,0.025151048700454322,0.00829334984085469,16.485230661554375,15.754502916036166,15.540000000000001,1.4953283897396434,1.4459687338110028,1.4584258671819885
final_joint_baseline_44mer,heat_capacity,3,50,341.807,train,0.07519558264770347,0.0714246694816919,0.006856606376938712,0.016990716159661766,0.02731502943454118,0.007859563730839236,16.691355897389087,15.856898989051913,15.684,1.4903387932207046,1.4421661944069064,1.4534573639370796
final_joint_baseline_44mer,heat_capacity,3,51,343.173,train,0.06817981441377416,0.06880900390463518,0.008630181201944412,0.015361753760458587,0.025407667251891766,0.008032610160928773,16.85042336132919,15.955503159734604,15.902000000000003,1.4792115717588992,1.4385154179968698,1.4472588337177577
final_joint_baseline_44mer,heat_capacity,3,52,344.545,train,0.0690302815908777,0.0685372104267384,0.005997011365017636,0.01508150427202503,0.01952256164921192,0.00708329273916288,17.108302522670563,16.050320963847653,16.03066666666667,1.4707794216938925,1.43501492512449,1.434765568888893
final_joint_baseline_44mer,heat_capacity,3,53,345.922,train,0.06483104335710717,0.06707485995019041,0.004326719864016246,0.01461297076818674,0.022230963747189688,0.00790114830851567,17.151692684559674,16.14122212735106,16.25266666666667,1.4674249423764787,1.4316682883371885,1.4306871728673665
final_joint_baseline_44mer,heat_capacity,3,54,347.305,train,0.06876764135765605,0.06556481226905746,0.005035631101433626,0.015908521922230322,0.022859201485266448,0.006333313312584795,17.198451478911814,16.228216852570945,16.047333333333334,1.4707388309624263,1.4284739345523891,1.4331999950970231
final_joint_baseline_44mer,heat_capacity,3,55,348.693,train,0.06783698070521572,0.06422192180499331,0.004630161238949498,0.015096067718511571,0.02626512921098566,0.009754743196725632,17.365968291643842,16.311191665188833,16.33,1.46534792230597,1.4254348765232294,1.429584280007504
final_joint_baseline_44mer,heat_capacity,3,56,350.086,train,0.07004067556763044,0.07270867820191199,0.006515550088534219,0.014927562120025549,0.0220543070336297,0.007207639666026378,17.642026124398996,16.390105770020043,16.152,1.4586152219225486,1.4225514923001337,1.4261081972513416
final_joint_baseline_44mer,heat_capacity,3,57,351.486,train,0.0680306444661401,0.06431119264986625,0.006673819858748233,0.01582972770860679,0.026754554647811606,0.0087154174138681,17.59089830199014,16.46502720201908,16.57333333333333,1.459674410254965,1.419820242611283,1.4154280965697297
final_joint_baseline_44mer,heat_capacity,3,58,352.891,train,0.0660755749477438,0.061234407036266404,0.005138690892097436,0.014744429628930373,0.021311996587987093,0.008136844509482995,17.764145137240583,16.535808401374283,16.456000000000003,1.454219169118449,1.4172455023991148,1.4152849838465853
final_joint_baseline_44mer,heat_capacity,3,59,354.301,train,0.06554016962223784,0.0666376153784808,0.007480928702528608,0.015099027778712807,0.02208690878074518,0.007036497742230324,17.849990870914734,16.602422811546965,16.569333333333333,1.4515792398474154,1.4148272723475868,1.4131342419468411
final_joint_baseline_44mer,heat_capacity,3,60,355.717,train,0.06393043752545935,0.05226938910465703,0.008679969570398153,0.0148604413139031,0.021881437702162075,0.008570975432433025,17.95618609640314,16.664890790576038,16.75133333333333,1.4478678684382402,1.412563907543389,1.4148632394908058
final_joint_baseline_44mer,heat_capacity,3,61,357.139,train,0.0628320030577528,0.05850327489083738,0.006414527633748996,0.015516793300051995,0.02370514480664835,0.006946338065059791,17.985555124459857,16.72318494761943,16.739333333333335,1.4474435804149874,1.4104555534611798,1.4074654129585729
final_joint_baseline_44mer,heat_capacity,3,62,358.567,train,0.05923484213617331,0.06315828553080988,0.005775945881875161,0.015742395971078477,0.01952117448775577,0.008310846467065917,17.929191771651148,16.777281909390474,16.695999999999998,1.4479398595468786,1.4085022628986121,1.4060577479851564
final_joint_baseline_44mer,heat_capacity,3,63,360.0,train,0.0581339975440621,0.05795037908789413,0.0063233726286204325,0.015576220698765774,0.016291209035838965,0.009333799624451427,18.00590271438135,16.827128899646183,16.552000000000003,1.448537998438865,1.4067052016936175,1.4277788257981776
final_joint_baseline_44mer,heat_capacity,4,0,280.0,train,0.0554272145684275,0.06073044184639231,0.005014624409109323,0.018154482000141164,0.024526279274568248,0.006739722967998354,8.984389264195727,8.45334557174684,8.417333333333332,1.7330192887155929,1.74994975650975,1.7552823439521015
final_joint_baseline_44mer,heat_capacity,4,1,281.119,train,0.05477880846679787,0.058478386845088645,0.003732942873585111,0.01772405443298958,0.017068755369133267,0.007927648007104006,9.245772472764894,8.601641243811667,8.794,1.7254357146970922,1.7430817989691079,1.729501388373611
final_joint_baseline_44mer,heat_capacity,4,2,282.243,train,0.05820627245487862,0.06922842038524682,0.003781496235463662,0.018082441617078053,0.022542651762218126,0.008358665856373126,9.307776459132127,8.751365142548494,8.796666666666667,1.7239583652442858,1.7361781898336295,1.725308590354779
final_joint_baseline_44mer,heat_capacity,4,3,283.371,train,0.06206729991633707,0.064488663101955,0.0025913488882008725,0.017181247619058197,0.020954073044649274,0.006075589310786355,9.5004241220863,8.902341908891824,8.942666666666666,1.7181079388731155,1.7292478019431403,1.7253844043636808
final_joint_baseline_44mer,heat_capacity,4,4,284.504,train,0.06284806117837109,0.06840044225520604,0.0035637580761804224,0.0159496881005807,0.022679306048526353,0.008271700261977405,9.659105501795388,9.054659644997908,9.098666666666666,1.7148231530757665,1.7222873537281678,1.7140228153857269
final_joint_baseline_44mer,heat_capacity,4,5,285.641,train,0.06190209161049383,0.07248022079337338,0.0030012604905213904,0.015480997592197414,0.02062314026198657,0.006793863930761372,9.834191086969753,9.208134486077084,9.366,1.70995073357408,1.7153059811341542,1.7029095416392885
final_joint_baseline_44mer,heat_capacity,4,6,286.783,train,0.06580876409447989,0.06742193900374246,0.0034834239817638723,0.015986805981181903,0.019982971967555115,0.008987801644749452,10.003320324386829,9.362848083609395,9.409333333333333,1.700945718091396,1.7083006718779261,1.7234296456382385
final_joint_baseline_44mer,heat_capacity,4,7,287.929,train,0.06837904208131079,0.07296224699917077,0.00254275244838135,0.015812578228270518,0.025636580171553097,0.007798526756320501,10.215862546406182,9.51860764692708,9.465333333333334,1.6943485754338155,1.7012808210042882,1.690780061033465
final_joint_baseline_44mer,heat_capacity,4,8,289.08,train,0.07348075907080118,0.08440682052842735,0.0036601823765637746,0.015985729126792383,0.019883604893729097,0.00702608605348197,10.399694936400707,9.675487578900754,9.581333333333333,1.6849675212879243,1.6942437011126987,1.6907599523069905
final_joint_baseline_44mer,heat_capacity,4,9,290.235,train,0.07311448679790719,0.07660822808807669,0.0027567699620677476,0.015474557711003376,0.01848527043391278,0.00716915706662065,10.524419922707079,9.833285813556124,9.886666666666668,1.681340394793113,1.6871989578377633,1.6898407912179156
final_joint_baseline_44mer,heat_capacity,4,10,291.395,train,0.07123234596339517,0.06907249423367318,0.004140696517061004,0.015934854037423594,0.01910842501906191,0.0076015274143553194,10.66035238269125,9.992068751214738,9.772666666666666,1.6777821959555088,1.6801441605084584,1.689723098005601
final_joint_baseline_44mer,heat_capacity,4,11,292.56,train,0.0725780999653572,0.08239148163816816,0.0028107898388489453,0.01594571183111288,0.025612563188711114,0.008613658322056607,10.742928001947536,10.151761963959135,10.074,1.6731364718597481,1.6730831415732743,1.6790000447813618
final_joint_baseline_44mer,heat_capacity,4,12,293.729,train,0.07153266573567718,0.0941845055942585,0.006054341719667826,0.01580013827195998,0.02035420959669152,0.011907632545302122,10.807456941147832,10.312148972422406,10.364,1.6738479584546968,1.6660258985426586,1.6715721801768477
final_joint_baseline_44mer,heat_capacity,4,13,294.903,train,0.07086943878228037,0.07549896969783268,0.005955717981295196,0.015979833170545365,0.025330204945054363,0.009251260506141095,10.913218154707565,10.473282852131435,10.385333333333334,1.6724701711734125,1.6589704616599394,1.668644280864375
final_joint_baseline_44mer,heat_capacity,4,14,296.082,train,0.07469922386695522,0.07281077785248961,0.005555498129669967,0.017881497159264355,0.025396153384650413,0.007790544145339661,11.137181242772805,10.635074753474072,10.595333333333333,1.665708368001392,1.6519210674658997,1.6444557812459526
final_joint_baseline_44mer,heat_capacity,4,15,297.266,train,0.07425682006663592,0.08374585416318459,0.004340281458729544,0.017421888876943417,0.02214589632641257,0.007179034057772019,11.28130401375449,10.797430865078706,10.623333333333333,1.6584518174231966,1.6448820821436618,1.662464512612917
final_joint_baseline_44mer,heat_capacity,4,16,298.454,train,0.07463434031652152,0.07783223986157317,0.003949732394718136,0.01511441341213573,0.022250036185822428,0.009789165142537118,11.462236397662954,10.960115599335179,11.315333333333335,1.653061674629598,1.6378638832363879,1.6147367595351003
final_joint_baseline_44mer,heat_capacity,4,17,299.647,train,0.07512302780570491,0.07395199009388681,0.003776469424042553,0.015676501524097983,0.02072585432362173,0.008449725312968177,11.609464579149169,11.123162717690747,11.065333333333335,1.6439808387239871,1.630865103903865,1.6482588539752665
final_joint_baseline_44mer,heat_capacity,4,18,300.845,train,0.07891453217133033,0.08471618680158136,0.004727077092515544,0.01535957407093614,0.02285234808091586,0.006923469961363813,11.843582253058244,11.286463962565211,11.467333333333332,1.6384022936673557,1.6238904480672989,1.6175122925410677
final_joint_baseline_44mer,heat_capacity,4,19,302.047,train,0.08067031881431347,0.09276513137685494,0.005758363155217552,0.01569407360361449,0.02272344907016083,0.007862227254201961,12.03045767147465,11.44977075562559,11.289333333333333,1.6302856790997862,1.616950466575303,1.6189617409447628
final_joint_baseline_44mer,heat_capacity,4,20,303.254,train,0.08259720547041577,0.095645917472851,0.003938770328166444,0.015480351794863376,0.021701020360530746,0.005768476735297279,12.269134182338263,11.61310235590916,11.382666666666665,1.6206763978222538,1.610044193930448,1.614962882217779
final_joint_baseline_44mer,heat_capacity,4,21,304.467,train,0.08128898903604681,0.08733697060206494,0.005014300955254943,0.013657243163609714,0.021224247687941813,0.008703274509811319,12.378670272655349,11.776471498476127,11.645333333333333,1.611008910967524,1.6031709479064684,1.6100417523318884
final_joint_baseline_44mer,heat_capacity,4,22,305.683,train,0.08396692742592812,0.0816798906237377,0.0020908929278816535,0.013792942472957394,0.020577713640145535,0.007927422296545469,12.575666042845839,11.93934948721055,11.942,1.6024266517823778,1.5963526585351844,1.5906622329621332
final_joint_baseline_44mer,heat_capacity,4,23,306.905,train,0.08220081881280264,0.08080031358982154,0.0038334360273866337,0.013353574960283762,0.020521204959746433,0.007806114905262988,12.589017710425416,12.102009782758449,11.954,1.6065431646433592,1.5895774804023906,1.5861744003644613
final_joint_baseline_44mer,heat_capacity,4,24,308.132,train,0.0767878220636166,0.08849076755219389,0.006267776443600861,0.014088557217215206,0.018673787096434677,0.007172024144071428,12.680625798794962,12.2641850202194,12.123999999999999,1.6048980912246824,1.5828561512808983,1.5967990547252873
final_joint_baseline_44mer,heat_capacity,4,25,309.364,train,0.07794253457896033,0.07481777070815226,0.0037868427777098127,0.014615791735358617,0.02261038130622315,0.00833021177154834,12.839442212890269,12.425739024735673,12.568000000000001,1.602065164513469,1.5761937894727105,1.5664709828848573
final_joint_baseline_44mer,heat_capacity,4,26,310.6,train,0.07274181934139937,0.07501599698511585,0.0043031315822597924,0.015835399389376913,0.022753723163184435,0.008039475009916312,12.760165616821862,12.586403499622662,12.657333333333334,1.6043305868470101,1.5696008107963473,1.570717456734638
final_joint_baseline_44mer,heat_capacity,4,27,311.842,train,0.07331152665015384,0.08626749373364488,0.0050051063279724795,0.016017363410389555,0.021161257356981527,0.007272689391049672,12.944969113261518,12.746297283815814,12.767999999999999,1.5958195529076442,1.5630716480702194,1.5728367929833649
final_joint_baseline_44mer,heat_capacity,4,28,313.088,train,0.07698126604716601,0.07630324824460263,0.005156856358177139,0.016583231457018906,0.025700330536431545,0.008803320265201118,13.29451341975534,12.905020055519435,13.105333333333332,1.5835136685075968,1.5566218788864925,1.5380398642618456
final_joint_baseline_44mer,heat_capacity,4,29,314.34,train,0.07312586705265596,0.08719438271636279,0.004675161650851926,0.014147523917767236,0.02148639028157694,0.0066855624351070154,13.48962745724545,13.062682245485973,12.927333333333333,1.5730841481092992,1.5502461681705957,1.5477194162416015
final_joint_baseline_44mer,heat_capacity,4,30,315.596,train,0.07428883077733517,0.08214506223654297,0.004310428900718109,0.014545547330480536,0.019848223333799535,0.006892606354902664,13.672765276002677,13.218886939353336,13.277333333333333,1.567634268012788,1.5439596462991445,1.5406891918589267
final_joint_baseline_44mer,heat_capacity,4,31,316.858,train,0.07410971971338678,0.07155951692316176,0.004184798750437747,0.014420737393465041,0.01625203756842108,0.007335568666464929,13.829060921429004,13.373737342935826,13.251333333333335,1.5631233357800103,1.5377571675467974,1.5421936605609652
final_joint_baseline_44mer,heat_capacity,4,32,318.124,train,0.07437033562229042,0.09274152960179598,0.005778526740335998,0.014373636482712147,0.02254262759866249,0.008388203895681387,14.070463605380073,13.52684285144316,13.395333333333333,1.558760215078798,1.5316533203460314,1.5453573021442806
final_joint_baseline_44mer,heat_capacity,4,33,319.396,train,0.07877089915056024,0.08013716663863296,0.003824151544952625,0.014884510093412807,0.02103248043290626,0.006248412958558471,14.099472795325909,13.678300729330875,13.666666666666664,1.560315682543106,1.5256431067144562,1.5330042416575578
final_joint_baseline_44mer,heat_capacity,4,34,320.672,train,0.08051203812594962,0.08274132114985285,0.005706926124004847,0.01506421448640614,0.022410022011421858,0.005910127390854355,14.246917031830076,13.827729605492255,13.732,1.5576941339806614,1.519740484511549,1.5146728030263403
final_joint_baseline_44mer,heat_capacity,4,35,321.954,train,0.07783522729916961,0.07973354492187411,0.0049984854236401425,0.013828286346770788,0.020148831010853886,0.007489720459291376,14.381535283914552,13.975222104180826,14.008666666666667,1.553315696022292,1.5139405657422746,1.517308346766679
final_joint_baseline_44mer,heat_capacity,4,36,323.241,train,0.07947106094878792,0.08993688846931785,0.007888997562921241,0.013776011064626482,0.01759433945632687,0.0064611040969185535,14.587121903718579,14.120520718491475,13.96,1.545519977992165,1.508252231428096,1.5108609114523497
final_joint_baseline_44mer,heat_capacity,4,37,324.533,train,0.07572266324524232,0.07924656324163776,0.0058911656446858,0.013472712401999837,0.01661823928525969,0.006737930509182682,14.566468109062138,14.2634887990469,14.094,1.5455605687236313,1.5026795137147961,1.5115503663978784
final_joint_baseline_44mer,heat_capacity,4,38,325.83,train,0.07851132752226125,0.07699461629854458,0.00392000428451977,0.01362994058461632,0.021081568276072365,0.006930642637476368,14.80466496257075,14.403992901936059,14.317333333333334,1.5404790686617498,1.4972262613105247,1.496554941803446
final_joint_baseline_44mer,heat_capacity,4,39,327.132,train,0.08030706754254742,0.0825859672466189,0.003511372313088801,0.01573745508527731,0.025100355732512066,0.008905195340369154,14.926329042663259,14.54190321225531,14.414000000000001,1.543821294173438,1.491896130456339,1.500399047318159
final_joint_baseline_44mer,heat_capacity,4,40,328.44,train,0.07569034908395066,0.07551982472386293,0.004174180870242051,0.015142898011691514,0.020102706716422027,0.006619632688698715,15.05278513176313,14.677196101244133,14.918666666666667,1.540026443712756,1.4866886529594232,1.4790641443430437
final_joint_baseline_44mer,heat_capacity,4,41,329.753,train,0.07974991136427335,0.0855698242348969,0.004192333300183329,0.016677520715134595,0.0189227950648126,0.00666661109743576,15.265959923315682,14.809642782780987,14.628,1.5372187904758519,1.4816112335673008,1.4820765174488835
final_joint_baseline_44mer,heat_capacity,4,42,331.071,train,0.07448529161944029,0.07824184579166774,0.006869234165676794,0.017804356388515775,0.02419378039710067,0.006320836811310566,15.465113961414396,14.939126311870083,14.761333333333333,1.5314127841504375,1.4766669165845459,1.47114999429581
final_joint_baseline_44mer,heat_capacity,4,43,332.394,train,0.07915939023668714,0.0829359693263841,0.007850781786772603,0.01776738737718335,0.031153804735339227,0.009840195975425292,15.650857373257864,15.065534714971182,15.148,1.5244549200868058,1.4718585326867715,1.4766946158958227
final_joint_baseline_44mer,heat_capacity,4,44,333.723,train,0.07586809614502214,0.08168784721125591,0.007381503268963421,0.018850041033464385,0.02613501624029528,0.007434760002844759,15.79094470817357,15.188852612792223,15.327333333333334,1.5161238639190366,1.4671852406253307,1.4639713869444997
final_joint_baseline_44mer,heat_capacity,4,45,335.057,train,0.07508815928104856,0.06734273267814263,0.006234611820197821,0.018204159695785992,0.024832541175064782,0.006184716907641624,15.881811058365287,15.308881546944269,15.396,1.5139679599741689,1.462653137608421,1.4638894817243997
final_joint_baseline_44mer,heat_capacity,4,46,336.396,train,0.07637062538791389,0.07760850979024367,0.00678239888726122,0.01780939829081579,0.025859444917352356,0.007792182243240283,15.95942996470087,15.425525513875437,15.213333333333335,1.5107176380054235,1.4582644141890653,1.4593049914492677
final_joint_baseline_44mer,heat_capacity,4,47,337.741,train,0.07636027466235146,0.08582533902045042,0.0046098437397701225,0.017790652610208887,0.017764079525670953,0.007214225933208683,16.191268790700505,15.538776893025199,15.420666666666666,1.5031807816212521,1.4540179536041566,1.4602501948775002
final_joint_baseline_44mer,heat_capacity,4,48,339.091,train,0.07216919128261665,0.07752103390442919,0.008036109164987718,0.016659200674699608,0.025589467808067486,0.006609664585677003,16.2934658572211,15.648462364718837,15.802,1.4997236766808852,1.4499188688141458,1.438188363475723
final_joint_baseline_44mer,heat_capacity,4,49,340.446,train,0.07206999096815171,0.08027403458298299,0.007675879984397976,0.016427599339888542,0.02594609231210924,0.008618364770851334,16.485230661554375,15.754502916036166,15.847333333333331,1.4953283897396434,1.4459687338110028,1.4464276071861564
final_joint_baseline_44mer,heat_capacity,4,50,341.807,train,0.07519558264770347,0.07268184677752026,0.004408013135195301,0.016990716159661766,0.022836106345796317,0.008977310162524623,16.691355897389087,15.856898989051913,15.989999999999998,1.4903387932207046,1.4421661944069064,1.436075738663366
final_joint_baseline_44mer,heat_capacity,4,51,343.173,train,0.06817981441377416,0.07222498463921886,0.006052076692960493,0.015361753760458587,0.020709245111128663,0.007238161058591102,16.85042336132919,15.955503159734604,16.213333333333335,1.4792115717588992,1.4385154179968698,1.4330079202588137
final_joint_baseline_44mer,heat_capacity,4,52,344.545,train,0.0690302815908777,0.07115690973053582,0.005203415118852846,0.01508150427202503,0.01903129767053129,0.005707281590449606,17.108302522670563,16.050320963847653,15.754666666666667,1.4707794216938925,1.43501492512449,1.4387456977353872
final_joint_baseline_44mer,heat_capacity,4,53,345.922,train,0.06483104335710717,0.068210167304955,0.0056496989509229895,0.01461297076818674,0.025117576808402618,0.010574241762509148,17.151692684559674,16.14122212735106,16.254,1.4674249423764787,1.4316682883371885,1.431257852427658
final_joint_baseline_44mer,heat_capacity,4,54,347.305,train,0.06876764135765605,0.06930906021629074,0.004153363128939887,0.015908521922230322,0.020024200149494617,0.008736220004411255,17.198451478911814,16.228216852570945,15.983333333333334,1.4707388309624263,1.4284739345523891,1.444035884340163
final_joint_baseline_44mer,heat_capacity,4,55,348.693,train,0.06783698070521572,0.06167140135024534,0.005451906399815538,0.015096067718511571,0.023222628399252855,0.007528817765274809,17.365968291643842,16.311191665188833,16.064666666666668,1.46534792230597,1.4254348765232294,1.4341224510945552
final_joint_baseline_44mer,heat_capacity,4,56,350.086,train,0.07004067556763044,0.07062040768160444,0.007659014767046981,0.014927562120025549,0.023701791372733046,0.007574639985593935,17.642026124398996,16.390105770020043,16.46333333333334,1.4586152219225486,1.4225514923001337,1.4158633215218945
final_joint_baseline_44mer,heat_capacity,4,57,351.486,train,0.0680306444661401,0.06283693001861965,0.004918011436388145,0.01582972770860679,0.01886392929283461,0.00810141340417677,17.59089830199014,16.46502720201908,16.442,1.459674410254965,1.419820242611283,1.4260284159071748
final_joint_baseline_44mer,heat_capacity,4,58,352.891,train,0.0660755749477438,0.057859564842153204,0.005405549628299505,0.014744429628930373,0.0240773803918184,0.009498070100464138,17.764145137240583,16.535808401374283,16.700666666666663,1.454219169118449,1.4172455023991148,1.4090452270824918
final_joint_baseline_44mer,heat_capacity,4,59,354.301,train,0.06554016962223784,0.06606258361403541,0.007050272915520686,0.015099027778712807,0.027868954683832266,0.008291987111236136,17.849990870914734,16.602422811546965,16.645333333333333,1.4515792398474154,1.4148272723475868,1.4070561810876288
final_joint_baseline_44mer,heat_capacity,4,60,355.717,train,0.06393043752545935,0.06453575937214816,0.0061183506930603225,0.0148604413139031,0.021239286005184804,0.01016160414847919,17.95618609640314,16.664890790576038,16.686,1.4478678684382402,1.412563907543389,1.4158257941230104
final_joint_baseline_44mer,heat_capacity,4,61,357.139,train,0.0628320030577528,0.0646207973991415,0.004073114998600695,0.015516793300051995,0.019525502303250324,0.007552836685964405,17.985555124459857,16.72318494761943,16.635333333333335,1.4474435804149874,1.4104555534611798,1.4121425828134786
final_joint_baseline_44mer,heat_capacity,4,62,358.567,train,0.05923484213617331,0.0662123627996065,0.008720738870826068,0.015742395971078477,0.02119201115326167,0.008180893952636235,17.929191771651148,16.777281909390474,16.75,1.4479398595468786,1.4085022628986121,1.4059849649242497
final_joint_baseline_44mer,heat_capacity,4,63,360.0,train,0.0581339975440621,0.05922230753416466,0.006516919505982792,0.015576220698765774,0.018114319036775604,0.0064489681586715735,18.00590271438135,16.827128899646183,16.683333333333334,1.448537998438865,1.4067052016936175,1.4150742679586679
final_joint_baseline_44mer,heat_capacity,5,0,280.0,train,0.0554272145684275,0.05825434145179653,0.0025912469860303036,0.018154482000141164,0.023686849019789395,0.006158347494230379,8.984389264195727,8.45334557174684,8.535333333333334,1.7330192887155929,1.74994975650975,1.7445459914576709
final_joint_baseline_44mer,heat_capacity,5,1,281.119,train,0.05477880846679787,0.06456517796563102,0.004952901483720377,0.01772405443298958,0.025519232258280407,0.00933262784895645,9.245772472764894,8.601641243811667,8.592000000000002,1.7254357146970922,1.7430817989691079,1.7498535077055943
final_joint_baseline_44mer,heat_capacity,5,2,282.243,train,0.05820627245487862,0.062313214243844575,0.002767172369619564,0.018082441617078053,0.022899174951494215,0.006106461113336015,9.307776459132127,8.751365142548494,8.745333333333335,1.7239583652442858,1.7361781898336295,1.7332842158976813
final_joint_baseline_44mer,heat_capacity,5,3,283.371,train,0.06206729991633707,0.06898744878865247,0.0030808871749839167,0.017181247619058197,0.02192138387526643,0.00646754969460968,9.5004241220863,8.902341908891824,9.113333333333333,1.7181079388731155,1.7292478019431403,1.7190032199291814
final_joint_baseline_44mer,heat_capacity,5,4,284.504,train,0.06284806117837109,0.07123621493927615,0.0033038092550351406,0.0159496881005807,0.023937846653655323,0.006463662541994798,9.659105501795388,9.054659644997908,8.999333333333333,1.7148231530757665,1.7222873537281678,1.7301273242942674
final_joint_baseline_44mer,heat_capacity,5,5,285.641,train,0.06190209161049383,0.06409799285303307,0.0025321792976934973,0.015480997592197414,0.025805446722120214,0.007434658959109408,9.834191086969753,9.208134486077084,9.262666666666666,1.70995073357408,1.7153059811341542,1.7201659054692429
final_joint_baseline_44mer,heat_capacity,5,6,286.783,train,0.06580876409447989,0.07071879770849046,0.0024510648898231208,0.015986805981181903,0.025798598222133,0.009041283853263377,10.003320324386829,9.362848083609395,9.466666666666667,1.700945718091396,1.7083006718779261,1.6984280413853772
final_joint_baseline_44mer,heat_capacity,5,7,287.929,train,0.06837904208131079,0.08105952282904151,0.004829380297077022,0.015812578228270518,0.026615343549213397,0.009719383840669574,10.215862546406182,9.51860764692708,9.577333333333332,1.6943485754338155,1.7012808210042882,1.6858518139515861
final_joint_baseline_44mer,heat_capacity,5,8,289.08,train,0.07348075907080118,0.07386677835976072,0.004317608657375804,0.015985729126792383,0.022666457917088143,0.00826726746189997,10.399694936400707,9.675487578900754,9.794,1.6849675212879243,1.6942437011126987,1.6937044112940387
final_joint_baseline_44mer,heat_capacity,5,9,290.235,train,0.07311448679790719,0.07837562197185782,0.0019095434586773794,0.015474557711003376,0.021850348464789775,0.007813488962851611,10.524419922707079,9.833285813556124,9.861333333333334,1.681340394793113,1.6871989578377633,1.6887777971271876
final_joint_baseline_44mer,heat_capacity,5,10,291.395,train,0.07123234596339517,0.07002529957289078,0.00464219419660404,0.015934854037423594,0.02209307290910182,0.007288289488872787,10.66035238269125,9.992068751214738,9.854,1.6777821959555088,1.6801441605084584,1.6945056740741382
final_joint_baseline_44mer,heat_capacity,5,11,292.56,train,0.0725780999653572,0.07561535560864056,0.0026828979796307984,0.01594571183111288,0.027101875399939274,0.009237014728908078,10.742928001947536,10.151761963959135,10.070666666666666,1.6731364718597481,1.6730831415732743,1.681743647693951
final_joint_baseline_44mer,heat_capacity,5,12,293.729,train,0.07153266573567718,0.08190932769230436,0.005383245925528383,0.01580013827195998,0.01946352786022036,0.005802489844840039,10.807456941147832,10.312148972422406,10.04,1.6738479584546968,1.6660258985426586,1.6636173429519836
final_joint_baseline_44mer,heat_capacity,5,13,294.903,train,0.07086943878228037,0.07164658614156615,0.004326449227251308,0.015979833170545365,0.018201482768060676,0.008414282746053147,10.913218154707565,10.473282852131435,10.484666666666666,1.6724701711734125,1.6589704616599394,1.6705774156266917
final_joint_baseline_44mer,heat_capacity,5,14,296.082,train,0.07469922386695522,0.07718205770197845,0.003971247430214049,0.017881497159264355,0.022385327919554606,0.007419389338217118,11.137181242772805,10.635074753474072,10.761333333333333,1.665708368001392,1.6519210674658997,1.6483838581033619
final_joint_baseline_44mer,heat_capacity,5,15,297.266,train,0.07425682006663592,0.08140719598670235,0.008078823780444304,0.017421888876943417,0.020093212308360787,0.006359033278412076,11.28130401375449,10.797430865078706,10.656,1.6584518174231966,1.6448820821436618,1.6620076867280966
final_joint_baseline_44mer,heat_capacity,5,16,298.454,train,0.07463434031652152,0.07952028782436553,0.004807913988104565,0.01511441341213573,0.016952110672444693,0.0063485965238024595,11.462236397662954,10.960115599335179,11.103333333333333,1.653061674629598,1.6378638832363879,1.6288900829992927
final_joint_baseline_44mer,heat_capacity,5,17,299.647,train,0.07512302780570491,0.0774953592172852,0.004069346084622078,0.015676501524097983,0.025044308755797388,0.008056762862652521,11.609464579149169,11.123162717690747,11.157333333333334,1.6439808387239871,1.630865103903865,1.630791701950694
final_joint_baseline_44mer,heat_capacity,5,18,300.845,train,0.07891453217133033,0.08544101569121014,0.005001090281283625,0.01535957407093614,0.02496668790657604,0.011487266534268018,11.843582253058244,11.286463962565211,11.034000000000002,1.6384022936673557,1.6238904480672989,1.6234651428712716
final_joint_baseline_44mer,heat_capacity,5,19,302.047,train,0.08067031881431347,0.09149358325716928,0.004290191233225217,0.01569407360361449,0.02677959791934052,0.009972015927491874,12.03045767147465,11.44977075562559,11.574666666666666,1.6302856790997862,1.616950466575303,1.613242676575807
final_joint_baseline_44mer,heat_capacity,5,20,303.254,train,0.08259720547041577,0.07620884828919484,0.0046037847135963275,0.015480351794863376,0.023321559654943234,0.007314683324679605,12.269134182338263,11.61310235590916,11.526666666666667,1.6206763978222538,1.610044193930448,1.6105554650566285
final_joint_baseline_44mer,heat_capacity,5,21,304.467,train,0.08128898903604681,0.08261726251945513,0.005141149892264862,0.013657243163609714,0.022335310479767244,0.008313863391995267,12.378670272655349,11.776471498476127,11.835333333333335,1.611008910967524,1.6031709479064684,1.6004497947425491
final_joint_baseline_44mer,heat_capacity,5,22,305.683,train,0.08396692742592812,0.08749530311928615,0.004057699215023969,0.013792942472957394,0.016702876873253232,0.008018257014304012,12.575666042845839,11.93934948721055,11.786000000000001,1.6024266517823778,1.5963526585351844,1.606709207508827
final_joint_baseline_44mer,heat_capacity,5,23,306.905,train,0.08220081881280264,0.08979360256478695,0.0051699004552016314,0.013353574960283762,0.014006956230855374,0.008373544020256599,12.589017710425416,12.102009782758449,12.072666666666667,1.6065431646433592,1.5895774804023906,1.5895791249784397
final_joint_baseline_44mer,heat_capacity,5,24,308.132,train,0.0767878220636166,0.07939466937242665,0.0043877140592870865,0.014088557217215206,0.019087756934911212,0.006158276613502161,12.680625798794962,12.2641850202194,12.166,1.6048980912246824,1.5828561512808983,1.5901550469525954
final_joint_baseline_44mer,heat_capacity,5,25,309.364,train,0.07794253457896033,0.09159390612903086,0.0036942830889107004,0.014615791735358617,0.0197697421769897,0.007083929114181037,12.839442212890269,12.425739024735673,12.414666666666669,1.602065164513469,1.5761937894727105,1.576800384033425
final_joint_baseline_44mer,heat_capacity,5,26,310.6,train,0.07274181934139937,0.07644540439282993,0.004023355588393144,0.015835399389376913,0.027127776248400993,0.010548206294272028,12.760165616821862,12.586403499622662,12.638000000000002,1.6043305868470101,1.5696008107963473,1.5638066195693705
final_joint_baseline_44mer,heat_capacity,5,27,311.842,train,0.07331152665015384,0.07393950401581728,0.005166358810175678,0.016017363410389555,0.021446975689393417,0.006802786298036113,12.944969113261518,12.746297283815814,12.703333333333333,1.5958195529076442,1.5630716480702194,1.5587837390427293
final_joint_baseline_44mer,heat_capacity,5,28,313.088,train,0.07698126604716601,0.07471294164709943,0.0040679271029198,0.016583231457018906,0.022508319121813503,0.007811847091375471,13.29451341975534,12.905020055519435,12.929333333333334,1.5835136685075968,1.5566218788864925,1.5575810057628612
final_joint_baseline_44mer,heat_capacity,5,29,314.34,train,0.07312586705265596,0.08201988135837693,0.005513732856370903,0.014147523917767236,0.01942120114455661,0.0076871116996556545,13.48962745724545,13.062682245485973,13.156666666666666,1.5730841481092992,1.5502461681705957,1.5437436229570096
final_joint_baseline_44mer,heat_capacity,5,30,315.596,train,0.07428883077733517,0.07742867766744888,0.003507759828063799,0.014545547330480536,0.018344735694961003,0.006948933392806331,13.672765276002677,13.218886939353336,13.280000000000001,1.567634268012788,1.5439596462991445,1.5376922515310223
final_joint_baseline_44mer,heat_capacity,5,31,316.858,train,0.07410971971338678,0.08470374035774073,0.004814930495973802,0.014420737393465041,0.019367814225813296,0.007290353000714171,13.829060921429004,13.373737342935826,13.109333333333334,1.5631233357800103,1.5377571675467974,1.539251535047614
final_joint_baseline_44mer,heat_capacity,5,32,318.124,train,0.07437033562229042,0.07984101458540563,0.0033592453417012015,0.014373636482712147,0.020739301818887956,0.009197669982027555,14.070463605380073,13.52684285144316,13.514666666666667,1.558760215078798,1.5316533203460314,1.5372165402620417
final_joint_baseline_44mer,heat_capacity,5,33,319.396,train,0.07877089915056024,0.08636768236774989,0.0026441045025737756,0.014884510093412807,0.022740757106788995,0.007507208499476008,14.099472795325909,13.678300729330875,13.519333333333332,1.560315682543106,1.5256431067144562,1.5286310299344055
final_joint_baseline_44mer,heat_capacity,5,34,320.672,train,0.08051203812594962,0.07730507728079164,0.004839221241683984,0.01506421448640614,0.018248011173012786,0.008052655088596431,14.246917031830076,13.827729605492255,13.882000000000001,1.5576941339806614,1.519740484511549,1.532862741939177
final_joint_baseline_44mer,heat_capacity,5,35,321.954,train,0.07783522729916961,0.0833419182941478,0.003959741338610922,0.013828286346770788,0.020670339459179024,0.007451500660703348,14.381535283914552,13.975222104180826,14.022666666666666,1.553315696022292,1.5139405657422746,1.5154338946039916
final_joint_baseline_44mer,heat_capacity,5,36,323.241,train,0.07947106094878792,0.09898087695736933,0.007746124534913922,0.013776011064626482,0.024990152904653187,0.00906736273201322,14.587121903718579,14.120520718491475,14.096,1.545519977992165,1.508252231428096,1.503971472144093
final_joint_baseline_44mer,heat_capacity,5,37,324.533,train,0.07572266324524232,0.07402600207143878,0.004069022577024622,0.013472712401999837,0.01845192028714103,0.007321731083079276,14.566468109062138,14.2634887990469,14.322666666666667,1.5455605687236313,1.5026795137147961,1.5037179700873944
final_joint_baseline_44mer,heat_capacity,5,38,325.83,train,0.07851132752226125,0.07449003882220145,0.0048111550061443655,0.01362994058461632,0.01914952676293715,0.006143574015053709,14.80466496257075,14.403992901936059,14.385333333333334,1.5404790686617498,1.4972262613105247,1.5081438631963704
final_joint_baseline_44mer,heat_capacity,5,39,327.132,train,0.08030706754254742,0.07654884918170944,0.006173998934229975,0.01573745508527731,0.019551727160804673,0.006109935472657084,14.926329042663259,14.54190321225531,14.555333333333333,1.543821294173438,1.491896130456339,1.492858268112701
final_joint_baseline_44mer,heat_capacity,5,40,328.44,train,0.07569034908395066,0.08389644665682336,0.006081470832129491,0.015142898011691514,0.019642108186096394,0.008957812254432047,15.05278513176313,14.677196101244133,14.603333333333335,1.540026443712756,1.4866886529594232,1.4850255668298222
final_joint_baseline_44mer,heat_capacity,5,41,329.753,train,0.07974991136427335,0.07632199909947547,0.004997664905727489,0.016677520715134595,0.020099990372363055,0.008923245713802432,15.265959923315682,14.809642782780987,14.63,1.5372187904758519,1.4816112335673008,1.5019834211207226
final_joint_baseline_44mer,heat_capacity,5,42,331.071,train,0.07448529161944029,0.07258131988471135,0.005125839245310414,0.017804356388515775,0.024604793157359205,0.008540160565652112,15.465113961414396,14.939126311870083,14.932666666666666,1.5314127841504375,1.4766669165845459,1.4808483487263355
final_joint_baseline_44mer,heat_capacity,5,43,332.394,train,0.07915939023668714,0.08836229690405649,0.0039434300847687315,0.01776738737718335,0.02608086895323903,0.008536307949912258,15.650857373257864,15.065534714971182,14.918,1.5244549200868058,1.4718585326867715,1.4774006082338582
final_joint_baseline_44mer,heat_capacity,5,44,333.723,train,0.07586809614502214,0.07354390221707918,0.006673762888124726,0.018850041033464385,0.02365228826679757,0.007879581333280644,15.79094470817357,15.188852612792223,15.281333333333333,1.5161238639190366,1.4671852406253307,1.463679790594624
final_joint_baseline_44mer,heat_capacity,5,45,335.057,train,0.07508815928104856,0.07591437486707805,0.004907876796330594,0.018204159695785992,0.02727331743484314,0.008805473827159512,15.881811058365287,15.308881546944269,15.252666666666666,1.5139679599741689,1.462653137608421,1.4635614050747365
final_joint_baseline_44mer,heat_capacity,5,46,336.396,train,0.07637062538791389,0.08123672699340001,0.004963549190579841,0.01780939829081579,0.027508078785075503,0.007904157618086603,15.95942996470087,15.425525513875437,15.482666666666667,1.5107176380054235,1.4582644141890653,1.4562548194699292
final_joint_baseline_44mer,heat_capacity,5,47,337.741,train,0.07636027466235146,0.08449098321091715,0.006376186345897628,0.017790652610208887,0.027033397374461598,0.008128032792273861,16.191268790700505,15.538776893025199,15.45,1.5031807816212521,1.4540179536041566,1.4567261771521636
final_joint_baseline_44mer,heat_capacity,5,48,339.091,train,0.07216919128261665,0.07195763495729458,0.005141660101288787,0.016659200674699608,0.02502592462902483,0.009089672980035286,16.2934658572211,15.648462364718837,15.585333333333333,1.4997236766808852,1.4499188688141458,1.4585906865800764
final_joint_baseline_44mer,heat_capacity,5,49,340.446,train,0.07206999096815171,0.07494731574685351,0.007345776628552738,0.016427599339888542,0.02351685588576626,0.006700896744889121,16.485230661554375,15.754502916036166,16.021333333333335,1.4953283897396434,1.4459687338110028,1.4459247197996183
final_joint_baseline_44mer,heat_capacity,5,50,341.807,train,0.07519558264770347,0.07292519467834334,0.0068710222067891544,0.016990716159661766,0.024471181560726654,0.008477506937662945,16.691355897389087,15.856898989051913,15.747333333333334,1.4903387932207046,1.4421661944069064,1.4421124947430441
final_joint_baseline_44mer,heat_capacity,5,51,343.173,train,0.06817981441377416,0.07394668886485087,0.006401096386217088,0.015361753760458587,0.017814821675616085,0.010347396485161194,16.85042336132919,15.955503159734604,15.893999999999998,1.4792115717588992,1.4385154179968698,1.4485847776898297
final_joint_baseline_44mer,heat_capacity,5,52,344.545,train,0.0690302815908777,0.08132914255138166,0.007715451401787666,0.01508150427202503,0.01738467123334941,0.0064052826233075635,17.108302522670563,16.050320963847653,16.042666666666666,1.4707794216938925,1.43501492512449,1.4431427830580827
final_joint_baseline_44mer,heat_capacity,5,53,345.922,train,0.06483104335710717,0.06529653555127131,0.0038224268090311176,0.01461297076818674,0.023662122372105097,0.00723681023951898,17.151692684559674,16.14122212735106,16.026666666666667,1.4674249423764787,1.4316682883371885,1.433072829997884
final_joint_baseline_44mer,heat_capacity,5,54,347.305,train,0.06876764135765605,0.06256807858555764,0.006629137432072002,0.015908521922230322,0.026336285741260693,0.00872377525522055,17.198451478911814,16.228216852570945,16.167333333333332,1.4707388309624263,1.4284739345523891,1.418708829325851
final_joint_baseline_44mer,heat_capacity,5,55,348.693,train,0.06783698070521572,0.07317867832239752,0.010306431393123152,0.015096067718511571,0.018557232469301882,0.006633506165366173,17.365968291643842,16.311191665188833,16.104666666666667,1.46534792230597,1.4254348765232294,1.435002290950184
final_joint_baseline_44mer,heat_capacity,5,56,350.086,train,0.07004067556763044,0.06696643498155472,0.007368321305338421,0.014927562120025549,0.02932570816355012,0.009164743077146487,17.642026124398996,16.390105770020043,16.549999999999997,1.4586152219225486,1.4225514923001337,1.4200067447349343
final_joint_baseline_44mer,heat_capacity,5,57,351.486,train,0.0680306444661401,0.06636737833587653,0.006854435040997793,0.01582972770860679,0.01963440886251977,0.00743478787094942,17.59089830199014,16.46502720201908,16.266000000000002,1.459674410254965,1.419820242611283,1.4339884408136285
final_joint_baseline_44mer,heat_capacity,5,58,352.891,train,0.0660755749477438,0.06205230568068703,0.005160673120270831,0.014744429628930373,0.0256045904803298,0.008686954090088326,17.764145137240583,16.535808401374283,16.56733333333333,1.454219169118449,1.4172455023991148,1.4155305484105707
final_joint_baseline_44mer,heat_capacity,5,59,354.301,train,0.06554016962223784,0.0630278229479134,0.0069361235279185255,0.015099027778712807,0.02125973199413938,0.0076376944011076,17.849990870914734,16.602422811546965,16.551333333333332,1.4515792398474154,1.4148272723475868,1.4149218289381043
final_joint_baseline_44mer,heat_capacity,5,60,355.717,train,0.06393043752545935,0.0601227387519854,0.007488961438938385,0.0148604413139031,0.026872304935562367,0.007960732840272938,17.95618609640314,16.664890790576038,17.046666666666667,1.4478678684382402,1.412563907543389,1.3966811170861002
final_joint_baseline_44mer,heat_capacity,5,61,357.139,train,0.0628320030577528,0.062483996177749586,0.007401841102995979,0.015516793300051995,0.02222397335946076,0.008189273322266431,17.985555124459857,16.72318494761943,16.616666666666667,1.4474435804149874,1.4104555534611798,1.420434983126257
final_joint_baseline_44mer,heat_capacity,5,62,358.567,train,0.05923484213617331,0.057809514032686235,0.005968453192751723,0.015742395971078477,0.022937075831647055,0.008891806833799996,17.929191771651148,16.777281909390474,16.677333333333333,1.4479398595468786,1.4085022628986121,1.4001427342378936
final_joint_baseline_44mer,heat_capacity,5,63,360.0,train,0.0581339975440621,0.04947241609375781,0.006866917560659543,0.015576220698765774,0.024761794346074978,0.00837354299000927,18.00590271438135,16.827128899646183,16.816,1.448537998438865,1.4067052016936175,1.4109290799382064
final_joint_baseline_44mer,heat_capacity,6,0,280.0,train,0.0554272145684275,0.05956503544477401,0.0026553839947679376,0.018154482000141164,0.023400943590590792,0.008111684862930544,8.984389264195727,8.45334557174684,8.386,1.7330192887155929,1.74994975650975,1.7477312836599017
final_joint_baseline_44mer,heat_capacity,6,1,281.119,train,0.05477880846679787,0.06437408553882618,0.0029870671769014973,0.01772405443298958,0.024230728539171912,0.008513674731027895,9.245772472764894,8.601641243811667,8.6,1.7254357146970922,1.7430817989691079,1.754240211160078
final_joint_baseline_44mer,heat_capacity,6,2,282.243,train,0.05820627245487862,0.06534885765523855,0.003839875498894812,0.018082441617078053,0.022926997622260657,0.009721555781217512,9.307776459132127,8.751365142548494,8.549999999999999,1.7239583652442858,1.7361781898336295,1.749421631876317
final_joint_baseline_44mer,heat_capacity,6,3,283.371,train,0.06206729991633707,0.0639194188324774,0.0035639188681795505,0.017181247619058197,0.024842039905716463,0.0077322346667404365,9.5004241220863,8.902341908891824,9.018666666666668,1.7181079388731155,1.7292478019431403,1.727347129803391
final_joint_baseline_44mer,heat_capacity,6,4,284.504,train,0.06284806117837109,0.06780616836506653,0.003043430610918724,0.0159496881005807,0.028032133956961372,0.010926391525063693,9.659105501795388,9.054659644997908,9.202666666666666,1.7148231530757665,1.7222873537281678,1.7194903538024113
final_joint_baseline_44mer,heat_capacity,6,5,285.641,train,0.06190209161049383,0.07456345114726837,0.0038718185119761116,0.015480997592197414,0.018612793899884073,0.00901146492217712,9.834191086969753,9.208134486077084,9.029333333333334,1.70995073357408,1.7153059811341542,1.7230329755923652
final_joint_baseline_44mer,heat_capacity,6,6,286.783,train,0.06580876409447989,0.06629713927034216,0.0019232696589121026,0.015986805981181903,0.01891601076344289,0.007041357210871263,10.003320324386829,9.362848083609395,9.342666666666666,1.700945718091396,1.7083006718779261,1.7231309984696028
final_joint_baseline_44mer,heat_capacity,6,7,287.929,train,0.06837904208131079,0.06832817463741533,0.005146243608006865,0.015812578228270518,0.019872065055541142,0.00795303415040986,10.215862546406182,9.51860764692708,9.409333333333333,1.6943485754338155,1.7012808210042882,1.7106562125988627
final_joint_baseline_44mer,heat_capacity,6,8,289.08,train,0.07348075907080118,0.06886078930704824,0.004218604872387179,0.015985729126792383,0.02239547592207335,0.008684248624368979,10.399694936400707,9.675487578900754,9.730666666666668,1.6849675212879243,1.6942437011126987,1.7022670722299547
final_joint_baseline_44mer,heat_capacity,6,9,290.235,train,0.07311448679790719,0.09631919899046346,0.005944493326307381,0.015474557711003376,0.018097010010136406,0.008738744652749278,10.524419922707079,9.833285813556124,9.732,1.681340394793113,1.6871989578377633,1.6888308961144833
final_joint_baseline_44mer,heat_capacity,6,10,291.395,train,0.07123234596339517,0.07230635853576073,0.001909199313105439,0.015934854037423594,0.024457243543420423,0.009533962508011175,10.66035238269125,9.992068751214738,9.952,1.6777821959555088,1.6801441605084584,1.6779111932900217
final_joint_baseline_44mer,heat_capacity,6,11,292.56,train,0.0725780999653572,0.07767978674537744,0.004461400794342044,0.01594571183111288,0.021934588792098617,0.007310653390225529,10.742928001947536,10.151761963959135,10.148,1.6731364718597481,1.6730831415732743,1.6783290585807937
final_joint_baseline_44mer,heat_capacity,6,12,293.729,train,0.07153266573567718,0.07456313600876119,0.004566333350819652,0.01580013827195998,0.019073849766406154,0.008229288187355547,10.807456941147832,10.312148972422406,10.263333333333334,1.6738479584546968,1.6660258985426586,1.6645668090984393
final_joint_baseline_44mer,heat_capacity,6,13,294.903,train,0.07086943878228037,0.07720839016697806,0.004789237634877843,0.015979833170545365,0.024192918329965982,0.009460840089741036,10.913218154707565,10.473282852131435,10.179333333333332,1.6724701711734125,1.6589704616599394,1.656338709289237
final_joint_baseline_44mer,heat_capacity,6,14,296.082,train,0.07469922386695522,0.07786391555121905,0.0036813842216508286,0.017881497159264355,0.025253486015630898,0.00820835231282283,11.137181242772805,10.635074753474072,10.537333333333333,1.665708368001392,1.6519210674658997,1.6529958050217146
final_joint_baseline_44mer,heat_capacity,6,15,297.266,train,0.07425682006663592,0.06785953372356866,0.0030882774851597825,0.017421888876943417,0.025947014977294236,0.009973760878668029,11.28130401375449,10.797430865078706,10.758666666666667,1.6584518174231966,1.6448820821436618,1.6515605628483208
final_joint_baseline_44mer,heat_capacity,6,16,298.454,train,0.07463434031652152,0.07744729213025403,0.005268285292748113,0.01511441341213573,0.024691144796893782,0.007812111221865355,11.462236397662954,10.960115599335179,10.947333333333333,1.653061674629598,1.6378638832363879,1.6322835143958947
final_joint_baseline_44mer,heat_capacity,6,17,299.647,train,0.07512302780570491,0.08014259114186319,0.003349713545847831,0.015676501524097983,0.02534564266492098,0.008380939934059289,11.609464579149169,11.123162717690747,11.152,1.6439808387239871,1.630865103903865,1.6267415089525443
final_joint_baseline_44mer,heat_capacity,6,18,300.845,train,0.07891453217133033,0.08912687128611307,0.0021506595784647,0.01535957407093614,0.024771461773560717,0.00787506623485866,11.843582253058244,11.286463962565211,11.321333333333333,1.6384022936673557,1.6238904480672989,1.6272457719771283
final_joint_baseline_44mer,heat_capacity,6,19,302.047,train,0.08067031881431347,0.09060982275075645,0.00413739149395019,0.01569407360361449,0.016995055152742376,0.006548763293004229,12.03045767147465,11.44977075562559,11.494666666666667,1.6302856790997862,1.616950466575303,1.621609814183559
final_joint_baseline_44mer,heat_capacity,6,20,303.254,train,0.08259720547041577,0.07964262359073301,0.002931266328436359,0.015480351794863376,0.028553335701425424,0.009720616588693472,12.269134182338263,11.61310235590916,11.686,1.6206763978222538,1.610044193930448,1.6003385382173014
final_joint_baseline_44mer,heat_capacity,6,21,304.467,train,0.08128898903604681,0.08524169635589629,0.0038089309141365393,0.013657243163609714,0.01999185416752486,0.008399068164512372,12.378670272655349,11.776471498476127,11.832666666666668,1.611008910967524,1.6031709479064684,1.5977016763669012
final_joint_baseline_44mer,heat_capacity,6,22,305.683,train,0.08396692742592812,0.0761789547366172,0.005019008845654788,0.013792942472957394,0.01859638202850289,0.008299682308102858,12.575666042845839,11.93934948721055,11.864,1.6024266517823778,1.5963526585351844,1.6165367161132536
final_joint_baseline_44mer,heat_capacity,6,23,306.905,train,0.08220081881280264,0.08767813171807944,0.004369669513953477,0.013353574960283762,0.023234983634896927,0.008456813796378734,12.589017710425416,12.102009782758449,12.172666666666668,1.6065431646433592,1.5895774804023906,1.57912589916095
final_joint_baseline_44mer,heat_capacity,6,24,308.132,train,0.0767878220636166,0.08046047131358416,0.0036727895062756135,0.014088557217215206,0.021722519829697133,0.007881152967292117,12.680625798794962,12.2641850202194,12.122666666666667,1.6048980912246824,1.5828561512808983,1.5855586379060294
final_joint_baseline_44mer,heat_capacity,6,25,309.364,train,0.07794253457896033,0.08320658631201468,0.0030504052670522223,0.014615791735358617,0.021461436605662063,0.008858400441949379,12.839442212890269,12.425739024735673,12.314,1.602065164513469,1.5761937894727105,1.5878016285666292
final_joint_baseline_44mer,heat_capacity,6,26,310.6,train,0.07274181934139937,0.0649565705744906,0.0036671563094070434,0.015835399389376913,0.021600770275933608,0.007037364006990884,12.760165616821862,12.586403499622662,12.7,1.6043305868470101,1.5696008107963473,1.5633842179228603
final_joint_baseline_44mer,heat_capacity,6,27,311.842,train,0.07331152665015384,0.08028628225377507,0.003089459234487989,0.016017363410389555,0.023279877578872905,0.006475235678495797,12.944969113261518,12.746297283815814,12.65,1.5958195529076442,1.5630716480702194,1.556063172885898
final_joint_baseline_44mer,heat_capacity,6,28,313.088,train,0.07698126604716601,0.07906309601804477,0.004348755561494112,0.016583231457018906,0.025202875788722476,0.00966967514954065,13.29451341975534,12.905020055519435,13.022000000000002,1.5835136685075968,1.5566218788864925,1.559462008778375
final_joint_baseline_44mer,heat_capacity,6,29,314.34,train,0.07312586705265596,0.07251410497739541,0.0043995154281822,0.014147523917767236,0.018924585894975417,0.009243480626864142,13.48962745724545,13.062682245485973,12.688666666666666,1.5730841481092992,1.5502461681705957,1.56849559691934
final_joint_baseline_44mer,heat_capacity,6,30,315.596,train,0.07428883077733517,0.08012137527054614,0.003833670120477759,0.014545547330480536,0.021242928773230123,0.009762358491418575,13.672765276002677,13.218886939353336,13.310666666666666,1.567634268012788,1.5439596462991445,1.5455681110901995
final_joint_baseline_44mer,heat_capacity,6,31,316.858,train,0.07410971971338678,0.09172509376323293,0.0047848035930547275,0.014420737393465041,0.025038728008546784,0.009673695888896388,13.829060921429004,13.373737342935826,13.278666666666666,1.5631233357800103,1.5377571675467974,1.5323576997799508
final_joint_baseline_44mer,heat_capacity,6,32,318.124,train,0.07437033562229042,0.07849958534574321,0.0041890990643648025,0.014373636482712147,0.019658393139678668,0.008668694736549198,14.070463605380073,13.52684285144316,13.567333333333334,1.558760215078798,1.5316533203460314,1.5289190666946815
final_joint_baseline_44mer,heat_capacity,6,33,319.396,train,0.07877089915056024,0.08709017137682387,0.004013279729607803,0.014884510093412807,0.019150131112962716,0.0073079941383300245,14.099472795325909,13.678300729330875,13.623333333333335,1.560315682543106,1.5256431067144562,1.526997444428178
final_joint_baseline_44mer,heat_capacity,6,34,320.672,train,0.08051203812594962,0.10043810492818919,0.0058072297441797505,0.01506421448640614,0.0264149561408291,0.008215458089857165,14.246917031830076,13.827729605492255,13.883333333333335,1.5576941339806614,1.519740484511549,1.5154658632560767
final_joint_baseline_44mer,heat_capacity,6,35,321.954,train,0.07783522729916961,0.08823862062995624,0.003985016373849296,0.013828286346770788,0.019484693229309808,0.008312266585474149,14.381535283914552,13.975222104180826,14.210666666666667,1.553315696022292,1.5139405657422746,1.5021385361249158
final_joint_baseline_44mer,heat_capacity,6,36,323.241,train,0.07947106094878792,0.08373562816973701,0.004433330873930873,0.013776011064626482,0.021288153451230522,0.00732406538037622,14.587121903718579,14.120520718491475,14.160666666666666,1.545519977992165,1.508252231428096,1.510032991678136
final_joint_baseline_44mer,heat_capacity,6,37,324.533,train,0.07572266324524232,0.08624230846909807,0.006451075127433248,0.013472712401999837,0.021373064927856237,0.011346974022785738,14.566468109062138,14.2634887990469,13.959333333333333,1.5455605687236313,1.5026795137147961,1.5135037446854702
final_joint_baseline_44mer,heat_capacity,6,38,325.83,train,0.07851132752226125,0.09047455545143707,0.003167624857040317,0.01362994058461632,0.023591355820414543,0.0098326733099761,14.80466496257075,14.403992901936059,14.451333333333334,1.5404790686617498,1.4972262613105247,1.4929944073115562
final_joint_baseline_44mer,heat_capacity,6,39,327.132,train,0.08030706754254742,0.08271411035596984,0.005022151043960471,0.01573745508527731,0.024711464260989625,0.00963900559272379,14.926329042663259,14.54190321225531,14.609333333333334,1.543821294173438,1.491896130456339,1.4894640526363496
final_joint_baseline_44mer,heat_capacity,6,40,328.44,train,0.07569034908395066,0.0798723437243114,0.0044367945678702924,0.015142898011691514,0.027362225396351025,0.009008515179369023,15.05278513176313,14.677196101244133,14.912666666666667,1.540026443712756,1.4866886529594232,1.4782317535989031
final_joint_baseline_44mer,heat_capacity,6,41,329.753,train,0.07974991136427335,0.07967700757263235,0.002538546221647238,0.016677520715134595,0.024978026884286582,0.006220511208911995,15.265959923315682,14.809642782780987,14.665333333333335,1.5372187904758519,1.4816112335673008,1.4781927855211536
final_joint_baseline_44mer,heat_capacity,6,42,331.071,train,0.07448529161944029,0.08427018928069896,0.004547168309282134,0.017804356388515775,0.021363201983969474,0.007958871301372461,15.465113961414396,14.939126311870083,14.963333333333333,1.5314127841504375,1.4766669165845459,1.480864385373982
final_joint_baseline_44mer,heat_capacity,6,43,332.394,train,0.07915939023668714,0.08070174835453513,0.005167322298562704,0.01776738737718335,0.023621508868237807,0.008699472422907008,15.650857373257864,15.065534714971182,14.812000000000001,1.5244549200868058,1.4718585326867715,1.4824193355305173
final_joint_baseline_44mer,heat_capacity,6,44,333.723,train,0.07586809614502214,0.08823177374219446,0.0067998145260034035,0.018850041033464385,0.024123828262599567,0.009726374078734173,15.79094470817357,15.188852612792223,15.050666666666666,1.5161238639190366,1.4671852406253307,1.4748811709743839
final_joint_baseline_44mer,heat_capacity,6,45,335.057,train,0.07508815928104856,0.0733091736395712,0.005278086807307949,0.018204159695785992,0.026940967921580915,0.008674615335937462,15.881811058365287,15.308881546944269,15.335999999999999,1.5139679599741689,1.462653137608421,1.4652269473589854
final_joint_baseline_44mer,heat_capacity,6,46,336.396,train,0.07637062538791389,0.08187560375334986,0.0029787086048057203,0.01780939829081579,0.025983013183429205,0.008426390487622447,15.95942996470087,15.425525513875437,15.258,1.5107176380054235,1.4582644141890653,1.4567873013762305
final_joint_baseline_44mer,heat_capacity,6,47,337.741,train,0.07636027466235146,0.07513775299727708,0.003601232849103804,0.017790652610208887,0.025326865254571094,0.006790493975021046,16.191268790700505,15.538776893025199,15.611999999999998,1.5031807816212521,1.4540179536041566,1.447501463664522
final_joint_baseline_44mer,heat_capacity,6,48,339.091,train,0.07216919128261665,0.0862320089252271,0.0060508719261810825,0.016659200674699608,0.02817515264601547,0.012653550565580698,16.2934658572211,15.648462364718837,15.241333333333333,1.4997236766808852,1.4499188688141458,1.4594320055354435
final_joint_baseline_44mer,heat_capacity,6,49,340.446,train,0.07206999096815171,0.07958549156859747,0.008154931161748724,0.016427599339888542,0.028858662427835073,0.008174854001405689,16.485230661554375,15.754502916036166,16.133333333333333,1.4953283897396434,1.4459687338110028,1.4256653175764733
final_joint_baseline_44mer,heat_capacity,6,50,341.807,train,0.07519558264770347,0.06779898964046376,0.003846402018111373,0.016990716159661766,0.029522664745530624,0.010112917681543657,16.691355897389087,15.856898989051913,16.006666666666668,1.4903387932207046,1.4421661944069064,1.437982018436763
final_joint_baseline_44mer,heat_capacity,6,51,343.173,train,0.06817981441377416,0.07458407910380425,0.0035976618343088267,0.015361753760458587,0.02012012653671136,0.010621209550995103,16.85042336132919,15.955503159734604,15.73,1.4792115717588992,1.4385154179968698,1.4472645488500937
final_joint_baseline_44mer,heat_capacity,6,52,344.545,train,0.0690302815908777,0.06767858412010241,0.006943605189727637,0.01508150427202503,0.022020244386381713,0.009872420398556025,17.108302522670563,16.050320963847653,16.072666666666667,1.4707794216938925,1.43501492512449,1.4350633136098523
final_joint_baseline_44mer,heat_capacity,6,53,345.922,train,0.06483104335710717,0.065869968707779,0.00830250584797718,0.01461297076818674,0.023577832348406227,0.010126616521469987,17.151692684559674,16.14122212735106,16.108666666666668,1.4674249423764787,1.4316682883371885,1.425868972364109
final_joint_baseline_44mer,heat_capacity,6,54,347.305,train,0.06876764135765605,0.062919069173314,0.005403383469994468,0.015908521922230322,0.024506498110008795,0.00791939452426433,17.198451478911814,16.228216852570945,16.559333333333335,1.4707388309624263,1.4284739345523891,1.4127400214933954
final_joint_baseline_44mer,heat_capacity,6,55,348.693,train,0.06783698070521572,0.06512337817659675,0.006815434058916331,0.015096067718511571,0.021640762838096933,0.005613745360710299,17.365968291643842,16.311191665188833,16.55,1.46534792230597,1.4254348765232294,1.4280932464393603
final_joint_baseline_44mer,heat_capacity,6,56,350.086,train,0.07004067556763044,0.06766944567200912,0.007965328459833687,0.014927562120025549,0.02097291889241063,0.0117230935608979,17.642026124398996,16.390105770020043,16.074,1.4586152219225486,1.4225514923001337,1.4343924170727058
final_joint_baseline_44mer,heat_capacity,6,57,351.486,train,0.0680306444661401,0.06803891297858444,0.006981146823150399,0.01582972770860679,0.023456686745108556,0.008655239118353178,17.59089830199014,16.46502720201908,16.314666666666668,1.459674410254965,1.419820242611283,1.420561924965961
final_joint_baseline_44mer,heat_capacity,6,58,352.891,train,0.0660755749477438,0.06205974635189038,0.0061104349989218164,0.014744429628930373,0.025165873796925232,0.010485240640223076,17.764145137240583,16.535808401374283,16.4,1.454219169118449,1.4172455023991148,1.420101101699683
final_joint_baseline_44mer,heat_capacity,6,59,354.301,train,0.06554016962223784,0.057447601122505965,0.005414278146969759,0.015099027778712807,0.026456303914842993,0.009381275088255724,17.849990870914734,16.602422811546965,16.882666666666665,1.4515792398474154,1.4148272723475868,1.4100137070162524
final_joint_baseline_44mer,heat_capacity,6,60,355.717,train,0.06393043752545935,0.0618251991086082,0.0065005882738696265,0.0148604413139031,0.023166959558885647,0.009367765036840024,17.95618609640314,16.664890790576038,16.702,1.4478678684382402,1.412563907543389,1.407915566652139
final_joint_baseline_44mer,heat_capacity,6,61,357.139,train,0.0628320030577528,0.06493026527331552,0.005085197640241893,0.015516793300051995,0.02782005639178265,0.010897797913157366,17.985555124459857,16.72318494761943,16.715333333333334,1.4474435804149874,1.4104555534611798,1.4176828132734487
final_joint_baseline_44mer,heat_capacity,6,62,358.567,train,0.05923484213617331,0.0609228441476162,0.005244028081086052,0.015742395971078477,0.020668321917095722,0.008500616195854856,17.929191771651148,16.777281909390474,16.674666666666667,1.4479398595468786,1.4085022628986121,1.4125465693325372
final_joint_baseline_44mer,heat_capacity,6,63,360.0,train,0.0581339975440621,0.05512983325488675,0.00919359770133478,0.015576220698765774,0.02621501572683057,0.009416675215677553,18.00590271438135,16.827128899646183,16.821333333333335,1.448537998438865,1.4067052016936175,1.4098221364097117
final_joint_baseline_44mer,heat_capacity,7,0,280.0,train,0.0554272145684275,0.05875821649542541,0.0025221259331224405,0.018154482000141164,0.024339017903825193,0.008071621360342934,8.984389264195727,8.45334557174684,8.38,1.7330192887155929,1.74994975650975,1.7449050226295473
final_joint_baseline_44mer,heat_capacity,7,1,281.119,train,0.05477880846679787,0.05724803966978681,0.004940939941531832,0.01772405443298958,0.02356763853377117,0.007398730921609748,9.245772472764894,8.601641243811667,8.264666666666667,1.7254357146970922,1.7430817989691079,1.750769558405558
final_joint_baseline_44mer,heat_capacity,7,2,282.243,train,0.05820627245487862,0.0638817224122056,0.002377773503566835,0.018082441617078053,0.029988218445678866,0.007906954354776334,9.307776459132127,8.751365142548494,8.648666666666667,1.7239583652442858,1.7361781898336295,1.7539982180021174
final_joint_baseline_44mer,heat_capacity,7,3,283.371,train,0.06206729991633707,0.06860649369594987,0.004035505391133756,0.017181247619058197,0.022584230146486473,0.01055297676251851,9.5004241220863,8.902341908891824,8.690666666666665,1.7181079388731155,1.7292478019431403,1.7464694108771228
final_joint_baseline_44mer,heat_capacity,7,4,284.504,train,0.06284806117837109,0.07570130717463477,0.003890492437983271,0.0159496881005807,0.01647781772141541,0.007633795498424727,9.659105501795388,9.054659644997908,9.182,1.7148231530757665,1.7222873537281678,1.7143719273339815
final_joint_baseline_44mer,heat_capacity,7,5,285.641,train,0.06190209161049383,0.057716857891600665,0.003397671654393357,0.015480997592197414,0.01995912157532992,0.008900450040390567,9.834191086969753,9.208134486077084,9.126,1.70995073357408,1.7153059811341542,1.7172597751446643
final_joint_baseline_44mer,heat_capacity,7,6,286.783,train,0.06580876409447989,0.06641396771843806,0.002984209042182736,0.015986805981181903,0.01857395638615835,0.009422739692849388,10.003320324386829,9.362848083609395,9.425333333333333,1.700945718091396,1.7083006718779261,1.6966091569606527
final_joint_baseline_44mer,heat_capacity,7,7,287.929,train,0.06837904208131079,0.07611117930330318,0.00407955435265915,0.015812578228270518,0.021197350020923867,0.008940380235814182,10.215862546406182,9.51860764692708,9.358,1.6943485754338155,1.7012808210042882,1.7100062489077588
final_joint_baseline_44mer,heat_capacity,7,8,289.08,train,0.07348075907080118,0.07630558987462525,0.0037297740326928328,0.015985729126792383,0.02233211181667398,0.006743355827282409,10.399694936400707,9.675487578900754,9.666,1.6849675212879243,1.6942437011126987,1.6882480948041798
final_joint_baseline_44mer,heat_capacity,7,9,290.235,train,0.07311448679790719,0.08182847473682452,0.003757838640252869,0.015474557711003376,0.019544981884626757,0.009583950074518049,10.524419922707079,9.833285813556124,9.873333333333333,1.681340394793113,1.6871989578377633,1.7016830158290794
final_joint_baseline_44mer,heat_capacity,7,10,291.395,train,0.07123234596339517,0.07955389818076336,0.0039390588014861115,0.015934854037423594,0.018930343844211252,0.006841767619654736,10.66035238269125,9.992068751214738,10.046666666666667,1.6777821959555088,1.6801441605084584,1.6808418692223257
final_joint_baseline_44mer,heat_capacity,7,11,292.56,train,0.0725780999653572,0.08683150106496465,0.004172439812180441,0.01594571183111288,0.019811974679371493,0.006232506412766124,10.742928001947536,10.151761963959135,10.091333333333335,1.6731364718597481,1.6730831415732743,1.6727903910048794
final_joint_baseline_44mer,heat_capacity,7,12,293.729,train,0.07153266573567718,0.0723682389237272,0.002467680442808597,0.01580013827195998,0.023648087294841136,0.0076402531493637085,10.807456941147832,10.312148972422406,10.301333333333334,1.6738479584546968,1.6660258985426586,1.666490674513184
final_joint_baseline_44mer,heat_capacity,7,13,294.903,train,0.07086943878228037,0.06895266830021166,0.003949887442283992,0.015979833170545365,0.018262015514722806,0.008836380664614882,10.913218154707565,10.473282852131435,10.343333333333334,1.6724701711734125,1.6589704616599394,1.6792643703607237
final_joint_baseline_44mer,heat_capacity,7,14,296.082,train,0.07469922386695522,0.07809511001354265,0.006246759008665423,0.017881497159264355,0.023410772167189797,0.010241544229262375,11.137181242772805,10.635074753474072,10.624666666666666,1.665708368001392,1.6519210674658997,1.6573646273542098
final_joint_baseline_44mer,heat_capacity,7,15,297.266,train,0.07425682006663592,0.07953498356492886,0.0031351795248193513,0.017421888876943417,0.028096563050624322,0.010525406086791155,11.28130401375449,10.797430865078706,10.660666666666666,1.6584518174231966,1.6448820821436618,1.6511371415126341
final_joint_baseline_44mer,heat_capacity,7,16,298.454,train,0.07463434031652152,0.07216272290005982,0.00452889974321817,0.01511441341213573,0.021296102256887342,0.007356060794464207,11.462236397662954,10.960115599335179,10.780000000000001,1.653061674629598,1.6378638832363879,1.6580601360518528
final_joint_baseline_44mer,heat_capacity,7,17,299.647,train,0.07512302780570491,0.08562366285798852,0.005261039080025252,0.015676501524097983,0.029517245685398416,0.009895831803091771,11.609464579149169,11.123162717690747,11.318,1.6439808387239871,1.630865103903865,1.6048677279485084
final_joint_baseline_44mer,heat_capacity,7,18,300.845,train,0.07891453217133033,0.08524179055109352,0.0050661323861308765,0.01535957407093614,0.0268747958858865,0.012215473915640937,11.843582253058244,11.286463962565211,11.233333333333334,1.6384022936673557,1.6238904480672989,1.6251116027244277
final_joint_baseline_44mer,heat_capacity,7,19,302.047,train,0.08067031881431347,0.07781560556662313,0.004085992729382534,0.01569407360361449,0.02029703861461869,0.007405161857563625,12.03045767147465,11.44977075562559,11.550666666666668,1.6302856790997862,1.616950466575303,1.6057328005667775
final_joint_baseline_44mer,heat_capacity,7,20,303.254,train,0.08259720547041577,0.0985122866507992,0.004649273652876847,0.015480351794863376,0.02260613444956127,0.00969294226206388,12.269134182338263,11.61310235590916,11.718666666666667,1.6206763978222538,1.610044193930448,1.5940641359737597
final_joint_baseline_44mer,heat_capacity,7,21,304.467,train,0.08128898903604681,0.08200397555004592,0.0034627605097540494,0.013657243163609714,0.017459902545377947,0.007545490858956321,12.378670272655349,11.776471498476127,11.917333333333335,1.611008910967524,1.6031709479064684,1.5970917064774
final_joint_baseline_44mer,heat_capacity,7,22,305.683,train,0.08396692742592812,0.09203201318110996,0.004244493504549619,0.013792942472957394,0.015684337735438016,0.007538618933635134,12.575666042845839,11.93934948721055,11.906666666666666,1.6024266517823778,1.5963526585351844,1.6082168241590813
final_joint_baseline_44mer,heat_capacity,7,23,306.905,train,0.08220081881280264,0.09511616858570836,0.0042959497462719785,0.013353574960283762,0.01945795305584973,0.007533017185969399,12.589017710425416,12.102009782758449,11.947333333333333,1.6065431646433592,1.5895774804023906,1.5934858881641216
final_joint_baseline_44mer,heat_capacity,7,24,308.132,train,0.0767878220636166,0.07773703018632794,0.0027929097901635115,0.014088557217215206,0.01591955505588084,0.006957548923854935,12.680625798794962,12.2641850202194,12.181333333333331,1.6048980912246824,1.5828561512808983,1.583816363869978
final_joint_baseline_44mer,heat_capacity,7,25,309.364,train,0.07794253457896033,0.0858276674796686,0.003411080367969596,0.014615791735358617,0.01915410207779348,0.008058959015762306,12.839442212890269,12.425739024735673,12.402666666666667,1.602065164513469,1.5761937894727105,1.5748736794813614
final_joint_baseline_44mer,heat_capacity,7,26,310.6,train,0.07274181934139937,0.07970139982757735,0.0037175803092955573,0.015835399389376913,0.02320494800401677,0.007944095178842502,12.760165616821862,12.586403499622662,12.544666666666666,1.6043305868470101,1.5696008107963473,1.5628868117487842
final_joint_baseline_44mer,heat_capacity,7,27,311.842,train,0.07331152665015384,0.07892827730904099,0.0031809033386010575,0.016017363410389555,0.022092253535555873,0.008447471599320328,12.944969113261518,12.746297283815814,12.735333333333333,1.5958195529076442,1.5630716480702194,1.5763355334377898
final_joint_baseline_44mer,heat_capacity,7,28,313.088,train,0.07698126604716601,0.08326711454359056,0.004424370269781591,0.016583231457018906,0.024036499808565766,0.007970340337433907,13.29451341975534,12.905020055519435,12.92,1.5835136685075968,1.5566218788864925,1.5624247647550518
final_joint_baseline_44mer,heat_capacity,7,29,314.34,train,0.07312586705265596,0.07563278002480295,0.0029694380861857387,0.014147523917767236,0.024102521535955247,0.008140010741139365,13.48962745724545,13.062682245485973,13.167333333333334,1.5730841481092992,1.5502461681705957,1.5558167565120227
final_joint_baseline_44mer,heat_capacity,7,30,315.596,train,0.07428883077733517,0.08195420042885007,0.004865152385972059,0.014545547330480536,0.02262306033418553,0.008822080042898549,13.672765276002677,13.218886939353336,13.178,1.567634268012788,1.5439596462991445,1.5469147549508053
final_joint_baseline_44mer,heat_capacity,7,31,316.858,train,0.07410971971338678,0.07467215675370448,0.005393262954329894,0.014420737393465041,0.019880165272146345,0.006896848076644784,13.829060921429004,13.373737342935826,13.152000000000001,1.5631233357800103,1.5377571675467974,1.544460142085359
final_joint_baseline_44mer,heat_capacity,7,32,318.124,train,0.07437033562229042,0.0792789625331313,0.004580504892643494,0.014373636482712147,0.02035404009649621,0.00807502051040946,14.070463605380073,13.52684285144316,13.558,1.558760215078798,1.5316533203460314,1.5367057903548917
final_joint_baseline_44mer,heat_capacity,7,33,319.396,train,0.07877089915056024,0.07918214046279044,0.0037352523275583594,0.014884510093412807,0.01946304083578062,0.007249461006711444,14.099472795325909,13.678300729330875,13.638,1.560315682543106,1.5256431067144562,1.5374592911120424
final_joint_baseline_44mer,heat_capacity,7,34,320.672,train,0.08051203812594962,0.08779558317184069,0.004374070039250475,0.01506421448640614,0.02407301404674378,0.009455093512843005,14.246917031830076,13.827729605492255,13.71,1.5576941339806614,1.519740484511549,1.52495745626782
final_joint_baseline_44mer,heat_capacity,7,35,321.954,train,0.07783522729916961,0.09665968303015271,0.006407842742523963,0.013828286346770788,0.020066973981053303,0.009014361919421537,14.381535283914552,13.975222104180826,13.883333333333333,1.553315696022292,1.5139405657422746,1.509825833160067
final_joint_baseline_44mer,heat_capacity,7,36,323.241,train,0.07947106094878792,0.08737982003193118,0.00667210930282959,0.013776011064626482,0.02014825287019613,0.007901336843354007,14.587121903718579,14.120520718491475,14.033999999999999,1.545519977992165,1.508252231428096,1.508236839932785
final_joint_baseline_44mer,heat_capacity,7,37,324.533,train,0.07572266324524232,0.07877446637090765,0.005100498275315965,0.013472712401999837,0.018763743497058727,0.005042431433210433,14.566468109062138,14.2634887990469,14.107333333333333,1.5455605687236313,1.5026795137147961,1.4993196398530706
final_joint_baseline_44mer,heat_capacity,7,38,325.83,train,0.07851132752226125,0.08357006415147247,0.005190200977002152,0.01362994058461632,0.022108404492559262,0.008470529007271584,14.80466496257075,14.403992901936059,14.470666666666666,1.5404790686617498,1.4972262613105247,1.493469425889453
final_joint_baseline_44mer,heat_capacity,7,39,327.132,train,0.08030706754254742,0.08594293004175022,0.005547559103227422,0.01573745508527731,0.01821726389879976,0.006259172397085663,14.926329042663259,14.54190321225531,14.270666666666667,1.543821294173438,1.491896130456339,1.4958734375201197
final_joint_baseline_44mer,heat_capacity,7,40,328.44,train,0.07569034908395066,0.08264367107062599,0.005532555162727998,0.015142898011691514,0.019662723586378352,0.007236184061632919,15.05278513176313,14.677196101244133,14.671333333333333,1.540026443712756,1.4866886529594232,1.4930246185262774
final_joint_baseline_44mer,heat_capacity,7,41,329.753,train,0.07974991136427335,0.08166230698260832,0.0061169851809368125,0.016677520715134595,0.030407917536784436,0.010789933536597658,15.265959923315682,14.809642782780987,15.032,1.5372187904758519,1.4816112335673008,1.4789442324202076
final_joint_baseline_44mer,heat_capacity,7,42,331.071,train,0.07448529161944029,0.07927684397596155,0.006725677536746003,0.017804356388515775,0.019505824574159336,0.006609104291353505,15.465113961414396,14.939126311870083,15.074,1.5314127841504375,1.4766669165845459,1.467950166271715
final_joint_baseline_44mer,heat_capacity,7,43,332.394,train,0.07915939023668714,0.07805670503713155,0.0052878459693656565,0.01776738737718335,0.025458009133753668,0.008120767509538072,15.650857373257864,15.065534714971182,14.885333333333334,1.5244549200868058,1.4718585326867715,1.47621462796488
final_joint_baseline_44mer,heat_capacity,7,44,333.723,train,0.07586809614502214,0.07933986198708544,0.00484734374187114,0.018850041033464385,0.02873245114166629,0.008979605681606734,15.79094470817357,15.188852612792223,15.182,1.5161238639190366,1.4671852406253307,1.4701895219177534
final_joint_baseline_44mer,heat_capacity,7,45,335.057,train,0.07508815928104856,0.08980037419280104,0.007296560845810254,0.018204159695785992,0.029258634636554103,0.010196901745376664,15.881811058365287,15.308881546944269,15.374666666666666,1.5139679599741689,1.462653137608421,1.4537291990836472
final_joint_baseline_44mer,heat_capacity,7,46,336.396,train,0.07637062538791389,0.07473117609030192,0.005255975350981191,0.01780939829081579,0.026931844260346713,0.006655485215423201,15.95942996470087,15.425525513875437,15.251999999999999,1.5107176380054235,1.4582644141890653,1.4705608451507095
final_joint_baseline_44mer,heat_capacity,7,47,337.741,train,0.07636027466235146,0.07891530663267146,0.005323457294012821,0.017790652610208887,0.02760845628782703,0.008340940853455877,16.191268790700505,15.538776893025199,15.64,1.5031807816212521,1.4540179536041566,1.4528771854809408
final_joint_baseline_44mer,heat_capacity,7,48,339.091,train,0.07216919128261665,0.07319255821672625,0.007024020391304721,0.016659200674699608,0.029063113743281233,0.008729669145489208,16.2934658572211,15.648462364718837,15.819333333333333,1.4997236766808852,1.4499188688141458,1.4476757336770827
final_joint_baseline_44mer,heat_capacity,7,49,340.446,train,0.07206999096815171,0.07527129540327548,0.0051725779098926224,0.016427599339888542,0.027505621717848566,0.009132168832413558,16.485230661554375,15.754502916036166,16.10666666666667,1.4953283897396434,1.4459687338110028,1.4328138418540166
final_joint_baseline_44mer,heat_capacity,7,50,341.807,train,0.07519558264770347,0.07172128883983911,0.004143041131781312,0.016990716159661766,0.02306680150202501,0.007768257295713881,16.691355897389087,15.856898989051913,16.19066666666667,1.4903387932207046,1.4421661944069064,1.4380845478942614
final_joint_baseline_44mer,heat_capacity,7,51,343.173,train,0.06817981441377416,0.0733655312546386,0.005456755506274464,0.015361753760458587,0.02092687930106053,0.00721505979913536,16.85042336132919,15.955503159734604,16.176000000000002,1.4792115717588992,1.4385154179968698,1.4256161967636445
final_joint_baseline_44mer,heat_capacity,7,52,344.545,train,0.0690302815908777,0.07143675267159223,0.005239964014574192,0.01508150427202503,0.02109209670786246,0.008555590403136255,17.108302522670563,16.050320963847653,15.882,1.4707794216938925,1.43501492512449,1.4411706534579172
final_joint_baseline_44mer,heat_capacity,7,53,345.922,train,0.06483104335710717,0.07130642500298032,0.003916249568114944,0.01461297076818674,0.026040853520325615,0.009179677894015578,17.151692684559674,16.14122212735106,16.04,1.4674249423764787,1.4316682883371885,1.4291451091576897
final_joint_baseline_44mer,heat_capacity,7,54,347.305,train,0.06876764135765605,0.07420542687435852,0.0034630586560859154,0.015908521922230322,0.021867497498350305,0.009108889122605887,17.198451478911814,16.228216852570945,16.294666666666664,1.4707388309624263,1.4284739345523891,1.4177248590353528
final_joint_baseline_44mer,heat_capacity,7,55,348.693,train,0.06783698070521572,0.0690881611009662,0.0050475988556896246,0.015096067718511571,0.018927278697586203,0.007563294480598645,17.365968291643842,16.311191665188833,16.282666666666668,1.46534792230597,1.4254348765232294,1.4327123292227546
final_joint_baseline_44mer,heat_capacity,7,56,350.086,train,0.07004067556763044,0.06756603624712507,0.006983971434209509,0.014927562120025549,0.026357964394169014,0.010789471696333904,17.642026124398996,16.390105770020043,16.392666666666667,1.4586152219225486,1.4225514923001337,1.4257691471471519
final_joint_baseline_44mer,heat_capacity,7,57,351.486,train,0.0680306444661401,0.06581320718530186,0.007635582934645852,0.01582972770860679,0.02622489771686875,0.008382687151392025,17.59089830199014,16.46502720201908,16.410666666666664,1.459674410254965,1.419820242611283,1.4250689648527146
final_joint_baseline_44mer,heat_capacity,7,58,352.891,train,0.0660755749477438,0.07005411145308653,0.005425523202179542,0.014744429628930373,0.029541069960984948,0.009820125807113923,17.764145137240583,16.535808401374283,16.792,1.454219169118449,1.4172455023991148,1.3991612065925871
final_joint_baseline_44mer,heat_capacity,7,59,354.301,train,0.06554016962223784,0.05832269369993265,0.007670769422949347,0.015099027778712807,0.028786878094204535,0.00961070387920821,17.849990870914734,16.602422811546965,16.703333333333333,1.4515792398474154,1.4148272723475868,1.4004767087513095
final_joint_baseline_44mer,heat_capacity,7,60,355.717,train,0.06393043752545935,0.061276507899794594,0.00883452103861048,0.0148604413139031,0.023747377604194375,0.010599264924577403,17.95618609640314,16.664890790576038,16.637333333333334,1.4478678684382402,1.412563907543389,1.4080651304024097
final_joint_baseline_44mer,heat_capacity,7,61,357.139,train,0.0628320030577528,0.06494215308128737,0.007631007664964295,0.015516793300051995,0.0234880164809122,0.008716835470465424,17.985555124459857,16.72318494761943,16.531999999999996,1.4474435804149874,1.4104555534611798,1.423256301443329
final_joint_baseline_44mer,heat_capacity,7,62,358.567,train,0.05923484213617331,0.05237131320607678,0.006861634153421656,0.015742395971078477,0.028551613044599272,0.010882042145537,17.929191771651148,16.777281909390474,16.878666666666668,1.4479398595468786,1.4085022628986121,1.394247165491651
final_joint_baseline_44mer,heat_capacity,7,63,360.0,train,0.0581339975440621,0.06203830720206138,0.008243985094722057,0.015576220698765774,0.020375217981331607,0.011224006804756772,18.00590271438135,16.827128899646183,16.716,1.448537998438865,1.4067052016936175,1.4089954565081664
final_joint_baseline_44mer,heat_capacity,8,0,280.0,train,0.0554272145684275,0.06623192712068986,0.003523096719707023,0.018154482000141164,0.022371078131152668,0.007660846837185068,8.984389264195727,8.45334557174684,8.429333333333334,1.7330192887155929,1.74994975650975,1.7566971044267157
final_joint_baseline_44mer,heat_capacity,8,1,281.119,train,0.05477880846679787,0.06506761744230971,0.004943363759537373,0.01772405443298958,0.021606346445496125,0.010773841401900179,9.245772472764894,8.601641243811667,8.535333333333334,1.7254357146970922,1.7430817989691079,1.7305320806095366
final_joint_baseline_44mer,heat_capacity,8,2,282.243,train,0.05820627245487862,0.05749707007011189,0.0028818250724661023,0.018082441617078053,0.025363532281115313,0.009628952642675114,9.307776459132127,8.751365142548494,8.86,1.7239583652442858,1.7361781898336295,1.7454748699228644
final_joint_baseline_44mer,heat_capacity,8,3,283.371,train,0.06206729991633707,0.0730535473067688,0.004003172478795768,0.017181247619058197,0.02301181183383061,0.009138811296129312,9.5004241220863,8.902341908891824,8.697333333333333,1.7181079388731155,1.7292478019431403,1.739961260925588
final_joint_baseline_44mer,heat_capacity,8,4,284.504,train,0.06284806117837109,0.0645294295511282,0.002771559783604858,0.0159496881005807,0.022491180356112132,0.008034962895565635,9.659105501795388,9.054659644997908,9.091333333333333,1.7148231530757665,1.7222873537281678,1.7197692898206043
final_joint_baseline_44mer,heat_capacity,8,5,285.641,train,0.06190209161049383,0.061854456274325974,0.004233686230309418,0.015480997592197414,0.01757244839197147,0.00909110965129104,9.834191086969753,9.208134486077084,9.158666666666667,1.70995073357408,1.7153059811341542,1.722168786144075
final_joint_baseline_44mer,heat_capacity,8,6,286.783,train,0.06580876409447989,0.06394854115256812,0.002138927227751129,0.015986805981181903,0.02368051590902921,0.00926584987580837,10.003320324386829,9.362848083609395,9.23,1.700945718091396,1.7083006718779261,1.7015260610758507
final_joint_baseline_44mer,heat_capacity,8,7,287.929,train,0.06837904208131079,0.07945033317354197,0.002934102016687527,0.015812578228270518,0.030320349527754517,0.009036830972986687,10.215862546406182,9.51860764692708,9.558,1.6943485754338155,1.7012808210042882,1.701567318069348
final_joint_baseline_44mer,heat_capacity,8,8,289.08,train,0.07348075907080118,0.07995325871146257,0.003374356071494898,0.015985729126792383,0.018594388746313598,0.007187717322353385,10.399694936400707,9.675487578900754,9.716666666666667,1.6849675212879243,1.6942437011126987,1.6987441843802311
final_joint_baseline_44mer,heat_capacity,8,9,290.235,train,0.07311448679790719,0.07234236108926093,0.004365391859591972,0.015474557711003376,0.01870608624474543,0.008322141905656631,10.524419922707079,9.833285813556124,9.836,1.681340394793113,1.6871989578377633,1.6927975003941542
final_joint_baseline_44mer,heat_capacity,8,10,291.395,train,0.07123234596339517,0.07158768314054051,0.0016011979054868333,0.015934854037423594,0.020478492251770467,0.008444342638896032,10.66035238269125,9.992068751214738,10.107333333333333,1.6777821959555088,1.6801441605084584,1.6776179334236692
final_joint_baseline_44mer,heat_capacity,8,11,292.56,train,0.0725780999653572,0.08029432889433169,0.004504543602544464,0.01594571183111288,0.02426254582530494,0.009238740912871302,10.742928001947536,10.151761963959135,9.956000000000001,1.6731364718597481,1.6730831415732743,1.67798763328161
final_joint_baseline_44mer,heat_capacity,8,12,293.729,train,0.07153266573567718,0.08408412419738229,0.0031918104403262613,0.01580013827195998,0.019385325940472813,0.007038642937047603,10.807456941147832,10.312148972422406,10.321333333333335,1.6738479584546968,1.6660258985426586,1.6641049598444626
final_joint_baseline_44mer,heat_capacity,8,13,294.903,train,0.07086943878228037,0.07463974493405795,0.003214374629634951,0.015979833170545365,0.02080544051631575,0.006369280688627887,10.913218154707565,10.473282852131435,10.246000000000002,1.6724701711734125,1.6589704616599394,1.668093542561272
final_joint_baseline_44mer,heat_capacity,8,14,296.082,train,0.07469922386695522,0.07966145723862059,0.004529585590619603,0.017881497159264355,0.019572782661930823,0.010470945336446262,11.137181242772805,10.635074753474072,10.847333333333335,1.665708368001392,1.6519210674658997,1.6634850456075916
final_joint_baseline_44mer,heat_capacity,8,15,297.266,train,0.07425682006663592,0.07633547416962619,0.0037196701512430923,0.017421888876943417,0.020851003031623544,0.009780168886281655,11.28130401375449,10.797430865078706,10.750666666666666,1.6584518174231966,1.6448820821436618,1.64857437119682
final_joint_baseline_44mer,heat_capacity,8,16,298.454,train,0.07463434031652152,0.07122320104493353,0.0034702885488230237,0.01511441341213573,0.020604443756767538,0.009667245633919526,11.462236397662954,10.960115599335179,11.200666666666667,1.653061674629598,1.6378638832363879,1.6291792873685575
final_joint_baseline_44mer,heat_capacity,8,17,299.647,train,0.07512302780570491,0.07242435520295099,0.002731337861793277,0.015676501524097983,0.01938876963599156,0.006501209493570224,11.609464579149169,11.123162717690747,11.286000000000001,1.6439808387239871,1.630865103903865,1.6368380307963122
final_joint_baseline_44mer,heat_capacity,8,18,300.845,train,0.07891453217133033,0.0901380879557325,0.005934031989692659,0.01535957407093614,0.02129554412739789,0.008211303304970902,11.843582253058244,11.286463962565211,11.362,1.6384022936673557,1.6238904480672989,1.6205105922873282
final_joint_baseline_44mer,heat_capacity,8,19,302.047,train,0.08067031881431347,0.0898315099608527,0.0036725002198114004,0.01569407360361449,0.021424000836833337,0.00673214123371615,12.03045767147465,11.44977075562559,11.564,1.6302856790997862,1.616950466575303,1.6074737850141025
final_joint_baseline_44mer,heat_capacity,8,20,303.254,train,0.08259720547041577,0.09622970393085165,0.003811119060059121,0.015480351794863376,0.02116541258294203,0.006877441737087519,12.269134182338263,11.61310235590916,11.347333333333333,1.6206763978222538,1.610044193930448,1.6206407523688082
final_joint_baseline_44mer,heat_capacity,8,21,304.467,train,0.08128898903604681,0.0810333973887715,0.003439297738909993,0.013657243163609714,0.0191980431287069,0.008464952885640892,12.378670272655349,11.776471498476127,11.91,1.611008910967524,1.6031709479064684,1.5966784424793063
final_joint_baseline_44mer,heat_capacity,8,22,305.683,train,0.08396692742592812,0.08408157522656026,0.005116120203705757,0.013792942472957394,0.020871555864252704,0.007006662436493595,12.575666042845839,11.93934948721055,12.148666666666667,1.6024266517823778,1.5963526585351844,1.583057404284144
final_joint_baseline_44mer,heat_capacity,8,23,306.905,train,0.08220081881280264,0.08815911166256864,0.004126039674703945,0.013353574960283762,0.015597139153913713,0.006614510307686848,12.589017710425416,12.102009782758449,12.191333333333333,1.6065431646433592,1.5895774804023906,1.584180304443072
final_joint_baseline_44mer,heat_capacity,8,24,308.132,train,0.0767878220636166,0.08246300491124106,0.0041534957302222925,0.014088557217215206,0.017912935302034826,0.00722502953148383,12.680625798794962,12.2641850202194,12.242666666666668,1.6048980912246824,1.5828561512808983,1.5774624116678937
final_joint_baseline_44mer,heat_capacity,8,25,309.364,train,0.07794253457896033,0.07845883057844363,0.0050723493690321185,0.014615791735358617,0.021253529555535895,0.008423697894096844,12.839442212890269,12.425739024735673,12.260666666666667,1.602065164513469,1.5761937894727105,1.5868420211224987
final_joint_baseline_44mer,heat_capacity,8,26,310.6,train,0.07274181934139937,0.09229900577029872,0.005492526149447466,0.015835399389376913,0.024523932183422515,0.007140096701782026,12.760165616821862,12.586403499622662,12.660666666666668,1.6043305868470101,1.5696008107963473,1.553225057035572
final_joint_baseline_44mer,heat_capacity,8,27,311.842,train,0.07331152665015384,0.08156815435827673,0.005063803432675666,0.016017363410389555,0.022557743627290818,0.008365478068070562,12.944969113261518,12.746297283815814,12.698666666666666,1.5958195529076442,1.5630716480702194,1.5575170830753475
final_joint_baseline_44mer,heat_capacity,8,28,313.088,train,0.07698126604716601,0.08506151598345649,0.003905932677700618,0.016583231457018906,0.02057517492939258,0.008189886647738703,13.29451341975534,12.905020055519435,12.992666666666667,1.5835136685075968,1.5566218788864925,1.5483410494413048
final_joint_baseline_44mer,heat_capacity,8,29,314.34,train,0.07312586705265596,0.07266502073514211,0.004938989438553596,0.014147523917767236,0.02135944912797713,0.008627597337254277,13.48962745724545,13.062682245485973,12.878,1.5730841481092992,1.5502461681705957,1.554687390039637
final_joint_baseline_44mer,heat_capacity,8,30,315.596,train,0.07428883077733517,0.07285524070141025,0.003184001569346708,0.014545547330480536,0.019158865747519016,0.006891307323555137,13.672765276002677,13.218886939353336,13.206666666666667,1.567634268012788,1.5439596462991445,1.5430229619350215
final_joint_baseline_44mer,heat_capacity,8,31,316.858,train,0.07410971971338678,0.07115135403036052,0.00558817432460295,0.014420737393465041,0.024387588096554037,0.009922879904400484,13.829060921429004,13.373737342935826,13.314666666666666,1.5631233357800103,1.5377571675467974,1.5485717913229997
final_joint_baseline_44mer,heat_capacity,8,32,318.124,train,0.07437033562229042,0.07685128476631163,0.0045123789276253524,0.014373636482712147,0.020081280747639152,0.007816388814953959,14.070463605380073,13.52684285144316,13.480666666666668,1.558760215078798,1.5316533203460314,1.5361339672017487
final_joint_baseline_44mer,heat_capacity,8,33,319.396,train,0.07877089915056024,0.08331992748097582,0.0035878946846355595,0.014884510093412807,0.0231708742220842,0.00709390788728502,14.099472795325909,13.678300729330875,13.559333333333335,1.560315682543106,1.5256431067144562,1.5307431898731092
final_joint_baseline_44mer,heat_capacity,8,34,320.672,train,0.08051203812594962,0.0810804129258948,0.0037258651822173776,0.01506421448640614,0.0227582621470589,0.006723417180741576,14.246917031830076,13.827729605492255,14.161999999999999,1.5576941339806614,1.519740484511549,1.5047200480193583
final_joint_baseline_44mer,heat_capacity,8,35,321.954,train,0.07783522729916961,0.08198780236941326,0.004699625160035236,0.013828286346770788,0.01889753518379409,0.007207845851219296,14.381535283914552,13.975222104180826,13.890666666666666,1.553315696022292,1.5139405657422746,1.5257516264113755
final_joint_baseline_44mer,heat_capacity,8,36,323.241,train,0.07947106094878792,0.08689454721598269,0.005372492225626704,0.013776011064626482,0.020440718057959405,0.009566080430221561,14.587121903718579,14.120520718491475,13.989333333333335,1.545519977992165,1.508252231428096,1.5188386773835376
final_joint_baseline_44mer,heat_capacity,8,37,324.533,train,0.07572266324524232,0.08357237439636347,0.006073037588863937,0.013472712401999837,0.017137971868106693,0.00681185517321113,14.566468109062138,14.2634887990469,14.391333333333332,1.5455605687236313,1.5026795137147961,1.505957288639973
final_joint_baseline_44mer,heat_capacity,8,38,325.83,train,0.07851132752226125,0.08193655922339416,0.003831173935068966,0.01362994058461632,0.02004446709179384,0.00762804914845182,14.80466496257075,14.403992901936059,14.366,1.5404790686617498,1.4972262613105247,1.4993646818421724
final_joint_baseline_44mer,heat_capacity,8,39,327.132,train,0.08030706754254742,0.08896138329246579,0.006752616591909074,0.01573745508527731,0.023391107343826715,0.008209463584032226,14.926329042663259,14.54190321225531,14.331333333333333,1.543821294173438,1.491896130456339,1.5050882887577184
final_joint_baseline_44mer,heat_capacity,8,40,328.44,train,0.07569034908395066,0.08447665701997559,0.005104037332672153,0.015142898011691514,0.022685694735995222,0.007533392697052093,15.05278513176313,14.677196101244133,14.777333333333333,1.540026443712756,1.4866886529594232,1.4808597681928501
final_joint_baseline_44mer,heat_capacity,8,41,329.753,train,0.07974991136427335,0.08793711864948028,0.006400952254656901,0.016677520715134595,0.024183695298504906,0.009225947467928016,15.265959923315682,14.809642782780987,14.828,1.5372187904758519,1.4816112335673008,1.4785607722807443
final_joint_baseline_44mer,heat_capacity,8,42,331.071,train,0.07448529161944029,0.09044404380177173,0.006818602447196373,0.017804356388515775,0.020852513738453586,0.008533540033506495,15.465113961414396,14.939126311870083,14.894666666666668,1.5314127841504375,1.4766669165845459,1.4895412114259003
final_joint_baseline_44mer,heat_capacity,8,43,332.394,train,0.07915939023668714,0.07549101077687136,0.004331564606993072,0.01776738737718335,0.027333112644417693,0.007434344812976074,15.650857373257864,15.065534714971182,14.961333333333332,1.5244549200868058,1.4718585326867715,1.4761649651925703
final_joint_baseline_44mer,heat_capacity,8,44,333.723,train,0.07586809614502214,0.07666787512163337,0.005133696937024427,0.018850041033464385,0.01959800286247889,0.008357005087248924,15.79094470817357,15.188852612792223,15.205333333333332,1.5161238639190366,1.4671852406253307,1.480655041941942
final_joint_baseline_44mer,heat_capacity,8,45,335.057,train,0.07508815928104856,0.08169881048044585,0.006444266676829154,0.018204159695785992,0.022028152279731136,0.00723320137543183,15.881811058365287,15.308881546944269,15.147333333333332,1.5139679599741689,1.462653137608421,1.4712955321080528
final_joint_baseline_44mer,heat_capacity,8,46,336.396,train,0.07637062538791389,0.08062169155301695,0.0056656873538483195,0.01780939829081579,0.03064713075657923,0.008591436132359635,15.95942996470087,15.425525513875437,15.418666666666667,1.5107176380054235,1.4582644141890653,1.4524494747223418
final_joint_baseline_44mer,heat_capacity,8,47,337.741,train,0.07636027466235146,0.08376476848503343,0.0045689968134678335,0.017790652610208887,0.02464514080433451,0.00815457808168108,16.191268790700505,15.538776893025199,15.54,1.5031807816212521,1.4540179536041566,1.44798968235271
final_joint_baseline_44mer,heat_capacity,8,48,339.091,train,0.07216919128261665,0.07411468974614174,0.007433987620116179,0.016659200674699608,0.02900490063766112,0.008034615566441833,16.2934658572211,15.648462364718837,16.111333333333334,1.4997236766808852,1.4499188688141458,1.4281894210999413
final_joint_baseline_44mer,heat_capacity,8,49,340.446,train,0.07206999096815171,0.07429059747472275,0.00703495021114583,0.016427599339888542,0.02044877525760167,0.0058763412235861515,16.485230661554375,15.754502916036166,15.516,1.4953283897396434,1.4459687338110028,1.4502844543852715
final_joint_baseline_44mer,heat_capacity,8,50,341.807,train,0.07519558264770347,0.0735230894351301,0.004760662990095357,0.016990716159661766,0.022846895139507446,0.007147763681500637,16.691355897389087,15.856898989051913,15.888,1.4903387932207046,1.4421661944069064,1.4430834898730946
final_joint_baseline_44mer,heat_capacity,8,51,343.173,train,0.06817981441377416,0.07057359959253517,0.006726440710180671,0.015361753760458587,0.025168916359758903,0.008254022169982169,16.85042336132919,15.955503159734604,15.843333333333334,1.4792115717588992,1.4385154179968698,1.4470220307248358
final_joint_baseline_44mer,heat_capacity,8,52,344.545,train,0.0690302815908777,0.07061528049189873,0.008817873518460619,0.01508150427202503,0.021891896202140233,0.008839089827131143,17.108302522670563,16.050320963847653,15.896666666666667,1.4707794216938925,1.43501492512449,1.4382055620790986
final_joint_baseline_44mer,heat_capacity,8,53,345.922,train,0.06483104335710717,0.07377539783126266,0.005990649805102119,0.01461297076818674,0.021847752127061536,0.008078642956264466,17.151692684559674,16.14122212735106,16.352,1.4674249423764787,1.4316682883371885,1.4182718095255717
final_joint_baseline_44mer,heat_capacity,8,54,347.305,train,0.06876764135765605,0.06119648007214375,0.008025030353330168,0.015908521922230322,0.021978541871508002,0.007680697690344216,17.198451478911814,16.228216852570945,16.032666666666664,1.4707388309624263,1.4284739345523891,1.435790420683543
final_joint_baseline_44mer,heat_capacity,8,55,348.693,train,0.06783698070521572,0.07028019445942442,0.0030898940215181195,0.015096067718511571,0.02490840098950218,0.007626197578570867,17.365968291643842,16.311191665188833,16.187333333333335,1.46534792230597,1.4254348765232294,1.42240217835495
final_joint_baseline_44mer,heat_capacity,8,56,350.086,train,0.07004067556763044,0.07443612648829036,0.0069693251794746384,0.014927562120025549,0.024021461324779364,0.00798683661529787,17.642026124398996,16.390105770020043,16.501333333333335,1.4586152219225486,1.4225514923001337,1.4241004546436768
final_joint_baseline_44mer,heat_capacity,8,57,351.486,train,0.0680306444661401,0.06330424611645312,0.006682289955770309,0.01582972770860679,0.026319128484200614,0.010375473873849968,17.59089830199014,16.46502720201908,16.652,1.459674410254965,1.419820242611283,1.4046893345593046
final_joint_baseline_44mer,heat_capacity,8,58,352.891,train,0.0660755749477438,0.08213803386513192,0.008056376037530925,0.014744429628930373,0.022025873097218478,0.009181945087333224,17.764145137240583,16.535808401374283,16.238666666666667,1.454219169118449,1.4172455023991148,1.4256511814241681
final_joint_baseline_44mer,heat_capacity,8,59,354.301,train,0.06554016962223784,0.05369672471733365,0.006839903771679569,0.015099027778712807,0.022627722249050925,0.009509286937599858,17.849990870914734,16.602422811546965,16.898666666666667,1.4515792398474154,1.4148272723475868,1.4048205850663975
final_joint_baseline_44mer,heat_capacity,8,60,355.717,train,0.06393043752545935,0.06404415529681048,0.005824521266215489,0.0148604413139031,0.025928688640141966,0.008346067134430937,17.95618609640314,16.664890790576038,17.02,1.4478678684382402,1.412563907543389,1.3991909327644247
final_joint_baseline_44mer,heat_capacity,8,61,357.139,train,0.0628320030577528,0.0576163716646394,0.005174259996706081,0.015516793300051995,0.019504419707081347,0.00810037440698375,17.985555124459857,16.72318494761943,16.846,1.4474435804149874,1.4104555534611798,1.40357417972803
final_joint_baseline_44mer,heat_capacity,8,62,358.567,train,0.05923484213617331,0.06022146212497586,0.0056372830326861904,0.015742395971078477,0.02128699749253863,0.0071989027484808624,17.929191771651148,16.777281909390474,16.76066666666667,1.4479398595468786,1.4085022628986121,1.3946173439305831
final_joint_baseline_44mer,heat_capacity,8,63,360.0,train,0.0581339975440621,0.05490437114476033,0.006996262151510394,0.015576220698765774,0.01901706161608768,0.0077726560788729075,18.00590271438135,16.827128899646183,16.662,1.448537998438865,1.4067052016936175,1.4143106908188883
final_joint_baseline_44mer,heat_capacity,9,0,280.0,train,0.0554272145684275,0.07054388163417886,0.006362963012741331,0.018154482000141164,0.026928764665421438,0.009881480954033312,8.984389264195727,8.45334557174684,8.391333333333334,1.7330192887155929,1.74994975650975,1.7449336090704937
final_joint_baseline_44mer,heat_capacity,9,1,281.119,train,0.05477880846679787,0.06210751066454934,0.003283662598552349,0.01772405443298958,0.02374326599204895,0.008060442369063645,9.245772472764894,8.601641243811667,8.773333333333333,1.7254357146970922,1.7430817989691079,1.729403403105743
final_joint_baseline_44mer,heat_capacity,9,2,282.243,train,0.05820627245487862,0.05836090790429533,0.002660123572972858,0.018082441617078053,0.02769913502015271,0.010015750687398135,9.307776459132127,8.751365142548494,8.732000000000001,1.7239583652442858,1.7361781898336295,1.7383300399304435
final_joint_baseline_44mer,heat_capacity,9,3,283.371,train,0.06206729991633707,0.05909214547068947,0.0023433041104122245,0.017181247619058197,0.025463980232103556,0.00932540191890338,9.5004241220863,8.902341908891824,8.75,1.7181079388731155,1.7292478019431403,1.730061510385465
final_joint_baseline_44mer,heat_capacity,9,4,284.504,train,0.06284806117837109,0.06960269693847708,0.003008462117902148,0.0159496881005807,0.02248713130353619,0.007733913078813822,9.659105501795388,9.054659644997908,9.061333333333334,1.7148231530757665,1.7222873537281678,1.7132260372967916
final_joint_baseline_44mer,heat_capacity,9,5,285.641,train,0.06190209161049383,0.06264968631759998,0.0026267895594128416,0.015480997592197414,0.023776767351784404,0.01042999873031411,9.834191086969753,9.208134486077084,9.104666666666667,1.70995073357408,1.7153059811341542,1.7247530711465553
final_joint_baseline_44mer,heat_capacity,9,6,286.783,train,0.06580876409447989,0.06752344614145454,0.0038235701948806256,0.015986805981181903,0.02197402184395751,0.009096726904292673,10.003320324386829,9.362848083609395,9.283333333333335,1.700945718091396,1.7083006718779261,1.711912396873032
final_joint_baseline_44mer,heat_capacity,9,7,287.929,train,0.06837904208131079,0.0692603509685164,0.0028997256079028003,0.015812578228270518,0.022968225581894312,0.007513003460702823,10.215862546406182,9.51860764692708,9.371333333333332,1.6943485754338155,1.7012808210042882,1.7096441208920612
final_joint_baseline_44mer,heat_capacity,9,8,289.08,train,0.07348075907080118,0.07471758409635003,0.0041695271703121465,0.015985729126792383,0.0224293398799561,0.009181722151981403,10.399694936400707,9.675487578900754,9.584,1.6849675212879243,1.6942437011126987,1.7073134154469518
final_joint_baseline_44mer,heat_capacity,9,9,290.235,train,0.07311448679790719,0.06997961169507086,0.0027049899642126655,0.015474557711003376,0.02241061598898956,0.008449992932881074,10.524419922707079,9.833285813556124,9.932666666666666,1.681340394793113,1.6871989578377633,1.6903594233698471
final_joint_baseline_44mer,heat_capacity,9,10,291.395,train,0.07123234596339517,0.06906086253520861,0.0030299163082511092,0.015934854037423594,0.025784365068316592,0.00981840053511556,10.66035238269125,9.992068751214738,9.890666666666666,1.6777821959555088,1.6801441605084584,1.6863341074422793
final_joint_baseline_44mer,heat_capacity,9,11,292.56,train,0.0725780999653572,0.08145389461116856,0.0028774518958087944,0.01594571183111288,0.019739382858612466,0.006767091242688612,10.742928001947536,10.151761963959135,10.103333333333333,1.6731364718597481,1.6730831415732743,1.662963165597543
final_joint_baseline_44mer,heat_capacity,9,12,293.729,train,0.07153266573567718,0.08158562733844846,0.004058846664492455,0.01580013827195998,0.022341151466113394,0.011384135803105242,10.807456941147832,10.312148972422406,10.348,1.6738479584546968,1.6660258985426586,1.669911912646404
final_joint_baseline_44mer,heat_capacity,9,13,294.903,train,0.07086943878228037,0.09355289433855418,0.006280434697021093,0.015979833170545365,0.024288401372931354,0.009982239057562403,10.913218154707565,10.473282852131435,10.379333333333335,1.6724701711734125,1.6589704616599394,1.6595069260658915
final_joint_baseline_44mer,heat_capacity,9,14,296.082,train,0.07469922386695522,0.07582641123523953,0.003941235569791195,0.017881497159264355,0.027130826935842327,0.009797128016109935,11.137181242772805,10.635074753474072,10.341333333333333,1.665708368001392,1.6519210674658997,1.6693511851981864
final_joint_baseline_44mer,heat_capacity,9,15,297.266,train,0.07425682006663592,0.07998124186636613,0.003902940750113867,0.017421888876943417,0.022539508674788176,0.007959647871300806,11.28130401375449,10.797430865078706,10.696,1.6584518174231966,1.6448820821436618,1.6481770640968207
final_joint_baseline_44mer,heat_capacity,9,16,298.454,train,0.07463434031652152,0.07535120118358901,0.004500476136875696,0.01511441341213573,0.024952556937301057,0.008035859903779283,11.462236397662954,10.960115599335179,11.086666666666666,1.653061674629598,1.6378638832363879,1.6254382200716928
final_joint_baseline_44mer,heat_capacity,9,17,299.647,train,0.07512302780570491,0.08201228109447355,0.004577749822902617,0.015676501524097983,0.023911927691055823,0.007207186285610712,11.609464579149169,11.123162717690747,11.19,1.6439808387239871,1.630865103903865,1.6458015921607734
final_joint_baseline_44mer,heat_capacity,9,18,300.845,train,0.07891453217133033,0.07988237643843676,0.0061119292842634326,0.01535957407093614,0.023052489376282535,0.00761640847833821,11.843582253058244,11.286463962565211,11.099333333333334,1.6384022936673557,1.6238904480672989,1.6347601743765274
final_joint_baseline_44mer,heat_capacity,9,19,302.047,train,0.08067031881431347,0.0903483832457679,0.00386849964189103,0.01569407360361449,0.019794505926500262,0.008872566017877642,12.03045767147465,11.44977075562559,11.494666666666667,1.6302856790997862,1.616950466575303,1.6280426816955127
final_joint_baseline_44mer,heat_capacity,9,20,303.254,train,0.08259720547041577,0.08891701541854866,0.004565712016335527,0.015480351794863376,0.018835475823863433,0.0064070865084719245,12.269134182338263,11.61310235590916,11.712,1.6206763978222538,1.610044193930448,1.6057988540234607
final_joint_baseline_44mer,heat_capacity,9,21,304.467,train,0.08128898903604681,0.08192722227606489,0.005133782861373204,0.013657243163609714,0.02173817547984815,0.00812529891102539,12.378670272655349,11.776471498476127,11.858,1.611008910967524,1.6031709479064684,1.601147586205276
final_joint_baseline_44mer,heat_capacity,9,22,305.683,train,0.08396692742592812,0.09196616061947271,0.002652254999873387,0.013792942472957394,0.016866022205654325,0.007116034124771012,12.575666042845839,11.93934948721055,11.774000000000001,1.6024266517823778,1.5963526585351844,1.6029221688049955
final_joint_baseline_44mer,heat_capacity,9,23,306.905,train,0.08220081881280264,0.08611788745451152,0.004515906908537676,0.013353574960283762,0.014882410090172778,0.006615842454424752,12.589017710425416,12.102009782758449,12.188,1.6065431646433592,1.5895774804023906,1.5796880909726811
final_joint_baseline_44mer,heat_capacity,9,24,308.132,train,0.0767878220636166,0.0761129393262196,0.0035111995492737554,0.014088557217215206,0.014250876739530502,0.009864546926675304,12.680625798794962,12.2641850202194,12.052666666666667,1.6048980912246824,1.5828561512808983,1.5992711123200187
final_joint_baseline_44mer,heat_capacity,9,25,309.364,train,0.07794253457896033,0.08035233402193628,0.003368114098629445,0.014615791735358617,0.024593031282851202,0.007244617835551796,12.839442212890269,12.425739024735673,12.384666666666668,1.602065164513469,1.5761937894727105,1.579458229465708
final_joint_baseline_44mer,heat_capacity,9,26,310.6,train,0.07274181934139937,0.08214456979362465,0.0049466358781228795,0.015835399389376913,0.0211811505790038,0.007022492442514212,12.760165616821862,12.586403499622662,12.640666666666666,1.6043305868470101,1.5696008107963473,1.5732736828707217
final_joint_baseline_44mer,heat_capacity,9,27,311.842,train,0.07331152665015384,0.07864736803195944,0.005218943405402192,0.016017363410389555,0.022886389314319702,0.007699553911046872,12.944969113261518,12.746297283815814,12.858,1.5958195529076442,1.5630716480702194,1.5511971329818652
final_joint_baseline_44mer,heat_capacity,9,28,313.088,train,0.07698126604716601,0.07939215233121366,0.005260158400719394,0.016583231457018906,0.017280377231299722,0.007507405663212892,13.29451341975534,12.905020055519435,12.824,1.5835136685075968,1.5566218788864925,1.5582345824878678
final_joint_baseline_44mer,heat_capacity,9,29,314.34,train,0.07312586705265596,0.07387021753735176,0.0033701986313809905,0.014147523917767236,0.019641833477230884,0.009957316670101366,13.48962745724545,13.062682245485973,13.085333333333333,1.5730841481092992,1.5502461681705957,1.5466934331060724
final_joint_baseline_44mer,heat_capacity,9,30,315.596,train,0.07428883077733517,0.07921919973348829,0.003049988090880669,0.014545547330480536,0.021789620230904104,0.008750563286311576,13.672765276002677,13.218886939353336,13.32,1.567634268012788,1.5439596462991445,1.5407457323411076
final_joint_baseline_44mer,heat_capacity,9,31,316.858,train,0.07410971971338678,0.07685415120701508,0.004955143215242198,0.014420737393465041,0.025330227087174022,0.008092746537123476,13.829060921429004,13.373737342935826,13.550666666666668,1.5631233357800103,1.5377571675467974,1.5270363308894817
final_joint_baseline_44mer,heat_capacity,9,32,318.124,train,0.07437033562229042,0.0906969318246362,0.004985652396471019,0.014373636482712147,0.023159089449585404,0.008410740694815195,14.070463605380073,13.52684285144316,13.911999999999999,1.558760215078798,1.5316533203460314,1.5172294915776503
final_joint_baseline_44mer,heat_capacity,9,33,319.396,train,0.07877089915056024,0.08926227743558741,0.005255731982750471,0.014884510093412807,0.015821534037397483,0.01004619206562072,14.099472795325909,13.678300729330875,13.514666666666667,1.560315682543106,1.5256431067144562,1.5338688557690892
final_joint_baseline_44mer,heat_capacity,9,34,320.672,train,0.08051203812594962,0.09077916455659713,0.00405183358818768,0.01506421448640614,0.02078683303890287,0.00938608818718559,14.246917031830076,13.827729605492255,13.815333333333333,1.5576941339806614,1.519740484511549,1.5135469937923096
final_joint_baseline_44mer,heat_capacity,9,35,321.954,train,0.07783522729916961,0.07737677253752212,0.005017826775466934,0.013828286346770788,0.02902800034978993,0.008574236810014933,14.381535283914552,13.975222104180826,14.058666666666666,1.553315696022292,1.5139405657422746,1.5092661982991764
final_joint_baseline_44mer,heat_capacity,9,36,323.241,train,0.07947106094878792,0.08847645220846287,0.003325992629522167,0.013776011064626482,0.020880121192393415,0.008459954603007467,14.587121903718579,14.120520718491475,13.931333333333335,1.545519977992165,1.508252231428096,1.5068592312158173
final_joint_baseline_44mer,heat_capacity,9,37,324.533,train,0.07572266324524232,0.07295044568712661,0.004080606980846462,0.013472712401999837,0.023554420325534123,0.010517110350792747,14.566468109062138,14.2634887990469,14.338000000000001,1.5455605687236313,1.5026795137147961,1.4938189995470328
final_joint_baseline_44mer,heat_capacity,9,38,325.83,train,0.07851132752226125,0.08669229896350605,0.0053330863748850925,0.01362994058461632,0.016067789817924873,0.006406083735391855,14.80466496257075,14.403992901936059,14.199333333333334,1.5404790686617498,1.4972262613105247,1.5119366698950885
final_joint_baseline_44mer,heat_capacity,9,39,327.132,train,0.08030706754254742,0.09107242282856809,0.0061373768431254114,0.01573745508527731,0.023113885518506478,0.008052733241571587,14.926329042663259,14.54190321225531,14.419333333333334,1.543821294173438,1.491896130456339,1.5002064249382978
final_joint_baseline_44mer,heat_capacity,9,40,328.44,train,0.07569034908395066,0.08579579866887505,0.0052412319822107535,0.015142898011691514,0.02402299031880053,0.009200164743032056,15.05278513176313,14.677196101244133,14.504666666666667,1.540026443712756,1.4866886529594232,1.4868783928711182
final_joint_baseline_44mer,heat_capacity,9,41,329.753,train,0.07974991136427335,0.0850633572263855,0.005229685808941885,0.016677520715134595,0.028384535059219014,0.007967083175917933,15.265959923315682,14.809642782780987,14.969333333333335,1.5372187904758519,1.4816112335673008,1.47029643921063
final_joint_baseline_44mer,heat_capacity,9,42,331.071,train,0.07448529161944029,0.07721622459477542,0.00526762038123974,0.017804356388515775,0.025970214458585147,0.007447559238863974,15.465113961414396,14.939126311870083,14.913333333333334,1.5314127841504375,1.4766669165845459,1.48161000534684
final_joint_baseline_44mer,heat_capacity,9,43,332.394,train,0.07915939023668714,0.0837495526118229,0.006298660252634802,0.01776738737718335,0.025022715172608026,0.008077040254538809,15.650857373257864,15.065534714971182,15.109333333333334,1.5244549200868058,1.4718585326867715,1.4772247628255641
final_joint_baseline_44mer,heat_capacity,9,44,333.723,train,0.07586809614502214,0.08985819215522528,0.006612442028563032,0.018850041033464385,0.026008317472233658,0.0083552338367928,15.79094470817357,15.188852612792223,15.207333333333333,1.5161238639190366,1.4671852406253307,1.453829708389921
final_joint_baseline_44mer,heat_capacity,9,45,335.057,train,0.07508815928104856,0.07556044108152168,0.005211105789355265,0.018204159695785992,0.026657296407143868,0.007830511514415531,15.881811058365287,15.308881546944269,15.181999999999999,1.5139679599741689,1.462653137608421,1.468670470098813
final_joint_baseline_44mer,heat_capacity,9,46,336.396,train,0.07637062538791389,0.08022211504643714,0.006220816376709951,0.01780939829081579,0.021396327090565624,0.01018844458290507,15.95942996470087,15.425525513875437,15.228000000000002,1.5107176380054235,1.4582644141890653,1.4701120331321236
final_joint_baseline_44mer,heat_capacity,9,47,337.741,train,0.07636027466235146,0.07389391457937634,0.004239450723828347,0.017790652610208887,0.02358940603089471,0.008535522801593153,16.191268790700505,15.538776893025199,15.425333333333333,1.5031807816212521,1.4540179536041566,1.4637540861670524
final_joint_baseline_44mer,heat_capacity,9,48,339.091,train,0.07216919128261665,0.07137684739575509,0.004875436335985949,0.016659200674699608,0.025904644574564213,0.009214847486151614,16.2934658572211,15.648462364718837,15.755333333333333,1.4997236766808852,1.4499188688141458,1.4363480302047418
final_joint_baseline_44mer,heat_capacity,9,49,340.446,train,0.07206999096815171,0.08213148969213563,0.005166443343201915,0.016427599339888542,0.02124996176077442,0.006393517539142322,16.485230661554375,15.754502916036166,15.951333333333334,1.4953283897396434,1.4459687338110028,1.444838440505673
final_joint_baseline_44mer,heat_capacity,9,50,341.807,train,0.07519558264770347,0.08408250907172801,0.005520580025397457,0.016990716159661766,0.023522418488311755,0.009121661665577561,16.691355897389087,15.856898989051913,15.929333333333332,1.4903387932207046,1.4421661944069064,1.4443228254404563
final_joint_baseline_44mer,heat_capacity,9,51,343.173,train,0.06817981441377416,0.06573774622551772,0.005710040582627711,0.015361753760458587,0.01965141078617653,0.007109449082809412,16.85042336132919,15.955503159734604,15.808,1.4792115717588992,1.4385154179968698,1.447377835858268
final_joint_baseline_44mer,heat_capacity,9,52,344.545,train,0.0690302815908777,0.0778399821133468,0.005390290656320943,0.01508150427202503,0.018768594559727333,0.0071586355548067925,17.108302522670563,16.050320963847653,16.102,1.4707794216938925,1.43501492512449,1.4293913198428072
final_joint_baseline_44mer,heat_capacity,9,53,345.922,train,0.06483104335710717,0.07198245281968224,0.00591624217992341,0.01461297076818674,0.025978497397323094,0.009187900609475864,17.151692684559674,16.14122212735106,15.976666666666667,1.4674249423764787,1.4316682883371885,1.431447196915483
final_joint_baseline_44mer,heat_capacity,9,54,347.305,train,0.06876764135765605,0.06640470392875866,0.0045173570165141595,0.015908521922230322,0.022885146811075577,0.008397017065654811,17.198451478911814,16.228216852570945,16.298666666666666,1.4707388309624263,1.4284739345523891,1.4199761225178
final_joint_baseline_44mer,heat_capacity,9,55,348.693,train,0.06783698070521572,0.06635922403650626,0.008540389935894212,0.015096067718511571,0.023652947016191785,0.009081931916274776,17.365968291643842,16.311191665188833,16.397333333333336,1.46534792230597,1.4254348765232294,1.4217626480807852
final_joint_baseline_44mer,heat_capacity,9,56,350.086,train,0.07004067556763044,0.06513006389001563,0.005078755889066366,0.014927562120025549,0.026713781969720386,0.011007145156323044,17.642026124398996,16.390105770020043,16.748666666666665,1.4586152219225486,1.4225514923001337,1.4076092916020186
final_joint_baseline_44mer,heat_capacity,9,57,351.486,train,0.0680306444661401,0.06113273744441387,0.007858364951036027,0.01582972770860679,0.019133312652694544,0.009412609142369598,17.59089830199014,16.46502720201908,16.397333333333336,1.459674410254965,1.419820242611283,1.4332356432590978
final_joint_baseline_44mer,heat_capacity,9,58,352.891,train,0.0660755749477438,0.058755401094450634,0.007341703324900334,0.014744429628930373,0.026827132720222354,0.008982607890063044,17.764145137240583,16.535808401374283,16.778,1.454219169118449,1.4172455023991148,1.4058500408497472
final_joint_baseline_44mer,heat_capacity,9,59,354.301,train,0.06554016962223784,0.0627087899398617,0.006909931990955251,0.015099027778712807,0.02247099491879245,0.007600787470139514,17.849990870914734,16.602422811546965,16.642,1.4515792398474154,1.4148272723475868,1.4173636544224268
final_joint_baseline_44mer,heat_capacity,9,60,355.717,train,0.06393043752545935,0.060058364259042506,0.010990481310321766,0.0148604413139031,0.026181479911884752,0.008864699339264294,17.95618609640314,16.664890790576038,16.864,1.4478678684382402,1.412563907543389,1.4121663170705574
final_joint_baseline_44mer,heat_capacity,9,61,357.139,train,0.0628320030577528,0.06936695961040336,0.006769843577624038,0.015516793300051995,0.01586671394238426,0.007123669299849726,17.985555124459857,16.72318494761943,16.344,1.4474435804149874,1.4104555534611798,1.4268264171007172
final_joint_baseline_44mer,heat_capacity,9,62,358.567,train,0.05923484213617331,0.06822944964396865,0.005877547775707863,0.015742395971078477,0.01954040033079154,0.010368958570938242,17.929191771651148,16.777281909390474,16.556666666666665,1.4479398595468786,1.4085022628986121,1.4238012275852443
final_joint_baseline_44mer,heat_capacity,9,63,360.0,train,0.0581339975440621,0.05132170568810621,0.00713990744047808,0.015576220698765774,0.01810525339746641,0.008218919444379974,18.00590271438135,16.827128899646183,16.775333333333332,1.448537998438865,1.4067052016936175,1.4062227250179602
final_joint_baseline_44mer,heat_capacity,10,0,280.0,train,0.0554272145684275,0.06605329604670676,0.0029319700099503954,0.018154482000141164,0.022577336184005925,0.007537860621840449,8.984389264195727,8.45334557174684,8.376,1.7330192887155929,1.74994975650975,1.7402165707957205
final_joint_baseline_44mer,heat_capacity,10,1,281.119,train,0.05477880846679787,0.053576647451669346,0.0031915920010611486,0.01772405443298958,0.025604565795229847,0.010842602667245328,9.245772472764894,8.601641243811667,8.572666666666667,1.7254357146970922,1.7430817989691079,1.7328616320569836
final_joint_baseline_44mer,heat_capacity,10,2,282.243,train,0.05820627245487862,0.06478485782047577,0.003492298942930859,0.018082441617078053,0.01977108279170643,0.008663961076819757,9.307776459132127,8.751365142548494,8.901333333333334,1.7239583652442858,1.7361781898336295,1.7265213573528961
final_joint_baseline_44mer,heat_capacity,10,3,283.371,train,0.06206729991633707,0.07654842671711215,0.004598060741341495,0.017181247619058197,0.0186313331074697,0.00851421298238263,9.5004241220863,8.902341908891824,8.753333333333334,1.7181079388731155,1.7292478019431403,1.7335206721228182
final_joint_baseline_44mer,heat_capacity,10,4,284.504,train,0.06284806117837109,0.06120704346221757,0.002817626651006099,0.0159496881005807,0.02310108186922655,0.0077348727955754105,9.659105501795388,9.054659644997908,8.968666666666667,1.7148231530757665,1.7222873537281678,1.737744582002
final_joint_baseline_44mer,heat_capacity,10,5,285.641,train,0.06190209161049383,0.06305100447668421,0.004056196683155692,0.015480997592197414,0.01981646738262255,0.008963483757552262,9.834191086969753,9.208134486077084,9.364,1.70995073357408,1.7153059811341542,1.7240715205438164
final_joint_baseline_44mer,heat_capacity,10,6,286.783,train,0.06580876409447989,0.07263422844731965,0.003223831727658436,0.015986805981181903,0.028479022026633487,0.008033521903735403,10.003320324386829,9.362848083609395,9.519333333333334,1.700945718091396,1.7083006718779261,1.693716673724302
final_joint_baseline_44mer,heat_capacity,10,7,287.929,train,0.06837904208131079,0.07859739666937128,0.0034796163910377938,0.015812578228270518,0.023928533076714227,0.009009692185320214,10.215862546406182,9.51860764692708,9.562666666666665,1.6943485754338155,1.7012808210042882,1.6965447939166192
final_joint_baseline_44mer,heat_capacity,10,8,289.08,train,0.07348075907080118,0.07573121367263747,0.005536839039616629,0.015985729126792383,0.0226448344974816,0.010133649649880014,10.399694936400707,9.675487578900754,9.663333333333334,1.6849675212879243,1.6942437011126987,1.6842921981564452
final_joint_baseline_44mer,heat_capacity,10,9,290.235,train,0.07311448679790719,0.08111427467299076,0.0036134635668102393,0.015474557711003376,0.022825861924755896,0.01105866581740879,10.524419922707079,9.833285813556124,9.805333333333333,1.681340394793113,1.6871989578377633,1.682044805045401
final_joint_baseline_44mer,heat_capacity,10,10,291.395,train,0.07123234596339517,0.08562665665911565,0.005851040654536398,0.015934854037423594,0.018637482233990997,0.01023681402004191,10.66035238269125,9.992068751214738,10.234666666666666,1.6777821959555088,1.6801441605084584,1.6676748728501418
final_joint_baseline_44mer,heat_capacity,10,11,292.56,train,0.0725780999653572,0.06293725046855797,0.0033926426740659493,0.01594571183111288,0.021827708913029462,0.00861254867461976,10.742928001947536,10.151761963959135,10.222666666666667,1.6731364718597481,1.6730831415732743,1.665141439408267
final_joint_baseline_44mer,heat_capacity,10,12,293.729,train,0.07153266573567718,0.06800589596818242,0.002923647273427014,0.01580013827195998,0.019487870530542552,0.007152343970042336,10.807456941147832,10.312148972422406,10.231333333333335,1.6738479584546968,1.6660258985426586,1.6685072076197411
final_joint_baseline_44mer,heat_capacity,10,13,294.903,train,0.07086943878228037,0.08688569869575517,0.004329478667210642,0.015979833170545365,0.02725696223158451,0.009204081364865595,10.913218154707565,10.473282852131435,10.406666666666666,1.6724701711734125,1.6589704616599394,1.6643055798000206
final_joint_baseline_44mer,heat_capacity,10,14,296.082,train,0.07469922386695522,0.07795046901228299,0.0035241907212895753,0.017881497159264355,0.024334211248887322,0.010069943799060437,11.137181242772805,10.635074753474072,10.911333333333333,1.665708368001392,1.6519210674658997,1.634015399336258
final_joint_baseline_44mer,heat_capacity,10,15,297.266,train,0.07425682006663592,0.07530185780711104,0.005469025617414141,0.017421888876943417,0.023827879170170676,0.009251346393474788,11.28130401375449,10.797430865078706,10.553333333333333,1.6584518174231966,1.6448820821436618,1.6582385497205796
final_joint_baseline_44mer,heat_capacity,10,16,298.454,train,0.07463434031652152,0.07906459637886187,0.005437409646530021,0.01511441341213573,0.020046542788853376,0.008922590733119146,11.462236397662954,10.960115599335179,10.956666666666669,1.653061674629598,1.6378638832363879,1.6473168038486004
final_joint_baseline_44mer,heat_capacity,10,17,299.647,train,0.07512302780570491,0.07770114263218089,0.0023661637812467874,0.015676501524097983,0.024650376190031693,0.0079851171183263,11.609464579149169,11.123162717690747,11.170666666666667,1.6439808387239871,1.630865103903865,1.6230429631354402
final_joint_baseline_44mer,heat_capacity,10,18,300.845,train,0.07891453217133033,0.07766410578380009,0.004441769188309396,0.01535957407093614,0.023721951526482606,0.010897298695415624,11.843582253058244,11.286463962565211,11.134,1.6384022936673557,1.6238904480672989,1.6335233544831864
final_joint_baseline_44mer,heat_capacity,10,19,302.047,train,0.08067031881431347,0.09039990017853514,0.003238221099114663,0.01569407360361449,0.025733309581549506,0.008595721305840184,12.03045767147465,11.44977075562559,11.466000000000001,1.6302856790997862,1.616950466575303,1.6153609586458404
final_joint_baseline_44mer,heat_capacity,10,20,303.254,train,0.08259720547041577,0.08974793909016662,0.003579549442293238,0.015480351794863376,0.025696590633539892,0.00907652359331674,12.269134182338263,11.61310235590916,11.742,1.6206763978222538,1.610044193930448,1.6059731979242655
final_joint_baseline_44mer,heat_capacity,10,21,304.467,train,0.08128898903604681,0.08945946120994387,0.003769874015639478,0.013657243163609714,0.018569885802112426,0.007065466467170758,12.378670272655349,11.776471498476127,11.951333333333334,1.611008910967524,1.6031709479064684,1.585878863367877
final_joint_baseline_44mer,heat_capacity,10,22,305.683,train,0.08396692742592812,0.09054716344292035,0.00413556544780044,0.013792942472957394,0.020423665877650404,0.007687270892389441,12.575666042845839,11.93934948721055,11.89,1.6024266517823778,1.5963526585351844,1.5950809228227874
final_joint_baseline_44mer,heat_capacity,10,23,306.905,train,0.08220081881280264,0.08830938419560605,0.002766331153978805,0.013353574960283762,0.01768620275599784,0.009846898212289018,12.589017710425416,12.102009782758449,12.271999999999998,1.6065431646433592,1.5895774804023906,1.5969398216574897
final_joint_baseline_44mer,heat_capacity,10,24,308.132,train,0.0767878220636166,0.08640867374668018,0.003662793969006904,0.014088557217215206,0.021370647104612388,0.008307267555976293,12.680625798794962,12.2641850202194,12.042666666666667,1.6048980912246824,1.5828561512808983,1.5968917832257346
final_joint_baseline_44mer,heat_capacity,10,25,309.364,train,0.07794253457896033,0.08052862685832582,0.0034924573866193798,0.014615791735358617,0.015141526179665214,0.007514059957110084,12.839442212890269,12.425739024735673,12.454666666666668,1.602065164513469,1.5761937894727105,1.5835769154530928
final_joint_baseline_44mer,heat_capacity,10,26,310.6,train,0.07274181934139937,0.06818567222906673,0.003675157743017736,0.015835399389376913,0.01778227199132445,0.009112430999531244,12.760165616821862,12.586403499622662,12.760666666666665,1.6043305868470101,1.5696008107963473,1.5697872526035306
final_joint_baseline_44mer,heat_capacity,10,27,311.842,train,0.07331152665015384,0.06863527179917556,0.0042146348097559785,0.016017363410389555,0.0237568002226637,0.011176539374627294,12.944969113261518,12.746297283815814,12.67,1.5958195529076442,1.5630716480702194,1.5513878636625082
final_joint_baseline_44mer,heat_capacity,10,28,313.088,train,0.07698126604716601,0.0916230525815204,0.004466258434606922,0.016583231457018906,0.022746180263951064,0.009696962649567455,13.29451341975534,12.905020055519435,12.908666666666665,1.5835136685075968,1.5566218788864925,1.548243863611441
final_joint_baseline_44mer,heat_capacity,10,29,314.34,train,0.07312586705265596,0.0844502806612573,0.004669182842993514,0.014147523917767236,0.023965638339914344,0.00767859280735478,13.48962745724545,13.062682245485973,13.087333333333333,1.5730841481092992,1.5502461681705957,1.545030595522642
final_joint_baseline_44mer,heat_capacity,10,30,315.596,train,0.07428883077733517,0.08197634420480261,0.003648944981802991,0.014545547330480536,0.02234285265511802,0.007577836815027513,13.672765276002677,13.218886939353336,13.389333333333337,1.567634268012788,1.5439596462991445,1.535970606543315
final_joint_baseline_44mer,heat_capacity,10,31,316.858,train,0.07410971971338678,0.07260564423658239,0.0034671271544667055,0.014420737393465041,0.02552426692290381,0.008824926048609079,13.829060921429004,13.373737342935826,13.634,1.5631233357800103,1.5377571675467974,1.5253936365694782
final_joint_baseline_44mer,heat_capacity,10,32,318.124,train,0.07437033562229042,0.07217891590832363,0.004374211195783682,0.014373636482712147,0.021439674327638377,0.00922546619794173,14.070463605380073,13.52684285144316,13.41,1.558760215078798,1.5316533203460314,1.5277680551874468
final_joint_baseline_44mer,heat_capacity,10,33,319.396,train,0.07877089915056024,0.07569715999090754,0.005355372971624287,0.014884510093412807,0.02176215417489325,0.009278016750561075,14.099472795325909,13.678300729330875,13.706,1.560315682543106,1.5256431067144562,1.5345505767641934
final_joint_baseline_44mer,heat_capacity,10,34,320.672,train,0.08051203812594962,0.08306246992604599,0.004911849524168791,0.01506421448640614,0.016913112942252388,0.009467455254404943,14.246917031830076,13.827729605492255,13.75266666666667,1.5576941339806614,1.519740484511549,1.524370345981434
final_joint_baseline_44mer,heat_capacity,10,35,321.954,train,0.07783522729916961,0.08889474699713631,0.00581203176972462,0.013828286346770788,0.020711443224200023,0.008909247375019393,14.381535283914552,13.975222104180826,14.061333333333334,1.553315696022292,1.5139405657422746,1.5108281679911941
final_joint_baseline_44mer,heat_capacity,10,36,323.241,train,0.07947106094878792,0.07487030255074367,0.0028688921349852457,0.013776011064626482,0.021237938013802436,0.009222604410303365,14.587121903718579,14.120520718491475,14.09,1.545519977992165,1.508252231428096,1.5066277069342848
final_joint_baseline_44mer,heat_capacity,10,37,324.533,train,0.07572266324524232,0.08441380731887252,0.006572013480785682,0.013472712401999837,0.022845657333875287,0.008146939436812611,14.566468109062138,14.2634887990469,14.366,1.5455605687236313,1.5026795137147961,1.5050603841793049
final_joint_baseline_44mer,heat_capacity,10,38,325.83,train,0.07851132752226125,0.07980998336870065,0.003686048998135877,0.01362994058461632,0.019937729235961973,0.007551310877896103,14.80466496257075,14.403992901936059,14.369333333333337,1.5404790686617498,1.4972262613105247,1.4961525800494344
final_joint_baseline_44mer,heat_capacity,10,39,327.132,train,0.08030706754254742,0.08277578025927103,0.004352112981366571,0.01573745508527731,0.018171804036782296,0.00601015029076407,14.926329042663259,14.54190321225531,14.524000000000003,1.543821294173438,1.491896130456339,1.4918859941589833
final_joint_baseline_44mer,heat_capacity,10,40,328.44,train,0.07569034908395066,0.08024130437128577,0.0036334698498577444,0.015142898011691514,0.022841382227821446,0.006179122557226566,15.05278513176313,14.677196101244133,14.520666666666665,1.540026443712756,1.4866886529594232,1.4869990104029025
final_joint_baseline_44mer,heat_capacity,10,41,329.753,train,0.07974991136427335,0.08396223905468381,0.005024752660497242,0.016677520715134595,0.019021062673878104,0.00861365926054299,15.265959923315682,14.809642782780987,14.502666666666666,1.5372187904758519,1.4816112335673008,1.4953051925063285
final_joint_baseline_44mer,heat_capacity,10,42,331.071,train,0.07448529161944029,0.08672660771005508,0.00623344137824305,0.017804356388515775,0.026974522283939914,0.011005903984380828,15.465113961414396,14.939126311870083,15.121333333333334,1.5314127841504375,1.4766669165845459,1.4735081169150521
final_joint_baseline_44mer,heat_capacity,10,43,332.394,train,0.07915939023668714,0.09049266323884508,0.007209667561309267,0.01776738737718335,0.021171099320695254,0.009742677489043618,15.650857373257864,15.065534714971182,14.818,1.5244549200868058,1.4718585326867715,1.4803852474667742
final_joint_baseline_44mer,heat_capacity,10,44,333.723,train,0.07586809614502214,0.08414985204562289,0.003206373141738513,0.018850041033464385,0.022521621822566187,0.008578966381256162,15.79094470817357,15.188852612792223,15.146,1.5161238639190366,1.4671852406253307,1.4754448409793728
final_joint_baseline_44mer,heat_capacity,10,45,335.057,train,0.07508815928104856,0.0805867699643967,0.005337682650908742,0.018204159695785992,0.024769795702493918,0.009128073302795987,15.881811058365287,15.308881546944269,15.063333333333333,1.5139679599741689,1.462653137608421,1.4692078922867662
final_joint_baseline_44mer,heat_capacity,10,46,336.396,train,0.07637062538791389,0.08091711804363454,0.004788385060415203,0.01780939829081579,0.026347807571532832,0.007290880658332345,15.95942996470087,15.425525513875437,15.522666666666666,1.5107176380054235,1.4582644141890653,1.4500148760057556
final_joint_baseline_44mer,heat_capacity,10,47,337.741,train,0.07636027466235146,0.06979315213414332,0.0052827476282318285,0.017790652610208887,0.02422192861263686,0.006514905524704423,16.191268790700505,15.538776893025199,15.408000000000001,1.5031807816212521,1.4540179536041566,1.4568203313489174
final_joint_baseline_44mer,heat_capacity,10,48,339.091,train,0.07216919128261665,0.06826773567077783,0.005751428620478888,0.016659200674699608,0.03080515528006785,0.009650433979527976,16.2934658572211,15.648462364718837,16.069333333333333,1.4997236766808852,1.4499188688141458,1.4306577577929425
final_joint_baseline_44mer,heat_capacity,10,49,340.446,train,0.07206999096815171,0.07081165678991666,0.003760702456220889,0.016427599339888542,0.025682085165259945,0.008179249886203829,16.485230661554375,15.754502916036166,15.682666666666666,1.4953283897396434,1.4459687338110028,1.4533817193156768
final_joint_baseline_44mer,heat_capacity,10,50,341.807,train,0.07519558264770347,0.07522473541425428,0.005515224990227568,0.016990716159661766,0.01976404031474018,0.007544142471084999,16.691355897389087,15.856898989051913,15.575333333333333,1.4903387932207046,1.4421661944069064,1.4605319158741261
final_joint_baseline_44mer,heat_capacity,10,51,343.173,train,0.06817981441377416,0.06930052184079998,0.007629380847049973,0.015361753760458587,0.02351775453670302,0.00885539933705513,16.85042336132919,15.955503159734604,15.984,1.4792115717588992,1.4385154179968698,1.4408239037936172
final_joint_baseline_44mer,heat_capacity,10,52,344.545,train,0.0690302815908777,0.07537167408728518,0.005097908003796187,0.01508150427202503,0.020064463792585807,0.009362594998175674,17.108302522670563,16.050320963847653,15.860000000000001,1.4707794216938925,1.43501492512449,1.4411755016356331
final_joint_baseline_44mer,heat_capacity,10,53,345.922,train,0.06483104335710717,0.06261079993496688,0.003363213714586974,0.01461297076818674,0.021865005382985636,0.010307288259869722,17.151692684559674,16.14122212735106,16.21666666666667,1.4674249423764787,1.4316682883371885,1.4237022405888429
final_joint_baseline_44mer,heat_capacity,10,54,347.305,train,0.06876764135765605,0.08154144507507771,0.007261516969649684,0.015908521922230322,0.022401442214276833,0.01055574822490566,17.198451478911814,16.228216852570945,16.144,1.4707388309624263,1.4284739345523891,1.4327557265669268
final_joint_baseline_44mer,heat_capacity,10,55,348.693,train,0.06783698070521572,0.06401788367747108,0.005228068549186126,0.015096067718511571,0.023918519035046343,0.008109335061688816,17.365968291643842,16.311191665188833,16.406666666666666,1.46534792230597,1.4254348765232294,1.4193269785216405
final_joint_baseline_44mer,heat_capacity,10,56,350.086,train,0.07004067556763044,0.06640480434874341,0.00607678482289895,0.014927562120025549,0.02362480319996853,0.009267510555726319,17.642026124398996,16.390105770020043,16.513333333333335,1.4586152219225486,1.4225514923001337,1.419059470142886
final_joint_baseline_44mer,heat_capacity,10,57,351.486,train,0.0680306444661401,0.06662657194897927,0.007368179486413443,0.01582972770860679,0.023975145962397942,0.007999342415221437,17.59089830199014,16.46502720201908,16.833333333333336,1.459674410254965,1.419820242611283,1.4082178978901037
final_joint_baseline_44mer,heat_capacity,10,58,352.891,train,0.0660755749477438,0.06802717336446136,0.007404914001213848,0.014744429628930373,0.021026863371988724,0.007424592445338978,17.764145137240583,16.535808401374283,16.436,1.454219169118449,1.4172455023991148,1.4287213018539833
final_joint_baseline_44mer,heat_capacity,10,59,354.301,train,0.06554016962223784,0.06740595585644935,0.007992058336304723,0.015099027778712807,0.02505845778402177,0.010560057121594458,17.849990870914734,16.602422811546965,16.450666666666667,1.4515792398474154,1.4148272723475868,1.4217534927040696
final_joint_baseline_44mer,heat_capacity,10,60,355.717,train,0.06393043752545935,0.06779856934822871,0.008033312004676878,0.0148604413139031,0.019403756956434454,0.005670554196355071,17.95618609640314,16.664890790576038,16.607333333333337,1.4478678684382402,1.412563907543389,1.4191303654351402
final_joint_baseline_44mer,heat_capacity,10,61,357.139,train,0.0628320030577528,0.06273056761093246,0.007893991685898915,0.015516793300051995,0.018421384576221327,0.00742389112933947,17.985555124459857,16.72318494761943,16.64,1.4474435804149874,1.4104555534611798,1.4216613428984448
final_joint_baseline_44mer,heat_capacity,10,62,358.567,train,0.05923484213617331,0.07157883752937733,0.006854050333004511,0.015742395971078477,0.019188910074090654,0.006855687398685502,17.929191771651148,16.777281909390474,16.522666666666666,1.4479398595468786,1.4085022628986121,1.412327888247038
final_joint_baseline_44mer,heat_capacity,10,63,360.0,train,0.0581339975440621,0.06472047786725309,0.006075829423607386,0.015576220698765774,0.021537490516265384,0.008988528709449828,18.00590271438135,16.827128899646183,16.770666666666667,1.448537998438865,1.4067052016936175,1.3966814805065457
