baseline,model,seed,temperature_index,temperature,split,target_vs_fit_contact_js,target_vs_remd_contact_js,fit_vs_remd_contact_js,target_vs_fit_rg_js,target_vs_remd_rg_js,fit_vs_remd_rg_js,target_mean_contacts,fit_mean_contacts,remd_mean_contacts,target_mean_rg,fit_mean_rg,remd_mean_rg
final_joint_baseline_30mer,hs,1,0,280.0,train,0.08023299329307379,0.08131137247352238,0.0016170764045602285,0.09502098613121673,0.10982020499949949,0.009029834952644422,2.543307513198239,2.9353840456133904,2.842,1.4490542803047362,1.5250820179572278,1.5305418000195667
final_joint_baseline_30mer,hs,1,1,281.119,train,0.08166690137743014,0.08557864548530976,0.0013800580549455568,0.09568984470462655,0.10460351927192377,0.00990797663031789,2.607172003596376,2.9706857224683647,2.9673333333333334,1.4453908784431428,1.5230404964917843,1.519095195397932
final_joint_baseline_30mer,hs,1,2,282.243,train,0.08186222189984273,0.08591286090297182,0.0020262805942988732,0.09631126346309937,0.09924325135652978,0.009048130098206406,2.6356502293842357,3.0063938841503335,2.944,1.4450302196769296,1.5209789078042868,1.5225118504868758
final_joint_baseline_30mer,hs,1,3,283.371,train,0.07922614820111684,0.08056342242237992,0.0016407601669838371,0.09575742722388994,0.10468864468833966,0.009619083151516224,2.7111095741983076,3.0424808978278004,3.054,1.4426351112681033,1.5188989511155515,1.515478636275776
final_joint_baseline_30mer,hs,1,4,284.504,train,0.07874698961511863,0.08413272578283072,0.0013314664842484804,0.09412475017025715,0.09926219953438423,0.00797766536978067,2.759010247366115,3.0789829461373106,3.094666666666667,1.4411339909979202,1.516798646910604,1.5160614760942157
final_joint_baseline_30mer,hs,1,5,285.641,train,0.07867974804854051,0.07958872714552861,0.0007645777198622672,0.09354164455344582,0.10956080478888408,0.010069636508264309,2.779320982317818,3.1158720554138957,3.136,1.4388363579313137,1.5146797127848395,1.5152867892581001
final_joint_baseline_30mer,hs,1,6,286.783,train,0.07829642505867242,0.078819727071544,0.0010393179486069084,0.09419948268628386,0.10146058370375055,0.008414912671900344,2.848500789588953,3.153184969133022,3.1759999999999997,1.436106212846229,1.5125401483710494,1.520242329432271
final_joint_baseline_30mer,hs,1,7,287.929,train,0.07895332637272867,0.07381843443522038,0.0020271561595556617,0.09236432975802876,0.09779320252321919,0.008891806478844872,2.858525687576366,3.1908933671102866,3.188666666666667,1.4361933836522711,1.510381689932435,1.5216895650282294
final_joint_baseline_30mer,hs,1,8,289.08,train,0.07879517071685099,0.07926931382836713,0.0014261592261293756,0.0908970758592495,0.09019689759324998,0.009719605293108457,2.931267722525763,3.2290345635433617,3.238,1.4333961198315441,1.5082023162194385,1.5099790560763622
final_joint_baseline_30mer,hs,1,9,290.235,train,0.07938092065444216,0.08154240742486281,0.0007016950471416997,0.09021052544820063,0.08937414718900893,0.007087496308647713,2.993197143647555,3.267579885566739,3.309333333333333,1.430608882046017,1.5060037824821264,1.4941486260479682
final_joint_baseline_30mer,hs,1,10,291.395,train,0.07837308071448701,0.08170413004520283,0.001044094796101471,0.08808296819675197,0.0926989822509866,0.010626649158433001,2.9908893249878963,3.3065672278741958,3.317333333333334,1.4303011384655808,1.5037840465863217,1.4989704254309446
final_joint_baseline_30mer,hs,1,11,292.56,train,0.07688724633695455,0.08131956363852705,0.0017840747410451676,0.08606323759248029,0.09559927340744961,0.008050191902351185,3.0821580272955718,3.3460015276586375,3.322,1.4258314762733413,1.5015429543654109,1.5071798885036878
final_joint_baseline_30mer,hs,1,12,293.729,train,0.07256678472612099,0.06821413597148754,0.0015708713347201242,0.08474191979424198,0.08369015695041111,0.007601097941376178,3.150122904995735,3.385853573380215,3.4220000000000006,1.423585365887622,1.4992822901534073,1.4952544628419164
final_joint_baseline_30mer,hs,1,13,294.903,train,0.0718254808949213,0.07439317927234079,0.0012091105458210281,0.0849276166363612,0.08410050970215958,0.0075451213610381465,3.19203235585679,3.4261621518539886,3.4793333333333334,1.4218773193909555,1.4969999804852958,1.4905014623595967
final_joint_baseline_30mer,hs,1,14,296.082,train,0.0714607805687376,0.07583688650851089,0.0016719651834505704,0.08550859149222727,0.0921011174992194,0.0080067608238097,3.262342658551767,3.466932384741532,3.4226666666666667,1.419300628344623,1.4946958701978,1.4984972397461709
final_joint_baseline_30mer,hs,1,15,297.266,train,0.07336176191531832,0.07834546886410815,0.002869117698703345,0.08587206690780769,0.09942024276609052,0.00902315167773637,3.298642857966203,3.5081694578861553,3.4226666666666667,1.4171639688431674,1.492369803880277,1.504235828138923
final_joint_baseline_30mer,hs,1,16,298.454,train,0.07366603575098829,0.07166185401464237,0.0024851099211565153,0.08360476465705596,0.08939707229336502,0.009148973482618264,3.3203087177536483,3.5498434163656745,3.481333333333333,1.4153553834935257,1.4900236060418117,1.4851074767968597
final_joint_baseline_30mer,hs,1,17,299.647,train,0.07373467547153302,0.07567342379756203,0.003854815269604206,0.08377574515330147,0.09318566950073158,0.008841692571177291,3.3892846439357265,3.591994271736091,3.5006666666666666,1.4117220597375317,1.4876551617064504,1.4940238231449208
final_joint_baseline_30mer,hs,1,18,300.845,train,0.07305589448642932,0.07452421173506504,0.0013554252724715153,0.08210580055379135,0.08953413893149864,0.008958915009208906,3.41430049334901,3.6346273956569326,3.5520000000000005,1.4126422269680854,1.4852643153205172,1.4909415654572338
final_joint_baseline_30mer,hs,1,19,302.047,train,0.07333910929271938,0.07497003371688664,0.0017051794284423513,0.08163079766437302,0.08280580295038664,0.00666384110604606,3.484319022753994,3.6777122500931183,3.7473333333333336,1.4088618546958285,1.4828529228030953,1.4753322835708351
final_joint_baseline_30mer,hs,1,20,303.254,train,0.07149915507279267,0.06960940984848366,0.002450823765549712,0.08180355187049923,0.0833518326161313,0.009303577684560107,3.5339085229499503,3.7212897863205803,3.668,1.406459226760602,1.4804188385084516,1.4704279836359717
final_joint_baseline_30mer,hs,1,21,304.467,train,0.07250065493324692,0.07272614199978525,0.002239707429144771,0.08062604293218527,0.09392248169162278,0.007962088531006979,3.6290352606219884,3.765402058068587,3.6766666666666663,1.4036600134330308,1.477959875111775,1.4928369086204607
final_joint_baseline_30mer,hs,1,22,305.683,train,0.07434609089628043,0.07694972027375524,0.0016708801701978502,0.07754315994790703,0.08253414252829509,0.007359535266578995,3.686256109228393,3.809945189732875,3.8033333333333332,1.4002096648194318,1.4754819754900796,1.4701154418475166
final_joint_baseline_30mer,hs,1,23,306.905,train,0.07418123279643517,0.07746308034973601,0.0020990470405113136,0.07784414768938973,0.09423214463110931,0.00981900397451809,3.728478369873435,3.8550343563544645,3.783333333333333,1.3994710802263843,1.4729788883387833,1.482296066216723
final_joint_baseline_30mer,hs,1,24,308.132,train,0.07304290160402178,0.08902202010296041,0.0032429353349043176,0.07633507083561167,0.07487479616749068,0.010694548569402766,3.769594917813588,3.9006388022831704,3.9766666666666666,1.3975494234797674,1.4704524928057126,1.4599870553275407
final_joint_baseline_30mer,hs,1,25,309.364,train,0.07259267755923522,0.07947913165415987,0.001409453412979586,0.0737508153009947,0.07112100353259732,0.006305203787683069,3.8070892984761517,3.94676433057257,3.8899999999999997,1.3954718061855997,1.4679026363766645,1.4667146850935748
final_joint_baseline_30mer,hs,1,26,310.6,train,0.07242635725406829,0.07260419845471607,0.0024466452539499643,0.07490799467470581,0.08428894875827794,0.008000640461614441,3.874953172188026,3.9933789516831073,4.01,1.391661912809699,1.4653312532491922,1.463239683508927
final_joint_baseline_30mer,hs,1,27,311.842,train,0.0724886765592472,0.07471310753785221,0.002953017418034567,0.07468503615667249,0.08709896352618275,0.011019412806744028,3.890596399013302,4.0405640124767235,3.981333333333333,1.3920757652626659,1.4627340321570177,1.4667971675591667
final_joint_baseline_30mer,hs,1,28,313.088,train,0.0726630827305375,0.08587412340824249,0.0044852603377506396,0.07345617864627366,0.08001905694672995,0.008148995264260807,3.9656718998547618,4.088249503113515,4.184666666666667,1.3890153180179459,1.4601150062536752,1.4627272473639055
final_joint_baseline_30mer,hs,1,29,314.34,train,0.07160589786490776,0.07781185625683677,0.0016719415155391263,0.0729293116211879,0.07213357722370564,0.008712330640527309,3.9884460658874517,4.136517996231319,4.1786666666666665,1.3875389843347843,1.4574698238786739,1.4495254410072205
final_joint_baseline_30mer,hs,1,30,315.596,train,0.07225950961277791,0.07215253037423622,0.0016956487699800321,0.0721307829375758,0.07845573169664435,0.009370270276365823,4.08785200106047,4.185298466963214,4.16,1.384418102377888,1.454802564438808,1.4458887349451814
final_joint_baseline_30mer,hs,1,31,316.858,train,0.07054346027738706,0.06791955203010769,0.0032171093401387723,0.07013050749719107,0.07748868916298574,0.006512588951044974,4.162689040274801,4.234674727142199,4.1146666666666665,1.3802637032924852,1.4521088363691277,1.4592513929539037
final_joint_baseline_30mer,hs,1,32,318.124,train,0.06923058831493728,0.0711022068329415,0.001550875649473692,0.06917636333669676,0.0687899471656907,0.007958914446771399,4.1928993187634,4.284574708016944,4.398666666666667,1.378450940428177,1.4493927663582387,1.4422953237112561
final_joint_baseline_30mer,hs,1,33,319.396,train,0.06854069054084985,0.07527429044603456,0.002502702730234356,0.06908533070640234,0.07156031407533718,0.008248931837980334,4.283916015399866,4.335083472417269,4.438,1.3766030864406695,1.446649923542575,1.4453401614576846
final_joint_baseline_30mer,hs,1,34,320.672,train,0.06947233008886163,0.0743364353438757,0.0014227870076086902,0.06816564463308558,0.06322145617615874,0.00855196099820391,4.286059576503677,4.386127876814621,4.502666666666666,1.374854657302226,1.44388448298275,1.4305020155912194
final_joint_baseline_30mer,hs,1,35,321.954,train,0.06798870945480961,0.0693269227347985,0.0016561754045563279,0.06610675418935405,0.07432573652836873,0.0071192119376473,4.3263572861193715,4.437794244948541,4.384,1.3732220845705354,1.4410919752492124,1.447455189138997
final_joint_baseline_30mer,hs,1,36,323.241,train,0.06878144375416557,0.07034870023154675,0.0018113576840929554,0.06598564196573423,0.0679537797651331,0.007949941705875818,4.395032073449062,4.490049078475314,4.430666666666667,1.3700644404845734,1.4382744302004369,1.4438719237241635
final_joint_baseline_30mer,hs,1,37,324.533,train,0.06931773427248425,0.061132873658066834,0.0030777862680760686,0.06693003948164841,0.0750327262394266,0.00986743465925384,4.451483072826613,4.54289876829392,4.474,1.3685460531537685,1.4354317191543025,1.4435163971368168
final_joint_baseline_30mer,hs,1,38,325.83,train,0.06935067708353466,0.07235401391466056,0.0016049545711830913,0.06522128229300006,0.0694922556304284,0.009289204456595347,4.488311634045692,4.596349735411026,4.677333333333333,1.366888136833101,1.43256371696099,1.4203445894907107
final_joint_baseline_30mer,hs,1,39,327.132,train,0.06872328006001105,0.06828644671464064,0.002128583317664439,0.06584198057940426,0.07518219219422609,0.009941766036912348,4.575185294049842,4.650408426685753,4.540666666666667,1.3636341314088298,1.4296703023009405,1.4381927523443154
final_joint_baseline_30mer,hs,1,40,328.44,train,0.06821702356614878,0.07898848121108666,0.0016165398593659401,0.06505128065760746,0.06200374387651601,0.007128874645177783,4.6199888477764715,4.705123297475843,4.7713333333333345,1.3595889047067131,1.4267491191634254,1.4209576697028083
final_joint_baseline_30mer,hs,1,41,329.753,train,0.06578591936392618,0.06370927659527287,0.002486216481571002,0.06360104328043284,0.06332136439754914,0.008861377008785368,4.7220001383221515,4.760459475066752,4.747333333333334,1.3558915257258317,1.4238022715995193,1.4184800196754122
final_joint_baseline_30mer,hs,1,42,331.071,train,0.06567397191539794,0.07419781202248302,0.004015769968531326,0.06262238747151933,0.07861162412053213,0.008601788655681767,4.730136074417318,4.816423462455174,4.744,1.3539478674019712,1.4208296517231855,1.4367351215097925
final_joint_baseline_30mer,hs,1,43,332.394,train,0.06622376771695787,0.06791197088533475,0.0015439616568148908,0.061350047131408854,0.06300819322700849,0.007140140557196436,4.787296262996519,4.873021767779592,4.810666666666666,1.352011450103533,1.4178311568314843,1.4199445593371443
final_joint_baseline_30mer,hs,1,44,333.723,train,0.06698880463317339,0.06821921163779929,0.002294426547575108,0.061520626942332464,0.05911557709158167,0.009242894519238024,4.863467102381446,4.9303041615172845,4.966666666666667,1.3487861302799726,1.4148044068089698,1.4080384364014242
final_joint_baseline_30mer,hs,1,45,335.057,train,0.06549544684280154,0.06306749267533976,0.002351364461010112,0.05976127012257819,0.06094013771769216,0.008643831467330115,4.941125048989096,4.988234530476934,4.992,1.3481898596865658,1.4117515714109095,1.4126480548243627
final_joint_baseline_30mer,hs,1,46,336.396,train,0.06569180703079529,0.060666205004477725,0.0018369552336697213,0.060137906366690794,0.06248694642285004,0.008900592682506422,5.020747746501602,5.046819366900094,5.111333333333334,1.3457309745538302,1.4086725658466754,1.4019171893443678
final_joint_baseline_30mer,hs,1,47,337.741,train,0.06759264704053472,0.0595798688014813,0.0025811693695161923,0.05851544621909099,0.06707287877317365,0.008529044727553614,5.0435716220577715,5.106109387830756,5.045999999999999,1.3444760491479961,1.405564996177462,1.4178281782055722
final_joint_baseline_30mer,hs,1,48,339.091,train,0.0649686511871517,0.0694729611991313,0.002556258309402982,0.05732419638551314,0.06373735439814036,0.006696502205649627,5.122854133526984,5.166067451465214,5.189333333333334,1.341662910771536,1.4024310856916935,1.408149070176353
final_joint_baseline_30mer,hs,1,49,340.446,train,0.06563802735669635,0.07507883322136581,0.0025237867891271582,0.05575706108182066,0.06611596331445284,0.009201256913454164,5.218590209096986,5.2266999660206315,5.232666666666667,1.3391828595644897,1.3992707713979522,1.3994241107369187
final_joint_baseline_30mer,hs,1,50,341.807,train,0.06755885314847082,0.06368524851453874,0.001906011993710415,0.056323852431267536,0.06665161858609163,0.007477614358901596,5.271444256172626,5.288058544190913,5.296,1.3372135791506743,1.3960816498306654,1.4031700854050888
final_joint_baseline_30mer,hs,1,51,343.173,train,0.06665433244895332,0.07177300182385556,0.002738472998165033,0.053951287242930274,0.06314461665995992,0.008966691693564087,5.3073408718906325,5.350104916227443,5.358666666666667,1.3364304344011835,1.3928660018323042,1.3891139355763205
final_joint_baseline_30mer,hs,1,52,344.545,train,0.06667719078267793,0.07753933787992506,0.0025608857909039636,0.053072548012242655,0.05718548698395673,0.007971097119783058,5.368419899946977,5.412891258323979,5.505333333333334,1.3327784510796787,1.389621420319978,1.3885104685405554
final_joint_baseline_30mer,hs,1,53,345.922,train,0.06703432486280489,0.07355951332287092,0.002125158858945235,0.05338913986379192,0.055690367406386464,0.007768915527598815,5.420805380731725,5.476378489300099,5.526,1.3307693450260425,1.3863502269526111,1.3837336750214768
final_joint_baseline_30mer,hs,1,54,347.305,train,0.0663934742638442,0.0714025840085522,0.0013661476232404437,0.052513404358972476,0.052013318097858405,0.007374271333653792,5.455972347096387,5.540619314242061,5.57,1.3296127304653613,1.38305001341737,1.3755743213959168
final_joint_baseline_30mer,hs,1,55,348.693,train,0.06805324173377132,0.06571528712134031,0.002210189698036974,0.05189423799803954,0.05358685767587382,0.008025471730316763,5.529657710307305,5.605573786298326,5.661333333333333,1.3272872473009774,1.3797231442299893,1.373441229897062
final_joint_baseline_30mer,hs,1,56,350.086,train,0.06989595667673443,0.07746351822193198,0.0035942347108574926,0.051376712965178234,0.05911743348043312,0.008059766578595896,5.55811461143002,5.6712477789690965,5.8053333333333335,1.3251929199481436,1.376369625064897,1.3746566070519108
final_joint_baseline_30mer,hs,1,57,351.486,train,0.06748604285911669,0.07005060298420504,0.0025516161882471527,0.04964489044751087,0.062239156237980764,0.008300184160167843,5.524239516333541,5.737742383210029,5.819333333333333,1.3267302453454364,1.3729846274750068,1.376960379590621
final_joint_baseline_30mer,hs,1,58,352.891,train,0.06915403416991418,0.06853928163591891,0.0021465650213542257,0.04993690107131545,0.05167050497507601,0.006643889541742937,5.597728058648593,5.804969274930768,5.741333333333333,1.324656527064957,1.3695729865212092,1.376424498127669
final_joint_baseline_30mer,hs,1,59,354.301,train,0.06842860617231028,0.08055422045403324,0.002787973267011334,0.04906747391772523,0.05488563890584731,0.00900525953736238,5.6865059536159706,5.872933917867217,5.774666666666667,1.3203266723635592,1.3661347461808415,1.3605640312064224
final_joint_baseline_30mer,hs,1,60,355.717,train,0.07227096029115523,0.07651952519442934,0.0020334494923844107,0.04919173565660795,0.06302367069775533,0.010826088817274626,5.7300068296562685,5.941690342058008,6.036,1.3184264601922309,1.3626675106117512,1.3584420052139703
final_joint_baseline_30mer,hs,1,61,357.139,train,0.07199918669302564,0.07752332406119668,0.0021384772090065323,0.048406061440005164,0.050527835978952516,0.008935365678308334,5.821185622564954,6.011244729959806,6.157333333333334,1.3154275616635978,1.3591713221675361,1.3507458603395313
final_joint_baseline_30mer,hs,1,62,358.567,train,0.07217306960588848,0.06854830043563023,0.0025754500733880946,0.04755321580215011,0.04610724692039067,0.007993627983932989,5.787977355510985,6.081603071532447,6.066666666666666,1.3170019276909346,1.3556462390662554,1.3498141677249342
final_joint_baseline_30mer,hs,1,63,360.0,train,0.07269106468934824,0.07868242690102845,0.0023407922689858787,0.04706940499455503,0.052685937882248776,0.008876191588414416,5.94692838370565,6.152721338290297,6.166,1.3119173353397782,1.3520948192668774,1.3527082088721174
final_joint_baseline_30mer,hs,2,0,280.0,train,0.08023299329307379,0.077948875546518,0.001108406813184742,0.09502098613121673,0.08897275289286746,0.007941763806639406,2.543307513198239,2.9353840456133904,2.8926666666666665,1.4490542803047362,1.5250820179572278,1.5231583641362012
final_joint_baseline_30mer,hs,2,1,281.119,train,0.08166690137743014,0.0846888013404189,0.0018870628169332148,0.09568984470462655,0.10556283915262546,0.00736272499287199,2.607172003596376,2.9706857224683647,2.9333333333333336,1.4453908784431428,1.5230404964917843,1.517492058081264
final_joint_baseline_30mer,hs,2,2,282.243,train,0.08186222189984273,0.08741385440502675,0.0013036853466472111,0.09631126346309937,0.09677016048835252,0.010478362686206173,2.6356502293842357,3.0063938841503335,3.072,1.4450302196769296,1.5209789078042868,1.5103968836582022
final_joint_baseline_30mer,hs,2,3,283.371,train,0.07922614820111684,0.07582888180939981,0.0009803710311896228,0.09575742722388994,0.10565904953502589,0.008153369259654163,2.7111095741983076,3.0424808978278004,3.0573333333333332,1.4426351112681033,1.5188989511155515,1.532921545406901
final_joint_baseline_30mer,hs,2,4,284.504,train,0.07874698961511863,0.07915184612720458,0.0015208467276883872,0.09412475017025715,0.10289401630376518,0.009748115910784526,2.759010247366115,3.0789829461373106,3.048,1.4411339909979202,1.516798646910604,1.5249888928392
final_joint_baseline_30mer,hs,2,5,285.641,train,0.07867974804854051,0.08489268371900716,0.0017205630688423407,0.09354164455344582,0.09874303973139917,0.008673681311892622,2.779320982317818,3.1158720554138957,3.099333333333333,1.4388363579313137,1.5146797127848395,1.514812259034343
final_joint_baseline_30mer,hs,2,6,286.783,train,0.07829642505867242,0.07424004629648358,0.0017387809162732653,0.09419948268628386,0.1036258792066656,0.010175585505879017,2.848500789588953,3.153184969133022,3.163333333333333,1.436106212846229,1.5125401483710494,1.5109056812447053
final_joint_baseline_30mer,hs,2,7,287.929,train,0.07895332637272867,0.07430032475422868,0.0017361548170765823,0.09236432975802876,0.10067544381190194,0.00782384827381262,2.858525687576366,3.1908933671102866,3.163333333333333,1.4361933836522711,1.510381689932435,1.5090826267569517
final_joint_baseline_30mer,hs,2,8,289.08,train,0.07879517071685099,0.07999934815952356,0.002121881353632135,0.0908970758592495,0.0947011082279185,0.00905281065278594,2.931267722525763,3.2290345635433617,3.2133333333333334,1.4333961198315441,1.5082023162194385,1.5018670691265266
final_joint_baseline_30mer,hs,2,9,290.235,train,0.07938092065444216,0.08168481215234782,0.0011406533200295044,0.09021052544820063,0.07978030011988184,0.00739375667085794,2.993197143647555,3.267579885566739,3.3246666666666664,1.430608882046017,1.5060037824821264,1.4980591027613583
final_joint_baseline_30mer,hs,2,10,291.395,train,0.07837308071448701,0.08184478737196182,0.0013471594105925351,0.08808296819675197,0.10508835356198355,0.00845623547296708,2.9908893249878963,3.3065672278741958,3.3466666666666667,1.4303011384655808,1.5037840465863217,1.5061730846574113
final_joint_baseline_30mer,hs,2,11,292.56,train,0.07688724633695455,0.07792267124679622,0.0026543785290596943,0.08606323759248029,0.08158749341916402,0.008839471796086042,3.0821580272955718,3.3460015276586375,3.3226666666666667,1.4258314762733413,1.5015429543654109,1.510352641070913
final_joint_baseline_30mer,hs,2,12,293.729,train,0.07256678472612099,0.07610128400265047,0.002544703669839766,0.08474191979424198,0.09201880320530975,0.0075726855245070975,3.150122904995735,3.385853573380215,3.4219999999999997,1.423585365887622,1.4992822901534073,1.4953898256720644
final_joint_baseline_30mer,hs,2,13,294.903,train,0.0718254808949213,0.07175036640701712,0.002235285891547127,0.0849276166363612,0.09725181836860446,0.009930677420190919,3.19203235585679,3.4261621518539886,3.421333333333333,1.4218773193909555,1.4969999804852958,1.4968985735641405
final_joint_baseline_30mer,hs,2,14,296.082,train,0.0714607805687376,0.06720820786522838,0.002023656672295162,0.08550859149222727,0.10167838987971498,0.00747496862918157,3.262342658551767,3.466932384741532,3.4593333333333334,1.419300628344623,1.4946958701978,1.5057191188760224
final_joint_baseline_30mer,hs,2,15,297.266,train,0.07336176191531832,0.07853161341185064,0.0019902493379065833,0.08587206690780769,0.08486959130219493,0.006974526518822723,3.298642857966203,3.5081694578861553,3.472666666666667,1.4171639688431674,1.492369803880277,1.4972031138276984
final_joint_baseline_30mer,hs,2,16,298.454,train,0.07366603575098829,0.0699820014140713,0.002110481211140952,0.08360476465705596,0.099522359217744,0.00814089635459476,3.3203087177536483,3.5498434163656745,3.466666666666667,1.4153553834935257,1.4900236060418117,1.4980852484353107
final_joint_baseline_30mer,hs,2,17,299.647,train,0.07373467547153302,0.06814157347812441,0.0016385147909026634,0.08377574515330147,0.09373970987721314,0.008505732972038896,3.3892846439357265,3.591994271736091,3.5440000000000005,1.4117220597375317,1.4876551617064504,1.4983179721893058
final_joint_baseline_30mer,hs,2,18,300.845,train,0.07305589448642932,0.07306246738547506,0.0021161544562936577,0.08210580055379135,0.0882778770153389,0.01033752185177622,3.41430049334901,3.6346273956569326,3.6733333333333333,1.4126422269680854,1.4852643153205172,1.4895106904976907
final_joint_baseline_30mer,hs,2,19,302.047,train,0.07333910929271938,0.07686224633006092,0.0024116504090743616,0.08163079766437302,0.0894026208620827,0.009849306459400879,3.484319022753994,3.6777122500931183,3.754666666666667,1.4088618546958285,1.4828529228030953,1.4818680613513775
final_joint_baseline_30mer,hs,2,20,303.254,train,0.07149915507279267,0.07921199937289192,0.0025338326209974624,0.08180355187049923,0.08329331313872468,0.008410561317078579,3.5339085229499503,3.7212897863205803,3.8853333333333335,1.406459226760602,1.4804188385084516,1.47428821318408
final_joint_baseline_30mer,hs,2,21,304.467,train,0.07250065493324692,0.08132287897963598,0.0026232670201136597,0.08062604293218527,0.08729144250807094,0.012436444494500896,3.6290352606219884,3.765402058068587,3.6799999999999997,1.4036600134330308,1.477959875111775,1.4856953352040538
final_joint_baseline_30mer,hs,2,22,305.683,train,0.07434609089628043,0.085056088330007,0.0018014290259189365,0.07754315994790703,0.08462152160149027,0.008105644082445464,3.686256109228393,3.809945189732875,3.8886666666666665,1.4002096648194318,1.4754819754900796,1.4740399170946787
final_joint_baseline_30mer,hs,2,23,306.905,train,0.07418123279643517,0.0692926614560107,0.0013916287561635508,0.07784414768938973,0.0819007492761383,0.008120683272013249,3.728478369873435,3.8550343563544645,3.878,1.3994710802263843,1.4729788883387833,1.4681236529421935
final_joint_baseline_30mer,hs,2,24,308.132,train,0.07304290160402178,0.07545432205634034,0.001601237041642862,0.07633507083561167,0.07929003031828362,0.00721701661739955,3.769594917813588,3.9006388022831704,3.865333333333333,1.3975494234797674,1.4704524928057126,1.477765780271414
final_joint_baseline_30mer,hs,2,25,309.364,train,0.07259267755923522,0.07121578957228691,0.0015406735088014326,0.0737508153009947,0.08011781626450094,0.005824760638374905,3.8070892984761517,3.94676433057257,3.9286666666666665,1.3954718061855997,1.4679026363766645,1.4706391504902556
final_joint_baseline_30mer,hs,2,26,310.6,train,0.07242635725406829,0.0786574968411719,0.0022847892524222573,0.07490799467470581,0.06815848563512647,0.012458933533195587,3.874953172188026,3.9933789516831073,3.997333333333333,1.391661912809699,1.4653312532491922,1.4581865274338064
final_joint_baseline_30mer,hs,2,27,311.842,train,0.0724886765592472,0.06835907398435753,0.0019090894667476315,0.07468503615667249,0.08013509770887309,0.008653215128184455,3.890596399013302,4.0405640124767235,3.964,1.3920757652626659,1.4627340321570177,1.4766506016325986
final_joint_baseline_30mer,hs,2,28,313.088,train,0.0726630827305375,0.07931747759196305,0.004177383208000119,0.07345617864627366,0.08591775402265052,0.008832437943603815,3.9656718998547618,4.088249503113515,4.105333333333334,1.3890153180179459,1.4601150062536752,1.4642377121702639
final_joint_baseline_30mer,hs,2,29,314.34,train,0.07160589786490776,0.08629772295858132,0.003070310132953253,0.0729293116211879,0.07519210845498553,0.006891672897577672,3.9884460658874517,4.136517996231319,4.122,1.3875389843347843,1.4574698238786739,1.4584332917121348
final_joint_baseline_30mer,hs,2,30,315.596,train,0.07225950961277791,0.0714395679484704,0.002129696325827272,0.0721307829375758,0.08039095952717505,0.00787301283482671,4.08785200106047,4.185298466963214,4.280666666666667,1.384418102377888,1.454802564438808,1.4536831644497625
final_joint_baseline_30mer,hs,2,31,316.858,train,0.07054346027738706,0.06992611218527346,0.0019794234576817112,0.07013050749719107,0.07229615450419136,0.006218114164882573,4.162689040274801,4.234674727142199,4.268,1.3802637032924852,1.4521088363691277,1.4494579551278903
final_joint_baseline_30mer,hs,2,32,318.124,train,0.06923058831493728,0.07187241606247069,0.0012856934121210665,0.06917636333669676,0.0731335716873336,0.008340968587391258,4.1928993187634,4.284574708016944,4.255333333333334,1.378450940428177,1.4493927663582387,1.4453473299626136
final_joint_baseline_30mer,hs,2,33,319.396,train,0.06854069054084985,0.06890283500063991,0.0023367902893068285,0.06908533070640234,0.07678490627500914,0.008964227510237588,4.283916015399866,4.335083472417269,4.341333333333333,1.3766030864406695,1.446649923542575,1.4454842950031832
final_joint_baseline_30mer,hs,2,34,320.672,train,0.06947233008886163,0.06949435494862291,0.0010590484220778383,0.06816564463308558,0.06462114293214288,0.008669638286829822,4.286059576503677,4.386127876814621,4.424666666666667,1.374854657302226,1.44388448298275,1.4404396868151965
final_joint_baseline_30mer,hs,2,35,321.954,train,0.06798870945480961,0.0811784156064499,0.003966621979597778,0.06610675418935405,0.06397851714982314,0.011107800048779606,4.3263572861193715,4.437794244948541,4.551333333333333,1.3732220845705354,1.4410919752492124,1.428455982655508
final_joint_baseline_30mer,hs,2,36,323.241,train,0.06878144375416557,0.0635349288606756,0.0023284981091372245,0.06598564196573423,0.07570202818789565,0.00836113552980177,4.395032073449062,4.490049078475314,4.332,1.3700644404845734,1.4382744302004369,1.4531508840353058
final_joint_baseline_30mer,hs,2,37,324.533,train,0.06931773427248425,0.06773884104745931,0.0017403236891638974,0.06693003948164841,0.07903104252200542,0.008457302655905916,4.451483072826613,4.54289876829392,4.432,1.3685460531537685,1.4354317191543025,1.4462964035775083
final_joint_baseline_30mer,hs,2,38,325.83,train,0.06935067708353466,0.07138429476133175,0.00200038327696242,0.06522128229300006,0.06766643855672573,0.010126461140921259,4.488311634045692,4.596349735411026,4.568,1.366888136833101,1.43256371696099,1.4278747563175445
final_joint_baseline_30mer,hs,2,39,327.132,train,0.06872328006001105,0.06899209390198996,0.0018490885992838426,0.06584198057940426,0.06502406455704045,0.008638798849640007,4.575185294049842,4.650408426685753,4.659333333333333,1.3636341314088298,1.4296703023009405,1.4283972843044346
final_joint_baseline_30mer,hs,2,40,328.44,train,0.06821702356614878,0.06697570352635618,0.0018325878028003714,0.06505128065760746,0.07441071104724234,0.006977510318275371,4.6199888477764715,4.705123297475843,4.609333333333333,1.3595889047067131,1.4267491191634254,1.4309504856171698
final_joint_baseline_30mer,hs,2,41,329.753,train,0.06578591936392618,0.06493916549722215,0.002110060822804179,0.06360104328043284,0.06664093712062988,0.007531833987552981,4.7220001383221515,4.760459475066752,4.763333333333334,1.3558915257258317,1.4238022715995193,1.4300240304536747
final_joint_baseline_30mer,hs,2,42,331.071,train,0.06567397191539794,0.06994521562549892,0.004136281268900926,0.06262238747151933,0.06580405657188101,0.007807227923645405,4.730136074417318,4.816423462455174,4.981333333333334,1.3539478674019712,1.4208296517231855,1.4037256403300808
final_joint_baseline_30mer,hs,2,43,332.394,train,0.06622376771695787,0.07113813237946394,0.0021908116982408046,0.061350047131408854,0.07128612786901836,0.008359679255426467,4.787296262996519,4.873021767779592,4.815333333333333,1.352011450103533,1.4178311568314843,1.4258719588639688
final_joint_baseline_30mer,hs,2,44,333.723,train,0.06698880463317339,0.07775794869174077,0.0021124796014749653,0.061520626942332464,0.06529005271515212,0.00796109736913727,4.863467102381446,4.9303041615172845,4.966666666666667,1.3487861302799726,1.4148044068089698,1.4086370825302734
final_joint_baseline_30mer,hs,2,45,335.057,train,0.06549544684280154,0.0692619726323635,0.002761403927713261,0.05976127012257819,0.06487297951334381,0.00880407881902745,4.941125048989096,4.988234530476934,5.078,1.3481898596865658,1.4117515714109095,1.4102385112649294
final_joint_baseline_30mer,hs,2,46,336.396,train,0.06569180703079529,0.06550704468709423,0.003667799400320689,0.060137906366690794,0.06113561520686525,0.006432230839952666,5.020747746501602,5.046819366900094,4.965999999999999,1.3457309745538302,1.4086725658466754,1.4026890717478857
final_joint_baseline_30mer,hs,2,47,337.741,train,0.06759264704053472,0.06226588379653262,0.002313971346039931,0.05851544621909099,0.0649216472785862,0.007686613488952819,5.0435716220577715,5.106109387830756,5.099333333333334,1.3444760491479961,1.405564996177462,1.4040065497960483
final_joint_baseline_30mer,hs,2,48,339.091,train,0.0649686511871517,0.0649224869131147,0.0019412232749832612,0.05732419638551314,0.0680111443759257,0.00821891859003233,5.122854133526984,5.166067451465214,5.1353333333333335,1.341662910771536,1.4024310856916935,1.4084504638673325
final_joint_baseline_30mer,hs,2,49,340.446,train,0.06563802735669635,0.07037034343465716,0.0029221110810256235,0.05575706108182066,0.06470263480681339,0.005629676182236014,5.218590209096986,5.2266999660206315,5.198666666666667,1.3391828595644897,1.3992707713979522,1.3982852583515064
final_joint_baseline_30mer,hs,2,50,341.807,train,0.06755885314847082,0.0694267609461027,0.0022382181965449575,0.056323852431267536,0.05883194428522004,0.008264177752744942,5.271444256172626,5.288058544190913,5.315333333333333,1.3372135791506743,1.3960816498306654,1.3855216074827439
final_joint_baseline_30mer,hs,2,51,343.173,train,0.06665433244895332,0.07499450262572084,0.0019322684361140438,0.053951287242930274,0.05600662123908087,0.008540031236922133,5.3073408718906325,5.350104916227443,5.412666666666667,1.3364304344011835,1.3928660018323042,1.38596465839085
final_joint_baseline_30mer,hs,2,52,344.545,train,0.06667719078267793,0.06510351741274828,0.0025539864713523034,0.053072548012242655,0.05671867956749965,0.006766443667100573,5.368419899946977,5.412891258323979,5.434,1.3327784510796787,1.389621420319978,1.3908085803824006
final_joint_baseline_30mer,hs,2,53,345.922,train,0.06703432486280489,0.06840833645195563,0.0017718032130038088,0.05338913986379192,0.06321345375265394,0.009319326045082923,5.420805380731725,5.476378489300099,5.419333333333333,1.3307693450260425,1.3863502269526111,1.389128359874896
final_joint_baseline_30mer,hs,2,54,347.305,train,0.0663934742638442,0.06756584430916214,0.001449679731012719,0.052513404358972476,0.057678569424549186,0.008334859398795897,5.455972347096387,5.540619314242061,5.6160000000000005,1.3296127304653613,1.38305001341737,1.3869592964824191
final_joint_baseline_30mer,hs,2,55,348.693,train,0.06805324173377132,0.06918847384474408,0.003112656229062224,0.05189423799803954,0.057244380125609555,0.00865988979589908,5.529657710307305,5.605573786298326,5.458666666666666,1.3272872473009774,1.3797231442299893,1.3818382410866143
final_joint_baseline_30mer,hs,2,56,350.086,train,0.06989595667673443,0.06949045762558445,0.0015214490747030133,0.051376712965178234,0.06094617975854497,0.008308667740307729,5.55811461143002,5.6712477789690965,5.664666666666667,1.3251929199481436,1.376369625064897,1.3680878452810332
final_joint_baseline_30mer,hs,2,57,351.486,train,0.06748604285911669,0.0645373869384265,0.0018572917651200358,0.04964489044751087,0.04882713349954758,0.008873033255720576,5.524239516333541,5.737742383210029,5.751333333333333,1.3267302453454364,1.3729846274750068,1.3683626190967444
final_joint_baseline_30mer,hs,2,58,352.891,train,0.06915403416991418,0.06335379613190727,0.0033678419671911266,0.04993690107131545,0.05926304139723821,0.006742569466391249,5.597728058648593,5.804969274930768,5.690666666666667,1.324656527064957,1.3695729865212092,1.3810560154682323
final_joint_baseline_30mer,hs,2,59,354.301,train,0.06842860617231028,0.07041637627808943,0.0020792276069535607,0.04906747391772523,0.0537766463148497,0.006428027599477326,5.6865059536159706,5.872933917867217,5.806000000000001,1.3203266723635592,1.3661347461808415,1.3626837350931393
final_joint_baseline_30mer,hs,2,60,355.717,train,0.07227096029115523,0.08143698636113603,0.004659652990976705,0.04919173565660795,0.059054325609922485,0.007824876045918276,5.7300068296562685,5.941690342058008,5.794666666666666,1.3184264601922309,1.3626675106117512,1.3769330140242022
final_joint_baseline_30mer,hs,2,61,357.139,train,0.07199918669302564,0.07068977885735758,0.002811633300615673,0.048406061440005164,0.050573021902870385,0.008506956526895738,5.821185622564954,6.011244729959806,5.983333333333334,1.3154275616635978,1.3591713221675361,1.3618388263104766
final_joint_baseline_30mer,hs,2,62,358.567,train,0.07217306960588848,0.07788338027742175,0.0029651377911864406,0.04755321580215011,0.050119974079243165,0.008657040914827214,5.787977355510985,6.081603071532447,6.057333333333333,1.3170019276909346,1.3556462390662554,1.3518329825083408
final_joint_baseline_30mer,hs,2,63,360.0,train,0.07269106468934824,0.07668336054070585,0.002152803743352026,0.04706940499455503,0.05565615320768595,0.010511770873732194,5.94692838370565,6.152721338290297,6.086666666666667,1.3119173353397782,1.3520948192668774,1.3671458135187387
final_joint_baseline_30mer,hs,3,0,280.0,train,0.08023299329307379,0.07887718480466291,0.002538495002076126,0.09502098613121673,0.09664635303003936,0.00984544542518764,2.543307513198239,2.9353840456133904,2.884666666666667,1.4490542803047362,1.5250820179572278,1.5259183241106196
final_joint_baseline_30mer,hs,3,1,281.119,train,0.08166690137743014,0.08403771447238347,0.0013573911458511535,0.09568984470462655,0.09577652259174821,0.012089074399115732,2.607172003596376,2.9706857224683647,2.9373333333333336,1.4453908784431428,1.5230404964917843,1.5248794573574984
final_joint_baseline_30mer,hs,3,2,282.243,train,0.08186222189984273,0.0877949275501375,0.002410541328901696,0.09631126346309937,0.09533560587522466,0.009550786452587352,2.6356502293842357,3.0063938841503335,2.986666666666667,1.4450302196769296,1.5209789078042868,1.5195903661992785
final_joint_baseline_30mer,hs,3,3,283.371,train,0.07922614820111684,0.08123712760093249,0.0009725167436197469,0.09575742722388994,0.10095411503367074,0.00972424031953649,2.7111095741983076,3.0424808978278004,3.0686666666666667,1.4426351112681033,1.5188989511155515,1.5202901621082106
final_joint_baseline_30mer,hs,3,4,284.504,train,0.07874698961511863,0.07578995182661236,0.0011221935845580865,0.09412475017025715,0.10301856840221052,0.007492190515009923,2.759010247366115,3.0789829461373106,2.9959999999999996,1.4411339909979202,1.516798646910604,1.5259220915541496
final_joint_baseline_30mer,hs,3,5,285.641,train,0.07867974804854051,0.08152689101174698,0.0015337632700941914,0.09354164455344582,0.10502179920312187,0.008768323641855615,2.779320982317818,3.1158720554138957,3.131333333333333,1.4388363579313137,1.5146797127848395,1.5201981299196081
final_joint_baseline_30mer,hs,3,6,286.783,train,0.07829642505867242,0.07463007510108449,0.0016012703141401697,0.09419948268628386,0.1038185773807373,0.011046466116091287,2.848500789588953,3.153184969133022,3.142666666666667,1.436106212846229,1.5125401483710494,1.5081116084014283
final_joint_baseline_30mer,hs,3,7,287.929,train,0.07895332637272867,0.0829404556698718,0.002312983205899457,0.09236432975802876,0.09913862231678952,0.011713634635924113,2.858525687576366,3.1908933671102866,3.2493333333333334,1.4361933836522711,1.510381689932435,1.5089837111816076
final_joint_baseline_30mer,hs,3,8,289.08,train,0.07879517071685099,0.08443878684367713,0.0025798740104154595,0.0908970758592495,0.09544557206201619,0.008702880697970131,2.931267722525763,3.2290345635433617,3.181333333333333,1.4333961198315441,1.5082023162194385,1.5075201146332051
final_joint_baseline_30mer,hs,3,9,290.235,train,0.07938092065444216,0.08571060866816538,0.003616542080676754,0.09021052544820063,0.10182620542171388,0.008474132910204947,2.993197143647555,3.267579885566739,3.2,1.430608882046017,1.5060037824821264,1.5118592966505084
final_joint_baseline_30mer,hs,3,10,291.395,train,0.07837308071448701,0.0860320179282101,0.0015608931683641976,0.08808296819675197,0.08819432392032539,0.00849516185191853,2.9908893249878963,3.3065672278741958,3.3226666666666667,1.4303011384655808,1.5037840465863217,1.4935286630180677
final_joint_baseline_30mer,hs,3,11,292.56,train,0.07688724633695455,0.08276243076843254,0.0018175258256029492,0.08606323759248029,0.09555161059454066,0.009006596489528828,3.0821580272955718,3.3460015276586375,3.3340000000000005,1.4258314762733413,1.5015429543654109,1.4980751120920885
final_joint_baseline_30mer,hs,3,12,293.729,train,0.07256678472612099,0.07581011983724484,0.0010757748724284635,0.08474191979424198,0.08833524690361338,0.007256034661711777,3.150122904995735,3.385853573380215,3.424,1.423585365887622,1.4992822901534073,1.4993927136803396
final_joint_baseline_30mer,hs,3,13,294.903,train,0.0718254808949213,0.07446134944139265,0.0014194582994998832,0.0849276166363612,0.0905526629496419,0.009262003882359354,3.19203235585679,3.4261621518539886,3.3693333333333335,1.4218773193909555,1.4969999804852958,1.4983173321403584
final_joint_baseline_30mer,hs,3,14,296.082,train,0.0714607805687376,0.07619272337753988,0.001322359129522796,0.08550859149222727,0.09476697664939265,0.007540524708827562,3.262342658551767,3.466932384741532,3.4893333333333336,1.419300628344623,1.4946958701978,1.5072527576017796
final_joint_baseline_30mer,hs,3,15,297.266,train,0.07336176191531832,0.07478653970709652,0.0019292178454490003,0.08587206690780769,0.0926605400758535,0.012042587306473871,3.298642857966203,3.5081694578861553,3.5813333333333333,1.4171639688431674,1.492369803880277,1.4953695053344667
final_joint_baseline_30mer,hs,3,16,298.454,train,0.07366603575098829,0.0740968621692111,0.0013879862017592988,0.08360476465705596,0.0844436690636576,0.009591907896854424,3.3203087177536483,3.5498434163656745,3.6233333333333335,1.4153553834935257,1.4900236060418117,1.4866778693969729
final_joint_baseline_30mer,hs,3,17,299.647,train,0.07373467547153302,0.07596634799179956,0.001420081806215961,0.08377574515330147,0.08721617775119929,0.00951371654245187,3.3892846439357265,3.591994271736091,3.697333333333334,1.4117220597375317,1.4876551617064504,1.4759949069912766
final_joint_baseline_30mer,hs,3,18,300.845,train,0.07305589448642932,0.07989440024192733,0.0015180072037626795,0.08210580055379135,0.08855062670429661,0.010949760667660995,3.41430049334901,3.6346273956569326,3.683333333333333,1.4126422269680854,1.4852643153205172,1.4710080742849003
final_joint_baseline_30mer,hs,3,19,302.047,train,0.07333910929271938,0.07451823348505753,0.0013742721245628836,0.08163079766437302,0.09068024084844206,0.005448192071978573,3.484319022753994,3.6777122500931183,3.694,1.4088618546958285,1.4828529228030953,1.4850098254011415
final_joint_baseline_30mer,hs,3,20,303.254,train,0.07149915507279267,0.07105339348282216,0.002480899115217175,0.08180355187049923,0.100282583311658,0.009005880756029469,3.5339085229499503,3.7212897863205803,3.648666666666667,1.406459226760602,1.4804188385084516,1.4931795220330768
final_joint_baseline_30mer,hs,3,21,304.467,train,0.07250065493324692,0.07016463154932384,0.0009511729773843153,0.08062604293218527,0.08347494238173635,0.008556461187081305,3.6290352606219884,3.765402058068587,3.7586666666666675,1.4036600134330308,1.477959875111775,1.4759374766970512
final_joint_baseline_30mer,hs,3,22,305.683,train,0.07434609089628043,0.07555587184970419,0.0018863018735073346,0.07754315994790703,0.07541678917694235,0.006444172631831746,3.686256109228393,3.809945189732875,3.9159999999999995,1.4002096648194318,1.4754819754900796,1.467504418538574
final_joint_baseline_30mer,hs,3,23,306.905,train,0.07418123279643517,0.08179854859256683,0.002784289163424432,0.07784414768938973,0.0849081629660323,0.00920497767902452,3.728478369873435,3.8550343563544645,3.8800000000000003,1.3994710802263843,1.4729788883387833,1.4755518471513898
final_joint_baseline_30mer,hs,3,24,308.132,train,0.07304290160402178,0.07134550202675657,0.0016510556763614914,0.07633507083561167,0.07566438870508821,0.006765202966218542,3.769594917813588,3.9006388022831704,3.8826666666666663,1.3975494234797674,1.4704524928057126,1.4698859451989355
final_joint_baseline_30mer,hs,3,25,309.364,train,0.07259267755923522,0.07800563762823322,0.0025234192365190516,0.0737508153009947,0.07420573836165302,0.009024808769970083,3.8070892984761517,3.94676433057257,3.9866666666666664,1.3954718061855997,1.4679026363766645,1.4667379527469158
final_joint_baseline_30mer,hs,3,26,310.6,train,0.07242635725406829,0.08144392595587856,0.0032901359349440107,0.07490799467470581,0.08542084330426157,0.01203055313356006,3.874953172188026,3.9933789516831073,4.029333333333334,1.391661912809699,1.4653312532491922,1.4717701802042469
final_joint_baseline_30mer,hs,3,27,311.842,train,0.0724886765592472,0.07233851763258609,0.0011976305370691863,0.07468503615667249,0.08242412371361593,0.009079506190035587,3.890596399013302,4.0405640124767235,4.022,1.3920757652626659,1.4627340321570177,1.4645193421520182
final_joint_baseline_30mer,hs,3,28,313.088,train,0.0726630827305375,0.0774757458051635,0.0030766305982031883,0.07345617864627366,0.06898971869790917,0.011302260247211222,3.9656718998547618,4.088249503113515,4.160666666666667,1.3890153180179459,1.4601150062536752,1.4499192679417008
final_joint_baseline_30mer,hs,3,29,314.34,train,0.07160589786490776,0.07610579012154448,0.0029762125546713616,0.0729293116211879,0.07077000197642033,0.007515887726798417,3.9884460658874517,4.136517996231319,4.228666666666666,1.3875389843347843,1.4574698238786739,1.448786572937367
final_joint_baseline_30mer,hs,3,30,315.596,train,0.07225950961277791,0.07679720068055097,0.002531010118101911,0.0721307829375758,0.07386666123706626,0.00730274677508537,4.08785200106047,4.185298466963214,4.328,1.384418102377888,1.454802564438808,1.453636093267456
final_joint_baseline_30mer,hs,3,31,316.858,train,0.07054346027738706,0.07975541064255587,0.0019097597243638914,0.07013050749719107,0.08159496901265095,0.009435925326966726,4.162689040274801,4.234674727142199,4.198,1.3802637032924852,1.4521088363691277,1.45599208041744
final_joint_baseline_30mer,hs,3,32,318.124,train,0.06923058831493728,0.07382849468521283,0.0016552353783013346,0.06917636333669676,0.07408168455467642,0.00847812390629947,4.1928993187634,4.284574708016944,4.325333333333333,1.378450940428177,1.4493927663582387,1.4434435051212984
final_joint_baseline_30mer,hs,3,33,319.396,train,0.06854069054084985,0.0698560633523715,0.002631598807160559,0.06908533070640234,0.07414419401936576,0.009123070912798601,4.283916015399866,4.335083472417269,4.472666666666667,1.3766030864406695,1.446649923542575,1.429150238730762
final_joint_baseline_30mer,hs,3,34,320.672,train,0.06947233008886163,0.07404515348318641,0.0020264665985989375,0.06816564463308558,0.07386459508733079,0.012210283753222735,4.286059576503677,4.386127876814621,4.369333333333334,1.374854657302226,1.44388448298275,1.4455137739006596
final_joint_baseline_30mer,hs,3,35,321.954,train,0.06798870945480961,0.06072758069100803,0.0026621103786665743,0.06610675418935405,0.0717293601638277,0.012818305712489115,4.3263572861193715,4.437794244948541,4.371333333333333,1.3732220845705354,1.4410919752492124,1.4500570285272865
final_joint_baseline_30mer,hs,3,36,323.241,train,0.06878144375416557,0.06663828725229998,0.001896406223252134,0.06598564196573423,0.06920956314843285,0.006353482267585838,4.395032073449062,4.490049078475314,4.592666666666666,1.3700644404845734,1.4382744302004369,1.4289058424596488
final_joint_baseline_30mer,hs,3,37,324.533,train,0.06931773427248425,0.06843987304795239,0.0022432575211785233,0.06693003948164841,0.07042365394181961,0.010546784177185874,4.451483072826613,4.54289876829392,4.596666666666667,1.3685460531537685,1.4354317191543025,1.427723059235137
final_joint_baseline_30mer,hs,3,38,325.83,train,0.06935067708353466,0.06465116286615079,0.0014007430812058947,0.06522128229300006,0.060910447456054936,0.009157806285525896,4.488311634045692,4.596349735411026,4.616,1.366888136833101,1.43256371696099,1.4343542182145825
final_joint_baseline_30mer,hs,3,39,327.132,train,0.06872328006001105,0.07254746363719908,0.001948740456475583,0.06584198057940426,0.06697948678141971,0.009799615301223339,4.575185294049842,4.650408426685753,4.667333333333334,1.3636341314088298,1.4296703023009405,1.4198919727715156
final_joint_baseline_30mer,hs,3,40,328.44,train,0.06821702356614878,0.06844061303427626,0.0016904113160455293,0.06505128065760746,0.06368272917699308,0.0073884061003544835,4.6199888477764715,4.705123297475843,4.77,1.3595889047067131,1.4267491191634254,1.4274380359978973
final_joint_baseline_30mer,hs,3,41,329.753,train,0.06578591936392618,0.07813483867798146,0.0021889100310149598,0.06360104328043284,0.06702449605660095,0.008336959260054455,4.7220001383221515,4.760459475066752,4.78,1.3558915257258317,1.4238022715995193,1.4195863517043303
final_joint_baseline_30mer,hs,3,42,331.071,train,0.06567397191539794,0.06945416093651609,0.002957431256130072,0.06262238747151933,0.06575261976637874,0.007799419547909748,4.730136074417318,4.816423462455174,4.782,1.3539478674019712,1.4208296517231855,1.4241419166052753
final_joint_baseline_30mer,hs,3,43,332.394,train,0.06622376771695787,0.07321162026885214,0.0027359940599795264,0.061350047131408854,0.06254126673286811,0.008389779018103562,4.787296262996519,4.873021767779592,4.778666666666667,1.352011450103533,1.4178311568314843,1.417053222350038
final_joint_baseline_30mer,hs,3,44,333.723,train,0.06698880463317339,0.06913338419835742,0.002470019618378663,0.061520626942332464,0.06722551777749458,0.009062455959743764,4.863467102381446,4.9303041615172845,4.970666666666666,1.3487861302799726,1.4148044068089698,1.4112074805457822
final_joint_baseline_30mer,hs,3,45,335.057,train,0.06549544684280154,0.06378142331638822,0.003175200040295185,0.05976127012257819,0.0639725686713559,0.007587763023206536,4.941125048989096,4.988234530476934,5.068000000000001,1.3481898596865658,1.4117515714109095,1.407357216358377
final_joint_baseline_30mer,hs,3,46,336.396,train,0.06569180703079529,0.06595787069601544,0.001812214561947227,0.060137906366690794,0.07513452936667506,0.0069669188889783205,5.020747746501602,5.046819366900094,4.989333333333334,1.3457309745538302,1.4086725658466754,1.4279507636286415
final_joint_baseline_30mer,hs,3,47,337.741,train,0.06759264704053472,0.06470043641571058,0.0012039550832579468,0.05851544621909099,0.05901527029890033,0.009148989281491444,5.0435716220577715,5.106109387830756,5.112,1.3444760491479961,1.405564996177462,1.4058928131828956
final_joint_baseline_30mer,hs,3,48,339.091,train,0.0649686511871517,0.06251973480749931,0.0025461995737409964,0.05732419638551314,0.0631121956384759,0.006724330583707749,5.122854133526984,5.166067451465214,5.3340000000000005,1.341662910771536,1.4024310856916935,1.3928787733955459
final_joint_baseline_30mer,hs,3,49,340.446,train,0.06563802735669635,0.07190849545854111,0.0026344483382030586,0.05575706108182066,0.058319125319263976,0.008616088029208848,5.218590209096986,5.2266999660206315,5.212666666666667,1.3391828595644897,1.3992707713979522,1.3999673724019608
final_joint_baseline_30mer,hs,3,50,341.807,train,0.06755885314847082,0.07830247867357892,0.0033766755301011765,0.056323852431267536,0.0649828086160232,0.009987709575467591,5.271444256172626,5.288058544190913,5.166666666666666,1.3372135791506743,1.3960816498306654,1.394654821022465
final_joint_baseline_30mer,hs,3,51,343.173,train,0.06665433244895332,0.06933685232895886,0.0027224091919661603,0.053951287242930274,0.049876327594628955,0.008827950807147022,5.3073408718906325,5.350104916227443,5.4239999999999995,1.3364304344011835,1.3928660018323042,1.3862458072346273
final_joint_baseline_30mer,hs,3,52,344.545,train,0.06667719078267793,0.0702877417961465,0.0017169539394404996,0.053072548012242655,0.06484373037903117,0.00696314941405298,5.368419899946977,5.412891258323979,5.352,1.3327784510796787,1.389621420319978,1.397724332622563
final_joint_baseline_30mer,hs,3,53,345.922,train,0.06703432486280489,0.0730072330861367,0.003565606194002851,0.05338913986379192,0.06313809730203028,0.008696918749884406,5.420805380731725,5.476378489300099,5.354666666666668,1.3307693450260425,1.3863502269526111,1.393295582404406
final_joint_baseline_30mer,hs,3,54,347.305,train,0.0663934742638442,0.07199993274536975,0.002304340002940987,0.052513404358972476,0.06364339487471371,0.011376802925388785,5.455972347096387,5.540619314242061,5.573333333333333,1.3296127304653613,1.38305001341737,1.3813774110173642
final_joint_baseline_30mer,hs,3,55,348.693,train,0.06805324173377132,0.07798406922776938,0.004313154816350096,0.05189423799803954,0.04965365452292962,0.00856746961676586,5.529657710307305,5.605573786298326,5.537333333333333,1.3272872473009774,1.3797231442299893,1.3727208963516553
final_joint_baseline_30mer,hs,3,56,350.086,train,0.06989595667673443,0.07065954968267973,0.002788075276838375,0.051376712965178234,0.05097383362537371,0.010390120181837648,5.55811461143002,5.6712477789690965,5.557333333333333,1.3251929199481436,1.376369625064897,1.3699062082967062
final_joint_baseline_30mer,hs,3,57,351.486,train,0.06748604285911669,0.07100092264491392,0.0021350730123885055,0.04964489044751087,0.05695977952821266,0.010091620708241485,5.524239516333541,5.737742383210029,5.695333333333334,1.3267302453454364,1.3729846274750068,1.3682562815957082
final_joint_baseline_30mer,hs,3,58,352.891,train,0.06915403416991418,0.0770659121030446,0.0030929445779632634,0.04993690107131545,0.053033639116733165,0.00833966679239108,5.597728058648593,5.804969274930768,5.835333333333333,1.324656527064957,1.3695729865212092,1.3658319919164728
final_joint_baseline_30mer,hs,3,59,354.301,train,0.06842860617231028,0.0705057776750903,0.0017228320993847126,0.04906747391772523,0.05724466702670857,0.008177947470906305,5.6865059536159706,5.872933917867217,5.878,1.3203266723635592,1.3661347461808415,1.3706605382710735
final_joint_baseline_30mer,hs,3,60,355.717,train,0.07227096029115523,0.07190790448493152,0.0028475650418146093,0.04919173565660795,0.05525928222508841,0.007739984483041326,5.7300068296562685,5.941690342058008,5.774,1.3184264601922309,1.3626675106117512,1.3689145494544641
final_joint_baseline_30mer,hs,3,61,357.139,train,0.07199918669302564,0.08685079654166339,0.0023987675002020955,0.048406061440005164,0.05243907976507198,0.007565965017092981,5.821185622564954,6.011244729959806,6.023333333333333,1.3154275616635978,1.3591713221675361,1.3600582637132355
final_joint_baseline_30mer,hs,3,62,358.567,train,0.07217306960588848,0.08743078522071815,0.0035014384745969017,0.04755321580215011,0.04860036487981457,0.009697996761497154,5.787977355510985,6.081603071532447,6.140000000000001,1.3170019276909346,1.3556462390662554,1.3459613689534118
final_joint_baseline_30mer,hs,3,63,360.0,train,0.07269106468934824,0.0828755753746331,0.0027068401129649376,0.04706940499455503,0.049830647507496245,0.009890352521043805,5.94692838370565,6.152721338290297,6.129333333333333,1.3119173353397782,1.3520948192668774,1.3536225906271029
final_joint_baseline_30mer,hs,4,0,280.0,train,0.08023299329307379,0.08252991068603435,0.0027648495105681696,0.09502098613121673,0.1034863818525815,0.010055944569401433,2.543307513198239,2.9353840456133904,2.8880000000000003,1.4490542803047362,1.5250820179572278,1.5263818798944402
final_joint_baseline_30mer,hs,4,1,281.119,train,0.08166690137743014,0.08293310007322528,0.0016455008136381237,0.09568984470462655,0.10204857789767059,0.008959388148287329,2.607172003596376,2.9706857224683647,3.008666666666667,1.4453908784431428,1.5230404964917843,1.5200163104880602
final_joint_baseline_30mer,hs,4,2,282.243,train,0.08186222189984273,0.08971120241858815,0.002722130737507005,0.09631126346309937,0.10015010831282886,0.008101693287143566,2.6356502293842357,3.0063938841503335,2.979333333333334,1.4450302196769296,1.5209789078042868,1.520394190351996
final_joint_baseline_30mer,hs,4,3,283.371,train,0.07922614820111684,0.07656852075355033,0.00256140539734296,0.09575742722388994,0.10537982094091954,0.008911552561467933,2.7111095741983076,3.0424808978278004,3.054666666666667,1.4426351112681033,1.5188989511155515,1.5228832166421538
final_joint_baseline_30mer,hs,4,4,284.504,train,0.07874698961511863,0.08587068785506827,0.001951123510581563,0.09412475017025715,0.07937245841398985,0.010264429400280484,2.759010247366115,3.0789829461373106,3.1886666666666668,1.4411339909979202,1.516798646910604,1.5028616397343881
final_joint_baseline_30mer,hs,4,5,285.641,train,0.07867974804854051,0.08358045527204072,0.002564696004876357,0.09354164455344582,0.09444599193070688,0.00618010770408935,2.779320982317818,3.1158720554138957,3.1940000000000004,1.4388363579313137,1.5146797127848395,1.5130341438472263
final_joint_baseline_30mer,hs,4,6,286.783,train,0.07829642505867242,0.07745795944762966,0.0023782186702707366,0.09419948268628386,0.10265857764073952,0.007072978843497593,2.848500789588953,3.153184969133022,3.2380000000000004,1.436106212846229,1.5125401483710494,1.500644604262162
final_joint_baseline_30mer,hs,4,7,287.929,train,0.07895332637272867,0.08727659855387881,0.0025262742496814476,0.09236432975802876,0.09304211055436079,0.00793880470200891,2.858525687576366,3.1908933671102866,3.2306666666666666,1.4361933836522711,1.510381689932435,1.5016487924581083
final_joint_baseline_30mer,hs,4,8,289.08,train,0.07879517071685099,0.07798962090870606,0.00198572280180593,0.0908970758592495,0.08965788197419466,0.010456329310673522,2.931267722525763,3.2290345635433617,3.2413333333333334,1.4333961198315441,1.5082023162194385,1.4984391320606372
final_joint_baseline_30mer,hs,4,9,290.235,train,0.07938092065444216,0.08366716368458166,0.0021945437506780633,0.09021052544820063,0.10471102998541179,0.008778468157852973,2.993197143647555,3.267579885566739,3.3426666666666676,1.430608882046017,1.5060037824821264,1.5059096604735043
final_joint_baseline_30mer,hs,4,10,291.395,train,0.07837308071448701,0.08386968644623682,0.002874141449987922,0.08808296819675197,0.08541728534040043,0.00786206516214952,2.9908893249878963,3.3065672278741958,3.2873333333333337,1.4303011384655808,1.5037840465863217,1.4962029406948285
final_joint_baseline_30mer,hs,4,11,292.56,train,0.07688724633695455,0.07635553204251298,0.0015727406700809421,0.08606323759248029,0.08930238284346931,0.005498727789088923,3.0821580272955718,3.3460015276586375,3.2586666666666666,1.4258314762733413,1.5015429543654109,1.5043516201616725
final_joint_baseline_30mer,hs,4,12,293.729,train,0.07256678472612099,0.0772779330543014,0.0019089853161675064,0.08474191979424198,0.08692201396173571,0.007960716444133396,3.150122904995735,3.385853573380215,3.4233333333333333,1.423585365887622,1.4992822901534073,1.4903759328103159
final_joint_baseline_30mer,hs,4,13,294.903,train,0.0718254808949213,0.07225127045011136,0.0014585171028493825,0.0849276166363612,0.08823557959529715,0.008202407936648237,3.19203235585679,3.4261621518539886,3.3886666666666665,1.4218773193909555,1.4969999804852958,1.5021063475207284
final_joint_baseline_30mer,hs,4,14,296.082,train,0.0714607805687376,0.07747734745709468,0.0011789008853131042,0.08550859149222727,0.0978894725329243,0.006477943844788421,3.262342658551767,3.466932384741532,3.469333333333333,1.419300628344623,1.4946958701978,1.5023358479693134
final_joint_baseline_30mer,hs,4,15,297.266,train,0.07336176191531832,0.08309130550611146,0.0019217086996389783,0.08587206690780769,0.08970942346823449,0.006309991208357032,3.298642857966203,3.5081694578861553,3.5793333333333335,1.4171639688431674,1.492369803880277,1.4940222053553405
final_joint_baseline_30mer,hs,4,16,298.454,train,0.07366603575098829,0.07536537093659446,0.0016047422580429433,0.08360476465705596,0.08959685978918705,0.005728254991018653,3.3203087177536483,3.5498434163656745,3.5953333333333335,1.4153553834935257,1.4900236060418117,1.4945799295032411
final_joint_baseline_30mer,hs,4,17,299.647,train,0.07373467547153302,0.07256956437579637,0.0026540059067622617,0.08377574515330147,0.08540481853966242,0.009067219261621774,3.3892846439357265,3.591994271736091,3.658666666666667,1.4117220597375317,1.4876551617064504,1.4842175387485343
final_joint_baseline_30mer,hs,4,18,300.845,train,0.07305589448642932,0.07544480375132734,0.001187849438764969,0.08210580055379135,0.08244433995691794,0.007661486760616792,3.41430049334901,3.6346273956569326,3.7606666666666673,1.4126422269680854,1.4852643153205172,1.485444375102026
final_joint_baseline_30mer,hs,4,19,302.047,train,0.07333910929271938,0.07219169157811699,0.0009571566482624588,0.08163079766437302,0.08514589368599097,0.00947262501442164,3.484319022753994,3.6777122500931183,3.7120000000000006,1.4088618546958285,1.4828529228030953,1.4857638543751541
final_joint_baseline_30mer,hs,4,20,303.254,train,0.07149915507279267,0.07118258181499754,0.0015096489908010616,0.08180355187049923,0.09710408974030617,0.009441053131333005,3.5339085229499503,3.7212897863205803,3.6340000000000003,1.406459226760602,1.4804188385084516,1.4842444666231993
final_joint_baseline_30mer,hs,4,21,304.467,train,0.07250065493324692,0.08153216226415878,0.0029111904970280256,0.08062604293218527,0.09066135620511144,0.007770353690451454,3.6290352606219884,3.765402058068587,3.652,1.4036600134330308,1.477959875111775,1.4906905789739262
final_joint_baseline_30mer,hs,4,22,305.683,train,0.07434609089628043,0.08002281083293122,0.0039525851659414106,0.07754315994790703,0.09230261352402902,0.0079986914545194,3.686256109228393,3.809945189732875,3.8306666666666667,1.4002096648194318,1.4754819754900796,1.4695595967869872
final_joint_baseline_30mer,hs,4,23,306.905,train,0.07418123279643517,0.07290665322515924,0.0008210479054287878,0.07784414768938973,0.07770666809580001,0.010663794865900321,3.728478369873435,3.8550343563544645,3.904,1.3994710802263843,1.4729788883387833,1.467101767995611
final_joint_baseline_30mer,hs,4,24,308.132,train,0.07304290160402178,0.07122730769145838,0.0017593932272491012,0.07633507083561167,0.07790708181354691,0.006818807778909322,3.769594917813588,3.9006388022831704,3.7893333333333334,1.3975494234797674,1.4704524928057126,1.4659771516559488
final_joint_baseline_30mer,hs,4,25,309.364,train,0.07259267755923522,0.0748681411219024,0.002315134484121924,0.0737508153009947,0.0679285236212576,0.0073508560375407095,3.8070892984761517,3.94676433057257,4.112666666666667,1.3954718061855997,1.4679026363766645,1.4563103600924554
final_joint_baseline_30mer,hs,4,26,310.6,train,0.07242635725406829,0.08086387259329672,0.0018177719010720648,0.07490799467470581,0.07414168577642884,0.008740002387782792,3.874953172188026,3.9933789516831073,4.034666666666666,1.391661912809699,1.4653312532491922,1.4581602995760896
final_joint_baseline_30mer,hs,4,27,311.842,train,0.0724886765592472,0.07375033367507028,0.001224106574568271,0.07468503615667249,0.08346568184964731,0.009002106413436538,3.890596399013302,4.0405640124767235,4.023333333333333,1.3920757652626659,1.4627340321570177,1.4601990283414523
final_joint_baseline_30mer,hs,4,28,313.088,train,0.0726630827305375,0.08161710445531517,0.0017685391904605858,0.07345617864627366,0.07516584903062341,0.00803670032705131,3.9656718998547618,4.088249503113515,4.045999999999999,1.3890153180179459,1.4601150062536752,1.4499922717547413
final_joint_baseline_30mer,hs,4,29,314.34,train,0.07160589786490776,0.07734475425522076,0.0016963966586290122,0.0729293116211879,0.08441411840197688,0.00872675576640362,3.9884460658874517,4.136517996231319,4.086666666666667,1.3875389843347843,1.4574698238786739,1.4638821166063234
final_joint_baseline_30mer,hs,4,30,315.596,train,0.07225950961277791,0.07638008845428347,0.0011814655292749392,0.0721307829375758,0.07401018802818145,0.0076821895504653225,4.08785200106047,4.185298466963214,4.162,1.384418102377888,1.454802564438808,1.4541022754047033
final_joint_baseline_30mer,hs,4,31,316.858,train,0.07054346027738706,0.07268462814707824,0.0018820555057636528,0.07013050749719107,0.07784583906975598,0.006566160644761254,4.162689040274801,4.234674727142199,4.115333333333333,1.3802637032924852,1.4521088363691277,1.457384358186708
final_joint_baseline_30mer,hs,4,32,318.124,train,0.06923058831493728,0.0686873982959792,0.00122018811816829,0.06917636333669676,0.07260592431018442,0.00802726525258369,4.1928993187634,4.284574708016944,4.237333333333334,1.378450940428177,1.4493927663582387,1.451949875393768
final_joint_baseline_30mer,hs,4,33,319.396,train,0.06854069054084985,0.06692947019421966,0.0016025131120035246,0.06908533070640234,0.06773796144244199,0.0071526569860974575,4.283916015399866,4.335083472417269,4.3580000000000005,1.3766030864406695,1.446649923542575,1.4445696440333529
final_joint_baseline_30mer,hs,4,34,320.672,train,0.06947233008886163,0.07588079211675458,0.002802050844084534,0.06816564463308558,0.07819050014881941,0.00849326957508453,4.286059576503677,4.386127876814621,4.363333333333333,1.374854657302226,1.44388448298275,1.4432856352262482
final_joint_baseline_30mer,hs,4,35,321.954,train,0.06798870945480961,0.07201695248353134,0.003071140792249134,0.06610675418935405,0.07583906777867631,0.008607343964181181,4.3263572861193715,4.437794244948541,4.34,1.3732220845705354,1.4410919752492124,1.4410000403163359
final_joint_baseline_30mer,hs,4,36,323.241,train,0.06878144375416557,0.06668311215627123,0.0012568885430106317,0.06598564196573423,0.07112453634508387,0.0066551577356776075,4.395032073449062,4.490049078475314,4.504666666666667,1.3700644404845734,1.4382744302004369,1.4382197774165792
final_joint_baseline_30mer,hs,4,37,324.533,train,0.06931773427248425,0.07054962001824329,0.0020639433743133316,0.06693003948164841,0.06998193191059945,0.010204354013616246,4.451483072826613,4.54289876829392,4.592666666666668,1.3685460531537685,1.4354317191543025,1.424638299831554
final_joint_baseline_30mer,hs,4,38,325.83,train,0.06935067708353466,0.07054812100418623,0.002181658061405436,0.06522128229300006,0.07105532316186275,0.009332918405194984,4.488311634045692,4.596349735411026,4.641333333333334,1.366888136833101,1.43256371696099,1.4342640807203761
final_joint_baseline_30mer,hs,4,39,327.132,train,0.06872328006001105,0.06091724681482119,0.0016385705304496042,0.06584198057940426,0.07749492808217245,0.007933824175129197,4.575185294049842,4.650408426685753,4.654,1.3636341314088298,1.4296703023009405,1.4358568161877887
final_joint_baseline_30mer,hs,4,40,328.44,train,0.06821702356614878,0.06337231055146772,0.0012910399290468955,0.06505128065760746,0.07567253186710118,0.008387266516440613,4.6199888477764715,4.705123297475843,4.6819999999999995,1.3595889047067131,1.4267491191634254,1.4305288839347536
final_joint_baseline_30mer,hs,4,41,329.753,train,0.06578591936392618,0.06434253928674044,0.001928935117641444,0.06360104328043284,0.0633677074227295,0.0069711778609274945,4.7220001383221515,4.760459475066752,4.858666666666667,1.3558915257258317,1.4238022715995193,1.4253987995479493
final_joint_baseline_30mer,hs,4,42,331.071,train,0.06567397191539794,0.06656734135535994,0.0008390984576929137,0.06262238747151933,0.06802094469468718,0.008993328220597861,4.730136074417318,4.816423462455174,4.791333333333333,1.3539478674019712,1.4208296517231855,1.4192775071030965
final_joint_baseline_30mer,hs,4,43,332.394,train,0.06622376771695787,0.0700188630184031,0.001959958594057326,0.061350047131408854,0.07031744527366249,0.006374395691764807,4.787296262996519,4.873021767779592,4.786,1.352011450103533,1.4178311568314843,1.4281244577188565
final_joint_baseline_30mer,hs,4,44,333.723,train,0.06698880463317339,0.06713160508644056,0.002462788605422983,0.061520626942332464,0.07211991857921321,0.011235656561813214,4.863467102381446,4.9303041615172845,4.764666666666667,1.3487861302799726,1.4148044068089698,1.4261353463987776
final_joint_baseline_30mer,hs,4,45,335.057,train,0.06549544684280154,0.07082725099616316,0.00278582319121935,0.05976127012257819,0.06099975219136779,0.007847370302812504,4.941125048989096,4.988234530476934,5.071999999999999,1.3481898596865658,1.4117515714109095,1.4055481074399556
final_joint_baseline_30mer,hs,4,46,336.396,train,0.06569180703079529,0.07197445505308304,0.0014775295668254338,0.060137906366690794,0.0688750286440631,0.01130713246587909,5.020747746501602,5.046819366900094,5.081333333333333,1.3457309745538302,1.4086725658466754,1.4124321941929303
final_joint_baseline_30mer,hs,4,47,337.741,train,0.06759264704053472,0.06802549934475369,0.00282246056510941,0.05851544621909099,0.06104870861605402,0.007306113707998208,5.0435716220577715,5.106109387830756,5.1146666666666665,1.3444760491479961,1.405564996177462,1.4067643789989281
final_joint_baseline_30mer,hs,4,48,339.091,train,0.0649686511871517,0.06863206517915832,0.0016143400630054248,0.05732419638551314,0.05744284175719249,0.008528441241885211,5.122854133526984,5.166067451465214,5.244666666666667,1.341662910771536,1.4024310856916935,1.3927140655619117
final_joint_baseline_30mer,hs,4,49,340.446,train,0.06563802735669635,0.07172815358633142,0.0020118266954535116,0.05575706108182066,0.06313862229414625,0.00840151303322971,5.218590209096986,5.2266999660206315,5.296000000000001,1.3391828595644897,1.3992707713979522,1.4011199023737912
final_joint_baseline_30mer,hs,4,50,341.807,train,0.06755885314847082,0.07824069190985782,0.002721423425202283,0.056323852431267536,0.0675176845317696,0.00878484579903222,5.271444256172626,5.288058544190913,5.358666666666666,1.3372135791506743,1.3960816498306654,1.3930591169190694
final_joint_baseline_30mer,hs,4,51,343.173,train,0.06665433244895332,0.0685975087881152,0.0023735321683252862,0.053951287242930274,0.05712941545468933,0.007479712723882788,5.3073408718906325,5.350104916227443,5.296666666666667,1.3364304344011835,1.3928660018323042,1.3982611673691954
final_joint_baseline_30mer,hs,4,52,344.545,train,0.06667719078267793,0.063324916008379,0.0034765772084162567,0.053072548012242655,0.05749581716883857,0.009999252028337659,5.368419899946977,5.412891258323979,5.221333333333334,1.3327784510796787,1.389621420319978,1.3921733982826408
final_joint_baseline_30mer,hs,4,53,345.922,train,0.06703432486280489,0.06561885191508399,0.0019498181213229173,0.05338913986379192,0.06238901387745786,0.009107935821022206,5.420805380731725,5.476378489300099,5.406000000000001,1.3307693450260425,1.3863502269526111,1.3960772045514283
final_joint_baseline_30mer,hs,4,54,347.305,train,0.0663934742638442,0.0728956975746856,0.0024332499889532294,0.052513404358972476,0.05634866426733744,0.005753589970153365,5.455972347096387,5.540619314242061,5.582,1.3296127304653613,1.38305001341737,1.3826809649843197
final_joint_baseline_30mer,hs,4,55,348.693,train,0.06805324173377132,0.07041801661946959,0.0035004465387616056,0.05189423799803954,0.06278893327652749,0.008386918215982208,5.529657710307305,5.605573786298326,5.634666666666666,1.3272872473009774,1.3797231442299893,1.3808140564040676
final_joint_baseline_30mer,hs,4,56,350.086,train,0.06989595667673443,0.07026241082361154,0.0019353858405131322,0.051376712965178234,0.05093396066060163,0.007917779002997102,5.55811461143002,5.6712477789690965,5.616666666666667,1.3251929199481436,1.376369625064897,1.3738467877807243
final_joint_baseline_30mer,hs,4,57,351.486,train,0.06748604285911669,0.07334657812578696,0.0026325740602167356,0.04964489044751087,0.05466041616927131,0.008156053678952516,5.524239516333541,5.737742383210029,5.672000000000001,1.3267302453454364,1.3729846274750068,1.3817606522258479
final_joint_baseline_30mer,hs,4,58,352.891,train,0.06915403416991418,0.07176026612518954,0.0026520566640697058,0.04993690107131545,0.05945866155713843,0.008023032255404749,5.597728058648593,5.804969274930768,5.836,1.324656527064957,1.3695729865212092,1.374752831765834
final_joint_baseline_30mer,hs,4,59,354.301,train,0.06842860617231028,0.06655810242017521,0.002220861236528944,0.04906747391772523,0.054928101081014064,0.008920808830723779,5.6865059536159706,5.872933917867217,5.822666666666667,1.3203266723635592,1.3661347461808415,1.3755947882075859
final_joint_baseline_30mer,hs,4,60,355.717,train,0.07227096029115523,0.08179727354998925,0.0028836536741338615,0.04919173565660795,0.05198948054957102,0.007873180496822459,5.7300068296562685,5.941690342058008,5.854,1.3184264601922309,1.3626675106117512,1.35390323636706
final_joint_baseline_30mer,hs,4,61,357.139,train,0.07199918669302564,0.08576809042621819,0.002794591876403127,0.048406061440005164,0.05632973013914383,0.010588431859011916,5.821185622564954,6.011244729959806,5.971333333333334,1.3154275616635978,1.3591713221675361,1.357281905760051
final_joint_baseline_30mer,hs,4,62,358.567,train,0.07217306960588848,0.07044584246377589,0.0014373191995424167,0.04755321580215011,0.044008315195979836,0.008877893327145638,5.787977355510985,6.081603071532447,6.069333333333334,1.3170019276909346,1.3556462390662554,1.3540074224271672
final_joint_baseline_30mer,hs,4,63,360.0,train,0.07269106468934824,0.07392421494836866,0.0015706994380589863,0.04706940499455503,0.05597271651594753,0.009230650208162182,5.94692838370565,6.152721338290297,6.2,1.3119173353397782,1.3520948192668774,1.355630737972805
final_joint_baseline_30mer,hs,5,0,280.0,train,0.08023299329307379,0.08055032541357905,0.001220800220507955,0.09502098613121673,0.1009144293582862,0.009384295171114394,2.543307513198239,2.9353840456133904,2.9560000000000004,1.449054280304736,1.5250820179572278,1.5197335165867591
final_joint_baseline_30mer,hs,5,1,281.119,train,0.08166690137743014,0.08286226848795594,0.0017884104151801028,0.09568984470462658,0.10552879930664011,0.008552271503850193,2.607172003596376,2.9706857224683647,2.9160000000000004,1.4453908784431424,1.5230404964917845,1.519397428096597
final_joint_baseline_30mer,hs,5,2,282.243,train,0.08186222189984273,0.08048280468300796,0.0009615986844574151,0.09631126346309937,0.11098511661662597,0.006822764648911667,2.6356502293842357,3.0063938841503335,3.0646666666666667,1.44503021967693,1.5209789078042868,1.527637396228465
final_joint_baseline_30mer,hs,5,3,283.371,train,0.07922614820111684,0.0805090183580579,0.0008909496585260326,0.09575742722388994,0.10338316470149683,0.008633651361590774,2.7111095741983076,3.0424808978278004,3.0446666666666666,1.4426351112681035,1.5188989511155515,1.5191892031562009
final_joint_baseline_30mer,hs,5,4,284.504,train,0.07874698961511863,0.08097729274783076,0.002083044046229652,0.09412475017025715,0.09680108474074703,0.007542900748866344,2.759010247366115,3.0789829461373106,3.104,1.4411339909979206,1.5167986469106043,1.500276676464685
final_joint_baseline_30mer,hs,5,5,285.641,train,0.07867974804854051,0.08191188889404638,0.004616629858941276,0.09354164455344585,0.09992640726363906,0.008296024516402486,2.779320982317818,3.1158720554138957,3.1293333333333333,1.4388363579313135,1.5146797127848393,1.510405163093357
final_joint_baseline_30mer,hs,5,6,286.783,train,0.07829642505867242,0.07614679817384243,0.000833785806399049,0.09419948268628389,0.10361732268298439,0.00763502280291483,2.848500789588953,3.153184969133022,3.1666666666666665,1.436106212846229,1.5125401483710492,1.5240371547836253
final_joint_baseline_30mer,hs,5,7,287.929,train,0.07895332637272867,0.07434025463969135,0.0026604862390793606,0.09236432975802877,0.10339410284657496,0.006596907460192058,2.858525687576366,3.1908933671102866,3.202666666666667,1.4361933836522713,1.510381689932435,1.5148852342563974
final_joint_baseline_30mer,hs,5,8,289.08,train,0.07879517071685099,0.0829670972322779,0.0033492806304023155,0.0908970758592495,0.09079496503508325,0.009771625865635264,2.931267722525763,3.2290345635433617,3.1986666666666665,1.4333961198315444,1.5082023162194385,1.504486623984028
final_joint_baseline_30mer,hs,5,9,290.235,train,0.07938092065444216,0.08906989861379308,0.001744805019927503,0.09021052544820063,0.09466974704992755,0.007444924413915255,2.993197143647555,3.267579885566739,3.282,1.430608882046017,1.5060037824821264,1.5094298838557458
final_joint_baseline_30mer,hs,5,10,291.395,train,0.07837308071448701,0.07961435087988901,0.0021230711158351824,0.08808296819675197,0.08814522285817436,0.005617421519367291,2.9908893249878963,3.3065672278741958,3.348666666666667,1.4303011384655804,1.503784046586322,1.5005021364023874
final_joint_baseline_30mer,hs,5,11,292.56,train,0.07688724633695455,0.08680177617777604,0.0029545446277476095,0.0860632375924803,0.10326794974906806,0.010688492704871815,3.0821580272955718,3.3460015276586375,3.2739999999999996,1.4258314762733413,1.5015429543654109,1.5159097107357233
final_joint_baseline_30mer,hs,5,12,293.729,train,0.07256678472612099,0.0698532412948852,0.0011736498074090959,0.08474191979424198,0.08379021806312625,0.008497374517266662,3.150122904995735,3.385853573380215,3.4086666666666665,1.4235853658876223,1.4992822901534075,1.4856208737692271
final_joint_baseline_30mer,hs,5,13,294.903,train,0.0718254808949213,0.06887943803436267,0.0018282612246007686,0.0849276166363612,0.08895767669726895,0.007272934209527411,3.19203235585679,3.4261621518539886,3.3126666666666664,1.4218773193909557,1.4969999804852958,1.5030785726112115
final_joint_baseline_30mer,hs,5,14,296.082,train,0.0714607805687376,0.07126043907138435,0.0014551767781379064,0.08550859149222727,0.09249081884618957,0.007865377344860848,3.262342658551767,3.466932384741532,3.439333333333333,1.419300628344623,1.4946958701978001,1.499781600809258
final_joint_baseline_30mer,hs,5,15,297.266,train,0.07336176191531832,0.076143267804995,0.0031252571404614465,0.08587206690780763,0.09251260986345142,0.005478511102004478,3.298642857966203,3.5081694578861553,3.6366666666666667,1.4171639688431672,1.492369803880277,1.4922444891065507
final_joint_baseline_30mer,hs,5,16,298.454,train,0.07366603575098829,0.07363362648745884,0.0026097015848392203,0.08360476465705594,0.08414616486249953,0.007176664387925882,3.3203087177536483,3.5498434163656745,3.5206666666666666,1.415355383493526,1.4900236060418115,1.492870151968288
final_joint_baseline_30mer,hs,5,17,299.647,train,0.07373467547153302,0.0725909388918852,0.0017295448545935695,0.08377574515330148,0.09211676627273194,0.007426427965876868,3.3892846439357265,3.591994271736091,3.5379999999999994,1.4117220597375317,1.4876551617064502,1.492516967537788
final_joint_baseline_30mer,hs,5,18,300.845,train,0.07305589448642932,0.06959129696557793,0.0014070501366385993,0.08210580055379135,0.08913394814520853,0.009614627178117355,3.41430049334901,3.6346273956569326,3.6133333333333337,1.4126422269680852,1.485264315320517,1.4837655511252266
final_joint_baseline_30mer,hs,5,19,302.047,train,0.07333910929271938,0.0740329848809037,0.002018297160586684,0.08163079766437302,0.09625653059645765,0.010128084981299247,3.484319022753994,3.6777122500931183,3.696,1.4088618546958285,1.4828529228030956,1.4902608656989704
final_joint_baseline_30mer,hs,5,20,303.254,train,0.07149915507279267,0.07446805579299592,0.0018279616750728487,0.08180355187049923,0.08515747828921413,0.007032142164410079,3.5339085229499503,3.7212897863205803,3.724666666666667,1.4064592267606022,1.4804188385084518,1.4832694133152655
final_joint_baseline_30mer,hs,5,21,304.467,train,0.07250065493324692,0.06889860447447048,0.002152418836176966,0.08062604293218527,0.08659238585173618,0.007391928849612839,3.6290352606219884,3.765402058068587,3.714,1.4036600134330308,1.4779598751117753,1.4931577816211805
final_joint_baseline_30mer,hs,5,22,305.683,train,0.07434609089628043,0.07660240735587442,0.00163313739968561,0.07754315994790706,0.0802747292890196,0.00659245892683034,3.686256109228393,3.809945189732875,3.858,1.400209664819432,1.47548197549008,1.4682594271276472
final_joint_baseline_30mer,hs,5,23,306.905,train,0.07418123279643517,0.07273454988536981,0.0015745107423792489,0.07784414768938969,0.08597255331189715,0.00954779014111338,3.728478369873435,3.8550343563544645,3.884,1.3994710802263846,1.4729788883387833,1.4852691273151126
final_joint_baseline_30mer,hs,5,24,308.132,train,0.07304290160402178,0.07847171886463372,0.001988973476680036,0.07633507083561167,0.08542914971641204,0.00503520890623452,3.769594917813588,3.9006388022831704,3.919333333333334,1.3975494234797678,1.4704524928057126,1.4783403803839634
final_joint_baseline_30mer,hs,5,25,309.364,train,0.07259267755923522,0.08253635915237312,0.0028388661977583156,0.07375081530099471,0.06897848730882665,0.007014902881616247,3.8070892984761517,3.94676433057257,4.04,1.3954718061855997,1.4679026363766647,1.459108829929406
final_joint_baseline_30mer,hs,5,26,310.6,train,0.07242635725406829,0.07575318510061155,0.0031697250533242053,0.07490799467470581,0.08343331067562781,0.00986875602218519,3.874953172188026,3.9933789516831073,3.9633333333333334,1.3916619128096992,1.4653312532491922,1.4740687727763147
final_joint_baseline_30mer,hs,5,27,311.842,train,0.0724886765592472,0.0772469560933869,0.002470362126977057,0.07468503615667249,0.08305206477535083,0.007829680540727062,3.890596399013302,4.0405640124767235,3.940666666666667,1.392075765262666,1.462734032157018,1.4698612570430818
final_joint_baseline_30mer,hs,5,28,313.088,train,0.0726630827305375,0.08301457962012206,0.0035784645005471293,0.07345617864627366,0.07260129946154947,0.005998296962520887,3.9656718998547618,4.088249503113515,4.059333333333334,1.3890153180179456,1.4601150062536754,1.4559875735477266
final_joint_baseline_30mer,hs,5,29,314.34,train,0.07160589786490776,0.0751936845490104,0.0021956817091629173,0.0729293116211879,0.0727964289056758,0.006294571478221472,3.9884460658874517,4.136517996231319,4.184666666666667,1.3875389843347845,1.4574698238786739,1.4494604056078002
final_joint_baseline_30mer,hs,5,30,315.596,train,0.07225950961277791,0.074147791822465,0.0018037197593130474,0.07213078293757579,0.08706713084596987,0.007108001843319183,4.08785200106047,4.185298466963214,4.192666666666667,1.3844181023778879,1.4548025644388083,1.4724368430846486
final_joint_baseline_30mer,hs,5,31,316.858,train,0.07054346027738706,0.0643118052818937,0.002316598602928645,0.07013050749719106,0.07557980068263936,0.008788394682445968,4.162689040274801,4.234674727142199,4.198666666666666,1.3802637032924852,1.4521088363691277,1.460132266296418
final_joint_baseline_30mer,hs,5,32,318.124,train,0.06923058831493728,0.06998820279573323,0.002041817895816531,0.0691763633366968,0.06959363276622789,0.008780233669797174,4.1928993187634,4.284574708016944,4.26,1.3784509404281768,1.4493927663582389,1.4486443312919046
final_joint_baseline_30mer,hs,5,33,319.396,train,0.06854069054084985,0.06656739352015828,0.0027400069107396,0.06908533070640233,0.07499324409308056,0.008964909319928391,4.283916015399866,4.335083472417269,4.22,1.3766030864406693,1.4466499235425747,1.4465160107523474
final_joint_baseline_30mer,hs,5,34,320.672,train,0.06947233008886163,0.06554034034055624,0.0032325043110535854,0.06816564463308558,0.08111705963004104,0.007069501473995346,4.286059576503677,4.386127876814621,4.226,1.374854657302226,1.4438844829827497,1.4508672732258359
final_joint_baseline_30mer,hs,5,35,321.954,train,0.06798870945480961,0.06822313338511689,0.0018071494657430369,0.06610675418935405,0.07441009791134687,0.00810464578055043,4.3263572861193715,4.437794244948541,4.5053333333333345,1.3732220845705354,1.4410919752492124,1.423937353067185
final_joint_baseline_30mer,hs,5,36,323.241,train,0.06878144375416557,0.06793841023445386,0.0017273477303250354,0.0659856419657342,0.06534742332212345,0.006517792921817977,4.395032073449062,4.490049078475314,4.484,1.3700644404845734,1.4382744302004369,1.4363716721464048
final_joint_baseline_30mer,hs,5,37,324.533,train,0.06931773427248425,0.06751063320583184,0.002123140684290046,0.0669300394816484,0.0648114850442818,0.008119031149025145,4.451483072826613,4.54289876829392,4.460666666666667,1.3685460531537683,1.4354317191543025,1.4308686389617564
final_joint_baseline_30mer,hs,5,38,325.83,train,0.06935067708353466,0.06714595889560795,0.0027606963781967803,0.06522128229300007,0.06804536911115963,0.005191634971000121,4.488311634045692,4.596349735411026,4.612666666666668,1.3668881368331007,1.43256371696099,1.435252022411492
final_joint_baseline_30mer,hs,5,39,327.132,train,0.06872328006001105,0.07417805669066455,0.003825857128482179,0.06584198057940427,0.0720718915691669,0.007119861631177182,4.575185294049842,4.650408426685753,4.6593333333333335,1.3636341314088298,1.4296703023009405,1.4315079565613895
final_joint_baseline_30mer,hs,5,40,328.44,train,0.06821702356614878,0.07228391078929354,0.002534862619230116,0.06505128065760746,0.06450463791972467,0.008047815843241072,4.6199888477764715,4.705123297475843,4.799333333333333,1.3595889047067131,1.4267491191634256,1.4166751319069542
final_joint_baseline_30mer,hs,5,41,329.753,train,0.06578591936392618,0.07821912097480399,0.0037573440411111736,0.06360104328043287,0.06959429408366379,0.010710190106493215,4.7220001383221515,4.760459475066752,4.798666666666667,1.355891525725832,1.4238022715995196,1.4217634352201947
final_joint_baseline_30mer,hs,5,42,331.071,train,0.06567397191539794,0.07473415925961902,0.002113622611498587,0.06262238747151933,0.0660553463259635,0.0060117815840717796,4.730136074417318,4.816423462455174,4.854666666666667,1.3539478674019714,1.420829651723185,1.4219882378202835
final_joint_baseline_30mer,hs,5,43,332.394,train,0.06622376771695787,0.07388252708273024,0.0027474583757166916,0.061350047131408854,0.06543228918462048,0.007101019571841482,4.787296262996519,4.873021767779592,4.937333333333333,1.352011450103533,1.4178311568314843,1.4150271480881755
final_joint_baseline_30mer,hs,5,44,333.723,train,0.06698880463317339,0.06952018366186187,0.0024476081909712904,0.061520626942332464,0.07212878598316529,0.01000105227351711,4.863467102381446,4.9303041615172845,4.838000000000001,1.3487861302799726,1.4148044068089702,1.432259351710978
final_joint_baseline_30mer,hs,5,45,335.057,train,0.06549544684280154,0.06965781992250543,0.0017335833807347167,0.05976127012257819,0.06322575346071971,0.007162997640366811,4.941125048989096,4.988234530476934,4.99,1.3481898596865658,1.4117515714109095,1.4110588194436111
final_joint_baseline_30mer,hs,5,46,336.396,train,0.06569180703079529,0.06752309867514457,0.0019859902369774485,0.060137906366690794,0.06075995068841337,0.006582850657242845,5.020747746501602,5.046819366900094,5.116666666666667,1.3457309745538302,1.4086725658466754,1.4002578286827017
final_joint_baseline_30mer,hs,5,47,337.741,train,0.06759264704053472,0.07486368667725027,0.0022399249550215166,0.058515446219091,0.06081595226149224,0.007809378538997764,5.0435716220577715,5.106109387830756,5.15,1.344476049147996,1.405564996177462,1.411187453794715
final_joint_baseline_30mer,hs,5,48,339.091,train,0.0649686511871517,0.0686740087690241,0.001643716211775421,0.05732419638551314,0.06327884172875678,0.007606082034074162,5.122854133526984,5.166067451465214,5.138000000000001,1.341662910771536,1.4024310856916937,1.4072340168982647
final_joint_baseline_30mer,hs,5,49,340.446,train,0.06563802735669635,0.06952927071112139,0.0034828059270048586,0.055757061081820644,0.055198121933311174,0.00830275481308388,5.218590209096986,5.2266999660206315,5.284666666666667,1.3391828595644897,1.3992707713979522,1.3984504065791479
final_joint_baseline_30mer,hs,5,50,341.807,train,0.06755885314847082,0.07021764605063698,0.002707693133213661,0.05632385243126754,0.05708461398222907,0.009204597715121932,5.271444256172626,5.288058544190913,5.457333333333333,1.3372135791506745,1.3960816498306652,1.3872829217757146
final_joint_baseline_30mer,hs,5,51,343.173,train,0.06665433244895332,0.06838938697830152,0.0019387048835563065,0.05395128724293024,0.060568454669550895,0.006258558635245481,5.3073408718906325,5.350104916227443,5.399333333333333,1.3364304344011837,1.3928660018323045,1.4018750426656135
final_joint_baseline_30mer,hs,5,52,344.545,train,0.06667719078267793,0.06690905476402478,0.0030715488341330156,0.053072548012242655,0.060312081662763375,0.007193652127568314,5.368419899946977,5.412891258323979,5.334666666666667,1.3327784510796787,1.389621420319978,1.3880660527595
final_joint_baseline_30mer,hs,5,53,345.922,train,0.06703432486280489,0.07248295518258098,0.00462682613325925,0.05338913986379193,0.06337785154892053,0.00719713170786195,5.420805380731725,5.476378489300099,5.3533333333333335,1.3307693450260425,1.3863502269526111,1.3954422146043002
final_joint_baseline_30mer,hs,5,54,347.305,train,0.0663934742638442,0.07210366227209,0.002820132225067209,0.052513404358972456,0.050258643071120976,0.006092937536883976,5.455972347096387,5.540619314242061,5.444000000000001,1.3296127304653615,1.38305001341737,1.3793620944216363
final_joint_baseline_30mer,hs,5,55,348.693,train,0.06805324173377132,0.06382188311444642,0.00254602226970307,0.051894237998039536,0.05402304056645129,0.007544988641732854,5.529657710307305,5.605573786298326,5.467333333333334,1.3272872473009774,1.3797231442299895,1.3843379906656583
final_joint_baseline_30mer,hs,5,56,350.086,train,0.06989595667673443,0.073337324001294,0.0024417830944862178,0.05137671296517824,0.06028052489076148,0.006651154531103242,5.55811461143002,5.6712477789690965,5.650666666666666,1.3251929199481436,1.3763696250648965,1.3922099960826368
final_joint_baseline_30mer,hs,5,57,351.486,train,0.06748604285911669,0.06737137664663137,0.0013463752193369756,0.04964489044751087,0.053031213322626565,0.00705439312985299,5.524239516333541,5.737742383210029,5.648,1.3267302453454366,1.3729846274750068,1.3805466300581963
final_joint_baseline_30mer,hs,5,58,352.891,train,0.06915403416991418,0.07413167152914774,0.0020498086726097424,0.04993690107131544,0.05275196208364709,0.008907807580124567,5.597728058648593,5.804969274930768,5.797333333333333,1.324656527064957,1.3695729865212092,1.373313755180381
final_joint_baseline_30mer,hs,5,59,354.301,train,0.06842860617231028,0.06705309867577272,0.0035208868675783746,0.04906747391772522,0.05740246429746221,0.007022101856687101,5.6865059536159706,5.872933917867217,5.768000000000001,1.3203266723635592,1.3661347461808415,1.3706092151058826
final_joint_baseline_30mer,hs,5,60,355.717,train,0.07227096029115523,0.07426850684366333,0.0032309513833363905,0.04919173565660795,0.05822360362388376,0.010637354074529794,5.7300068296562685,5.941690342058008,5.717333333333334,1.318426460192231,1.3626675106117514,1.3694890783035434
final_joint_baseline_30mer,hs,5,61,357.139,train,0.07199918669302564,0.07678764427954839,0.004269741893565316,0.048406061440005164,0.050976527341620115,0.0073220309408583845,5.821185622564954,6.011244729959806,6.05,1.315427561663598,1.3591713221675361,1.350897042346524
final_joint_baseline_30mer,hs,5,62,358.567,train,0.07217306960588848,0.07804742757739866,0.0025190335136252824,0.04755321580215011,0.050540780294242124,0.0051931606938201424,5.787977355510985,6.081603071532447,6.24,1.3170019276909346,1.3556462390662554,1.347888685353426
final_joint_baseline_30mer,hs,5,63,360.0,train,0.07269106468934824,0.0721695123640026,0.001303837765123159,0.047069404994555045,0.056621474863947856,0.00792474912581635,5.94692838370565,6.152721338290297,6.1193333333333335,1.3119173353397784,1.3520948192668774,1.3524805410123135
final_joint_baseline_30mer,hs,6,0,280.0,train,0.08023299329307379,0.07785763391718718,0.003043262735135632,0.09502098613121673,0.09660959044273945,0.005878710175932498,2.543307513198239,2.9353840456133904,3.002666666666667,1.449054280304736,1.5250820179572278,1.5192185039475925
final_joint_baseline_30mer,hs,6,1,281.119,train,0.08166690137743014,0.08839287183340352,0.0026743578695022753,0.09568984470462658,0.10207963589176679,0.007354879757704755,2.607172003596376,2.9706857224683647,2.956666666666667,1.4453908784431424,1.5230404964917845,1.521174469257053
final_joint_baseline_30mer,hs,6,2,282.243,train,0.08186222189984273,0.08946497362714735,0.003326126749306397,0.09631126346309937,0.10072881281598814,0.008123141688848326,2.6356502293842357,3.0063938841503335,2.955333333333334,1.44503021967693,1.5209789078042868,1.5222260733058592
final_joint_baseline_30mer,hs,6,3,283.371,train,0.07922614820111684,0.08501888206470361,0.0023338042529016554,0.09575742722388994,0.09315698497451189,0.006629170933430643,2.7111095741983076,3.0424808978278004,3.006666666666667,1.4426351112681035,1.5188989511155515,1.51293857209232
final_joint_baseline_30mer,hs,6,4,284.504,train,0.07874698961511863,0.07775699517637966,0.0016708087413728541,0.09412475017025715,0.09458858337901221,0.007205612222508491,2.759010247366115,3.0789829461373106,3.062666666666667,1.4411339909979206,1.5167986469106043,1.5256467269827845
final_joint_baseline_30mer,hs,6,5,285.641,train,0.07867974804854051,0.07917554938558821,0.0006018199384921477,0.09354164455344585,0.09466394848064719,0.008713150517397041,2.779320982317818,3.1158720554138957,3.0759999999999996,1.4388363579313135,1.5146797127848393,1.49946716675927
final_joint_baseline_30mer,hs,6,6,286.783,train,0.07829642505867242,0.07904403012321284,0.0008062226833607793,0.09419948268628389,0.1045900444443901,0.008327395756634449,2.848500789588953,3.153184969133022,3.1380000000000003,1.436106212846229,1.5125401483710492,1.5140005286826366
final_joint_baseline_30mer,hs,6,7,287.929,train,0.07895332637272867,0.08250570009282528,0.003829446155197667,0.09236432975802877,0.09367621419583069,0.006924556979804656,2.858525687576366,3.1908933671102866,3.131333333333333,1.4361933836522713,1.510381689932435,1.5079608993920361
final_joint_baseline_30mer,hs,6,8,289.08,train,0.07879517071685099,0.08400591020078504,0.0024488917987289045,0.0908970758592495,0.0980855508264013,0.009467640649823257,2.931267722525763,3.2290345635433617,3.1953333333333336,1.4333961198315444,1.5082023162194385,1.5131608548170035
final_joint_baseline_30mer,hs,6,9,290.235,train,0.07938092065444216,0.08344251141950462,0.001360673110122868,0.09021052544820063,0.09128346128144468,0.009613990220546657,2.993197143647555,3.267579885566739,3.2706666666666666,1.430608882046017,1.5060037824821264,1.5034442169560558
final_joint_baseline_30mer,hs,6,10,291.395,train,0.07837308071448701,0.07223334522838161,0.0021342175544378336,0.08808296819675197,0.08871042708352289,0.0059792618015251835,2.9908893249878963,3.3065672278741958,3.3726666666666665,1.4303011384655804,1.503784046586322,1.5069577272194739
final_joint_baseline_30mer,hs,6,11,292.56,train,0.07688724633695455,0.07896126621847681,0.002557221913644704,0.0860632375924803,0.09051035588032401,0.00959915877316384,3.0821580272955718,3.3460015276586375,3.498666666666667,1.4258314762733413,1.5015429543654109,1.4975274487491688
final_joint_baseline_30mer,hs,6,12,293.729,train,0.07256678472612099,0.07175852265928763,0.0015160631198562905,0.08474191979424198,0.09307133872606499,0.007689110802424234,3.150122904995735,3.385853573380215,3.34,1.4235853658876223,1.4992822901534075,1.5099956879758567
final_joint_baseline_30mer,hs,6,13,294.903,train,0.0718254808949213,0.06906174576256524,0.00219063345242672,0.0849276166363612,0.08881591710489756,0.008664348560417348,3.19203235585679,3.4261621518539886,3.4446666666666665,1.4218773193909557,1.4969999804852958,1.4913897122791577
final_joint_baseline_30mer,hs,6,14,296.082,train,0.0714607805687376,0.0790879750478776,0.0032359003645429127,0.08550859149222727,0.0820912699242319,0.007160125119292846,3.262342658551767,3.466932384741532,3.4480000000000004,1.419300628344623,1.4946958701978001,1.4904507070364348
final_joint_baseline_30mer,hs,6,15,297.266,train,0.07336176191531832,0.07745677076964609,0.0016565236536977028,0.08587206690780763,0.07922101667137463,0.007708826587699384,3.298642857966203,3.5081694578861553,3.5246666666666666,1.4171639688431672,1.492369803880277,1.483390059243193
final_joint_baseline_30mer,hs,6,16,298.454,train,0.07366603575098829,0.07884782979751806,0.002109924834340673,0.08360476465705594,0.09094111585799797,0.007609698095910718,3.3203087177536483,3.5498434163656745,3.6293333333333333,1.415355383493526,1.4900236060418115,1.4883818534589575
final_joint_baseline_30mer,hs,6,17,299.647,train,0.07373467547153302,0.07890601997411442,0.0015372932415735918,0.08377574515330148,0.07984151926757074,0.008823785254726393,3.3892846439357265,3.591994271736091,3.570666666666667,1.4117220597375317,1.4876551617064502,1.4801936128162443
final_joint_baseline_30mer,hs,6,18,300.845,train,0.07305589448642932,0.07044543224684718,0.001766390499390729,0.08210580055379135,0.09079857388732143,0.006036633874505893,3.41430049334901,3.6346273956569326,3.5426666666666664,1.4126422269680852,1.485264315320517,1.4960642886778022
final_joint_baseline_30mer,hs,6,19,302.047,train,0.07333910929271938,0.07699953717193096,0.0021439144916587053,0.08163079766437302,0.09536154634435788,0.006681666523769166,3.484319022753994,3.6777122500931183,3.674,1.4088618546958285,1.4828529228030956,1.4863315577199223
final_joint_baseline_30mer,hs,6,20,303.254,train,0.07149915507279267,0.07066541728409753,0.0017385487162899422,0.08180355187049923,0.07494418541006233,0.007705375779356615,3.5339085229499503,3.7212897863205803,3.7666666666666666,1.4064592267606022,1.4804188385084518,1.4639712981611044
final_joint_baseline_30mer,hs,6,21,304.467,train,0.07250065493324692,0.0780758298361881,0.0016509428842418458,0.08062604293218527,0.0823766506908842,0.008529589680639025,3.6290352606219884,3.765402058068587,3.8493333333333335,1.4036600134330308,1.4779598751117753,1.4719384042058663
final_joint_baseline_30mer,hs,6,22,305.683,train,0.07434609089628043,0.08344930252683942,0.0025602652571224474,0.07754315994790706,0.08008414431359734,0.007142152356042951,3.686256109228393,3.809945189732875,3.8713333333333333,1.400209664819432,1.47548197549008,1.4659596840080173
final_joint_baseline_30mer,hs,6,23,306.905,train,0.07418123279643517,0.07494803635725257,0.0009653719421444943,0.07784414768938969,0.08667946176327729,0.008418412390493606,3.728478369873435,3.8550343563544645,3.8086666666666673,1.3994710802263846,1.4729788883387833,1.4736395518672953
final_joint_baseline_30mer,hs,6,24,308.132,train,0.07304290160402178,0.07502555409638072,0.002663074569714362,0.07633507083561167,0.08334724414502082,0.007580520574759853,3.769594917813588,3.9006388022831704,3.8220000000000005,1.3975494234797678,1.4704524928057126,1.4801769593730532
final_joint_baseline_30mer,hs,6,25,309.364,train,0.07259267755923522,0.07416474790156019,0.0007781127384804867,0.07375081530099471,0.07213785117791843,0.008108873202207736,3.8070892984761517,3.94676433057257,3.9899999999999998,1.3954718061855997,1.4679026363766647,1.453174490008124
final_joint_baseline_30mer,hs,6,26,310.6,train,0.07242635725406829,0.07382907266792021,0.0024398248805478934,0.07490799467470581,0.07813138491882166,0.00905185563206446,3.874953172188026,3.9933789516831073,3.8986666666666663,1.3916619128096992,1.4653312532491922,1.466738453451896
final_joint_baseline_30mer,hs,6,27,311.842,train,0.0724886765592472,0.07883853155786964,0.002810669189621755,0.07468503615667249,0.08238313889617382,0.007678590323216409,3.890596399013302,4.0405640124767235,3.9833333333333334,1.392075765262666,1.462734032157018,1.4728131523194157
final_joint_baseline_30mer,hs,6,28,313.088,train,0.0726630827305375,0.06942176324062277,0.0010420943272906142,0.07345617864627366,0.0699268611794594,0.00799165456579164,3.9656718998547618,4.088249503113515,4.1259999999999994,1.3890153180179456,1.4601150062536754,1.455511594932908
final_joint_baseline_30mer,hs,6,29,314.34,train,0.07160589786490776,0.0704828351775452,0.0024034927089383925,0.0729293116211879,0.08129050160257081,0.0061238469593120565,3.9884460658874517,4.136517996231319,4.088000000000001,1.3875389843347845,1.4574698238786739,1.4643842094779513
final_joint_baseline_30mer,hs,6,30,315.596,train,0.07225950961277791,0.07730526486988183,0.00186598816985044,0.07213078293757579,0.0768072025842374,0.006698619174199538,4.08785200106047,4.185298466963214,4.2219999999999995,1.3844181023778879,1.4548025644388083,1.4496896002191724
final_joint_baseline_30mer,hs,6,31,316.858,train,0.07054346027738706,0.07817892932695099,0.002745239128374956,0.07013050749719106,0.07889954362011899,0.007080564381178581,4.162689040274801,4.234674727142199,4.237333333333334,1.3802637032924852,1.4521088363691277,1.453220111610929
final_joint_baseline_30mer,hs,6,32,318.124,train,0.06923058831493728,0.07235762001691182,0.0013160293957691011,0.0691763633366968,0.07344366219673686,0.006859505751268121,4.1928993187634,4.284574708016944,4.363333333333333,1.3784509404281768,1.4493927663582389,1.4421513489785198
final_joint_baseline_30mer,hs,6,33,319.396,train,0.06854069054084985,0.07073495370142091,0.0013295844035688415,0.06908533070640233,0.06831007444968665,0.005730256486393439,4.283916015399866,4.335083472417269,4.294666666666668,1.3766030864406693,1.4466499235425747,1.4423118326485558
final_joint_baseline_30mer,hs,6,34,320.672,train,0.06947233008886163,0.06512090700097213,0.0016335931846050578,0.06816564463308558,0.07031102305973096,0.005590931342163019,4.286059576503677,4.386127876814621,4.427333333333333,1.374854657302226,1.4438844829827497,1.4478625642611833
final_joint_baseline_30mer,hs,6,35,321.954,train,0.06798870945480961,0.06830440995639186,0.0019539871837639684,0.06610675418935405,0.07012599291903727,0.008109895280947271,4.3263572861193715,4.437794244948541,4.449333333333334,1.3732220845705354,1.4410919752492124,1.437809922116419
final_joint_baseline_30mer,hs,6,36,323.241,train,0.06878144375416557,0.06548767486174413,0.0028578259830354213,0.0659856419657342,0.07465963128199349,0.007247004032661071,4.395032073449062,4.490049078475314,4.506666666666666,1.3700644404845734,1.4382744302004369,1.4363154965230924
final_joint_baseline_30mer,hs,6,37,324.533,train,0.06931773427248425,0.07853845128014436,0.002462813636665135,0.0669300394816484,0.0655240830233013,0.006068566878299523,4.451483072826613,4.54289876829392,4.486666666666666,1.3685460531537683,1.4354317191543025,1.4341224228619627
final_joint_baseline_30mer,hs,6,38,325.83,train,0.06935067708353466,0.0764730870880514,0.003174126141349255,0.06522128229300007,0.07069112101822948,0.00668816806922664,4.488311634045692,4.596349735411026,4.552666666666666,1.3668881368331007,1.43256371696099,1.4387011324727474
final_joint_baseline_30mer,hs,6,39,327.132,train,0.06872328006001105,0.06147549503760398,0.0034104690623548246,0.06584198057940427,0.06721665006531694,0.004884483327577981,4.575185294049842,4.650408426685753,4.83,1.3636341314088298,1.4296703023009405,1.4185515076706492
final_joint_baseline_30mer,hs,6,40,328.44,train,0.06821702356614878,0.07443162657675105,0.001909437869598445,0.06505128065760746,0.07474298141802616,0.006975162614457471,4.6199888477764715,4.705123297475843,4.706666666666667,1.3595889047067131,1.4267491191634256,1.432306939063901
final_joint_baseline_30mer,hs,6,41,329.753,train,0.06578591936392618,0.06675026488622557,0.0018631245231831703,0.06360104328043287,0.06641604969652196,0.00914721557567115,4.7220001383221515,4.760459475066752,4.824,1.355891525725832,1.4238022715995196,1.4223686955064272
final_joint_baseline_30mer,hs,6,42,331.071,train,0.06567397191539794,0.07464811499872391,0.00199749772009273,0.06262238747151933,0.07149567198608367,0.0074273551228322444,4.730136074417318,4.816423462455174,4.818,1.3539478674019714,1.420829651723185,1.4235601277306327
final_joint_baseline_30mer,hs,6,43,332.394,train,0.06622376771695787,0.07415734945524406,0.0032121914660076406,0.061350047131408854,0.06108383308942006,0.006454503193907899,4.787296262996519,4.873021767779592,4.896000000000001,1.352011450103533,1.4178311568314843,1.4088823252949116
final_joint_baseline_30mer,hs,6,44,333.723,train,0.06698880463317339,0.062172521829202534,0.0019740180046277996,0.061520626942332464,0.05792367258633913,0.007861036926608696,4.863467102381446,4.9303041615172845,4.999333333333334,1.3487861302799726,1.4148044068089702,1.41014189262098
final_joint_baseline_30mer,hs,6,45,335.057,train,0.06549544684280154,0.06329815923317846,0.00245202180756199,0.05976127012257819,0.06426233871224678,0.008905113923545534,4.941125048989096,4.988234530476934,4.953333333333333,1.3481898596865658,1.4117515714109095,1.41400304753149
final_joint_baseline_30mer,hs,6,46,336.396,train,0.06569180703079529,0.06623164568148868,0.0016023366513137143,0.060137906366690794,0.055749052694760395,0.00788223708161969,5.020747746501602,5.046819366900094,5.033333333333333,1.3457309745538302,1.4086725658466754,1.4058790022326209
final_joint_baseline_30mer,hs,6,47,337.741,train,0.06759264704053472,0.06895339887084762,0.0015569207069516414,0.058515446219091,0.06286016974331822,0.006613291366550849,5.0435716220577715,5.106109387830756,5.144666666666667,1.344476049147996,1.405564996177462,1.4010582611678097
final_joint_baseline_30mer,hs,6,48,339.091,train,0.0649686511871517,0.06442320557263184,0.0027424550151704374,0.05732419638551314,0.06561614174513118,0.008116524078127206,5.122854133526984,5.166067451465214,5.07,1.341662910771536,1.4024310856916937,1.4170724620489126
final_joint_baseline_30mer,hs,6,49,340.446,train,0.06563802735669635,0.07446591743845804,0.004645565148401697,0.055757061081820644,0.057192865584681785,0.006316498714841332,5.218590209096986,5.2266999660206315,5.199999999999999,1.3391828595644897,1.3992707713979522,1.3988311373067395
final_joint_baseline_30mer,hs,6,50,341.807,train,0.06755885314847082,0.0736730168388032,0.0017755538819496887,0.05632385243126754,0.057884885983674556,0.008400409550857645,5.271444256172626,5.288058544190913,5.268,1.3372135791506745,1.3960816498306652,1.3908476957592704
final_joint_baseline_30mer,hs,6,51,343.173,train,0.06665433244895332,0.07650599019837231,0.0036921046274177713,0.05395128724293024,0.060010449777503264,0.006351738184619065,5.3073408718906325,5.350104916227443,5.407333333333335,1.3364304344011837,1.3928660018323045,1.3889862639121804
final_joint_baseline_30mer,hs,6,52,344.545,train,0.06667719078267793,0.07162608067939766,0.0026968524380412587,0.053072548012242655,0.060015417775599,0.0063343971057632596,5.368419899946977,5.412891258323979,5.3693333333333335,1.3327784510796787,1.389621420319978,1.3978297728203408
final_joint_baseline_30mer,hs,6,53,345.922,train,0.06703432486280489,0.06951312045967446,0.0018521837570721423,0.05338913986379193,0.05461164297094985,0.007785642043027339,5.420805380731725,5.476378489300099,5.583333333333334,1.3307693450260425,1.3863502269526111,1.3817996040299438
final_joint_baseline_30mer,hs,6,54,347.305,train,0.0663934742638442,0.0675499018668252,0.0014555043375757012,0.052513404358972456,0.05863865861819299,0.007849422642382885,5.455972347096387,5.540619314242061,5.537333333333334,1.3296127304653615,1.38305001341737,1.378568726790136
final_joint_baseline_30mer,hs,6,55,348.693,train,0.06805324173377132,0.0738407626448826,0.002023764355845854,0.051894237998039536,0.054399336889620065,0.008703080121238379,5.529657710307305,5.605573786298326,5.740666666666666,1.3272872473009774,1.3797231442299895,1.3760439768347608
final_joint_baseline_30mer,hs,6,56,350.086,train,0.06989595667673443,0.08000057079844698,0.002279815529538816,0.05137671296517824,0.06884872901749683,0.0074905584042098084,5.55811461143002,5.6712477789690965,5.562666666666667,1.3251929199481436,1.3763696250648965,1.386012170500984
final_joint_baseline_30mer,hs,6,57,351.486,train,0.06748604285911669,0.07187070572358213,0.003026058009797722,0.04964489044751087,0.05223203643911012,0.006448011572393816,5.524239516333541,5.737742383210029,5.832,1.3267302453454366,1.3729846274750068,1.369284564885503
final_joint_baseline_30mer,hs,6,58,352.891,train,0.06915403416991418,0.07011815202742258,0.003650195990805064,0.04993690107131544,0.05580307864922379,0.007460404768182291,5.597728058648593,5.804969274930768,5.696666666666667,1.324656527064957,1.3695729865212092,1.378379974179218
final_joint_baseline_30mer,hs,6,59,354.301,train,0.06842860617231028,0.08268794452220575,0.0037025064478287406,0.04906747391772522,0.05604161947568035,0.006565183002048013,5.6865059536159706,5.872933917867217,5.895333333333333,1.3203266723635592,1.3661347461808415,1.3688377477992901
final_joint_baseline_30mer,hs,6,60,355.717,train,0.07227096029115523,0.07700848341241676,0.0023544543077072947,0.04919173565660795,0.05552493146114859,0.00614309983185609,5.7300068296562685,5.941690342058008,5.820666666666666,1.318426460192231,1.3626675106117514,1.3695058425833713
final_joint_baseline_30mer,hs,6,61,357.139,train,0.07199918669302564,0.07205862353786596,0.002510194441280279,0.048406061440005164,0.050229240863202795,0.006268440526878572,5.821185622564954,6.011244729959806,6.0280000000000005,1.315427561663598,1.3591713221675361,1.3553058603126917
final_joint_baseline_30mer,hs,6,62,358.567,train,0.07217306960588848,0.0728788135089065,0.0024521655112033454,0.04755321580215011,0.042968928601091326,0.006509976424026469,5.787977355510985,6.081603071532447,6.052,1.3170019276909346,1.3556462390662554,1.3561795080209962
final_joint_baseline_30mer,hs,6,63,360.0,train,0.07269106468934824,0.0743922703174133,0.0020944988071108575,0.047069404994555045,0.05014201327787479,0.007361269305049028,5.94692838370565,6.152721338290297,6.2666666666666675,1.3119173353397784,1.3520948192668774,1.3458584421278972
final_joint_baseline_30mer,hs,7,0,280.0,train,0.08023299329307379,0.08385993237349222,0.001305481489678832,0.09502098613121673,0.1078727771020598,0.007603666573055676,2.543307513198239,2.9353840456133904,2.9386666666666668,1.4490542803047362,1.5250820179572278,1.5331840411322366
final_joint_baseline_30mer,hs,7,1,281.119,train,0.08166690137743014,0.0770965422370152,0.0030950492337149943,0.09568984470462655,0.09977260834495895,0.009341564612170103,2.607172003596376,2.9706857224683647,2.961333333333333,1.4453908784431428,1.5230404964917843,1.5264274512340683
final_joint_baseline_30mer,hs,7,2,282.243,train,0.08186222189984273,0.08756267867469805,0.0021584735672870187,0.09631126346309937,0.10817711007434003,0.00879716959158405,2.6356502293842357,3.0063938841503335,3.052666666666667,1.4450302196769296,1.5209789078042868,1.513771337201662
final_joint_baseline_30mer,hs,7,3,283.371,train,0.07922614820111684,0.07834053190753523,0.001579603094169956,0.09575742722388994,0.11041841803633093,0.011269854213532257,2.7111095741983076,3.0424808978278004,3.0220000000000002,1.4426351112681033,1.5188989511155515,1.52057897891221
final_joint_baseline_30mer,hs,7,4,284.504,train,0.07874698961511863,0.08509080456579961,0.0047848582952507825,0.09412475017025715,0.09566238757676782,0.007752433297209395,2.759010247366115,3.0789829461373106,3.0040000000000004,1.4411339909979202,1.516798646910604,1.5273715758599176
final_joint_baseline_30mer,hs,7,5,285.641,train,0.07867974804854051,0.07646429506038185,0.0010688633205700809,0.09354164455344582,0.09267542209322868,0.008657982300275861,2.779320982317818,3.1158720554138957,3.087333333333334,1.4388363579313137,1.5146797127848395,1.5200401596956588
final_joint_baseline_30mer,hs,7,6,286.783,train,0.07829642505867242,0.08010635602577082,0.0010982777900101085,0.09419948268628386,0.08962671357993318,0.008031314439483798,2.848500789588953,3.153184969133022,3.1980000000000004,1.436106212846229,1.5125401483710494,1.5055897812720005
final_joint_baseline_30mer,hs,7,7,287.929,train,0.07895332637272867,0.07763238051982271,0.0019642662542620117,0.09236432975802876,0.09386572537213547,0.008285148742779637,2.858525687576366,3.1908933671102866,3.1406666666666663,1.4361933836522711,1.510381689932435,1.5136286211777934
final_joint_baseline_30mer,hs,7,8,289.08,train,0.07879517071685099,0.08573865272889716,0.0027315208255292165,0.0908970758592495,0.0982462918540061,0.009607132297105844,2.931267722525763,3.2290345635433617,3.2460000000000004,1.4333961198315441,1.5082023162194385,1.5100910399374767
final_joint_baseline_30mer,hs,7,9,290.235,train,0.07938092065444216,0.08668002330290756,0.0011826122922273235,0.09021052544820063,0.09036377517508955,0.0088987251048278,2.993197143647555,3.267579885566739,3.2826666666666666,1.430608882046017,1.5060037824821264,1.506720393252886
final_joint_baseline_30mer,hs,7,10,291.395,train,0.07837308071448701,0.08127829485092342,0.0015528390058032312,0.08808296819675197,0.09210717938858114,0.00771547201443179,2.9908893249878963,3.3065672278741958,3.2786666666666666,1.4303011384655808,1.5037840465863217,1.5003886863123923
final_joint_baseline_30mer,hs,7,11,292.56,train,0.07688724633695455,0.08291916936585499,0.001130309427601282,0.08606323759248029,0.08218338168680453,0.005839042525223189,3.0821580272955718,3.3460015276586375,3.3113333333333337,1.4258314762733413,1.5015429543654109,1.495298422651269
final_joint_baseline_30mer,hs,7,12,293.729,train,0.07256678472612099,0.07632228524512209,0.002981439446874321,0.08474191979424198,0.09995955213113464,0.009247931548593852,3.150122904995735,3.385853573380215,3.352666666666666,1.423585365887622,1.4992822901534073,1.5031408853799457
final_joint_baseline_30mer,hs,7,13,294.903,train,0.0718254808949213,0.0744689881744819,0.0028796756423382,0.0849276166363612,0.09239724437913677,0.007088369231530489,3.19203235585679,3.4261621518539886,3.428,1.4218773193909555,1.4969999804852958,1.4996146058227597
final_joint_baseline_30mer,hs,7,14,296.082,train,0.0714607805687376,0.07840774469751675,0.0020286268589892317,0.08550859149222727,0.09628698147038248,0.009238516309217753,3.262342658551767,3.466932384741532,3.4839999999999995,1.419300628344623,1.4946958701978,1.4948459019657523
final_joint_baseline_30mer,hs,7,15,297.266,train,0.07336176191531832,0.07402150169849783,0.0008367944021698253,0.08587206690780769,0.09040813518380397,0.007430170824009817,3.298642857966203,3.5081694578861553,3.4906666666666664,1.4171639688431674,1.492369803880277,1.4888208681920125
final_joint_baseline_30mer,hs,7,16,298.454,train,0.07366603575098829,0.08336365053720184,0.003491062298932974,0.08360476465705596,0.0950423357700538,0.007896663649917358,3.3203087177536483,3.5498434163656745,3.5053333333333336,1.4153553834935257,1.4900236060418117,1.4867224871300224
final_joint_baseline_30mer,hs,7,17,299.647,train,0.07373467547153302,0.071539101947036,0.0017293141568261866,0.08377574515330147,0.09020660705044439,0.007016857499479938,3.3892846439357265,3.591994271736091,3.6513333333333335,1.4117220597375317,1.4876551617064504,1.4927946980835414
final_joint_baseline_30mer,hs,7,18,300.845,train,0.07305589448642932,0.07554250330967202,0.001673456807171982,0.08210580055379135,0.08508922259316185,0.008862256819628885,3.41430049334901,3.6346273956569326,3.6086666666666667,1.4126422269680854,1.4852643153205172,1.4779655467894526
final_joint_baseline_30mer,hs,7,19,302.047,train,0.07333910929271938,0.08038062861308234,0.003092082650244742,0.08163079766437302,0.08529590777225343,0.007803066988543272,3.484319022753994,3.6777122500931183,3.5519999999999996,1.4088618546958285,1.4828529228030953,1.4922851928916012
final_joint_baseline_30mer,hs,7,20,303.254,train,0.07149915507279267,0.07602452716814012,0.002292824836433725,0.08180355187049923,0.08451274665965551,0.007897848737214202,3.5339085229499503,3.7212897863205803,3.738,1.406459226760602,1.4804188385084516,1.4671270756384265
final_joint_baseline_30mer,hs,7,21,304.467,train,0.07250065493324692,0.0729615197387654,0.002590724586619612,0.08062604293218527,0.08291727358952519,0.007940255172156256,3.6290352606219884,3.765402058068587,3.8266666666666667,1.4036600134330308,1.477959875111775,1.4722531217430483
final_joint_baseline_30mer,hs,7,22,305.683,train,0.07434609089628043,0.07498378263368902,0.001736292481836646,0.07754315994790703,0.07388704477165593,0.00716431672952769,3.686256109228393,3.809945189732875,3.8540000000000005,1.4002096648194318,1.4754819754900796,1.4766829371753252
final_joint_baseline_30mer,hs,7,23,306.905,train,0.07418123279643517,0.07996220939166528,0.0019716048495417365,0.07784414768938973,0.08543977298614168,0.009179316861330559,3.728478369873435,3.8550343563544645,3.848666666666667,1.3994710802263843,1.4729788883387833,1.4721876165786716
final_joint_baseline_30mer,hs,7,24,308.132,train,0.07304290160402178,0.07207818396152292,0.002715056368929259,0.07633507083561167,0.07658684832211554,0.008804717467689915,3.769594917813588,3.9006388022831704,3.8873333333333333,1.3975494234797674,1.4704524928057126,1.4685275427756266
final_joint_baseline_30mer,hs,7,25,309.364,train,0.07259267755923522,0.07578529765265624,0.001305807182418201,0.0737508153009947,0.08246075260297513,0.007178148800074167,3.8070892984761517,3.94676433057257,3.9766666666666666,1.3954718061855997,1.4679026363766645,1.4729617360990064
final_joint_baseline_30mer,hs,7,26,310.6,train,0.07242635725406829,0.070942921496156,0.0013818316372586881,0.07490799467470581,0.07466382409919359,0.0065880355591622294,3.874953172188026,3.9933789516831073,3.975333333333333,1.391661912809699,1.4653312532491922,1.4610156380530257
final_joint_baseline_30mer,hs,7,27,311.842,train,0.0724886765592472,0.07797442019979615,0.001662419228932007,0.07468503615667249,0.08240433222576364,0.009112379427144374,3.890596399013302,4.0405640124767235,4.124666666666666,1.3920757652626659,1.4627340321570177,1.4562196480259144
final_joint_baseline_30mer,hs,7,28,313.088,train,0.0726630827305375,0.07058018526305826,0.002074102307608606,0.07345617864627366,0.07396266322135317,0.007446434794100211,3.9656718998547618,4.088249503113515,4.118666666666667,1.3890153180179459,1.4601150062536752,1.4593042005552737
final_joint_baseline_30mer,hs,7,29,314.34,train,0.07160589786490776,0.07190341539253148,0.002229867233745569,0.0729293116211879,0.07410278564529485,0.00678694089668062,3.9884460658874517,4.136517996231319,4.098,1.3875389843347843,1.4574698238786739,1.45349992151794
final_joint_baseline_30mer,hs,7,30,315.596,train,0.07225950961277791,0.07231874185674365,0.0024794960858802073,0.0721307829375758,0.0809133469000221,0.009412948304262012,4.08785200106047,4.185298466963214,4.273999999999999,1.384418102377888,1.454802564438808,1.4506874836245949
final_joint_baseline_30mer,hs,7,31,316.858,train,0.07054346027738706,0.07001031637313518,0.0019096726570432066,0.07013050749719107,0.07814673777467672,0.008203063562988026,4.162689040274801,4.234674727142199,4.236000000000001,1.3802637032924852,1.4521088363691277,1.455660130082528
final_joint_baseline_30mer,hs,7,32,318.124,train,0.06923058831493728,0.07069208811959309,0.002046518709567205,0.06917636333669676,0.07822492979712217,0.007673635602872737,4.1928993187634,4.284574708016944,4.351999999999999,1.378450940428177,1.4493927663582387,1.4553032006895703
final_joint_baseline_30mer,hs,7,33,319.396,train,0.06854069054084985,0.07099944880430688,0.003191218567818688,0.06908533070640234,0.0788097722011716,0.009665105727428269,4.283916015399866,4.335083472417269,4.446,1.3766030864406695,1.446649923542575,1.437756544577576
final_joint_baseline_30mer,hs,7,34,320.672,train,0.06947233008886163,0.07360720735970169,0.002953517245667888,0.06816564463308558,0.07176383211760597,0.007506737305469266,4.286059576503677,4.386127876814621,4.386666666666667,1.374854657302226,1.44388448298275,1.4454060795251373
final_joint_baseline_30mer,hs,7,35,321.954,train,0.06798870945480961,0.06752537044570406,0.0017673966691181034,0.06610675418935405,0.07462185218451575,0.007789068933212603,4.3263572861193715,4.437794244948541,4.373333333333333,1.3732220845705354,1.4410919752492124,1.4476522734858834
final_joint_baseline_30mer,hs,7,36,323.241,train,0.06878144375416557,0.07164358442683776,0.0017582574515282003,0.06598564196573423,0.07770001991360737,0.006982723902279513,4.395032073449062,4.490049078475314,4.46,1.3700644404845734,1.4382744302004369,1.4504276798006432
final_joint_baseline_30mer,hs,7,37,324.533,train,0.06931773427248425,0.07796516068985437,0.0031641622596631953,0.06693003948164841,0.07282464656695052,0.006976223941406516,4.451483072826613,4.54289876829392,4.546666666666667,1.3685460531537685,1.4354317191543025,1.4417072200025667
final_joint_baseline_30mer,hs,7,38,325.83,train,0.06935067708353466,0.07228858541594232,0.0021731891076686295,0.06522128229300006,0.07180318627061225,0.009845901661416492,4.488311634045692,4.596349735411026,4.578,1.366888136833101,1.43256371696099,1.4321771514180868
final_joint_baseline_30mer,hs,7,39,327.132,train,0.06872328006001105,0.06263352228713975,0.0035701652533774854,0.06584198057940426,0.06955248739909267,0.008225717668660613,4.575185294049842,4.650408426685753,4.718,1.3636341314088298,1.4296703023009405,1.438584714547039
final_joint_baseline_30mer,hs,7,40,328.44,train,0.06821702356614878,0.06345734955758342,0.0010194816357707946,0.06505128065760746,0.06412108827372058,0.0076742834163953865,4.6199888477764715,4.705123297475843,4.6466666666666665,1.3595889047067131,1.4267491191634254,1.4213818561693499
final_joint_baseline_30mer,hs,7,41,329.753,train,0.06578591936392618,0.06814256593326955,0.0025855130241666537,0.06360104328043284,0.06507508838159135,0.007101180648114288,4.7220001383221515,4.760459475066752,4.770666666666667,1.3558915257258317,1.4238022715995193,1.4198155090270466
final_joint_baseline_30mer,hs,7,42,331.071,train,0.06567397191539794,0.06740966669820493,0.0011602683493291885,0.06262238747151933,0.06199101548162363,0.008056716766982058,4.730136074417318,4.816423462455174,4.815999999999999,1.3539478674019712,1.4208296517231855,1.4187270859841736
final_joint_baseline_30mer,hs,7,43,332.394,train,0.06622376771695787,0.06607037715979391,0.0020121919517807636,0.061350047131408854,0.061440259589901125,0.007584654351584081,4.787296262996519,4.873021767779592,4.8533333333333335,1.352011450103533,1.4178311568314843,1.413756442580192
final_joint_baseline_30mer,hs,7,44,333.723,train,0.06698880463317339,0.06803950496943406,0.004550587794156218,0.061520626942332464,0.07483241772204066,0.008552158049712414,4.863467102381446,4.9303041615172845,4.756,1.3487861302799726,1.4148044068089698,1.4154040969406871
final_joint_baseline_30mer,hs,7,45,335.057,train,0.06549544684280154,0.06337011772132764,0.0035552652517633117,0.05976127012257819,0.07064304086150805,0.010200432032320218,4.941125048989096,4.988234530476934,4.874666666666667,1.3481898596865658,1.4117515714109095,1.4290633097161605
final_joint_baseline_30mer,hs,7,46,336.396,train,0.06569180703079529,0.06904739816172588,0.0024640430610478764,0.060137906366690794,0.05801516825106684,0.007011649912085589,5.020747746501602,5.046819366900094,5.059333333333334,1.3457309745538302,1.4086725658466754,1.4016508174298663
final_joint_baseline_30mer,hs,7,47,337.741,train,0.06759264704053472,0.07699452200097419,0.00258229016505208,0.05851544621909099,0.07291216072205431,0.0071604809174736495,5.0435716220577715,5.106109387830756,5.059333333333335,1.3444760491479961,1.405564996177462,1.4193639253655776
final_joint_baseline_30mer,hs,7,48,339.091,train,0.0649686511871517,0.07197051506627167,0.0019125143891545716,0.05732419638551314,0.06220850717595845,0.006847460868213317,5.122854133526984,5.166067451465214,5.154666666666667,1.341662910771536,1.4024310856916935,1.3953581286718597
final_joint_baseline_30mer,hs,7,49,340.446,train,0.06563802735669635,0.0678879096646669,0.0019237310339239016,0.05575706108182066,0.06404503335514444,0.008094458232937531,5.218590209096986,5.2266999660206315,5.179333333333333,1.3391828595644897,1.3992707713979522,1.4050583148465572
final_joint_baseline_30mer,hs,7,50,341.807,train,0.06755885314847082,0.06416575463746342,0.0028639310659623425,0.056323852431267536,0.05961982708079479,0.009122874874818401,5.271444256172626,5.288058544190913,5.224,1.3372135791506743,1.3960816498306654,1.3921598763011442
final_joint_baseline_30mer,hs,7,51,343.173,train,0.06665433244895332,0.07283391327888385,0.002246383229452704,0.053951287242930274,0.060338608647040895,0.007802879375141244,5.3073408718906325,5.350104916227443,5.457333333333333,1.3364304344011835,1.3928660018323042,1.3909333280858118
final_joint_baseline_30mer,hs,7,52,344.545,train,0.06667719078267793,0.07604798072538418,0.0034996004869395857,0.053072548012242655,0.06340435897051852,0.006191623079887515,5.368419899946977,5.412891258323979,5.311333333333334,1.3327784510796787,1.389621420319978,1.393945127217981
final_joint_baseline_30mer,hs,7,53,345.922,train,0.06703432486280489,0.06116741363903611,0.002172703568680016,0.05338913986379192,0.06031402103431785,0.00795394367181442,5.420805380731725,5.476378489300099,5.456666666666667,1.3307693450260425,1.3863502269526111,1.3821915847405166
final_joint_baseline_30mer,hs,7,54,347.305,train,0.0663934742638442,0.07166939313134946,0.002411363972879622,0.052513404358972476,0.05657223591646682,0.007339879629773203,5.455972347096387,5.540619314242061,5.578666666666667,1.3296127304653613,1.38305001341737,1.3859002378524605
final_joint_baseline_30mer,hs,7,55,348.693,train,0.06805324173377132,0.07793964687071012,0.0035756580771579543,0.05189423799803954,0.04749044249327583,0.00850327549955749,5.529657710307305,5.605573786298326,5.800000000000001,1.3272872473009774,1.3797231442299893,1.361346204941041
final_joint_baseline_30mer,hs,7,56,350.086,train,0.06989595667673443,0.06986206388424793,0.0029355298871656024,0.051376712965178234,0.05568813633413415,0.007112619763740778,5.55811461143002,5.6712477789690965,5.708,1.3251929199481436,1.376369625064897,1.3747839391589902
final_joint_baseline_30mer,hs,7,57,351.486,train,0.06748604285911669,0.07311710196639229,0.0019826361397389633,0.04964489044751087,0.05607638803297191,0.008568721299470478,5.524239516333541,5.737742383210029,5.654,1.3267302453454364,1.3729846274750068,1.3884394095775585
final_joint_baseline_30mer,hs,7,58,352.891,train,0.06915403416991418,0.07472194427924811,0.003458941877563849,0.04993690107131545,0.05232743926754607,0.00824418898236895,5.597728058648593,5.804969274930768,5.8066666666666675,1.324656527064957,1.3695729865212092,1.3648337415721192
final_joint_baseline_30mer,hs,7,59,354.301,train,0.06842860617231028,0.0734666547842945,0.0029846021694668223,0.04906747391772523,0.05127138790960953,0.009207111338336148,5.6865059536159706,5.872933917867217,5.930666666666667,1.3203266723635592,1.3661347461808415,1.3591656263840801
final_joint_baseline_30mer,hs,7,60,355.717,train,0.07227096029115523,0.08111408559406126,0.0029954419840881406,0.04919173565660795,0.06188122022658282,0.00876180089347349,5.7300068296562685,5.941690342058008,5.856666666666667,1.3184264601922309,1.3626675106117512,1.3718718121299827
final_joint_baseline_30mer,hs,7,61,357.139,train,0.07199918669302564,0.07502768357940924,0.003031269213630611,0.048406061440005164,0.05762908611551899,0.008987667830878815,5.821185622564954,6.011244729959806,5.829333333333333,1.3154275616635978,1.3591713221675361,1.3676642402246844
final_joint_baseline_30mer,hs,7,62,358.567,train,0.07217306960588848,0.07861817571666163,0.002892288699673507,0.04755321580215011,0.05481531171689904,0.008079225020864264,5.787977355510985,6.081603071532447,6.074666666666667,1.3170019276909346,1.3556462390662554,1.3563038531961173
final_joint_baseline_30mer,hs,7,63,360.0,train,0.07269106468934824,0.07976477643247473,0.0031756895830939956,0.04706940499455503,0.05103004258500313,0.007379910192198565,5.94692838370565,6.152721338290297,6.421333333333333,1.3119173353397782,1.3520948192668774,1.3351366558622313
final_joint_baseline_30mer,hs,8,0,280.0,train,0.08023299329307379,0.08306147125221103,0.0017739655394060129,0.09502098613121673,0.10273102659024308,0.01077934946676034,2.543307513198239,2.9353840456133904,2.9293333333333336,1.4490542803047362,1.5250820179572278,1.5242421576358813
final_joint_baseline_30mer,hs,8,1,281.119,train,0.08166690137743014,0.08490886582313448,0.0016264363463161214,0.09568984470462655,0.10023584175096227,0.008659534934228021,2.607172003596376,2.9706857224683647,2.9013333333333335,1.4453908784431428,1.5230404964917843,1.528460577929994
final_joint_baseline_30mer,hs,8,2,282.243,train,0.08186222189984273,0.08489832301637787,0.002076812388576015,0.09631126346309937,0.09291036415833866,0.00890738700254973,2.6356502293842357,3.0063938841503335,2.9659999999999997,1.4450302196769296,1.5209789078042868,1.5238273294355658
final_joint_baseline_30mer,hs,8,3,283.371,train,0.07922614820111684,0.08125544637614654,0.0015341889743866368,0.09575742722388994,0.10196266616096349,0.009686738742271378,2.7111095741983076,3.0424808978278004,3.046666666666667,1.4426351112681033,1.5188989511155515,1.5321923765669379
final_joint_baseline_30mer,hs,8,4,284.504,train,0.07874698961511863,0.07907740642800898,0.0014167754495401112,0.09412475017025715,0.11144815214208506,0.007946103105755137,2.759010247366115,3.0789829461373106,3.0780000000000003,1.4411339909979202,1.516798646910604,1.5180716973153316
final_joint_baseline_30mer,hs,8,5,285.641,train,0.07867974804854051,0.08121006729353358,0.0016595350423073303,0.09354164455344582,0.1017511612159951,0.007687168092717855,2.779320982317818,3.1158720554138957,3.006,1.4388363579313137,1.5146797127848395,1.5236923437005374
final_joint_baseline_30mer,hs,8,6,286.783,train,0.07829642505867242,0.07878459486488146,0.0018170898733470974,0.09419948268628386,0.09622962546190236,0.007991420538075599,2.848500789588953,3.153184969133022,3.148,1.436106212846229,1.5125401483710494,1.5064653861299497
final_joint_baseline_30mer,hs,8,7,287.929,train,0.07895332637272867,0.08550558926724654,0.0029302793710699417,0.09236432975802876,0.09358253218028681,0.00798482192072377,2.858525687576366,3.1908933671102866,3.3120000000000003,1.4361933836522711,1.510381689932435,1.5061806725435785
final_joint_baseline_30mer,hs,8,8,289.08,train,0.07879517071685099,0.08154319795236478,0.0018040383345440144,0.0908970758592495,0.09930502982377828,0.008658802016368046,2.931267722525763,3.2290345635433617,3.2673333333333336,1.4333961198315441,1.5082023162194385,1.5111089502406994
final_joint_baseline_30mer,hs,8,9,290.235,train,0.07938092065444216,0.08303093475092505,0.0014217489674157274,0.09021052544820063,0.09769072801979553,0.00620624029257342,2.993197143647555,3.267579885566739,3.2093333333333334,1.430608882046017,1.5060037824821264,1.5029671953578276
final_joint_baseline_30mer,hs,8,10,291.395,train,0.07837308071448701,0.07872106569625079,0.0017593915820266742,0.08808296819675197,0.09666062776424487,0.00802714600052842,2.9908893249878963,3.3065672278741958,3.263333333333333,1.4303011384655808,1.5037840465863217,1.5053690239014723
final_joint_baseline_30mer,hs,8,11,292.56,train,0.07688724633695455,0.08267214650037805,0.0029809666537146734,0.08606323759248029,0.08849918135655667,0.006441151702629275,3.0821580272955718,3.3460015276586375,3.3926666666666665,1.4258314762733413,1.5015429543654109,1.4995410148112214
final_joint_baseline_30mer,hs,8,12,293.729,train,0.07256678472612099,0.07781188094592406,0.002882682388061706,0.08474191979424198,0.091232890568785,0.007495200081401558,3.150122904995735,3.385853573380215,3.356,1.423585365887622,1.4992822901534073,1.5083384479970314
final_joint_baseline_30mer,hs,8,13,294.903,train,0.0718254808949213,0.07116351002991803,0.0008093221081593246,0.0849276166363612,0.1033337978422936,0.008807755826300657,3.19203235585679,3.4261621518539886,3.3713333333333333,1.4218773193909555,1.4969999804852958,1.5090642557987848
final_joint_baseline_30mer,hs,8,14,296.082,train,0.0714607805687376,0.07386918865679223,0.0031748238151251273,0.08550859149222727,0.10227180442334097,0.00920362981713341,3.262342658551767,3.466932384741532,3.468,1.419300628344623,1.4946958701978,1.5047101823110207
final_joint_baseline_30mer,hs,8,15,297.266,train,0.07336176191531832,0.07766947660522669,0.002674283909661084,0.08587206690780769,0.09164479432463585,0.006395212466388689,3.298642857966203,3.5081694578861553,3.506,1.4171639688431674,1.492369803880277,1.4908833018470542
final_joint_baseline_30mer,hs,8,16,298.454,train,0.07366603575098829,0.07850715191993206,0.0021521533867928213,0.08360476465705596,0.10063600132006542,0.008984072790220229,3.3203087177536483,3.5498434163656745,3.5753333333333335,1.4153553834935257,1.4900236060418117,1.493589807804951
final_joint_baseline_30mer,hs,8,17,299.647,train,0.07373467547153302,0.07809541882973149,0.0016251362265601085,0.08377574515330147,0.09209156382404142,0.009154051591123067,3.3892846439357265,3.591994271736091,3.616666666666667,1.4117220597375317,1.4876551617064504,1.4907623882159426
final_joint_baseline_30mer,hs,8,18,300.845,train,0.07305589448642932,0.07345356834351648,0.0031025441206911078,0.08210580055379135,0.0853538391729805,0.009576362877032375,3.41430049334901,3.6346273956569326,3.572,1.4126422269680854,1.4852643153205172,1.4910478946216958
final_joint_baseline_30mer,hs,8,19,302.047,train,0.07333910929271938,0.08069310784933197,0.0024595030484203615,0.08163079766437302,0.08022739771838357,0.010358376464619273,3.484319022753994,3.6777122500931183,3.696666666666667,1.4088618546958285,1.4828529228030953,1.476972425275309
final_joint_baseline_30mer,hs,8,20,303.254,train,0.07149915507279267,0.07981820877377234,0.0016000315532831533,0.08180355187049923,0.08832777174360207,0.007146865018546009,3.5339085229499503,3.7212897863205803,3.741333333333333,1.406459226760602,1.4804188385084516,1.487394347492077
final_joint_baseline_30mer,hs,8,21,304.467,train,0.07250065493324692,0.07139944649177025,0.0019023070206721014,0.08062604293218527,0.08492571888782058,0.009145744793614718,3.6290352606219884,3.765402058068587,3.758,1.4036600134330308,1.477959875111775,1.488622884140331
final_joint_baseline_30mer,hs,8,22,305.683,train,0.07434609089628043,0.07978118399155178,0.003454939528774967,0.07754315994790703,0.08105879647301231,0.0073178646674654305,3.686256109228393,3.809945189732875,3.8726666666666674,1.4002096648194318,1.4754819754900796,1.4716224897564507
final_joint_baseline_30mer,hs,8,23,306.905,train,0.07418123279643517,0.0744006442018913,0.0018688298984665796,0.07784414768938973,0.08633119920863255,0.007499168098389493,3.728478369873435,3.8550343563544645,3.8613333333333326,1.3994710802263843,1.4729788883387833,1.4746804937223015
final_joint_baseline_30mer,hs,8,24,308.132,train,0.07304290160402178,0.08307476637733695,0.002169319222867439,0.07633507083561167,0.07938853663597156,0.008942432183359574,3.769594917813588,3.9006388022831704,3.923333333333334,1.3975494234797674,1.4704524928057126,1.47570811781801
final_joint_baseline_30mer,hs,8,25,309.364,train,0.07259267755923522,0.06982750649236942,0.0018529759255176965,0.0737508153009947,0.06914177116165683,0.007710022828466633,3.8070892984761517,3.94676433057257,3.890666666666667,1.3954718061855997,1.4679026363766645,1.4591829875590534
final_joint_baseline_30mer,hs,8,26,310.6,train,0.07242635725406829,0.06912394403416203,0.001590533460381063,0.07490799467470581,0.06713772053424591,0.007360833567182977,3.874953172188026,3.9933789516831073,4.020666666666667,1.391661912809699,1.4653312532491922,1.457755065451309
final_joint_baseline_30mer,hs,8,27,311.842,train,0.0724886765592472,0.07720304794536396,0.0027986433278218304,0.07468503615667249,0.07137576945298059,0.00837313214753409,3.890596399013302,4.0405640124767235,4.045333333333334,1.3920757652626659,1.4627340321570177,1.4589608254012734
final_joint_baseline_30mer,hs,8,28,313.088,train,0.0726630827305375,0.07356367124978799,0.0015799412020169015,0.07345617864627366,0.07283876950535131,0.009286865860720606,3.9656718998547618,4.088249503113515,4.052,1.3890153180179459,1.4601150062536752,1.456847617305666
final_joint_baseline_30mer,hs,8,29,314.34,train,0.07160589786490776,0.08268207802863069,0.002623057597141951,0.0729293116211879,0.07418921364926792,0.00925765851175208,3.9884460658874517,4.136517996231319,4.17,1.3875389843347843,1.4574698238786739,1.45530702639887
final_joint_baseline_30mer,hs,8,30,315.596,train,0.07225950961277791,0.07044625103690776,0.0021687121341981562,0.0721307829375758,0.08820896016992502,0.009625648479840042,4.08785200106047,4.185298466963214,4.195333333333333,1.384418102377888,1.454802564438808,1.4574846463859292
final_joint_baseline_30mer,hs,8,31,316.858,train,0.07054346027738706,0.07214791025849569,0.0021188554630555572,0.07013050749719107,0.077271360309444,0.007127579442582987,4.162689040274801,4.234674727142199,4.160666666666667,1.3802637032924852,1.4521088363691277,1.4619932330120387
final_joint_baseline_30mer,hs,8,32,318.124,train,0.06923058831493728,0.06845303911171553,0.001308117867211117,0.06917636333669676,0.05857765854294014,0.00830756030059383,4.1928993187634,4.284574708016944,4.204666666666666,1.378450940428177,1.4493927663582387,1.4426573275425996
final_joint_baseline_30mer,hs,8,33,319.396,train,0.06854069054084985,0.0692796897907767,0.0012424001272794355,0.06908533070640234,0.0753621023957345,0.007761790644673452,4.283916015399866,4.335083472417269,4.267333333333333,1.3766030864406695,1.446649923542575,1.4508563079331975
final_joint_baseline_30mer,hs,8,34,320.672,train,0.06947233008886163,0.06825437632773163,0.0035315752034110544,0.06816564463308558,0.06794493244016515,0.010570839659397058,4.286059576503677,4.386127876814621,4.371333333333333,1.374854657302226,1.44388448298275,1.4434975768868354
final_joint_baseline_30mer,hs,8,35,321.954,train,0.06798870945480961,0.07602362864808135,0.0026471135027410636,0.06610675418935405,0.07327709452948726,0.008653914732945453,4.3263572861193715,4.437794244948541,4.394,1.3732220845705354,1.4410919752492124,1.43818390726831
final_joint_baseline_30mer,hs,8,36,323.241,train,0.06878144375416557,0.06711089580167034,0.0031448617123440836,0.06598564196573423,0.07539082744507372,0.008849939862739692,4.395032073449062,4.490049078475314,4.488666666666667,1.3700644404845734,1.4382744302004369,1.4398058114570507
final_joint_baseline_30mer,hs,8,37,324.533,train,0.06931773427248425,0.07415158789234705,0.0029654421348910727,0.06693003948164841,0.0670544541851317,0.008793082808804985,4.451483072826613,4.54289876829392,4.483333333333333,1.3685460531537685,1.4354317191543025,1.4421738175529786
final_joint_baseline_30mer,hs,8,38,325.83,train,0.06935067708353466,0.07443598892446164,0.0022756686323010026,0.06522128229300006,0.06952176240138427,0.008006327350694713,4.488311634045692,4.596349735411026,4.602,1.366888136833101,1.43256371696099,1.4330771186365479
final_joint_baseline_30mer,hs,8,39,327.132,train,0.06872328006001105,0.06821359186184406,0.0019060794319169776,0.06584198057940426,0.0638650108686837,0.006833493579302505,4.575185294049842,4.650408426685753,4.6626666666666665,1.3636341314088298,1.4296703023009405,1.43052744786275
final_joint_baseline_30mer,hs,8,40,328.44,train,0.06821702356614878,0.07448410219670173,0.003020851215853205,0.06505128065760746,0.07834618771172422,0.0098503867244723,4.6199888477764715,4.705123297475843,4.715333333333334,1.3595889047067131,1.4267491191634254,1.4334389994972194
final_joint_baseline_30mer,hs,8,41,329.753,train,0.06578591936392618,0.0705744858698328,0.0020301875457469113,0.06360104328043284,0.07156426211619898,0.009538753645010415,4.7220001383221515,4.760459475066752,4.719333333333333,1.3558915257258317,1.4238022715995193,1.430144607309189
final_joint_baseline_30mer,hs,8,42,331.071,train,0.06567397191539794,0.06414826564481965,0.0010339597538560714,0.06262238747151933,0.06612305030122562,0.008047494683477093,4.730136074417318,4.816423462455174,4.855333333333334,1.3539478674019712,1.4208296517231855,1.4157220559634143
final_joint_baseline_30mer,hs,8,43,332.394,train,0.06622376771695787,0.0691995272077295,0.003712373163619449,0.061350047131408854,0.06936265764394879,0.009342226768170137,4.787296262996519,4.873021767779592,4.792666666666666,1.352011450103533,1.4178311568314843,1.4231271103623082
final_joint_baseline_30mer,hs,8,44,333.723,train,0.06698880463317339,0.06880409330154291,0.0017211665044277872,0.061520626942332464,0.06419197863077196,0.007461971922823246,4.863467102381446,4.9303041615172845,4.904,1.3487861302799726,1.4148044068089698,1.4057451938238836
final_joint_baseline_30mer,hs,8,45,335.057,train,0.06549544684280154,0.060584429567405486,0.0016834475051326222,0.05976127012257819,0.061294960231227345,0.008554288359839405,4.941125048989096,4.988234530476934,5.0986666666666665,1.3481898596865658,1.4117515714109095,1.4023342826686294
final_joint_baseline_30mer,hs,8,46,336.396,train,0.06569180703079529,0.06166429384240565,0.0030503000600661232,0.060137906366690794,0.06378812289656718,0.010008690961483577,5.020747746501602,5.046819366900094,5.008666666666667,1.3457309745538302,1.4086725658466754,1.410702797615288
final_joint_baseline_30mer,hs,8,47,337.741,train,0.06759264704053472,0.05993300794007346,0.0018281903282944942,0.05851544621909099,0.06747058832650099,0.008542400928597317,5.0435716220577715,5.106109387830756,5.142666666666667,1.3444760491479961,1.405564996177462,1.4113959140728423
final_joint_baseline_30mer,hs,8,48,339.091,train,0.0649686511871517,0.07909134725996723,0.002948375116865425,0.05732419638551314,0.05902250386002428,0.00907833555491211,5.122854133526984,5.166067451465214,5.184666666666667,1.341662910771536,1.4024310856916935,1.400847837648791
final_joint_baseline_30mer,hs,8,49,340.446,train,0.06563802735669635,0.067339608391609,0.0021491222218513427,0.05575706108182066,0.05987715431536548,0.007957081134869322,5.218590209096986,5.2266999660206315,5.279999999999999,1.3391828595644897,1.3992707713979522,1.3983976938459435
final_joint_baseline_30mer,hs,8,50,341.807,train,0.06755885314847082,0.0780543934957546,0.0031906736590160004,0.056323852431267536,0.06534160482760014,0.008623359737549907,5.271444256172626,5.288058544190913,5.284666666666666,1.3372135791506743,1.3960816498306654,1.3989926875307364
final_joint_baseline_30mer,hs,8,51,343.173,train,0.06665433244895332,0.06807132924400466,0.0022925898762748437,0.053951287242930274,0.061391969995429535,0.008345294874285107,5.3073408718906325,5.350104916227443,5.378666666666668,1.3364304344011835,1.3928660018323042,1.3932196635959713
final_joint_baseline_30mer,hs,8,52,344.545,train,0.06667719078267793,0.08191196054221611,0.0025539832899945944,0.053072548012242655,0.0576975259367487,0.008272062005748034,5.368419899946977,5.412891258323979,5.456666666666667,1.3327784510796787,1.389621420319978,1.3844050360301392
final_joint_baseline_30mer,hs,8,53,345.922,train,0.06703432486280489,0.06363174517382891,0.0008501422732504926,0.05338913986379192,0.05004268523379023,0.010854100673849974,5.420805380731725,5.476378489300099,5.51,1.3307693450260425,1.3863502269526111,1.3793476276277656
final_joint_baseline_30mer,hs,8,54,347.305,train,0.0663934742638442,0.07752257907555568,0.0039835861200438315,0.052513404358972476,0.061215349682937736,0.007527426628335186,5.455972347096387,5.540619314242061,5.586666666666666,1.3296127304653613,1.38305001341737,1.3838147533539662
final_joint_baseline_30mer,hs,8,55,348.693,train,0.06805324173377132,0.0747880812142866,0.0023489160423897527,0.05189423799803954,0.05574700263932146,0.007293005252480682,5.529657710307305,5.605573786298326,5.568666666666666,1.3272872473009774,1.3797231442299893,1.3847957504792157
final_joint_baseline_30mer,hs,8,56,350.086,train,0.06989595667673443,0.06991934313857913,0.0023948476339942736,0.051376712965178234,0.05943460902028963,0.00966203280161796,5.55811461143002,5.6712477789690965,5.6193333333333335,1.3251929199481436,1.376369625064897,1.372860693928904
final_joint_baseline_30mer,hs,8,57,351.486,train,0.06748604285911669,0.07592108799767452,0.004367970672642886,0.04964489044751087,0.05250610123438863,0.010385103461599479,5.524239516333541,5.737742383210029,5.862,1.3267302453454364,1.3729846274750068,1.3760140013971585
final_joint_baseline_30mer,hs,8,58,352.891,train,0.06915403416991418,0.07219331602859647,0.0016792643826990595,0.04993690107131545,0.052396548519184676,0.006350914286205564,5.597728058648593,5.804969274930768,5.752,1.324656527064957,1.3695729865212092,1.3697292053873535
final_joint_baseline_30mer,hs,8,59,354.301,train,0.06842860617231028,0.07001423719235472,0.0021669237271198538,0.04906747391772523,0.047399344297468754,0.011582917199186166,5.6865059536159706,5.872933917867217,5.955333333333334,1.3203266723635592,1.3661347461808415,1.3570739667255196
final_joint_baseline_30mer,hs,8,60,355.717,train,0.07227096029115523,0.07607403009595731,0.0019971961206609757,0.04919173565660795,0.04490447294943764,0.010395391589329313,5.7300068296562685,5.941690342058008,6.045999999999999,1.3184264601922309,1.3626675106117512,1.3547903354754842
final_joint_baseline_30mer,hs,8,61,357.139,train,0.07199918669302564,0.06450495895552458,0.0032402358029098135,0.048406061440005164,0.0492867621449565,0.008007314133515402,5.821185622564954,6.011244729959806,5.903333333333334,1.3154275616635978,1.3591713221675361,1.3613937824251159
final_joint_baseline_30mer,hs,8,62,358.567,train,0.07217306960588848,0.06520489008788072,0.002819853039142112,0.04755321580215011,0.055384025450550364,0.007194969778625184,5.787977355510985,6.081603071532447,6.114,1.3170019276909346,1.3556462390662554,1.3565381566821944
final_joint_baseline_30mer,hs,8,63,360.0,train,0.07269106468934824,0.07760929755406884,0.0022616809905303655,0.04706940499455503,0.05011521322243376,0.007654547019895645,5.94692838370565,6.152721338290297,6.296000000000001,1.3119173353397782,1.3520948192668774,1.3401381036327018
final_joint_baseline_30mer,hs,9,0,280.0,train,0.08023299329307379,0.0849757607588492,0.001637276057843467,0.09502098613121673,0.10555126761885458,0.0062443227239422795,2.543307513198239,2.9353840456133904,2.9486666666666665,1.4490542803047362,1.5250820179572278,1.51997010075972
final_joint_baseline_30mer,hs,9,1,281.119,train,0.08166690137743014,0.08387206101161658,0.0024017138633448654,0.09568984470462655,0.09528667920509828,0.008107239852810307,2.607172003596376,2.9706857224683647,2.9413333333333336,1.4453908784431428,1.5230404964917843,1.5132038724729155
final_joint_baseline_30mer,hs,9,2,282.243,train,0.08186222189984273,0.08714234500804753,0.0021894855726225636,0.09631126346309937,0.1012899622979225,0.007832873918997441,2.6356502293842357,3.0063938841503335,3.098,1.4450302196769296,1.5209789078042868,1.5180596220515092
final_joint_baseline_30mer,hs,9,3,283.371,train,0.07922614820111684,0.08161905715014978,0.0022192743710246388,0.09575742722388994,0.10046507234747737,0.00821589070063871,2.7111095741983076,3.0424808978278004,2.998,1.4426351112681033,1.5188989511155515,1.5118343832836116
final_joint_baseline_30mer,hs,9,4,284.504,train,0.07874698961511863,0.07677182996376608,0.0027545049871900286,0.09412475017025715,0.11033316846715159,0.009025879087773508,2.759010247366115,3.0789829461373106,3.052,1.4411339909979202,1.516798646910604,1.522960970275891
final_joint_baseline_30mer,hs,9,5,285.641,train,0.07867974804854051,0.07976733574340256,0.002042957537520867,0.09354164455344582,0.10032898896792294,0.008238919495425124,2.779320982317818,3.1158720554138957,3.0446666666666666,1.4388363579313137,1.5146797127848395,1.5280975104541648
final_joint_baseline_30mer,hs,9,6,286.783,train,0.07829642505867242,0.0764114503290695,0.0009205737264343972,0.09419948268628386,0.09409054821156895,0.007785633174413844,2.848500789588953,3.153184969133022,3.1913333333333336,1.436106212846229,1.5125401483710494,1.5171319063972888
final_joint_baseline_30mer,hs,9,7,287.929,train,0.07895332637272867,0.079664995760267,0.00326502857492873,0.09236432975802876,0.09895568519489331,0.008122977071978933,2.858525687576366,3.1908933671102866,3.1046666666666667,1.4361933836522711,1.510381689932435,1.5194122252224729
final_joint_baseline_30mer,hs,9,8,289.08,train,0.07879517071685099,0.0834399671729282,0.0007118923089173338,0.0908970758592495,0.0924158664053753,0.007373092385978153,2.931267722525763,3.2290345635433617,3.2653333333333334,1.4333961198315441,1.5082023162194385,1.499143174973693
final_joint_baseline_30mer,hs,9,9,290.235,train,0.07938092065444216,0.07920855900033466,0.0010993919814315143,0.09021052544820063,0.08582708577511529,0.009328787472528625,2.993197143647555,3.267579885566739,3.1813333333333333,1.430608882046017,1.5060037824821264,1.5049634710258455
final_joint_baseline_30mer,hs,9,10,291.395,train,0.07837308071448701,0.08180587192963308,0.001286946882319791,0.08808296819675197,0.09784238147981221,0.012686975341481912,2.9908893249878963,3.3065672278741958,3.3473333333333333,1.4303011384655808,1.5037840465863217,1.4974443356387064
final_joint_baseline_30mer,hs,9,11,292.56,train,0.07688724633695455,0.07132096464361865,0.0029623724305211517,0.08606323759248029,0.09680524498509649,0.00979271016115233,3.0821580272955718,3.3460015276586375,3.2406666666666664,1.4258314762733413,1.5015429543654109,1.5138282348984462
final_joint_baseline_30mer,hs,9,12,293.729,train,0.07256678472612099,0.07252050236885432,0.0014862605841004118,0.08474191979424198,0.08775551782556659,0.00791451043321028,3.150122904995735,3.385853573380215,3.4399999999999995,1.423585365887622,1.4992822901534073,1.4929907669577482
final_joint_baseline_30mer,hs,9,13,294.903,train,0.0718254808949213,0.07086008152662687,0.0022014039407408574,0.0849276166363612,0.1006737870968824,0.01055253675041105,3.19203235585679,3.4261621518539886,3.2993333333333332,1.4218773193909555,1.4969999804852958,1.5103036194048476
final_joint_baseline_30mer,hs,9,14,296.082,train,0.0714607805687376,0.06905160955270305,0.002102868398801303,0.08550859149222727,0.09657691710932899,0.007266890133495612,3.262342658551767,3.466932384741532,3.3653333333333335,1.419300628344623,1.4946958701978,1.4981688511166174
final_joint_baseline_30mer,hs,9,15,297.266,train,0.07336176191531832,0.07075137626890571,0.0010444225042532368,0.08587206690780769,0.08682759124920858,0.00852889283786577,3.298642857966203,3.5081694578861553,3.576,1.4171639688431674,1.492369803880277,1.488652529974388
final_joint_baseline_30mer,hs,9,16,298.454,train,0.07366603575098829,0.07635258254142567,0.0020286985722245236,0.08360476465705596,0.09197403828181942,0.010126765258427517,3.3203087177536483,3.5498434163656745,3.54,1.4153553834935257,1.4900236060418117,1.4889310174249868
final_joint_baseline_30mer,hs,9,17,299.647,train,0.07373467547153302,0.08027508953091866,0.0020558548813463516,0.08377574515330147,0.08407723203616874,0.00831541583266544,3.3892846439357265,3.591994271736091,3.6226666666666665,1.4117220597375317,1.4876551617064504,1.4872237161214392
final_joint_baseline_30mer,hs,9,18,300.845,train,0.07305589448642932,0.07530889131367366,0.001986635395868753,0.08210580055379135,0.09612692823124583,0.0077579682399305456,3.41430049334901,3.6346273956569326,3.6866666666666665,1.4126422269680854,1.4852643153205172,1.49218157674682
final_joint_baseline_30mer,hs,9,19,302.047,train,0.07333910929271938,0.08065092764249109,0.0014328590439206348,0.08163079766437302,0.08695072817007735,0.009044100911586358,3.484319022753994,3.6777122500931183,3.6879999999999997,1.4088618546958285,1.4828529228030953,1.4740032954377242
final_joint_baseline_30mer,hs,9,20,303.254,train,0.07149915507279267,0.07516928479886856,0.0029534627787196526,0.08180355187049923,0.09104707695438177,0.009625397649973513,3.5339085229499503,3.7212897863205803,3.856666666666667,1.406459226760602,1.4804188385084516,1.4725512970409442
final_joint_baseline_30mer,hs,9,21,304.467,train,0.07250065493324692,0.07960116349685564,0.0020480913006286658,0.08062604293218527,0.08696871842747816,0.008791760656223621,3.6290352606219884,3.765402058068587,3.716,1.4036600134330308,1.477959875111775,1.4731032153835162
final_joint_baseline_30mer,hs,9,22,305.683,train,0.07434609089628043,0.07646047991606858,0.0018454452245378551,0.07754315994790703,0.09180761541651042,0.008301611222602204,3.686256109228393,3.809945189732875,3.7520000000000002,1.4002096648194318,1.4754819754900796,1.4891330923859813
final_joint_baseline_30mer,hs,9,23,306.905,train,0.07418123279643517,0.07795883851938745,0.003352325075749919,0.07784414768938973,0.0903304637865617,0.00926181420142137,3.728478369873435,3.8550343563544645,3.7359999999999998,1.3994710802263843,1.4729788883387833,1.4867340829475082
final_joint_baseline_30mer,hs,9,24,308.132,train,0.07304290160402178,0.07389347827080398,0.002199955065295152,0.07633507083561167,0.08436495505553439,0.010546823348711352,3.769594917813588,3.9006388022831704,3.908666666666667,1.3975494234797674,1.4704524928057126,1.463327698085517
final_joint_baseline_30mer,hs,9,25,309.364,train,0.07259267755923522,0.07858868709775226,0.001897392080289018,0.0737508153009947,0.06535525927202396,0.008139182040949504,3.8070892984761517,3.94676433057257,4.037333333333333,1.3954718061855997,1.4679026363766645,1.454870610288486
final_joint_baseline_30mer,hs,9,26,310.6,train,0.07242635725406829,0.07920081026090547,0.002286801387555622,0.07490799467470581,0.07786262988611642,0.00866679094577228,3.874953172188026,3.9933789516831073,3.8946666666666667,1.391661912809699,1.4653312532491922,1.4701940576422237
final_joint_baseline_30mer,hs,9,27,311.842,train,0.0724886765592472,0.07748846171780813,0.0019341534890655902,0.07468503615667249,0.0849813083365677,0.008758429013343103,3.890596399013302,4.0405640124767235,4.048666666666667,1.3920757652626659,1.4627340321570177,1.4706024552000656
final_joint_baseline_30mer,hs,9,28,313.088,train,0.0726630827305375,0.07380989684359146,0.0019005615126542223,0.07345617864627366,0.07567696983349413,0.008866030778302416,3.9656718998547618,4.088249503113515,4.1193333333333335,1.3890153180179459,1.4601150062536752,1.455168351675907
final_joint_baseline_30mer,hs,9,29,314.34,train,0.07160589786490776,0.07819286613812539,0.0021710214435724596,0.0729293116211879,0.08072609618591214,0.007076922763833179,3.9884460658874517,4.136517996231319,4.241999999999999,1.3875389843347843,1.4574698238786739,1.4538289600181762
final_joint_baseline_30mer,hs,9,30,315.596,train,0.07225950961277791,0.07803876503113553,0.0022267232357017046,0.0721307829375758,0.07963252523440827,0.009405619938448281,4.08785200106047,4.185298466963214,4.184666666666667,1.384418102377888,1.454802564438808,1.4554745405978498
final_joint_baseline_30mer,hs,9,31,316.858,train,0.07054346027738706,0.07768911665142972,0.0024588182577543896,0.07013050749719107,0.0787812694429228,0.008920408731853473,4.162689040274801,4.234674727142199,4.323333333333333,1.3802637032924852,1.4521088363691277,1.4459102428824087
final_joint_baseline_30mer,hs,9,32,318.124,train,0.06923058831493728,0.07167779651651258,0.0023096429559086055,0.06917636333669676,0.06875920997189813,0.006865096999484312,4.1928993187634,4.284574708016944,4.294,1.378450940428177,1.4493927663582387,1.4371526426635883
final_joint_baseline_30mer,hs,9,33,319.396,train,0.06854069054084985,0.07942689002521831,0.0041127911461165045,0.06908533070640234,0.08181908450625222,0.008806054351278464,4.283916015399866,4.335083472417269,4.280666666666667,1.3766030864406695,1.446649923542575,1.4543555183228973
final_joint_baseline_30mer,hs,9,34,320.672,train,0.06947233008886163,0.07198349094189717,0.0016368088386601917,0.06816564463308558,0.067822709881289,0.00846610210043324,4.286059576503677,4.386127876814621,4.3566666666666665,1.374854657302226,1.44388448298275,1.4432402494924104
final_joint_baseline_30mer,hs,9,35,321.954,train,0.06798870945480961,0.07086580105940757,0.0026406280584838826,0.06610675418935405,0.06891858168763619,0.008574845280444412,4.3263572861193715,4.437794244948541,4.473333333333334,1.3732220845705354,1.4410919752492124,1.4371053068020063
final_joint_baseline_30mer,hs,9,36,323.241,train,0.06878144375416557,0.06202750557592443,0.0027330656720813305,0.06598564196573423,0.08115666040502276,0.009747057505882834,4.395032073449062,4.490049078475314,4.362666666666667,1.3700644404845734,1.4382744302004369,1.449065066503295
final_joint_baseline_30mer,hs,9,37,324.533,train,0.06931773427248425,0.08325607893030111,0.004892132091535863,0.06693003948164841,0.07474456151142317,0.009332452102360101,4.451483072826613,4.54289876829392,4.427333333333333,1.3685460531537685,1.4354317191543025,1.4465259865620295
final_joint_baseline_30mer,hs,9,38,325.83,train,0.06935067708353466,0.0727761789454156,0.0021545030022219074,0.06522128229300006,0.07237643314243984,0.008242421449128737,4.488311634045692,4.596349735411026,4.5360000000000005,1.366888136833101,1.43256371696099,1.432556263509216
final_joint_baseline_30mer,hs,9,39,327.132,train,0.06872328006001105,0.06807815140618564,0.0026073921237223067,0.06584198057940426,0.07074007666480125,0.008718873420729367,4.575185294049842,4.650408426685753,4.726666666666667,1.3636341314088298,1.4296703023009405,1.4313241221676594
final_joint_baseline_30mer,hs,9,40,328.44,train,0.06821702356614878,0.07607943031712992,0.003274469327471447,0.06505128065760746,0.07498831352750146,0.009623057210249437,4.6199888477764715,4.705123297475843,4.6240000000000006,1.3595889047067131,1.4267491191634254,1.4275504176246447
final_joint_baseline_30mer,hs,9,41,329.753,train,0.06578591936392618,0.07120227879554236,0.0017085955850479305,0.06360104328043284,0.0629411666545638,0.007332334548372059,4.7220001383221515,4.760459475066752,4.736,1.3558915257258317,1.4238022715995193,1.4216431626527584
final_joint_baseline_30mer,hs,9,42,331.071,train,0.06567397191539794,0.05919067175718164,0.003016025703933081,0.06262238747151933,0.07412549379678736,0.007829985295565098,4.730136074417318,4.816423462455174,4.753333333333334,1.3539478674019712,1.4208296517231855,1.429541261194689
final_joint_baseline_30mer,hs,9,43,332.394,train,0.06622376771695787,0.060492320411508045,0.0023766644183693085,0.061350047131408854,0.06538793511185062,0.008710741719981582,4.787296262996519,4.873021767779592,4.816666666666666,1.352011450103533,1.4178311568314843,1.4240807309974142
final_joint_baseline_30mer,hs,9,44,333.723,train,0.06698880463317339,0.06085464750412595,0.003272756905611051,0.061520626942332464,0.056611766403135685,0.007240156935883127,4.863467102381446,4.9303041615172845,4.87,1.3487861302799726,1.4148044068089698,1.410110090228585
final_joint_baseline_30mer,hs,9,45,335.057,train,0.06549544684280154,0.07119685455975512,0.002368092496614044,0.05976127012257819,0.05543006467371443,0.008349058169905811,4.941125048989096,4.988234530476934,5.048666666666667,1.3481898596865658,1.4117515714109095,1.4040899284569148
final_joint_baseline_30mer,hs,9,46,336.396,train,0.06569180703079529,0.06201184748781716,0.0015284012243878943,0.060137906366690794,0.06268385404721724,0.007029742134986709,5.020747746501602,5.046819366900094,5.016666666666667,1.3457309745538302,1.4086725658466754,1.4102173162845928
final_joint_baseline_30mer,hs,9,47,337.741,train,0.06759264704053472,0.0681204332301559,0.0030387684104816186,0.05851544621909099,0.06133088052116263,0.009175404856892643,5.0435716220577715,5.106109387830756,5.256,1.3444760491479961,1.405564996177462,1.387923941765626
final_joint_baseline_30mer,hs,9,48,339.091,train,0.0649686511871517,0.06884406127245035,0.0019045694347727287,0.05732419638551314,0.05276958749984212,0.006934833170655166,5.122854133526984,5.166067451465214,5.144,1.341662910771536,1.4024310856916935,1.3974871588517113
final_joint_baseline_30mer,hs,9,49,340.446,train,0.06563802735669635,0.07587270473686776,0.002859641253921482,0.05575706108182066,0.053100647022982936,0.008277907981313776,5.218590209096986,5.2266999660206315,5.198,1.3391828595644897,1.3992707713979522,1.391876082295357
final_joint_baseline_30mer,hs,9,50,341.807,train,0.06755885314847082,0.07204151856984306,0.0014925806935754118,0.056323852431267536,0.06369863321121724,0.009227940288099118,5.271444256172626,5.288058544190913,5.287333333333334,1.3372135791506743,1.3960816498306654,1.3959273401114851
final_joint_baseline_30mer,hs,9,51,343.173,train,0.06665433244895332,0.06878090291629413,0.0028867125669286334,0.053951287242930274,0.05790564412895134,0.007319506047910296,5.3073408718906325,5.350104916227443,5.348666666666667,1.3364304344011835,1.3928660018323042,1.3992106839482763
final_joint_baseline_30mer,hs,9,52,344.545,train,0.06667719078267793,0.06970104813402418,0.0015453018874562185,0.053072548012242655,0.0678562746163288,0.00806435184159551,5.368419899946977,5.412891258323979,5.312666666666667,1.3327784510796787,1.389621420319978,1.3983429445887605
final_joint_baseline_30mer,hs,9,53,345.922,train,0.06703432486280489,0.06573635948887188,0.0019421311314721007,0.05338913986379192,0.05958783638673813,0.00616436015819968,5.420805380731725,5.476378489300099,5.422666666666666,1.3307693450260425,1.3863502269526111,1.3914910573335058
final_joint_baseline_30mer,hs,9,54,347.305,train,0.0663934742638442,0.07221275609671533,0.0012636223835136785,0.052513404358972476,0.05666858432424143,0.007422476447796681,5.455972347096387,5.540619314242061,5.648666666666666,1.3296127304653613,1.38305001341737,1.3672298427262635
final_joint_baseline_30mer,hs,9,55,348.693,train,0.06805324173377132,0.06266778351841033,0.0024095818073085833,0.05189423799803954,0.05596741964429365,0.00846624941326201,5.529657710307305,5.605573786298326,5.522666666666666,1.3272872473009774,1.3797231442299893,1.3799459133474148
final_joint_baseline_30mer,hs,9,56,350.086,train,0.06989595667673443,0.0783701471280461,0.001578018485715499,0.051376712965178234,0.04884985047509655,0.007634374486581603,5.55811461143002,5.6712477789690965,5.658666666666667,1.3251929199481436,1.376369625064897,1.373735104519832
final_joint_baseline_30mer,hs,9,57,351.486,train,0.06748604285911669,0.07760800712804504,0.002496664624486444,0.04964489044751087,0.05705646461395817,0.008090265342334143,5.524239516333541,5.737742383210029,5.722666666666667,1.3267302453454364,1.3729846274750068,1.3736131933579827
final_joint_baseline_30mer,hs,9,58,352.891,train,0.06915403416991418,0.0690068650684251,0.0015635675126021058,0.04993690107131545,0.05552231984195774,0.007996586040671185,5.597728058648593,5.804969274930768,5.696,1.324656527064957,1.3695729865212092,1.379644720022639
final_joint_baseline_30mer,hs,9,59,354.301,train,0.06842860617231028,0.07051587860975882,0.002471851260752166,0.04906747391772523,0.05468630703946015,0.007361524862071434,5.6865059536159706,5.872933917867217,5.859333333333334,1.3203266723635592,1.3661347461808415,1.3684541085952886
final_joint_baseline_30mer,hs,9,60,355.717,train,0.07227096029115523,0.0720518345075334,0.0026174365039159713,0.04919173565660795,0.05519785729447349,0.007148993796845502,5.7300068296562685,5.941690342058008,5.914,1.3184264601922309,1.3626675106117512,1.3645264022007653
final_joint_baseline_30mer,hs,9,61,357.139,train,0.07199918669302564,0.0802793874399155,0.002290351138915129,0.048406061440005164,0.04830393422500223,0.007510347271315247,5.821185622564954,6.011244729959806,6.02,1.3154275616635978,1.3591713221675361,1.362734564951095
final_joint_baseline_30mer,hs,9,62,358.567,train,0.07217306960588848,0.07608379270270987,0.0024899240619287127,0.04755321580215011,0.04893810732797471,0.007941511474540152,5.787977355510985,6.081603071532447,6.1353333333333335,1.3170019276909346,1.3556462390662554,1.3521817343837743
final_joint_baseline_30mer,hs,9,63,360.0,train,0.07269106468934824,0.08248794394124445,0.0037971831993359167,0.04706940499455503,0.05332322252555832,0.006429086734451636,5.94692838370565,6.152721338290297,6.146000000000001,1.3119173353397782,1.3520948192668774,1.3515002515156862
final_joint_baseline_30mer,hs,10,0,280.0,train,0.08023299329307379,0.08053496428245628,0.0012935192876951506,0.09502098613121673,0.10311829971390223,0.0074915129955217055,2.543307513198239,2.9353840456133904,2.9553333333333334,1.4490542803047362,1.5250820179572278,1.5245332238831462
final_joint_baseline_30mer,hs,10,1,281.119,train,0.08166690137743014,0.08487418560639748,0.0020953389950744243,0.09568984470462655,0.1017898563963406,0.009739946043794249,2.607172003596376,2.9706857224683647,3.035333333333333,1.4453908784431428,1.5230404964917843,1.517155537298092
final_joint_baseline_30mer,hs,10,2,282.243,train,0.08186222189984273,0.09072843615336158,0.0024250394583566013,0.09631126346309937,0.09616034584487815,0.011040518765731635,2.6356502293842357,3.0063938841503335,3.088,1.4450302196769296,1.5209789078042868,1.5129053295418031
final_joint_baseline_30mer,hs,10,3,283.371,train,0.07922614820111684,0.08128826566432067,0.0010091153013106493,0.09575742722388994,0.10463269992857177,0.006908383423937781,2.7111095741983076,3.0424808978278004,3.0373333333333337,1.4426351112681033,1.5188989511155515,1.5323134815180217
final_joint_baseline_30mer,hs,10,4,284.504,train,0.07874698961511863,0.08233821149614853,0.0010839100843371837,0.09412475017025715,0.09681938333047573,0.009307603493674578,2.759010247366115,3.0789829461373106,3.138666666666667,1.4411339909979202,1.516798646910604,1.5079403354068983
final_joint_baseline_30mer,hs,10,5,285.641,train,0.07867974804854051,0.08219658419003892,0.0018414731881465582,0.09354164455344582,0.10021404377371076,0.00614325126675957,2.779320982317818,3.1158720554138957,3.0873333333333335,1.4388363579313137,1.5146797127848395,1.508952144679029
final_joint_baseline_30mer,hs,10,6,286.783,train,0.07829642505867242,0.08345244128337527,0.002454022448563038,0.09419948268628386,0.11655363816181716,0.010855980195547604,2.848500789588953,3.153184969133022,3.0439999999999996,1.436106212846229,1.5125401483710494,1.521684714622458
final_joint_baseline_30mer,hs,10,7,287.929,train,0.07895332637272867,0.08654200979893102,0.0020630996327064156,0.09236432975802876,0.09126853190054675,0.008884781446571309,2.858525687576366,3.1908933671102866,3.2466666666666666,1.4361933836522711,1.510381689932435,1.505078485367727
final_joint_baseline_30mer,hs,10,8,289.08,train,0.07879517071685099,0.08832025818196124,0.0027735503185579977,0.0908970758592495,0.10187511625319035,0.008446217819695713,2.931267722525763,3.2290345635433617,3.245333333333333,1.4333961198315441,1.5082023162194385,1.5135721574869851
final_joint_baseline_30mer,hs,10,9,290.235,train,0.07938092065444216,0.08410985828084387,0.0015139812682849777,0.09021052544820063,0.08795228879590782,0.009055165965701002,2.993197143647555,3.267579885566739,3.2366666666666672,1.430608882046017,1.5060037824821264,1.5051274211869157
final_joint_baseline_30mer,hs,10,10,291.395,train,0.07837308071448701,0.08020617699864394,0.0025090180174544537,0.08808296819675197,0.10351187064489162,0.00884687143590733,2.9908893249878963,3.3065672278741958,3.317333333333333,1.4303011384655808,1.5037840465863217,1.5083223824378829
final_joint_baseline_30mer,hs,10,11,292.56,train,0.07688724633695455,0.08335490576642147,0.001822080471061902,0.08606323759248029,0.08881113293405464,0.008853399370073237,3.0821580272955718,3.3460015276586375,3.4086666666666665,1.4258314762733413,1.5015429543654109,1.4973009935529165
final_joint_baseline_30mer,hs,10,12,293.729,train,0.07256678472612099,0.07371716506912646,0.001085645514739073,0.08474191979424198,0.08924005764872248,0.006579120539424279,3.150122904995735,3.385853573380215,3.336666666666667,1.423585365887622,1.4992822901534073,1.4988116017488557
final_joint_baseline_30mer,hs,10,13,294.903,train,0.0718254808949213,0.08164999359926056,0.0031458556196103165,0.0849276166363612,0.09051193274709507,0.010795344828348777,3.19203235585679,3.4261621518539886,3.3960000000000004,1.4218773193909555,1.4969999804852958,1.4890268415168881
final_joint_baseline_30mer,hs,10,14,296.082,train,0.0714607805687376,0.07559696471428357,0.001404375618931998,0.08550859149222727,0.09457873558850655,0.008443192934646739,3.262342658551767,3.466932384741532,3.5046666666666666,1.419300628344623,1.4946958701978,1.5012984903134652
final_joint_baseline_30mer,hs,10,15,297.266,train,0.07336176191531832,0.0799413827395275,0.002440823837136696,0.08587206690780769,0.08548546560313533,0.007085897749473104,3.298642857966203,3.5081694578861553,3.423333333333334,1.4171639688431674,1.492369803880277,1.4784660341818996
final_joint_baseline_30mer,hs,10,16,298.454,train,0.07366603575098829,0.07474919292761187,0.0017519555067103919,0.08360476465705596,0.09048025605936443,0.008209666737562907,3.3203087177536483,3.5498434163656745,3.5273333333333334,1.4153553834935257,1.4900236060418117,1.4935488774254506
final_joint_baseline_30mer,hs,10,17,299.647,train,0.07373467547153302,0.07240473564565407,0.0018188068986237699,0.08377574515330147,0.08635209455213183,0.007010959623999712,3.3892846439357265,3.591994271736091,3.6766666666666667,1.4117220597375317,1.4876551617064504,1.4845822275655065
final_joint_baseline_30mer,hs,10,18,300.845,train,0.07305589448642932,0.07938088943388752,0.002114635537653194,0.08210580055379135,0.0869587630025103,0.007569897516219511,3.41430049334901,3.6346273956569326,3.708,1.4126422269680854,1.4852643153205172,1.4920902777124285
final_joint_baseline_30mer,hs,10,19,302.047,train,0.07333910929271938,0.07339031546483216,0.0019057462877664247,0.08163079766437302,0.07579935226912965,0.008564222759294896,3.484319022753994,3.6777122500931183,3.6673333333333336,1.4088618546958285,1.4828529228030953,1.471541246250578
final_joint_baseline_30mer,hs,10,20,303.254,train,0.07149915507279267,0.07038119400470214,0.0025119020146067194,0.08180355187049923,0.09463197836315942,0.00953220280696111,3.5339085229499503,3.7212897863205803,3.6173333333333337,1.406459226760602,1.4804188385084516,1.4889414932694565
final_joint_baseline_30mer,hs,10,21,304.467,train,0.07250065493324692,0.07692973306245544,0.001920843672272017,0.08062604293218527,0.08836459334261111,0.009121348324765103,3.6290352606219884,3.765402058068587,3.756666666666667,1.4036600134330308,1.477959875111775,1.4753228258120097
final_joint_baseline_30mer,hs,10,22,305.683,train,0.07434609089628043,0.07492237616966418,0.001940616681445957,0.07754315994790703,0.08289978130646497,0.007389477537664455,3.686256109228393,3.809945189732875,3.869333333333333,1.4002096648194318,1.4754819754900796,1.4721251749159665
final_joint_baseline_30mer,hs,10,23,306.905,train,0.07418123279643517,0.07012324658784752,0.001990913764037724,0.07784414768938973,0.08213499661074324,0.00876107773011518,3.728478369873435,3.8550343563544645,3.8533333333333335,1.3994710802263843,1.4729788883387833,1.4747826185080082
final_joint_baseline_30mer,hs,10,24,308.132,train,0.07304290160402178,0.06978270329865438,0.0024029250691644704,0.07633507083561167,0.08835655277764506,0.009670435150898092,3.769594917813588,3.9006388022831704,3.8273333333333333,1.3975494234797674,1.4704524928057126,1.4826708177215617
final_joint_baseline_30mer,hs,10,25,309.364,train,0.07259267755923522,0.07047939215885014,0.0012338816778690934,0.0737508153009947,0.08122871833738245,0.008645792281847059,3.8070892984761517,3.94676433057257,3.8600000000000008,1.3954718061855997,1.4679026363766645,1.46684091092763
final_joint_baseline_30mer,hs,10,26,310.6,train,0.07242635725406829,0.06967179734729556,0.0015530254368045656,0.07490799467470581,0.08025669088329956,0.009135150940689254,3.874953172188026,3.9933789516831073,3.9173333333333336,1.391661912809699,1.4653312532491922,1.4671679035113305
final_joint_baseline_30mer,hs,10,27,311.842,train,0.0724886765592472,0.07601528405415099,0.0015309181886563011,0.07468503615667249,0.0816442888039533,0.009164131080542204,3.890596399013302,4.0405640124767235,3.961333333333333,1.3920757652626659,1.4627340321570177,1.471295271100053
final_joint_baseline_30mer,hs,10,28,313.088,train,0.0726630827305375,0.08278617481985524,0.0025056144704059535,0.07345617864627366,0.07318361113787758,0.009454636351057425,3.9656718998547618,4.088249503113515,4.112000000000001,1.3890153180179459,1.4601150062536752,1.451227683124638
final_joint_baseline_30mer,hs,10,29,314.34,train,0.07160589786490776,0.06958842292338147,0.002008103271811972,0.0729293116211879,0.07576953271716691,0.006414134498536872,3.9884460658874517,4.136517996231319,4.052,1.3875389843347843,1.4574698238786739,1.4606160746000116
final_joint_baseline_30mer,hs,10,30,315.596,train,0.07225950961277791,0.07470491868644967,0.0023204218678627474,0.0721307829375758,0.07274847319900984,0.009390150237825502,4.08785200106047,4.185298466963214,4.267333333333333,1.384418102377888,1.454802564438808,1.4417960909274572
final_joint_baseline_30mer,hs,10,31,316.858,train,0.07054346027738706,0.08077405272528063,0.0020022181802790444,0.07013050749719107,0.0673689576357413,0.006478361960966008,4.162689040274801,4.234674727142199,4.320666666666667,1.3802637032924852,1.4521088363691277,1.444051070871803
final_joint_baseline_30mer,hs,10,32,318.124,train,0.06923058831493728,0.07165152537027238,0.0015743331069037814,0.06917636333669676,0.07803581529233838,0.006538383579934491,4.1928993187634,4.284574708016944,4.253333333333334,1.378450940428177,1.4493927663582387,1.4508829124226956
final_joint_baseline_30mer,hs,10,33,319.396,train,0.06854069054084985,0.06779459997879898,0.001997449325003276,0.06908533070640234,0.08728198886396904,0.008378047796516661,4.283916015399866,4.335083472417269,4.262666666666667,1.3766030864406695,1.446649923542575,1.4573414995943117
final_joint_baseline_30mer,hs,10,34,320.672,train,0.06947233008886163,0.0726764037943802,0.002190445645405492,0.06816564463308558,0.07501256805846998,0.011215710122393481,4.286059576503677,4.386127876814621,4.437333333333333,1.374854657302226,1.44388448298275,1.4387921942760014
final_joint_baseline_30mer,hs,10,35,321.954,train,0.06798870945480961,0.07425628190402524,0.004165383663812749,0.06610675418935405,0.07425551736733045,0.009815706084932804,4.3263572861193715,4.437794244948541,4.464,1.3732220845705354,1.4410919752492124,1.4410450837288982
final_joint_baseline_30mer,hs,10,36,323.241,train,0.06878144375416557,0.07371757442903432,0.0017385494295468914,0.06598564196573423,0.07605996532582189,0.008718511802828288,4.395032073449062,4.490049078475314,4.504,1.3700644404845734,1.4382744302004369,1.4463351192189797
final_joint_baseline_30mer,hs,10,37,324.533,train,0.06931773427248425,0.06824073309114491,0.002183642655084633,0.06693003948164841,0.0874478567602576,0.007712044643412395,4.451483072826613,4.54289876829392,4.434666666666668,1.3685460531537685,1.4354317191543025,1.4518437604944716
final_joint_baseline_30mer,hs,10,38,325.83,train,0.06935067708353466,0.07756833598063884,0.0027931098594982527,0.06522128229300006,0.07125895633683892,0.0070805020314805124,4.488311634045692,4.596349735411026,4.6786666666666665,1.366888136833101,1.43256371696099,1.435552685386929
final_joint_baseline_30mer,hs,10,39,327.132,train,0.06872328006001105,0.0704302129363063,0.0024407322683388617,0.06584198057940426,0.07811895989885813,0.008927612241998655,4.575185294049842,4.650408426685753,4.722666666666667,1.3636341314088298,1.4296703023009405,1.4343443924545094
final_joint_baseline_30mer,hs,10,40,328.44,train,0.06821702356614878,0.07486521558331327,0.0016341129446918086,0.06505128065760746,0.07361775367441278,0.006378602353394387,4.6199888477764715,4.705123297475843,4.687333333333333,1.3595889047067131,1.4267491191634254,1.436516635192671
final_joint_baseline_30mer,hs,10,41,329.753,train,0.06578591936392618,0.0712515098202787,0.00138922044959985,0.06360104328043284,0.06357288402302648,0.006578240021810989,4.7220001383221515,4.760459475066752,4.778666666666666,1.3558915257258317,1.4238022715995193,1.423894577509891
final_joint_baseline_30mer,hs,10,42,331.071,train,0.06567397191539794,0.062127330097625076,0.0035932434117332632,0.06262238747151933,0.07260487832518206,0.008813741776893886,4.730136074417318,4.816423462455174,4.709333333333333,1.3539478674019712,1.4208296517231855,1.4267530933828234
final_joint_baseline_30mer,hs,10,43,332.394,train,0.06622376771695787,0.06267598797677341,0.002163464739793261,0.061350047131408854,0.0646545865683654,0.008001458715236689,4.787296262996519,4.873021767779592,4.8853333333333335,1.352011450103533,1.4178311568314843,1.4130936775980283
final_joint_baseline_30mer,hs,10,44,333.723,train,0.06698880463317339,0.06971253408926832,0.0016902572931646977,0.061520626942332464,0.05262252693334592,0.010515651799782833,4.863467102381446,4.9303041615172845,5.084666666666667,1.3487861302799726,1.4148044068089698,1.405625883984781
final_joint_baseline_30mer,hs,10,45,335.057,train,0.06549544684280154,0.07365312210804273,0.0023256393252881072,0.05976127012257819,0.056742159814641084,0.006408787936791703,4.941125048989096,4.988234530476934,5.068,1.3481898596865658,1.4117515714109095,1.4027389471027671
final_joint_baseline_30mer,hs,10,46,336.396,train,0.06569180703079529,0.06789366825884544,0.0014588656828096987,0.060137906366690794,0.0584581246952323,0.00940359103272147,5.020747746501602,5.046819366900094,5.118,1.3457309745538302,1.4086725658466754,1.4019834309462162
final_joint_baseline_30mer,hs,10,47,337.741,train,0.06759264704053472,0.06559161862441992,0.0011829684985947189,0.05851544621909099,0.059567847062013846,0.008847549353534972,5.0435716220577715,5.106109387830756,5.098,1.3444760491479961,1.405564996177462,1.4033211999318262
final_joint_baseline_30mer,hs,10,48,339.091,train,0.0649686511871517,0.06641579140299866,0.002518686324492612,0.05732419638551314,0.06211671783559308,0.008140315821262087,5.122854133526984,5.166067451465214,5.124666666666666,1.341662910771536,1.4024310856916935,1.4056134458085872
final_joint_baseline_30mer,hs,10,49,340.446,train,0.06563802735669635,0.06513899684210309,0.0021059334011053962,0.05575706108182066,0.06372109679162313,0.009542682487081674,5.218590209096986,5.2266999660206315,5.228666666666666,1.3391828595644897,1.3992707713979522,1.4047982152378582
final_joint_baseline_30mer,hs,10,50,341.807,train,0.06755885314847082,0.07206990871941889,0.0027121624509105343,0.056323852431267536,0.0631326618691855,0.008723181909123192,5.271444256172626,5.288058544190913,5.352,1.3372135791506743,1.3960816498306654,1.3952653833606705
final_joint_baseline_30mer,hs,10,51,343.173,train,0.06665433244895332,0.06549994214351416,0.0026084621830861224,0.053951287242930274,0.06149642445371785,0.008074746818868156,5.3073408718906325,5.350104916227443,5.543333333333332,1.3364304344011835,1.3928660018323042,1.3824414870745618
final_joint_baseline_30mer,hs,10,52,344.545,train,0.06667719078267793,0.0672158916363625,0.0020894473292753803,0.053072548012242655,0.056517902198574096,0.008562432855526575,5.368419899946977,5.412891258323979,5.497999999999999,1.3327784510796787,1.389621420319978,1.3918847052114847
final_joint_baseline_30mer,hs,10,53,345.922,train,0.06703432486280489,0.0732839410714905,0.0024141778562104697,0.05338913986379192,0.05150758799253358,0.005656039655352069,5.420805380731725,5.476378489300099,5.381333333333334,1.3307693450260425,1.3863502269526111,1.3848028269285857
final_joint_baseline_30mer,hs,10,54,347.305,train,0.0663934742638442,0.07111622641079757,0.001743514029867535,0.052513404358972476,0.05553505037433412,0.008750953697281924,5.455972347096387,5.540619314242061,5.568,1.3296127304653613,1.38305001341737,1.3780630609007096
final_joint_baseline_30mer,hs,10,55,348.693,train,0.06805324173377132,0.0720753141384026,0.0035572081418759347,0.05189423799803954,0.05767183326551959,0.009181752494891398,5.529657710307305,5.605573786298326,5.511333333333333,1.3272872473009774,1.3797231442299893,1.3871431570239487
final_joint_baseline_30mer,hs,10,56,350.086,train,0.06989595667673443,0.0666654650608579,0.0038588658812304857,0.051376712965178234,0.05769386302414387,0.009900460227324891,5.55811461143002,5.6712477789690965,5.5986666666666665,1.3251929199481436,1.376369625064897,1.3911774490492337
final_joint_baseline_30mer,hs,10,57,351.486,train,0.06748604285911669,0.06690137818036786,0.0022231695789634684,0.04964489044751087,0.04987627617852831,0.0073466939611063,5.524239516333541,5.737742383210029,5.732,1.3267302453454364,1.3729846274750068,1.3692053688148556
final_joint_baseline_30mer,hs,10,58,352.891,train,0.06915403416991418,0.06934915722916486,0.0021151463716927773,0.04993690107131545,0.057736570888965506,0.0089647526497839,5.597728058648593,5.804969274930768,5.937333333333333,1.324656527064957,1.3695729865212092,1.352266560200358
final_joint_baseline_30mer,hs,10,59,354.301,train,0.06842860617231028,0.07241044600818775,0.0018211739665745623,0.04906747391772523,0.05213778174276362,0.0066895367018692175,5.6865059536159706,5.872933917867217,5.848666666666667,1.3203266723635592,1.3661347461808415,1.367251154774493
final_joint_baseline_30mer,hs,10,60,355.717,train,0.07227096029115523,0.08036754921586303,0.00186528346397451,0.04919173565660795,0.053481568993240455,0.007073819207366274,5.7300068296562685,5.941690342058008,5.956666666666667,1.3184264601922309,1.3626675106117512,1.372698487919907
final_joint_baseline_30mer,hs,10,61,357.139,train,0.07199918669302564,0.08003100122763654,0.004415081486726712,0.048406061440005164,0.04874334098311839,0.011644573455067352,5.821185622564954,6.011244729959806,5.977333333333333,1.3154275616635978,1.3591713221675361,1.3646016813038115
final_joint_baseline_30mer,hs,10,62,358.567,train,0.07217306960588848,0.07930574070082944,0.0033218491921821855,0.04755321580215011,0.05507496850019297,0.008563903732599597,5.787977355510985,6.081603071532447,5.9526666666666666,1.3170019276909346,1.3556462390662554,1.3617654183548649
final_joint_baseline_30mer,hs,10,63,360.0,train,0.07269106468934824,0.08037723587382442,0.0026847115932531153,0.04706940499455503,0.04332045490229344,0.007130487334616124,5.94692838370565,6.152721338290297,6.101333333333335,1.3119173353397782,1.3520948192668774,1.3437807681853955
final_joint_baseline_30mer,hs_quadratic,1,0,280.0,train,0.07921740600138655,0.08318023139803689,0.0011384026100824847,0.09707829151163534,0.09624312442075224,0.008338383460431783,2.543307513198239,2.8575358159320574,2.796666666666667,1.4490542803047362,1.5295960377944064,1.532901957200696
final_joint_baseline_30mer,hs_quadratic,1,1,281.119,train,0.08067616477725528,0.08931616207239021,0.0038443428844955763,0.09765100460372235,0.10322095976376565,0.009225122338219288,2.607172003596376,2.8978744861733783,2.884,1.4453908784431428,1.5272549393927002,1.527269706843608
final_joint_baseline_30mer,hs_quadratic,1,2,282.243,train,0.08086358873914495,0.085159588678234,0.0019842549892397144,0.09809710508701125,0.11028499533020436,0.009294376647604383,2.6356502293842357,2.938655606819929,2.8833333333333333,1.4450302196769296,1.524892678776765,1.5287679684214246
final_joint_baseline_30mer,hs_quadratic,1,3,283.371,train,0.07834228470847523,0.0830183377047889,0.001830087975041751,0.09741804443736436,0.10451419748033297,0.011895821047069764,2.7111095741983076,2.9798420440601947,2.979333333333334,1.4426351112681033,1.522511532479498,1.5202179194574015
final_joint_baseline_30mer,hs_quadratic,1,4,284.504,train,0.07792479937374765,0.08193834276425406,0.0025116428542784866,0.09563811030015784,0.10728064080178397,0.008224993318013341,2.759010247366115,3.021469207282032,2.953333333333333,1.4411339909979202,1.5201095795377872,1.5293722488794574
final_joint_baseline_30mer,hs_quadratic,1,5,285.641,train,0.07787667820917883,0.07678427009890648,0.00413429044745134,0.09492582395319449,0.11541690267273835,0.010424313795322552,2.779320982317818,3.063498993961594,2.8773333333333335,1.4388363579313137,1.5176891451749017,1.537073058075272
final_joint_baseline_30mer,hs_quadratic,1,6,286.783,train,0.07765564751739736,0.07953850989306968,0.00116319561153804,0.09545705055101013,0.09613396555500145,0.00989807112929267,2.848500789588953,3.105966733916766,3.1333333333333333,1.436106212846229,1.515248321909125,1.497950539311414
final_joint_baseline_30mer,hs_quadratic,1,7,287.929,train,0.07829656541907412,0.0799353611680087,0.0033215010047332938,0.09345231677304344,0.09536012504802377,0.008711897511437458,2.858525687576366,3.1488333236769606,3.0413333333333337,1.4361933836522711,1.5127894845783145,1.5197953084238263
final_joint_baseline_30mer,hs_quadratic,1,8,289.08,train,0.07826750600846741,0.08263116622985063,0.002092424850476006,0.09186166580160893,0.09109772227417617,0.0059764894520374905,2.931267722525763,3.192133955232804,3.2333333333333334,1.4333961198315441,1.5103107421925377,1.4997659651570192
final_joint_baseline_30mer,hs_quadratic,1,9,290.235,train,0.07892323357307501,0.0767162662573089,0.0009033773105551477,0.09104083363948073,0.10630740785128522,0.009117630768796969,2.993197143647555,3.235828491255181,3.2273333333333336,1.430608882046017,1.5078145200854578,1.5181196584805297
final_joint_baseline_30mer,hs_quadratic,1,10,291.395,train,0.07795329582962726,0.07824693970543908,0.0020949202198768924,0.08876025584305132,0.09607201128809217,0.0078227706139787,2.9908893249878963,3.2799519236596026,3.234,1.4303011384655808,1.5052989469001883,1.506267987828207
final_joint_baseline_30mer,hs_quadratic,1,11,292.56,train,0.0765718497158242,0.0802610425370725,0.002264579308773721,0.08662304295235744,0.09068234032149204,0.008641757631399398,3.0821580272955718,3.3245013873337492,3.3513333333333333,1.4258314762733413,1.5027643202347627,1.4998042743752775
final_joint_baseline_30mer,hs_quadratic,1,12,293.729,train,0.07237366889557376,0.07484259913447601,0.0009913430013236723,0.08516406169396638,0.10067405769826726,0.006370247488168846,3.150122904995735,3.369435124391658,3.349333333333334,1.423585365887622,1.5002131431969077,1.5104532880890644
final_joint_baseline_30mer,hs_quadratic,1,13,294.903,train,0.07167598818583751,0.07362859022501544,0.0013221557553524982,0.08521743639318827,0.07882440291723586,0.00939028594471316,3.19203235585679,3.4147876938703536,3.4939999999999998,1.4218773193909555,1.4976435805617587,1.4837871592816354
final_joint_baseline_30mer,hs_quadratic,1,14,296.082,train,0.07138368806143033,0.07074999194866463,0.0020046829763874395,0.08567191534231311,0.09783590467024694,0.01037064805687771,3.262342658551767,3.4605551299775494,3.392666666666667,1.419300628344623,1.4950559902872202,1.502658862829183
final_joint_baseline_30mer,hs_quadratic,1,15,297.266,train,0.07334373101201369,0.07299867574275119,0.001226830307494233,0.0859085680942348,0.08833604603259512,0.0076103482198198215,3.298642857966203,3.506733066695283,3.516,1.4171639688431674,1.4924507519137933,1.491584575155605
final_joint_baseline_30mer,hs_quadratic,1,16,298.454,train,0.07371374396306053,0.07535298826186451,0.0012416626828945145,0.08351820589212164,0.0828216136300968,0.008823974835524613,3.3203087177536483,3.553277457318279,3.5940000000000007,1.4153553834935257,1.4898304752521245,1.4841379465588778
final_joint_baseline_30mer,hs_quadratic,1,17,299.647,train,0.07384241817588443,0.07676316036037187,0.0011823447194396416,0.08356480966152707,0.09305811280491319,0.009645099167265102,3.3892846439357265,3.6002220188120937,3.6053333333333333,1.4117220597375317,1.487193385911269,1.4970166009076493
final_joint_baseline_30mer,hs_quadratic,1,18,300.845,train,0.07324003592037226,0.07848304775131341,0.0019770977525914593,0.0817887062016575,0.08967459347510731,0.010737962560294658,3.41430049334901,3.647561112096395,3.644,1.4126422269680854,1.4845399303567295,1.4753222511859807
final_joint_baseline_30mer,hs_quadratic,1,19,302.047,train,0.07356292568882557,0.07862836497604835,0.0019038334240292147,0.0811980343753115,0.0959976297245551,0.007017775635501454,3.484319022753994,3.6952488868165947,3.6453333333333338,1.4088618546958285,1.4818727996246004,1.4882554243326889
final_joint_baseline_30mer,hs_quadratic,1,20,303.254,train,0.07179268388609159,0.08397970764027872,0.0033490819097477652,0.0812600981519743,0.08344407534577045,0.008525076085715063,3.5339085229499503,3.7433182210362803,3.8786666666666667,1.406459226760602,1.4791902742503835,1.470670604149559
final_joint_baseline_30mer,hs_quadratic,1,21,304.467,train,0.07278665086864057,0.07827091251460985,0.001842687856898236,0.07997075840645738,0.0766121661271636,0.009515523983173312,3.6290352606219884,3.7918021083116233,3.76,1.4036600134330308,1.4764906453932263,1.4708479935506054
final_joint_baseline_30mer,hs_quadratic,1,22,305.683,train,0.0746649727749117,0.08168664222482291,0.0021468047001984335,0.07677596767158405,0.08430464143540325,0.006153933975379573,3.686256109228393,3.8405728748385517,3.7413333333333334,1.4002096648194318,1.4737811374918053,1.4736270244294762
final_joint_baseline_30mer,hs_quadratic,1,23,306.905,train,0.07458247318304732,0.06955734107872477,0.0016899615750173898,0.07700248901216204,0.07300917799192863,0.010213222779704354,3.728478369873435,3.8897425643871903,3.974,1.3994710802263843,1.4710556390227105,1.4680365829064708
final_joint_baseline_30mer,hs_quadratic,1,24,308.132,train,0.07349097968175472,0.07863610452304504,0.0024311895304520454,0.0753991975478765,0.07876205872234497,0.008513078601698996,3.769594917813588,3.93926252129547,3.9579999999999997,1.3975494234797674,1.4683169727640166,1.46874566928695
final_joint_baseline_30mer,hs_quadratic,1,25,309.364,train,0.07309271839085928,0.07290724400165627,0.002107974526017015,0.07273117127797143,0.08072262246331662,0.008142929566223532,3.8070892984761517,3.989123574956438,3.8999999999999995,1.3954718061855997,1.4655657613995698,1.4782979277731867
final_joint_baseline_30mer,hs_quadratic,1,26,310.6,train,0.07297279864031474,0.07696417284801793,0.0012545601098123312,0.07378650193026881,0.08150640214582966,0.012860422248703974,3.874953172188026,4.039275358851576,4.014666666666667,1.391661912809699,1.4628048887871017,1.467734277984722
final_joint_baseline_30mer,hs_quadratic,1,27,311.842,train,0.07307822864557813,0.07814691707369922,0.0027988816136724896,0.07353130652691907,0.07761214614357057,0.008290042729981309,3.890596399013302,4.089788704228113,4.09,1.3920757652626659,1.460030564843515,1.4559126281608008
final_joint_baseline_30mer,hs_quadratic,1,28,313.088,train,0.0732535725348682,0.08255004248230649,0.0019530538073152337,0.07222268828932155,0.07436291267738752,0.008478908531727308,3.9656718998547618,4.140571359711948,4.236666666666666,1.3890153180179459,1.4572479618505283,1.4493931205833874
final_joint_baseline_30mer,hs_quadratic,1,29,314.34,train,0.07231972103201535,0.07098759189758541,0.002862669079365488,0.07165903193758791,0.08040730316070498,0.008332015444560026,3.9884460658874517,4.191693299135958,4.301333333333334,1.3875389843347843,1.454453347438225,1.4482512954504125
final_joint_baseline_30mer,hs_quadratic,1,30,315.596,train,0.07294900891680624,0.07040109898572648,0.0022781409789502955,0.07078830341323032,0.07608053831857922,0.010442129682703529,4.08785200106047,4.243060700664385,4.139333333333333,1.384418102377888,1.4516519480530714,1.4489816966848261
final_joint_baseline_30mer,hs_quadratic,1,31,316.858,train,0.07110753316653265,0.06894811651633383,0.0015944906982893676,0.0687127025047797,0.07946104335319518,0.007271651412080063,4.162689040274801,4.294742541849218,4.263333333333334,1.3802637032924852,1.4488400951015246,1.4593549422541463
final_joint_baseline_30mer,hs_quadratic,1,32,318.124,train,0.06985567975019025,0.06600773544522318,0.003740491912860442,0.06772950945774384,0.07647754267989683,0.009417023380354585,4.1928993187634,4.346643454655641,4.247333333333334,1.378450940428177,1.4460230656769002,1.448634594711067
final_joint_baseline_30mer,hs_quadratic,1,33,319.396,train,0.06912687358222877,0.08035436722176321,0.0024257581735175606,0.06762206570806573,0.07275412943728887,0.009635346047442823,4.283916015399866,4.398831278831331,4.361333333333333,1.3766030864406695,1.4431972609901762,1.4478752398666004
final_joint_baseline_30mer,hs_quadratic,1,34,320.672,train,0.07022618511424353,0.07065345440266643,0.002130795757474613,0.06670078185162391,0.07149313584613615,0.00886374031653602,4.286059576503677,4.451209134815098,4.449333333333333,1.374854657302226,1.4403680046915621,1.4307638366746969
final_joint_baseline_30mer,hs_quadratic,1,35,321.954,train,0.06873963827699697,0.06434466198138976,0.0018173769999619035,0.06465369732131361,0.06458054831754477,0.008605243597423495,4.3263572861193715,4.503843581439831,4.530666666666667,1.3732220845705354,1.43753177374011,1.4321486285139522
final_joint_baseline_30mer,hs_quadratic,1,36,323.241,train,0.06954869296352734,0.07246927195320366,0.001023783548928779,0.0645248210397466,0.07017983172052507,0.007614386681185997,4.395032073449062,4.556677319321843,4.568666666666666,1.3700644404845734,1.4346917299649453,1.4368783532691394
final_joint_baseline_30mer,hs_quadratic,1,37,324.533,train,0.07006190121631808,0.06999371052775634,0.0024949304890961523,0.06548689563146463,0.07105864521896219,0.008021563118668132,4.451483072826613,4.609693368027169,4.592,1.3685460531537685,1.4318488459199232,1.4294284187128241
final_joint_baseline_30mer,hs_quadratic,1,38,325.83,train,0.07008451187344988,0.07343675937225828,0.0035374099377398706,0.06381940829290006,0.06214523497079047,0.0075683455625249006,4.488311634045692,4.662874016277009,4.664000000000001,1.366888136833101,1.429004124400158,1.4271381402600727
final_joint_baseline_30mer,hs_quadratic,1,39,327.132,train,0.0694018271987499,0.079874982607379,0.002703230329131857,0.06443628649248248,0.07046790349895571,0.007530128399145209,4.575185294049842,4.716200813546479,4.698,1.3636341314088298,1.4261585983707348,1.413418984985456
final_joint_baseline_30mer,hs_quadratic,1,40,328.44,train,0.06892273886078376,0.07520338177503252,0.001290590319870793,0.06364754632748075,0.061586379738766336,0.009612027073694015,4.6199888477764715,4.769695426210099,4.811333333333334,1.3595889047067131,1.4233111584231026,1.4134417505736523
final_joint_baseline_30mer,hs_quadratic,1,41,329.753,train,0.06632489548923506,0.07018025148334438,0.0018547216491650233,0.062224037224723625,0.07784024780273899,0.010250102837935399,4.7220001383221515,4.82329687770315,4.774666666666667,1.3558915257258317,1.4204650892474064,1.4242934840908177
final_joint_baseline_30mer,hs_quadratic,1,42,331.071,train,0.06624034531213095,0.0671133053160176,0.001262159802679835,0.06132055301182381,0.06318412657180697,0.008631552028988049,4.730136074417318,4.876984415322738,4.907333333333334,1.3539478674019712,1.4176215156284377,1.416067398323554
final_joint_baseline_30mer,hs_quadratic,1,43,332.394,train,0.06675211143021065,0.06799817484946745,0.0016478128309136597,0.06012559822405554,0.05947061632088242,0.008324569832818983,4.787296262996519,4.9307365244483705,4.96,1.352011450103533,1.414781591647249,1.4121308216235047
final_joint_baseline_30mer,hs_quadratic,1,44,333.723,train,0.06748481201692638,0.07014650994339337,0.0027079609605881183,0.06036653054249836,0.061589411660924145,0.009233461612729177,4.863467102381446,4.984571368723325,5.045333333333333,1.3487861302799726,1.4119443715515771,1.4072229056725334
final_joint_baseline_30mer,hs_quadratic,1,45,335.057,train,0.06591194335138945,0.06887380970040613,0.0029918997624264897,0.05873547282228621,0.06325328156620381,0.007920910833737657,4.941125048989096,5.038425172751871,5.068666666666666,1.3481898596865658,1.4091132213723587,1.4085737775373168
final_joint_baseline_30mer,hs_quadratic,1,46,336.396,train,0.06608093303780556,0.06315563669569593,0.0028496911476363516,0.05921513583361063,0.06759243969751622,0.008537939888946777,5.020747746501602,5.092274081875575,5.172666666666667,1.3457309745538302,1.4062893828704421,1.4032535933976964
final_joint_baseline_30mer,hs_quadratic,1,47,337.741,train,0.06797205586783031,0.07832708930543042,0.0021534647677022077,0.05771888899159103,0.06613523569887057,0.010312252111502739,5.0435716220577715,5.146133434005149,5.252,1.3444760491479961,1.4034720377968726,1.3884996987348528
final_joint_baseline_30mer,hs_quadratic,1,48,339.091,train,0.06524306952644986,0.07849511670261981,0.003857464752445296,0.05665404402311864,0.057518123491348876,0.010505279168434231,5.122854133526984,5.199937511060824,5.316666666666666,1.341662910771536,1.400664600086859,1.387549076110122
final_joint_baseline_30mer,hs_quadratic,1,49,340.446,train,0.06582488277941806,0.07422277641707964,0.0026061387606017435,0.05522842253860626,0.05656785757196803,0.00627017942163095,5.218590209096986,5.253660142018348,5.259333333333334,1.3391828595644897,1.3978683937415002,1.3977787690156294
final_joint_baseline_30mer,hs_quadratic,1,50,341.807,train,0.06771496936104021,0.07153274311185118,0.002629026849945035,0.05595226481415243,0.06392418348857484,0.00825884582799033,5.271444256172626,5.307313719668425,5.271333333333334,1.3372135791506743,1.3950827296512305,1.4054791242115754
final_joint_baseline_30mer,hs_quadratic,1,51,343.173,train,0.06674039715724195,0.06950663726268577,0.003022869889370809,0.05375276583736619,0.06109197302778335,0.007786977475102951,5.3073408718906325,5.360830794833573,5.216666666666667,1.3364304344011835,1.3923110552079117,1.3871077112821695
final_joint_baseline_30mer,hs_quadratic,1,52,344.545,train,0.06668711050767992,0.06956652066715793,0.0029391658306493146,0.05304787657864893,0.05757120950296093,0.008696409397490713,5.368419899946977,5.414221733575836,5.382666666666667,1.3327784510796787,1.389552768268374,1.3841046051123747
final_joint_baseline_30mer,hs_quadratic,1,53,345.922,train,0.0669654260296634,0.07088098124778669,0.00290271867410088,0.0535517820721796,0.05866957864654111,0.008709491627356496,5.420805380731725,5.467418063581295,5.45,1.3307693450260425,1.386811330200702,1.3827244260234872
final_joint_baseline_30mer,hs_quadratic,1,54,347.305,train,0.0662307648695777,0.06749192541222883,0.003087173865251814,0.05286281238720976,0.05818542203329693,0.008229724027493208,5.455972347096387,5.520428104454173,5.559333333333335,1.3296127304653613,1.3840862251761243,1.3821020367027286
final_joint_baseline_30mer,hs_quadratic,1,55,348.693,train,0.06779781356758321,0.07701919704237366,0.00384177590665563,0.05244913108586878,0.05120980268420817,0.008410684815204437,5.529657710307305,5.573182503747576,5.562666666666667,1.3272872473009774,1.381380920359844,1.3810865610613878
final_joint_baseline_30mer,hs_quadratic,1,56,350.086,train,0.06951898982066369,0.07479780726007296,0.0029492421500782228,0.05214125167933162,0.056296307042915994,0.007717340935041787,5.55811461143002,5.625650043709507,5.584666666666667,1.3251929199481436,1.378696900351153,1.3810705361370665
final_joint_baseline_30mer,hs_quadratic,1,57,351.486,train,0.06691610328061864,0.06855475546099905,0.0033593542413432502,0.050553019288807566,0.048200594784626315,0.010453413341795503,5.524239516333541,5.677873117438482,5.749333333333334,1.3267302453454364,1.3760318832266563,1.3677932579521017
final_joint_baseline_30mer,hs_quadratic,1,58,352.891,train,0.06839690733488568,0.06943200426451003,0.0013822738008844562,0.051066297300387635,0.06397426167257138,0.008569113969425113,5.597728058648593,5.729743495616401,5.756,1.324656527064957,1.3733912675633613,1.3761891939184974
final_joint_baseline_30mer,hs_quadratic,1,59,354.301,train,0.06757957803305883,0.0639971736423192,0.0025284480482308603,0.05046892640921968,0.055017844151898594,0.008723626524204156,5.6865059536159706,5.781228066094748,5.761333333333333,1.3203266723635592,1.3707765896310977,1.3776507445484065
final_joint_baseline_30mer,hs_quadratic,1,60,355.717,train,0.07117645587077737,0.0839095076644192,0.002169627405290013,0.05079733879636679,0.05333002835405937,0.007745233337495316,5.7300068296562685,5.832329053949051,5.89,1.3184264601922309,1.3681875829179793,1.3590352241500523
final_joint_baseline_30mer,hs_quadratic,1,61,357.139,train,0.07077604294667006,0.07545865933602222,0.0027921489052494183,0.05027947400262707,0.051619286793925585,0.0064106020555050585,5.821185622564954,5.883010945554976,5.894666666666667,1.3154275616635978,1.3656258888281125,1.3657571426730817
final_joint_baseline_30mer,hs_quadratic,1,62,358.567,train,0.07045053301683915,0.07720893519990554,0.0025890695368145818,0.04949742515972115,0.05856911604091229,0.010512720115041538,5.787977355510985,5.933237636735983,5.983333333333333,1.3170019276909346,1.36309316332048,1.364223153459914
final_joint_baseline_30mer,hs_quadratic,1,63,360.0,train,0.0711617988227482,0.07449960103548935,0.0023000427477792894,0.04944787576125946,0.06118158874011741,0.007787002363472071,5.94692838370565,5.982938038976869,6.005333333333334,1.3119173353397782,1.3605928053025143,1.365029712109905
final_joint_baseline_30mer,hs_quadratic,2,0,280.0,train,0.07921740600138655,0.0836668521077953,0.0014622511562617463,0.09707829151163534,0.11112754162222771,0.010136995566131625,2.543307513198239,2.8575358159320574,2.8860000000000006,1.4490542803047362,1.5295960377944064,1.5296560492643023
final_joint_baseline_30mer,hs_quadratic,2,1,281.119,train,0.08067616477725528,0.08010637328300328,0.0029577426788503897,0.09765100460372235,0.09903559035394957,0.010393852451782348,2.607172003596376,2.8978744861733783,2.956666666666667,1.4453908784431428,1.5272549393927002,1.5209967554564139
final_joint_baseline_30mer,hs_quadratic,2,2,282.243,train,0.08086358873914495,0.08359302599555611,0.0014859462961072161,0.09809710508701125,0.10511368313420502,0.008606533630510069,2.6356502293842357,2.938655606819929,2.8953333333333333,1.4450302196769296,1.524892678776765,1.5282002895633022
final_joint_baseline_30mer,hs_quadratic,2,3,283.371,train,0.07834228470847523,0.08195290767435212,0.0008152628074628982,0.09741804443736436,0.10636624354720756,0.008155544350683872,2.7111095741983076,2.9798420440601947,2.9333333333333336,1.4426351112681033,1.522511532479498,1.5236711947137818
final_joint_baseline_30mer,hs_quadratic,2,4,284.504,train,0.07792479937374765,0.08471601754458404,0.0023638314344126225,0.09563811030015784,0.098756629737207,0.006997731972668252,2.759010247366115,3.021469207282032,3.056666666666667,1.4411339909979202,1.5201095795377872,1.52205762516654
final_joint_baseline_30mer,hs_quadratic,2,5,285.641,train,0.07787667820917883,0.08499302301407627,0.0029407024463765094,0.09492582395319449,0.10064830127169203,0.009754273630692478,2.779320982317818,3.063498993961594,3.1586666666666665,1.4388363579313137,1.5176891451749017,1.5103403677020055
final_joint_baseline_30mer,hs_quadratic,2,6,286.783,train,0.07765564751739736,0.08237535466708994,0.001566543209683038,0.09545705055101013,0.11294870873919564,0.008389080431966484,2.848500789588953,3.105966733916766,3.044,1.436106212846229,1.515248321909125,1.5312829270954835
final_joint_baseline_30mer,hs_quadratic,2,7,287.929,train,0.07829656541907412,0.0747098128197993,0.0017773462428701107,0.09345231677304344,0.09664297447724657,0.008922198352769464,2.858525687576366,3.1488333236769606,3.106,1.4361933836522711,1.5127894845783145,1.5123468572333276
final_joint_baseline_30mer,hs_quadratic,2,8,289.08,train,0.07826750600846741,0.07937237442367691,0.003043299913665472,0.09186166580160893,0.10014123937352692,0.0072466961865917424,2.931267722525763,3.192133955232804,3.163333333333333,1.4333961198315441,1.5103107421925377,1.512665810304065
final_joint_baseline_30mer,hs_quadratic,2,9,290.235,train,0.07892323357307501,0.08155456992012625,0.0018320355239603392,0.09104083363948073,0.10176650921784929,0.007626680137601417,2.993197143647555,3.235828491255181,3.2500000000000004,1.430608882046017,1.5078145200854578,1.5042263177847792
final_joint_baseline_30mer,hs_quadratic,2,10,291.395,train,0.07795329582962726,0.0766655856685263,0.0021315274907419933,0.08876025584305132,0.08656682790125482,0.008179632902715981,2.9908893249878963,3.2799519236596026,3.3159999999999994,1.4303011384655808,1.5052989469001883,1.4892407507943206
final_joint_baseline_30mer,hs_quadratic,2,11,292.56,train,0.0765718497158242,0.07991992649804311,0.0012529245881623477,0.08662304295235744,0.09443671467843118,0.01004955424894462,3.0821580272955718,3.3245013873337492,3.2566666666666664,1.4258314762733413,1.5027643202347627,1.50599029497913
final_joint_baseline_30mer,hs_quadratic,2,12,293.729,train,0.07237366889557376,0.07072204083079835,0.0017464147146697053,0.08516406169396638,0.08196582529455196,0.00802979073968839,3.150122904995735,3.369435124391658,3.2933333333333334,1.423585365887622,1.5002131431969077,1.4975784817648359
final_joint_baseline_30mer,hs_quadratic,2,13,294.903,train,0.07167598818583751,0.07541871200218109,0.0026444148946029823,0.08521743639318827,0.09493610285910219,0.006644227407381466,3.19203235585679,3.4147876938703536,3.3966666666666674,1.4218773193909555,1.4976435805617587,1.4962930237028758
final_joint_baseline_30mer,hs_quadratic,2,14,296.082,train,0.07138368806143033,0.07325073695434861,0.0018130250924163426,0.08567191534231311,0.09633360574661483,0.009506720059132109,3.262342658551767,3.4605551299775494,3.439333333333333,1.419300628344623,1.4950559902872202,1.4973994565084563
final_joint_baseline_30mer,hs_quadratic,2,15,297.266,train,0.07334373101201369,0.08098568463572718,0.0014611974450017538,0.0859085680942348,0.09419797219769,0.008409425456771136,3.298642857966203,3.506733066695283,3.5200000000000005,1.4171639688431674,1.4924507519137933,1.4969117604699202
final_joint_baseline_30mer,hs_quadratic,2,16,298.454,train,0.07371374396306053,0.07725286624164777,0.0016732656924786696,0.08351820589212164,0.08761983715176469,0.008101924007532107,3.3203087177536483,3.553277457318279,3.5613333333333337,1.4153553834935257,1.4898304752521245,1.4871693683826375
final_joint_baseline_30mer,hs_quadratic,2,17,299.647,train,0.07384241817588443,0.07212535541988008,0.0011111695200046214,0.08356480966152707,0.08269261988132354,0.007510811957643504,3.3892846439357265,3.6002220188120937,3.6559999999999997,1.4117220597375317,1.487193385911269,1.4800075921855367
final_joint_baseline_30mer,hs_quadratic,2,18,300.845,train,0.07324003592037226,0.07586852092936971,0.0018529418745065146,0.0817887062016575,0.08587517906363948,0.008494755476604186,3.41430049334901,3.647561112096395,3.6486666666666667,1.4126422269680854,1.4845399303567295,1.487738749378655
final_joint_baseline_30mer,hs_quadratic,2,19,302.047,train,0.07356292568882557,0.07536367305573682,0.001822573360612333,0.0811980343753115,0.07921348566931752,0.0078014391895469895,3.484319022753994,3.6952488868165947,3.7439999999999998,1.4088618546958285,1.4818727996246004,1.4811320247194009
final_joint_baseline_30mer,hs_quadratic,2,20,303.254,train,0.07179268388609159,0.07775644116528839,0.0024966707509951466,0.0812600981519743,0.08448617031046829,0.00840804141599906,3.5339085229499503,3.7433182210362803,3.718000000000001,1.406459226760602,1.4791902742503835,1.4773072820154778
final_joint_baseline_30mer,hs_quadratic,2,21,304.467,train,0.07278665086864057,0.077271200617119,0.001273177694931875,0.07997075840645738,0.09323295012258434,0.009724231433705113,3.6290352606219884,3.7918021083116233,3.8133333333333335,1.4036600134330308,1.4764906453932263,1.4769777477005626
final_joint_baseline_30mer,hs_quadratic,2,22,305.683,train,0.0746649727749117,0.07472427139087189,0.0017826712569414377,0.07677596767158405,0.09046524812161866,0.010208388744458143,3.686256109228393,3.8405728748385517,3.732,1.4002096648194318,1.4737811374918053,1.4742786302649022
final_joint_baseline_30mer,hs_quadratic,2,23,306.905,train,0.07458247318304732,0.08335214296007548,0.002889526285939991,0.07700248901216204,0.0860671151634658,0.006505599416089145,3.728478369873435,3.8897425643871903,3.767333333333333,1.3994710802263843,1.4710556390227105,1.4758171884333287
final_joint_baseline_30mer,hs_quadratic,2,24,308.132,train,0.07349097968175472,0.07780138956203206,0.0012574975530215858,0.0753991975478765,0.08696351073884351,0.007905499413503138,3.769594917813588,3.93926252129547,3.872666666666667,1.3975494234797674,1.4683169727640166,1.4771950433892513
final_joint_baseline_30mer,hs_quadratic,2,25,309.364,train,0.07309271839085928,0.0779838154376882,0.0028328011253576854,0.07273117127797143,0.06619814170085964,0.008975394954629252,3.8070892984761517,3.989123574956438,3.9473333333333334,1.3954718061855997,1.4655657613995698,1.4643309044860047
final_joint_baseline_30mer,hs_quadratic,2,26,310.6,train,0.07297279864031474,0.07664925671780422,0.003373649685930032,0.07378650193026881,0.07073697494908388,0.007997044599208247,3.874953172188026,4.039275358851576,4.080666666666667,1.391661912809699,1.4628048887871017,1.4607245270000877
final_joint_baseline_30mer,hs_quadratic,2,27,311.842,train,0.07307822864557813,0.07478361866980601,0.002787988423621644,0.07353130652691907,0.07694539326271924,0.0079624926125394,3.890596399013302,4.089788704228113,4.098666666666667,1.3920757652626659,1.460030564843515,1.4630475273210108
final_joint_baseline_30mer,hs_quadratic,2,28,313.088,train,0.0732535725348682,0.07461352576876919,0.000983087108579467,0.07222268828932155,0.0747161058340978,0.009458698507394527,3.9656718998547618,4.140571359711948,4.134666666666667,1.3890153180179459,1.4572479618505283,1.4556169386167195
final_joint_baseline_30mer,hs_quadratic,2,29,314.34,train,0.07231972103201535,0.07841221520972538,0.0022179959389884373,0.07165903193758791,0.07831139193426029,0.008286329723421398,3.9884460658874517,4.191693299135958,4.132666666666667,1.3875389843347843,1.454453347438225,1.4586288634551638
final_joint_baseline_30mer,hs_quadratic,2,30,315.596,train,0.07294900891680624,0.0776685826780018,0.001798707259472782,0.07078830341323032,0.07864857726751569,0.008268638895880295,4.08785200106047,4.243060700664385,4.2620000000000005,1.384418102377888,1.4516519480530714,1.4568587696567223
final_joint_baseline_30mer,hs_quadratic,2,31,316.858,train,0.07110753316653265,0.07593118763590984,0.001885960569828179,0.0687127025047797,0.07191594126362585,0.009250142716279124,4.162689040274801,4.294742541849218,4.27,1.3802637032924852,1.4488400951015246,1.449343553743815
final_joint_baseline_30mer,hs_quadratic,2,32,318.124,train,0.06985567975019025,0.07117387539692555,0.0020284592247834955,0.06772950945774384,0.06904915360398536,0.007230659283803012,4.1928993187634,4.346643454655641,4.324666666666666,1.378450940428177,1.4460230656769002,1.4455237426766772
final_joint_baseline_30mer,hs_quadratic,2,33,319.396,train,0.06912687358222877,0.06784010632828344,0.0032794487987209834,0.06762206570806573,0.06852277912118158,0.008643836162199336,4.283916015399866,4.398831278831331,4.34,1.3766030864406695,1.4431972609901762,1.441840844715737
final_joint_baseline_30mer,hs_quadratic,2,34,320.672,train,0.07022618511424353,0.07678601504250179,0.0023140667842870737,0.06670078185162391,0.07347760484812947,0.006269814795346557,4.286059576503677,4.451209134815098,4.481333333333334,1.374854657302226,1.4403680046915621,1.4356091647432048
final_joint_baseline_30mer,hs_quadratic,2,35,321.954,train,0.06873963827699697,0.07636740959350567,0.002219723854934407,0.06465369732131361,0.07277720604799696,0.006919024276166974,4.3263572861193715,4.503843581439831,4.5986666666666665,1.3732220845705354,1.43753177374011,1.436479717867885
final_joint_baseline_30mer,hs_quadratic,2,36,323.241,train,0.06954869296352734,0.07182260675733408,0.002618940473449776,0.0645248210397466,0.06929642648850948,0.008920950964438701,4.395032073449062,4.556677319321843,4.494666666666666,1.3700644404845734,1.4346917299649453,1.441056906140977
final_joint_baseline_30mer,hs_quadratic,2,37,324.533,train,0.07006190121631808,0.07410366649858287,0.003871984237189525,0.06548689563146463,0.06569881918764152,0.007110938551011156,4.451483072826613,4.609693368027169,4.624666666666666,1.3685460531537685,1.4318488459199232,1.4197566441638823
final_joint_baseline_30mer,hs_quadratic,2,38,325.83,train,0.07008451187344988,0.07841091253298055,0.002083700980158267,0.06381940829290006,0.07024262920924061,0.007118184136112656,4.488311634045692,4.662874016277009,4.810666666666666,1.366888136833101,1.429004124400158,1.4285828804078895
final_joint_baseline_30mer,hs_quadratic,2,39,327.132,train,0.0694018271987499,0.06963730794881955,0.0027418320269145596,0.06443628649248248,0.06399109748172857,0.008016424631776814,4.575185294049842,4.716200813546479,4.768666666666666,1.3636341314088298,1.4261585983707348,1.413890522564604
final_joint_baseline_30mer,hs_quadratic,2,40,328.44,train,0.06892273886078376,0.08012262335457947,0.003749533688472848,0.06364754632748075,0.06827500467548875,0.006342752149725451,4.6199888477764715,4.769695426210099,4.696666666666666,1.3595889047067131,1.4233111584231026,1.4317504181890348
final_joint_baseline_30mer,hs_quadratic,2,41,329.753,train,0.06632489548923506,0.07142443145035474,0.002467846847827757,0.062224037224723625,0.06779396925545898,0.007285369908659899,4.7220001383221515,4.82329687770315,4.844666666666667,1.3558915257258317,1.4204650892474064,1.417559305069874
final_joint_baseline_30mer,hs_quadratic,2,42,331.071,train,0.06624034531213095,0.0728578487652692,0.002655245792922034,0.06132055301182381,0.07111190636032677,0.008915998426054454,4.730136074417318,4.876984415322738,4.814666666666667,1.3539478674019712,1.4176215156284377,1.4177637242027195
final_joint_baseline_30mer,hs_quadratic,2,43,332.394,train,0.06675211143021065,0.06644369233572708,0.0024422052595790534,0.06012559822405554,0.06586009943833224,0.008431603102525043,4.787296262996519,4.9307365244483705,5.006666666666666,1.352011450103533,1.414781591647249,1.4152218659141274
final_joint_baseline_30mer,hs_quadratic,2,44,333.723,train,0.06748481201692638,0.06606289591737813,0.0017575866466641938,0.06036653054249836,0.06599471636725032,0.006714524424038585,4.863467102381446,4.984571368723325,4.894,1.3487861302799726,1.4119443715515771,1.423965253703475
final_joint_baseline_30mer,hs_quadratic,2,45,335.057,train,0.06591194335138945,0.07213893906058184,0.0030135548893016,0.05873547282228621,0.07000304247487958,0.008271340099774585,4.941125048989096,5.038425172751871,5.07,1.3481898596865658,1.4091132213723587,1.4143135857502522
final_joint_baseline_30mer,hs_quadratic,2,46,336.396,train,0.06608093303780556,0.06830371927006945,0.0028204520885555173,0.05921513583361063,0.0627841583387876,0.006540838542749768,5.020747746501602,5.092274081875575,5.084666666666667,1.3457309745538302,1.4062893828704421,1.4037624356254335
final_joint_baseline_30mer,hs_quadratic,2,47,337.741,train,0.06797205586783031,0.07806861288630348,0.001967157820613789,0.05771888899159103,0.06040677134759753,0.008455549197604838,5.0435716220577715,5.146133434005149,5.158666666666667,1.3444760491479961,1.4034720377968726,1.4056658107319064
final_joint_baseline_30mer,hs_quadratic,2,48,339.091,train,0.06524306952644986,0.06835417854526026,0.0017246056890046055,0.05665404402311864,0.06573079267393275,0.00913666407292359,5.122854133526984,5.199937511060824,5.1466666666666665,1.341662910771536,1.400664600086859,1.403380640408027
final_joint_baseline_30mer,hs_quadratic,2,49,340.446,train,0.06582488277941806,0.06002103685419931,0.003265712199186718,0.05522842253860626,0.061931681766183314,0.007810257203463904,5.218590209096986,5.253660142018348,5.237333333333334,1.3391828595644897,1.3978683937415002,1.4057349374321468
final_joint_baseline_30mer,hs_quadratic,2,50,341.807,train,0.06771496936104021,0.06506359659925944,0.0024132810045809534,0.05595226481415243,0.0706003877173576,0.010661660558685046,5.271444256172626,5.307313719668425,5.278666666666666,1.3372135791506743,1.3950827296512305,1.3918381811692484
final_joint_baseline_30mer,hs_quadratic,2,51,343.173,train,0.06674039715724195,0.06703179303088545,0.002800413137499428,0.05375276583736619,0.06627372512069842,0.007772726215563117,5.3073408718906325,5.360830794833573,5.394,1.3364304344011835,1.3923110552079117,1.3882116568246745
final_joint_baseline_30mer,hs_quadratic,2,52,344.545,train,0.06668711050767992,0.06980898876263662,0.0016840216724477949,0.05304787657864893,0.06335585297938992,0.008687147118385051,5.368419899946977,5.414221733575836,5.387333333333333,1.3327784510796787,1.389552768268374,1.4043287872135395
final_joint_baseline_30mer,hs_quadratic,2,53,345.922,train,0.0669654260296634,0.0674446709204094,0.0022130580430693002,0.0535517820721796,0.052928265845287266,0.010256020464503919,5.420805380731725,5.467418063581295,5.551333333333334,1.3307693450260425,1.386811330200702,1.3789369237549565
final_joint_baseline_30mer,hs_quadratic,2,54,347.305,train,0.0662307648695777,0.07250331669971612,0.0034462241144850502,0.05286281238720976,0.056790726446660604,0.00857508423428523,5.455972347096387,5.520428104454173,5.440666666666667,1.3296127304653613,1.3840862251761243,1.3828498590918008
final_joint_baseline_30mer,hs_quadratic,2,55,348.693,train,0.06779781356758321,0.07521112853675395,0.0018804067198085641,0.05244913108586878,0.05760538511086269,0.010154292372259056,5.529657710307305,5.573182503747576,5.5473333333333334,1.3272872473009774,1.381380920359844,1.3803548186025107
final_joint_baseline_30mer,hs_quadratic,2,56,350.086,train,0.06951898982066369,0.06907309164272288,0.002725126834564578,0.05214125167933162,0.06181605533351338,0.00830940796273937,5.55811461143002,5.625650043709507,5.7973333333333334,1.3251929199481436,1.378696900351153,1.3708064233197321
final_joint_baseline_30mer,hs_quadratic,2,57,351.486,train,0.06691610328061864,0.06812983447612939,0.0023005134219166467,0.050553019288807566,0.05103750148667984,0.008152030752514179,5.524239516333541,5.677873117438482,5.743333333333334,1.3267302453454364,1.3760318832266563,1.3715206062953853
final_joint_baseline_30mer,hs_quadratic,2,58,352.891,train,0.06839690733488568,0.07271072098667998,0.0022949941078539574,0.051066297300387635,0.05030275554570879,0.008891230049931564,5.597728058648593,5.729743495616401,5.804,1.324656527064957,1.3733912675633613,1.364360878996839
final_joint_baseline_30mer,hs_quadratic,2,59,354.301,train,0.06757957803305883,0.06276049402263302,0.002094330994620752,0.05046892640921968,0.05241586507487542,0.007423461599017949,5.6865059536159706,5.781228066094748,5.8533333333333335,1.3203266723635592,1.3707765896310977,1.3698414587968641
final_joint_baseline_30mer,hs_quadratic,2,60,355.717,train,0.07117645587077737,0.07703865557394972,0.004207671968023881,0.05079733879636679,0.055571216111277105,0.008370367568209407,5.7300068296562685,5.832329053949051,5.766000000000001,1.3184264601922309,1.3681875829179793,1.3726512830288122
final_joint_baseline_30mer,hs_quadratic,2,61,357.139,train,0.07077604294667006,0.06504780425630986,0.0034332154624385014,0.05027947400262707,0.05912319032485096,0.006909901706582922,5.821185622564954,5.883010945554976,5.949333333333334,1.3154275616635978,1.3656258888281125,1.3682468693966818
final_joint_baseline_30mer,hs_quadratic,2,62,358.567,train,0.07045053301683915,0.07192543651163834,0.0031215750425665763,0.04949742515972115,0.055592560870910884,0.011315554262688836,5.787977355510985,5.933237636735983,5.786666666666667,1.3170019276909346,1.36309316332048,1.3707135366077075
final_joint_baseline_30mer,hs_quadratic,2,63,360.0,train,0.0711617988227482,0.0668420909987133,0.002442221862155309,0.04944787576125946,0.05494378237362155,0.00618011492270308,5.94692838370565,5.982938038976869,5.917333333333334,1.3119173353397782,1.3605928053025143,1.3678664877083775
final_joint_baseline_30mer,hs_quadratic,3,0,280.0,train,0.07921740600138655,0.08191993719186906,0.002839454825694165,0.09707829151163534,0.10646834482874803,0.005874517349672977,2.543307513198239,2.8575358159320574,2.7560000000000002,1.449054280304736,1.5295960377944064,1.529296981492056
final_joint_baseline_30mer,hs_quadratic,3,1,281.119,train,0.08067616477725528,0.08052843752443174,0.0016478672417947061,0.0976510046037224,0.10710845733341356,0.007568471521066154,2.607172003596376,2.8978744861733783,2.8986666666666667,1.4453908784431424,1.5272549393927002,1.5359648924753875
final_joint_baseline_30mer,hs_quadratic,3,2,282.243,train,0.08086358873914495,0.08307414834458746,0.0008730688309266836,0.09809710508701122,0.11260975679585516,0.007554513331209179,2.6356502293842357,2.938655606819929,2.95,1.44503021967693,1.524892678776765,1.5345017417198483
final_joint_baseline_30mer,hs_quadratic,3,3,283.371,train,0.07834228470847523,0.07708831672011274,0.001088036500102815,0.09741804443736436,0.10691354986589736,0.00863073098538521,2.7111095741983076,2.9798420440601947,2.9386666666666668,1.4426351112681035,1.5225115324794978,1.5385277626953067
final_joint_baseline_30mer,hs_quadratic,3,4,284.504,train,0.07792479937374765,0.07989178829453461,0.0011384728704263844,0.09563811030015784,0.09182902010310423,0.008677693079881456,2.759010247366115,3.021469207282032,3.0120000000000005,1.4411339909979206,1.5201095795377872,1.5207064080034665
final_joint_baseline_30mer,hs_quadratic,3,5,285.641,train,0.07787667820917883,0.0756897413363859,0.002163491385019896,0.09492582395319446,0.11003141659681279,0.009244883600655715,2.779320982317818,3.063498993961594,3.001333333333333,1.4388363579313135,1.5176891451749017,1.5299021767857197
final_joint_baseline_30mer,hs_quadratic,3,6,286.783,train,0.07765564751739736,0.07831700968112434,0.0007831184743800921,0.09545705055101013,0.0875162428494315,0.007666199541492529,2.848500789588953,3.105966733916766,3.0793333333333335,1.436106212846229,1.515248321909125,1.505460895120053
final_joint_baseline_30mer,hs_quadratic,3,7,287.929,train,0.07829656541907412,0.07755121203740352,0.002582096684315756,0.09345231677304347,0.09471779409289216,0.009550428386272992,2.858525687576366,3.1488333236769606,3.142,1.4361933836522713,1.5127894845783145,1.5140526553736615
final_joint_baseline_30mer,hs_quadratic,3,8,289.08,train,0.07826750600846741,0.08330258292661077,0.0012573869820323058,0.09186166580160893,0.09142200150072323,0.007098024642005056,2.931267722525763,3.192133955232804,3.2026666666666666,1.4333961198315444,1.510310742192538,1.5015772706211654
final_joint_baseline_30mer,hs_quadratic,3,9,290.235,train,0.07892323357307501,0.08492589697986516,0.001674908186996408,0.09104083363948076,0.09159654583843202,0.0065880712225142735,2.993197143647555,3.235828491255181,3.2366666666666664,1.430608882046017,1.5078145200854576,1.5117464751608212
final_joint_baseline_30mer,hs_quadratic,3,10,291.395,train,0.07795329582962726,0.08077232646452108,0.0022913522751436574,0.08876025584305132,0.09219940517570807,0.008060425456843403,2.9908893249878963,3.2799519236596026,3.216,1.4303011384655804,1.5052989469001883,1.5093396309715066
final_joint_baseline_30mer,hs_quadratic,3,11,292.56,train,0.0765718497158242,0.07880713139032051,0.001942580930157737,0.08662304295235745,0.1052839038302068,0.009448038351321658,3.0821580272955718,3.3245013873337492,3.3033333333333337,1.4258314762733413,1.5027643202347625,1.5186668925337157
final_joint_baseline_30mer,hs_quadratic,3,12,293.729,train,0.07237366889557376,0.0759365181905897,0.0017093430416860109,0.08516406169396638,0.08711878685335347,0.008720797967195146,3.150122904995735,3.369435124391658,3.2333333333333334,1.4235853658876223,1.5002131431969075,1.505365649086678
final_joint_baseline_30mer,hs_quadratic,3,13,294.903,train,0.07167598818583751,0.07992520248797735,0.001970085368460342,0.08521743639318827,0.09731318684694322,0.008067695097482851,3.19203235585679,3.4147876938703536,3.3480000000000003,1.4218773193909557,1.497643580561759,1.505604024114656
final_joint_baseline_30mer,hs_quadratic,3,14,296.082,train,0.07138368806143033,0.07296993970527053,0.0017824262807990638,0.08567191534231311,0.0903299398401701,0.009089338887034774,3.262342658551767,3.4605551299775494,3.4879999999999995,1.419300628344623,1.49505599028722,1.486825243128874
final_joint_baseline_30mer,hs_quadratic,3,15,297.266,train,0.07334373101201369,0.08480458490849341,0.0022286109158676216,0.0859085680942348,0.09388660081599279,0.007663949524910484,3.298642857966203,3.506733066695283,3.51,1.4171639688431672,1.4924507519137933,1.4954498801326495
final_joint_baseline_30mer,hs_quadratic,3,16,298.454,train,0.07371374396306053,0.07995338713986942,0.002539761331433542,0.08351820589212164,0.08730836384155997,0.008929456302390816,3.3203087177536483,3.553277457318279,3.4859999999999998,1.415355383493526,1.4898304752521245,1.4982835846511824
final_joint_baseline_30mer,hs_quadratic,3,17,299.647,train,0.07384241817588443,0.07013460797032353,0.0022730387462154924,0.08356480966152707,0.08447140258856121,0.008977082531639577,3.3892846439357265,3.6002220188120937,3.5726666666666667,1.4117220597375317,1.487193385911269,1.4896262679694525
final_joint_baseline_30mer,hs_quadratic,3,18,300.845,train,0.07324003592037226,0.07206429165908464,0.002088826910116885,0.0817887062016575,0.08306288711311426,0.006445148676589187,3.41430049334901,3.647561112096395,3.669333333333333,1.4126422269680852,1.4845399303567293,1.4847240918925206
final_joint_baseline_30mer,hs_quadratic,3,19,302.047,train,0.07356292568882557,0.07544442737780177,0.001661144101211713,0.0811980343753115,0.07927135406550825,0.007071965680027885,3.484319022753994,3.6952488868165947,3.7046666666666668,1.4088618546958285,1.4818727996246008,1.474714512195212
final_joint_baseline_30mer,hs_quadratic,3,20,303.254,train,0.07179268388609159,0.0812122115193123,0.003697001249946162,0.0812600981519743,0.0785872231633472,0.010055849425037188,3.5339085229499503,3.7433182210362803,3.794666666666667,1.4064592267606022,1.4791902742503833,1.4715015440238148
final_joint_baseline_30mer,hs_quadratic,3,21,304.467,train,0.07278665086864057,0.07437204850099968,0.002292131959992193,0.0799707584064574,0.0942437010834738,0.006922352686841373,3.6290352606219884,3.7918021083116233,3.7986666666666666,1.4036600134330308,1.4764906453932263,1.488527306253364
final_joint_baseline_30mer,hs_quadratic,3,22,305.683,train,0.0746649727749117,0.07394941380738308,0.003530608529191839,0.07677596767158404,0.08787843158875942,0.008668012789582735,3.686256109228393,3.8405728748385517,3.856,1.400209664819432,1.4737811374918053,1.4736785240109118
final_joint_baseline_30mer,hs_quadratic,3,23,306.905,train,0.07458247318304732,0.07258700828146289,0.0015678457180628934,0.07700248901216204,0.09107066058268576,0.010180714921851273,3.728478369873435,3.8897425643871903,3.8666666666666667,1.3994710802263846,1.4710556390227105,1.4776892941363033
final_joint_baseline_30mer,hs_quadratic,3,24,308.132,train,0.07349097968175472,0.0776146789069825,0.0010424360636581945,0.0753991975478765,0.07984792014069927,0.00818222420530567,3.769594917813588,3.93926252129547,3.9873333333333334,1.3975494234797678,1.4683169727640166,1.4621903801706344
final_joint_baseline_30mer,hs_quadratic,3,25,309.364,train,0.07309271839085928,0.07758174139634078,0.0012428593337109012,0.07273117127797143,0.08094905095490201,0.006906675030553022,3.8070892984761517,3.989123574956438,3.96,1.3954718061855997,1.4655657613995698,1.4696993866365817
final_joint_baseline_30mer,hs_quadratic,3,26,310.6,train,0.07297279864031474,0.07554341356031434,0.0014713168219312464,0.07378650193026881,0.08560651601705033,0.008194240383015038,3.874953172188026,4.039275358851576,3.9593333333333343,1.3916619128096992,1.462804888787102,1.4706247663567675
final_joint_baseline_30mer,hs_quadratic,3,27,311.842,train,0.07307822864557813,0.0778044864918428,0.0017900297158989797,0.07353130652691907,0.08656016069905766,0.006913179523219525,3.890596399013302,4.089788704228113,4.017333333333333,1.392075765262666,1.4600305648435148,1.4665167663986671
final_joint_baseline_30mer,hs_quadratic,3,28,313.088,train,0.0732535725348682,0.07373434491784067,0.0018263477851201474,0.07222268828932155,0.0863061673690145,0.008456138562580682,3.9656718998547618,4.140571359711948,4.099333333333334,1.3890153180179456,1.4572479618505285,1.4653552949316022
final_joint_baseline_30mer,hs_quadratic,3,29,314.34,train,0.07231972103201535,0.07326452119974823,0.002385577577767115,0.07165903193758791,0.0788508461153535,0.011631975754469132,3.9884460658874517,4.191693299135958,4.069333333333333,1.3875389843347845,1.4544533474382253,1.458417068177464
final_joint_baseline_30mer,hs_quadratic,3,30,315.596,train,0.07294900891680624,0.07000659503688497,0.0026146549042687815,0.07078830341323034,0.08023735396722742,0.00737898518187297,4.08785200106047,4.243060700664385,4.164000000000001,1.3844181023778879,1.4516519480530712,1.459150803073081
final_joint_baseline_30mer,hs_quadratic,3,31,316.858,train,0.07110753316653265,0.07708026185778205,0.003508194451611565,0.0687127025047797,0.06342535968123134,0.011311568739345874,4.162689040274801,4.294742541849218,4.390666666666666,1.3802637032924852,1.4488400951015246,1.439116958420597
final_joint_baseline_30mer,hs_quadratic,3,32,318.124,train,0.06985567975019025,0.07264869629363102,0.002088833186152252,0.06772950945774386,0.07073263597825669,0.008251875532582355,4.1928993187634,4.346643454655641,4.459333333333333,1.3784509404281768,1.4460230656769004,1.4314931210831687
final_joint_baseline_30mer,hs_quadratic,3,33,319.396,train,0.06912687358222877,0.06574243116815157,0.0018414692464276202,0.06762206570806574,0.07685048149934025,0.005230629392299456,4.283916015399866,4.398831278831331,4.354666666666667,1.3766030864406693,1.4431972609901762,1.4453198921066135
final_joint_baseline_30mer,hs_quadratic,3,34,320.672,train,0.07022618511424353,0.06897694211824668,0.0019516094607239355,0.06670078185162391,0.07636703879333277,0.007910646210045858,4.286059576503677,4.451209134815098,4.426000000000001,1.374854657302226,1.4403680046915621,1.4401483816709142
final_joint_baseline_30mer,hs_quadratic,3,35,321.954,train,0.06873963827699697,0.0705459977259798,0.0014141232402477498,0.06465369732131361,0.07273430156156188,0.01122414164057049,4.3263572861193715,4.503843581439831,4.472666666666667,1.3732220845705354,1.4375317737401103,1.440212059602978
final_joint_baseline_30mer,hs_quadratic,3,36,323.241,train,0.06954869296352734,0.06683595132802694,0.0019994193489953557,0.06452482103974663,0.07180715579693737,0.008115394814064737,4.395032073449062,4.556677319321843,4.586666666666666,1.3700644404845734,1.4346917299649453,1.4339736247203545
final_joint_baseline_30mer,hs_quadratic,3,37,324.533,train,0.07006190121631808,0.06562272491436132,0.0032057709283016805,0.06548689563146463,0.07658851367197829,0.007097242214056072,4.451483072826613,4.609693368027169,4.566,1.3685460531537683,1.4318488459199232,1.4407203962107067
final_joint_baseline_30mer,hs_quadratic,3,38,325.83,train,0.07008451187344988,0.07282346136060858,0.0014309939544992338,0.06381940829290006,0.06655351402734418,0.007313931647432782,4.488311634045692,4.662874016277009,4.779333333333334,1.3668881368331007,1.429004124400158,1.4193971991863639
final_joint_baseline_30mer,hs_quadratic,3,39,327.132,train,0.0694018271987499,0.07275929791489769,0.002234512510662679,0.06443628649248247,0.06181020748191337,0.006925335937564508,4.575185294049842,4.716200813546479,4.679333333333333,1.3636341314088298,1.4261585983707348,1.4273385529628504
final_joint_baseline_30mer,hs_quadratic,3,40,328.44,train,0.06892273886078376,0.07646695284645297,0.002128025202340053,0.06364754632748075,0.062384555241668624,0.007996109348397628,4.6199888477764715,4.769695426210099,4.782,1.3595889047067131,1.4233111584231026,1.4193344651419986
final_joint_baseline_30mer,hs_quadratic,3,41,329.753,train,0.06632489548923506,0.06943978093528229,0.003520573472060766,0.06222403722472361,0.0698212205288714,0.006573755772261631,4.7220001383221515,4.82329687770315,4.843999999999999,1.355891525725832,1.4204650892474064,1.4245828832968666
final_joint_baseline_30mer,hs_quadratic,3,42,331.071,train,0.06624034531213095,0.07267724633780001,0.0024859169507352777,0.06132055301182383,0.06146737924879421,0.008009940220862788,4.730136074417318,4.876984415322738,4.835333333333333,1.3539478674019714,1.4176215156284377,1.4151494540566056
final_joint_baseline_30mer,hs_quadratic,3,43,332.394,train,0.06675211143021065,0.07602326789229553,0.0017938134555676249,0.06012559822405554,0.06317065521205889,0.0066479697185423126,4.787296262996519,4.9307365244483705,4.923333333333334,1.352011450103533,1.414781591647249,1.421752605646131
final_joint_baseline_30mer,hs_quadratic,3,44,333.723,train,0.06748481201692638,0.06596678245494493,0.0025212322822423584,0.06036653054249836,0.06129918500995109,0.007621258081378315,4.863467102381446,4.984571368723325,4.946666666666667,1.3487861302799726,1.4119443715515771,1.4054262710545886
final_joint_baseline_30mer,hs_quadratic,3,45,335.057,train,0.06591194335138945,0.06669599919094361,0.001572673117950565,0.05873547282228622,0.06933251628802192,0.006655180166132937,4.941125048989096,5.038425172751871,5.092666666666667,1.3481898596865658,1.4091132213723587,1.4152252632310722
final_joint_baseline_30mer,hs_quadratic,3,46,336.396,train,0.06608093303780556,0.07408574239423471,0.004092913075664524,0.05921513583361063,0.05968698153311916,0.007574241421812842,5.020747746501602,5.092274081875575,5.0166666666666675,1.3457309745538302,1.4062893828704421,1.405775876616082
final_joint_baseline_30mer,hs_quadratic,3,47,337.741,train,0.06797205586783031,0.06963410291165664,0.0017015906555291887,0.05771888899159102,0.05722008486465875,0.009131275646190744,5.0435716220577715,5.146133434005149,5.0986666666666665,1.344476049147996,1.4034720377968726,1.3988829160216323
final_joint_baseline_30mer,hs_quadratic,3,48,339.091,train,0.06524306952644986,0.07117754452190854,0.0019048708209965413,0.056654044023118605,0.07298195990982624,0.009671785913305723,5.122854133526984,5.199937511060824,5.120666666666667,1.341662910771536,1.4006646000868588,1.4091478618893565
final_joint_baseline_30mer,hs_quadratic,3,49,340.446,train,0.06582488277941806,0.07490344182164445,0.002982581483622492,0.055228422538606256,0.05283767892781219,0.007150136424976297,5.218590209096986,5.253660142018348,5.178,1.3391828595644897,1.3978683937415004,1.4005234235860078
final_joint_baseline_30mer,hs_quadratic,3,50,341.807,train,0.06771496936104021,0.0650957845832218,0.0030299563767458176,0.055952264814152455,0.058415213487467026,0.008632039658826302,5.271444256172626,5.307313719668425,5.3293333333333335,1.3372135791506745,1.3950827296512305,1.3887917552449356
final_joint_baseline_30mer,hs_quadratic,3,51,343.173,train,0.06674039715724195,0.07654289073731999,0.002919200664519465,0.05375276583736617,0.056971131934029584,0.005861050167008882,5.3073408718906325,5.360830794833573,5.412,1.3364304344011837,1.3923110552079114,1.3928998229757465
final_joint_baseline_30mer,hs_quadratic,3,52,344.545,train,0.06668711050767992,0.07867663372889276,0.002967783955220157,0.05304787657864894,0.05639201142980723,0.007274619389523839,5.368419899946977,5.414221733575836,5.400000000000001,1.3327784510796787,1.389552768268374,1.3864383953391006
final_joint_baseline_30mer,hs_quadratic,3,53,345.922,train,0.0669654260296634,0.06912611281873828,0.004225978708191009,0.0535517820721796,0.05982350686715135,0.007490136224882765,5.420805380731725,5.467418063581295,5.526666666666666,1.3307693450260425,1.3868113302007021,1.3876477832721943
final_joint_baseline_30mer,hs_quadratic,3,54,347.305,train,0.0662307648695777,0.0783266310416507,0.002663017786508906,0.05286281238720979,0.05383609415728977,0.00642381726760392,5.455972347096387,5.520428104454173,5.578666666666667,1.3296127304653615,1.3840862251761246,1.378114692805458
final_joint_baseline_30mer,hs_quadratic,3,55,348.693,train,0.06779781356758321,0.06821463555325619,0.0013860561609654117,0.052449131085868794,0.05292760589986822,0.0071260972899754756,5.529657710307305,5.573182503747576,5.5440000000000005,1.3272872473009774,1.3813809203598442,1.3804388263906782
final_joint_baseline_30mer,hs_quadratic,3,56,350.086,train,0.06951898982066369,0.0707756688885959,0.0031531464817759714,0.052141251679331625,0.0516435422299239,0.010147474910650139,5.55811461143002,5.625650043709507,5.728,1.3251929199481436,1.3786969003511529,1.370841007675087
final_joint_baseline_30mer,hs_quadratic,3,57,351.486,train,0.06691610328061864,0.06313878602128245,0.003067572131899772,0.05055301928880754,0.051233589547260434,0.006221922266494652,5.524239516333541,5.677873117438482,5.636,1.3267302453454366,1.3760318832266563,1.3714006848563847
final_joint_baseline_30mer,hs_quadratic,3,58,352.891,train,0.06839690733488568,0.06733207167980113,0.0027533470038196848,0.051066297300387635,0.06084610912671998,0.00800191315304164,5.597728058648593,5.729743495616401,5.584666666666667,1.324656527064957,1.3733912675633613,1.38804456739464
final_joint_baseline_30mer,hs_quadratic,3,59,354.301,train,0.06757957803305883,0.06965528830856964,0.0029755768730297056,0.050468926409219704,0.05366360793697084,0.006927984982247703,5.6865059536159706,5.781228066094748,5.6466666666666665,1.3203266723635592,1.3707765896310977,1.3664641090212737
final_joint_baseline_30mer,hs_quadratic,3,60,355.717,train,0.07117645587077737,0.07853136273926872,0.002930302990224372,0.05079733879636679,0.048749654401281234,0.006478622257950053,5.7300068296562685,5.832329053949051,5.944000000000001,1.318426460192231,1.3681875829179793,1.3683113544740952
final_joint_baseline_30mer,hs_quadratic,3,61,357.139,train,0.07077604294667006,0.07413369521770496,0.002797832562333612,0.05027947400262707,0.04929782774468828,0.007935794702290479,5.821185622564954,5.883010945554976,5.816,1.315427561663598,1.3656258888281125,1.3611963527916904
final_joint_baseline_30mer,hs_quadratic,3,62,358.567,train,0.07045053301683915,0.08068176494554656,0.0020900556168991957,0.049497425159721165,0.05238618093829414,0.00562311375168951,5.787977355510985,5.933237636735983,6.036666666666667,1.3170019276909346,1.3630931633204797,1.3631069464464405
final_joint_baseline_30mer,hs_quadratic,3,63,360.0,train,0.0711617988227482,0.06815327323176412,0.002737112335209569,0.04944787576125946,0.05622829200247219,0.006594860545561754,5.94692838370565,5.982938038976869,5.891333333333334,1.3119173353397784,1.360592805302514,1.35692990521621
final_joint_baseline_30mer,hs_quadratic,4,0,280.0,train,0.07921740600138655,0.08406407468216909,0.0028817718365404064,0.09707829151163534,0.10433016472101848,0.009599744565421554,2.543307513198239,2.8575358159320574,2.873333333333333,1.4490542803047362,1.5295960377944064,1.5221034287875557
final_joint_baseline_30mer,hs_quadratic,4,1,281.119,train,0.08067616477725528,0.08261206923250405,0.0012137630746410788,0.09765100460372235,0.10807349676816849,0.00718745806324847,2.607172003596376,2.8978744861733783,2.9366666666666665,1.4453908784431428,1.5272549393927002,1.5285427653587456
final_joint_baseline_30mer,hs_quadratic,4,2,282.243,train,0.08086358873914495,0.0808249145013266,0.0004961579206692942,0.09809710508701125,0.11252031729219583,0.00866150596159505,2.6356502293842357,2.938655606819929,2.9026666666666667,1.4450302196769296,1.524892678776765,1.5341916452157194
final_joint_baseline_30mer,hs_quadratic,4,3,283.371,train,0.07834228470847523,0.08212559513211673,0.002400987143458175,0.09741804443736436,0.09665419912860759,0.011593139788566553,2.7111095741983076,2.9798420440601947,3.002,1.4426351112681033,1.522511532479498,1.5004758575650632
final_joint_baseline_30mer,hs_quadratic,4,4,284.504,train,0.07792479937374765,0.07788420608809216,0.0016809191655074872,0.09563811030015784,0.09799134225349485,0.009725417823359214,2.759010247366115,3.021469207282032,3.008,1.4411339909979202,1.5201095795377872,1.5152273980267386
final_joint_baseline_30mer,hs_quadratic,4,5,285.641,train,0.07787667820917883,0.07466314250319778,0.002096580381184034,0.09492582395319449,0.10042904416302476,0.008796519941594697,2.779320982317818,3.063498993961594,3.108,1.4388363579313137,1.5176891451749017,1.5087943454084405
final_joint_baseline_30mer,hs_quadratic,4,6,286.783,train,0.07765564751739736,0.08519335240651894,0.0028634720601524166,0.09545705055101013,0.09465484281963496,0.008944519168895475,2.848500789588953,3.105966733916766,3.1580000000000004,1.436106212846229,1.515248321909125,1.503903593445098
final_joint_baseline_30mer,hs_quadratic,4,7,287.929,train,0.07829656541907412,0.08364091705388668,0.002007380253929985,0.09345231677304344,0.09924049833157117,0.006340610898153519,2.858525687576366,3.1488333236769606,3.1873333333333336,1.4361933836522711,1.5127894845783145,1.5098607490719922
final_joint_baseline_30mer,hs_quadratic,4,8,289.08,train,0.07826750600846741,0.08011642713599318,0.0010245106013951808,0.09186166580160893,0.09130098514820359,0.007226916839416918,2.931267722525763,3.192133955232804,3.2193333333333336,1.4333961198315441,1.5103107421925377,1.5062261957878844
final_joint_baseline_30mer,hs_quadratic,4,9,290.235,train,0.07892323357307501,0.08914416070626452,0.002410504314233723,0.09104083363948073,0.0892122371913562,0.00633641869329273,2.993197143647555,3.235828491255181,3.324666666666667,1.430608882046017,1.5078145200854578,1.5064313859658345
final_joint_baseline_30mer,hs_quadratic,4,10,291.395,train,0.07795329582962726,0.08380679737077924,0.001647010668762233,0.08876025584305132,0.09948905573049167,0.0067866969782660064,2.9908893249878963,3.2799519236596026,3.364,1.4303011384655808,1.5052989469001883,1.5101082204006349
final_joint_baseline_30mer,hs_quadratic,4,11,292.56,train,0.0765718497158242,0.07658162049633463,0.0011846391399831947,0.08662304295235744,0.09152194261228751,0.006342471806983144,3.0821580272955718,3.3245013873337492,3.3513333333333337,1.4258314762733413,1.5027643202347627,1.5013225479875303
final_joint_baseline_30mer,hs_quadratic,4,12,293.729,train,0.07237366889557376,0.07085151914612915,0.0016587708635712128,0.08516406169396638,0.0972589621118585,0.009126889565925552,3.150122904995735,3.369435124391658,3.2800000000000002,1.423585365887622,1.5002131431969077,1.5074730852753744
final_joint_baseline_30mer,hs_quadratic,4,13,294.903,train,0.07167598818583751,0.07407764314561677,0.0008378983560874044,0.08521743639318827,0.08538723202655063,0.00797875619243997,3.19203235585679,3.4147876938703536,3.521333333333333,1.4218773193909555,1.4976435805617587,1.4873022074887845
final_joint_baseline_30mer,hs_quadratic,4,14,296.082,train,0.07138368806143033,0.0737709530715897,0.001295886187523794,0.08567191534231311,0.08988104604419564,0.008829845098433844,3.262342658551767,3.4605551299775494,3.4333333333333336,1.419300628344623,1.4950559902872202,1.4876501536404443
final_joint_baseline_30mer,hs_quadratic,4,15,297.266,train,0.07334373101201369,0.08163135770321157,0.002774796041348183,0.0859085680942348,0.0922969525611245,0.009287419177156218,3.298642857966203,3.506733066695283,3.536,1.4171639688431674,1.4924507519137933,1.493353834457112
final_joint_baseline_30mer,hs_quadratic,4,16,298.454,train,0.07371374396306053,0.07501885084396737,0.0021765033082049934,0.08351820589212164,0.08676100249337759,0.007379576987484539,3.3203087177536483,3.553277457318279,3.5393333333333334,1.4153553834935257,1.4898304752521245,1.4918740874152976
final_joint_baseline_30mer,hs_quadratic,4,17,299.647,train,0.07384241817588443,0.07684437462674931,0.0018073338381094273,0.08356480966152707,0.08707828616376628,0.008644418063623666,3.3892846439357265,3.6002220188120937,3.575333333333333,1.4117220597375317,1.487193385911269,1.4905204686985354
final_joint_baseline_30mer,hs_quadratic,4,18,300.845,train,0.07324003592037226,0.07651273710470174,0.0015152903690614256,0.0817887062016575,0.09290157587460865,0.011078274423107281,3.41430049334901,3.647561112096395,3.609333333333333,1.4126422269680854,1.4845399303567295,1.4776516808216034
final_joint_baseline_30mer,hs_quadratic,4,19,302.047,train,0.07356292568882557,0.07360385752424087,0.0015094700666793872,0.0811980343753115,0.08306313387068551,0.008649523827830515,3.484319022753994,3.6952488868165947,3.7600000000000002,1.4088618546958285,1.4818727996246004,1.4816485538561865
final_joint_baseline_30mer,hs_quadratic,4,20,303.254,train,0.07179268388609159,0.0736333734140724,0.002090151382672408,0.0812600981519743,0.08104936567228825,0.010951107721077508,3.5339085229499503,3.7433182210362803,3.7633333333333336,1.406459226760602,1.4791902742503835,1.4698599994526538
final_joint_baseline_30mer,hs_quadratic,4,21,304.467,train,0.07278665086864057,0.07254243210364664,0.0019739899959022762,0.07997075840645738,0.08295629555527448,0.006223151234747519,3.6290352606219884,3.7918021083116233,3.8613333333333335,1.4036600134330308,1.4764906453932263,1.4667971851597619
final_joint_baseline_30mer,hs_quadratic,4,22,305.683,train,0.0746649727749117,0.07683810065300928,0.001384935351326228,0.07677596767158405,0.08234277657658742,0.007009659675567227,3.686256109228393,3.8405728748385517,3.8473333333333333,1.4002096648194318,1.4737811374918053,1.4738296512745035
final_joint_baseline_30mer,hs_quadratic,4,23,306.905,train,0.07458247318304732,0.08545076642409041,0.002726401912853306,0.07700248901216204,0.0797294722483938,0.008359357256673729,3.728478369873435,3.8897425643871903,3.9099999999999997,1.3994710802263843,1.4710556390227105,1.467420770981796
final_joint_baseline_30mer,hs_quadratic,4,24,308.132,train,0.07349097968175472,0.07140263493515715,0.0018903136240273684,0.0753991975478765,0.08419200882106828,0.008247210953902616,3.769594917813588,3.93926252129547,3.8406666666666665,1.3975494234797674,1.4683169727640166,1.4717045574372345
final_joint_baseline_30mer,hs_quadratic,4,25,309.364,train,0.07309271839085928,0.07310701966860372,0.0023683400482246847,0.07273117127797143,0.07499800404741241,0.006700535442641576,3.8070892984761517,3.989123574956438,4.078,1.3954718061855997,1.4655657613995698,1.4580162281877633
final_joint_baseline_30mer,hs_quadratic,4,26,310.6,train,0.07297279864031474,0.0762105181787189,0.0015427246916168843,0.07378650193026881,0.07480359166775809,0.009541707443641446,3.874953172188026,4.039275358851576,4.1080000000000005,1.391661912809699,1.4628048887871017,1.4628468051850154
final_joint_baseline_30mer,hs_quadratic,4,27,311.842,train,0.07307822864557813,0.07137932201711489,0.0018286526915651594,0.07353130652691907,0.07271653790442832,0.007629299352991639,3.890596399013302,4.089788704228113,4.102666666666667,1.3920757652626659,1.460030564843515,1.4513852450077787
final_joint_baseline_30mer,hs_quadratic,4,28,313.088,train,0.0732535725348682,0.0762273980453986,0.0010078787481622182,0.07222268828932155,0.08006416319618563,0.008988522828095702,3.9656718998547618,4.140571359711948,4.231333333333334,1.3890153180179459,1.4572479618505283,1.4574735197316624
final_joint_baseline_30mer,hs_quadratic,4,29,314.34,train,0.07231972103201535,0.07373180574543019,0.0027872071081338143,0.07165903193758791,0.07163215276987948,0.008854395091340613,3.9884460658874517,4.191693299135958,4.108666666666666,1.3875389843347843,1.454453347438225,1.453377902663541
final_joint_baseline_30mer,hs_quadratic,4,30,315.596,train,0.07294900891680624,0.07480093508901894,0.0010273797534422525,0.07078830341323032,0.0773537586731807,0.008161334415471854,4.08785200106047,4.243060700664385,4.275333333333334,1.384418102377888,1.4516519480530714,1.4490917289201888
final_joint_baseline_30mer,hs_quadratic,4,31,316.858,train,0.07110753316653265,0.07058909981869385,0.001308091972945976,0.0687127025047797,0.0723949941047837,0.007140184109461002,4.162689040274801,4.294742541849218,4.219333333333333,1.3802637032924852,1.4488400951015246,1.4519120033475093
final_joint_baseline_30mer,hs_quadratic,4,32,318.124,train,0.06985567975019025,0.07186477373414589,0.0019628789944314694,0.06772950945774384,0.0757303406816082,0.008141078578540937,4.1928993187634,4.346643454655641,4.336666666666668,1.378450940428177,1.4460230656769002,1.4440529110453781
final_joint_baseline_30mer,hs_quadratic,4,33,319.396,train,0.06912687358222877,0.07610409543482048,0.00214909405276461,0.06762206570806573,0.06518475111302295,0.006519474276115548,4.283916015399866,4.398831278831331,4.413333333333334,1.3766030864406695,1.4431972609901762,1.4386407736074776
final_joint_baseline_30mer,hs_quadratic,4,34,320.672,train,0.07022618511424353,0.07302562258067698,0.0024141092924048375,0.06670078185162391,0.07240854588277382,0.007569884571804935,4.286059576503677,4.451209134815098,4.391333333333334,1.374854657302226,1.4403680046915621,1.4413033200069338
final_joint_baseline_30mer,hs_quadratic,4,35,321.954,train,0.06873963827699697,0.07481973411274531,0.0035851402536876,0.06465369732131361,0.0673972892356495,0.010514260970136639,4.3263572861193715,4.503843581439831,4.397333333333334,1.3732220845705354,1.43753177374011,1.4365778609855715
final_joint_baseline_30mer,hs_quadratic,4,36,323.241,train,0.06954869296352734,0.07421460787136741,0.003119372554117505,0.0645248210397466,0.06337611540357427,0.006333099047161409,4.395032073449062,4.556677319321843,4.577333333333334,1.3700644404845734,1.4346917299649453,1.4317027981430694
final_joint_baseline_30mer,hs_quadratic,4,37,324.533,train,0.07006190121631808,0.07364058802040858,0.002027534813253044,0.06548689563146463,0.07011879589346755,0.011066878114056922,4.451483072826613,4.609693368027169,4.653333333333333,1.3685460531537685,1.4318488459199232,1.4266255569590682
final_joint_baseline_30mer,hs_quadratic,4,38,325.83,train,0.07008451187344988,0.07349228972394459,0.0021060598802438535,0.06381940829290006,0.06895140278271847,0.009246572962686682,4.488311634045692,4.662874016277009,4.708666666666667,1.366888136833101,1.429004124400158,1.4297661087695928
final_joint_baseline_30mer,hs_quadratic,4,39,327.132,train,0.0694018271987499,0.07020101860402782,0.002250880499709005,0.06443628649248248,0.06485459788537555,0.007617570525043025,4.575185294049842,4.716200813546479,4.644,1.3636341314088298,1.4261585983707348,1.4255438645636656
final_joint_baseline_30mer,hs_quadratic,4,40,328.44,train,0.06892273886078376,0.07464770603396775,0.002777996289752856,0.06364754632748075,0.06651880584691226,0.006645163572901604,4.6199888477764715,4.769695426210099,4.776,1.3595889047067131,1.4233111584231026,1.4260656290992886
final_joint_baseline_30mer,hs_quadratic,4,41,329.753,train,0.06632489548923506,0.06302297570007925,0.0018565516152802015,0.062224037224723625,0.06449558668975588,0.009499781432007245,4.7220001383221515,4.82329687770315,4.8180000000000005,1.3558915257258317,1.4204650892474064,1.411938160078324
final_joint_baseline_30mer,hs_quadratic,4,42,331.071,train,0.06624034531213095,0.06296354627326878,0.0022298514335487877,0.06132055301182381,0.059458354301715644,0.008133811680454652,4.730136074417318,4.876984415322738,4.878,1.3539478674019712,1.4176215156284377,1.4179948536865725
final_joint_baseline_30mer,hs_quadratic,4,43,332.394,train,0.06675211143021065,0.06300946714275857,0.0037708216961434933,0.06012559822405554,0.0653016490833884,0.008265134256139341,4.787296262996519,4.9307365244483705,4.820666666666667,1.352011450103533,1.414781591647249,1.4186156850879352
final_joint_baseline_30mer,hs_quadratic,4,44,333.723,train,0.06748481201692638,0.06912347132037083,0.0024999534749758495,0.06036653054249836,0.0727590636217254,0.008998183342545475,4.863467102381446,4.984571368723325,5.002,1.3487861302799726,1.4119443715515771,1.4026881035452046
final_joint_baseline_30mer,hs_quadratic,4,45,335.057,train,0.06591194335138945,0.07896084904852943,0.0026442559757820596,0.05873547282228621,0.06075290837123931,0.007076230537236014,4.941125048989096,5.038425172751871,5.044,1.3481898596865658,1.4091132213723587,1.4083298262973274
final_joint_baseline_30mer,hs_quadratic,4,46,336.396,train,0.06608093303780556,0.06952737874723683,0.0026740195139288297,0.05921513583361063,0.06858028816721204,0.00805751294447178,5.020747746501602,5.092274081875575,5.032,1.3457309745538302,1.4062893828704421,1.4074973612264108
final_joint_baseline_30mer,hs_quadratic,4,47,337.741,train,0.06797205586783031,0.0668256774450199,0.0017084002855033303,0.05771888899159103,0.06563786612577324,0.008437279980640061,5.0435716220577715,5.146133434005149,5.093999999999999,1.3444760491479961,1.4034720377968726,1.4101614766843498
final_joint_baseline_30mer,hs_quadratic,4,48,339.091,train,0.06524306952644986,0.06415536042480229,0.002288036054620788,0.05665404402311864,0.06267408550147914,0.011427416499684097,5.122854133526984,5.199937511060824,5.301333333333334,1.341662910771536,1.400664600086859,1.395026191144354
final_joint_baseline_30mer,hs_quadratic,4,49,340.446,train,0.06582488277941806,0.06450237636414047,0.0031162445442769913,0.05522842253860626,0.06301213231337999,0.009721729601992931,5.218590209096986,5.253660142018348,5.188,1.3391828595644897,1.3978683937415002,1.3955792811922985
final_joint_baseline_30mer,hs_quadratic,4,50,341.807,train,0.06771496936104021,0.07414106108956642,0.0032039885307955226,0.05595226481415243,0.06348566123952998,0.008528703529667517,5.271444256172626,5.307313719668425,5.455333333333334,1.3372135791506743,1.3950827296512305,1.3973138127546476
final_joint_baseline_30mer,hs_quadratic,4,51,343.173,train,0.06674039715724195,0.07260165543941421,0.002276357839368507,0.05375276583736619,0.06157513863631794,0.007899750997116867,5.3073408718906325,5.360830794833573,5.326666666666668,1.3364304344011835,1.3923110552079117,1.3984683211509255
final_joint_baseline_30mer,hs_quadratic,4,52,344.545,train,0.06668711050767992,0.06359088145403974,0.002146586493650847,0.05304787657864893,0.05568934584963992,0.00879809107402501,5.368419899946977,5.414221733575836,5.339333333333334,1.3327784510796787,1.389552768268374,1.3903911723425544
final_joint_baseline_30mer,hs_quadratic,4,53,345.922,train,0.0669654260296634,0.07382521047817517,0.003187234790613765,0.0535517820721796,0.055292796969597116,0.007481637421655567,5.420805380731725,5.467418063581295,5.519333333333333,1.3307693450260425,1.386811330200702,1.3825418647367698
final_joint_baseline_30mer,hs_quadratic,4,54,347.305,train,0.0662307648695777,0.06455125618558037,0.004190774015079194,0.05286281238720976,0.06426516821402986,0.0081033429233781,5.455972347096387,5.520428104454173,5.389333333333335,1.3296127304653613,1.3840862251761243,1.3989431815317697
final_joint_baseline_30mer,hs_quadratic,4,55,348.693,train,0.06779781356758321,0.06261242791316046,0.001464525830131339,0.05244913108586878,0.06421848262353475,0.007674574891515411,5.529657710307305,5.573182503747576,5.678,1.3272872473009774,1.381380920359844,1.3865110752810639
final_joint_baseline_30mer,hs_quadratic,4,56,350.086,train,0.06951898982066369,0.06579294274260816,0.004247895536105653,0.05214125167933162,0.06258030703722461,0.009573940842937096,5.55811461143002,5.625650043709507,5.446,1.3251929199481436,1.378696900351153,1.3957796021633495
final_joint_baseline_30mer,hs_quadratic,4,57,351.486,train,0.06691610328061864,0.070642923035778,0.0026307601652795017,0.050553019288807566,0.060288369567739676,0.01023606448401789,5.524239516333541,5.677873117438482,5.673333333333334,1.3267302453454364,1.3760318832266563,1.3680473931914277
final_joint_baseline_30mer,hs_quadratic,4,58,352.891,train,0.06839690733488568,0.06670973699259061,0.0015775146070226022,0.051066297300387635,0.056406480203945925,0.006615446770384595,5.597728058648593,5.729743495616401,5.589333333333333,1.324656527064957,1.3733912675633613,1.3799707574869515
final_joint_baseline_30mer,hs_quadratic,4,59,354.301,train,0.06757957803305883,0.07398556207195224,0.0023357159980966656,0.05046892640921968,0.05899874376995045,0.01077461216100658,5.6865059536159706,5.781228066094748,5.724,1.3203266723635592,1.3707765896310977,1.3743446484054194
final_joint_baseline_30mer,hs_quadratic,4,60,355.717,train,0.07117645587077737,0.06290187565200192,0.002282432622809119,0.05079733879636679,0.06051443894264365,0.007044784757715569,5.7300068296562685,5.832329053949051,5.792666666666666,1.3184264601922309,1.3681875829179793,1.372875480808855
final_joint_baseline_30mer,hs_quadratic,4,61,357.139,train,0.07077604294667006,0.07370695134146038,0.0011005896932362463,0.05027947400262707,0.05571707714367924,0.007264643072792889,5.821185622564954,5.883010945554976,5.9193333333333324,1.3154275616635978,1.3656258888281125,1.366529822262842
final_joint_baseline_30mer,hs_quadratic,4,62,358.567,train,0.07045053301683915,0.0722493192971904,0.0019428750332396853,0.04949742515972115,0.05656750702560191,0.007941056880717818,5.787977355510985,5.933237636735983,5.911333333333333,1.3170019276909346,1.36309316332048,1.3595946436214486
final_joint_baseline_30mer,hs_quadratic,4,63,360.0,train,0.0711617988227482,0.0800406769012103,0.0030497869908018816,0.04944787576125946,0.05228311770875783,0.006874306077586824,5.94692838370565,5.982938038976869,6.021333333333333,1.3119173353397782,1.3605928053025143,1.3582372023430584
final_joint_baseline_30mer,hs_quadratic,5,0,280.0,train,0.07921740600138655,0.08081474413587249,0.0010141787302765356,0.09707829151163534,0.10697261769358901,0.008409862321021037,2.543307513198239,2.8575358159320574,2.8113333333333337,1.4490542803047362,1.5295960377944064,1.5334412687798524
final_joint_baseline_30mer,hs_quadratic,5,1,281.119,train,0.08067616477725528,0.08117440199162723,0.0012400486130710315,0.09765100460372235,0.1106772103020455,0.011105309348632936,2.607172003596376,2.8978744861733783,2.9326666666666665,1.4453908784431428,1.5272549393927002,1.5324707434566034
final_joint_baseline_30mer,hs_quadratic,5,2,282.243,train,0.08086358873914495,0.08033928221102198,0.0018930221341437983,0.09809710508701125,0.10329876452876349,0.008754841019119584,2.6356502293842357,2.938655606819929,3.0120000000000005,1.4450302196769296,1.524892678776765,1.525744402242549
final_joint_baseline_30mer,hs_quadratic,5,3,283.371,train,0.07834228470847523,0.08119606371879545,0.0012383698390914162,0.09741804443736436,0.0930926467107491,0.006766634588866588,2.7111095741983076,2.9798420440601947,3.0266666666666664,1.4426351112681033,1.522511532479498,1.513850228576789
final_joint_baseline_30mer,hs_quadratic,5,4,284.504,train,0.07792479937374765,0.08666890957798339,0.0018893249398996119,0.09563811030015784,0.08834339960903165,0.007276798904612849,2.759010247366115,3.021469207282032,3.080666666666667,1.4411339909979202,1.5201095795377872,1.5078336797466085
final_joint_baseline_30mer,hs_quadratic,5,5,285.641,train,0.07787667820917883,0.08239909141319651,0.002698671297215038,0.09492582395319449,0.09867738083343068,0.007024677722524683,2.779320982317818,3.063498993961594,2.974,1.4388363579313137,1.5176891451749017,1.5203822043987112
final_joint_baseline_30mer,hs_quadratic,5,6,286.783,train,0.07765564751739736,0.07546454450558891,0.0009892537006561453,0.09545705055101013,0.10000405281862332,0.009384289693433003,2.848500789588953,3.105966733916766,3.0826666666666664,1.436106212846229,1.515248321909125,1.5211278018123129
final_joint_baseline_30mer,hs_quadratic,5,7,287.929,train,0.07829656541907412,0.07976987348154463,0.0031864683944270106,0.09345231677304344,0.09434619288339029,0.006208754707853422,2.858525687576366,3.1488333236769606,3.208666666666667,1.4361933836522711,1.5127894845783145,1.5068868765307406
final_joint_baseline_30mer,hs_quadratic,5,8,289.08,train,0.07826750600846741,0.07711541053590237,0.0017626310706779884,0.09186166580160893,0.098123146536446,0.007251723358187308,2.931267722525763,3.192133955232804,3.142666666666667,1.4333961198315441,1.5103107421925377,1.5053321865552483
final_joint_baseline_30mer,hs_quadratic,5,9,290.235,train,0.07892323357307501,0.08410029990138364,0.0016757650019025992,0.09104083363948073,0.0907229266300167,0.010066788553376664,2.993197143647555,3.235828491255181,3.198666666666667,1.430608882046017,1.5078145200854578,1.5017711135705147
final_joint_baseline_30mer,hs_quadratic,5,10,291.395,train,0.07795329582962726,0.08276428877730088,0.00218918664462475,0.08876025584305132,0.11468344939373748,0.009021887387957813,2.9908893249878963,3.2799519236596026,3.2766666666666664,1.4303011384655808,1.5052989469001883,1.513522697627856
final_joint_baseline_30mer,hs_quadratic,5,11,292.56,train,0.0765718497158242,0.08068428176379543,0.002448406563604627,0.08662304295235744,0.09686743104946358,0.010229683068819505,3.0821580272955718,3.3245013873337492,3.274,1.4258314762733413,1.5027643202347627,1.5068632821299446
final_joint_baseline_30mer,hs_quadratic,5,12,293.729,train,0.07237366889557376,0.0779275507953817,0.0012376483984615524,0.08516406169396638,0.09399871353567324,0.006825599666719601,3.150122904995735,3.369435124391658,3.3773333333333335,1.423585365887622,1.5002131431969077,1.5013154750395592
final_joint_baseline_30mer,hs_quadratic,5,13,294.903,train,0.07167598818583751,0.07929684582940114,0.0026732604140872456,0.08521743639318827,0.08273362313452659,0.00796365668643424,3.19203235585679,3.4147876938703536,3.3473333333333333,1.4218773193909555,1.4976435805617587,1.4880326124805319
final_joint_baseline_30mer,hs_quadratic,5,14,296.082,train,0.07138368806143033,0.08016837450734171,0.002251743732707416,0.08567191534231311,0.08616324300507319,0.006471724332497226,3.262342658551767,3.4605551299775494,3.3893333333333335,1.419300628344623,1.4950559902872202,1.4907085750550353
final_joint_baseline_30mer,hs_quadratic,5,15,297.266,train,0.07334373101201369,0.07829263486846678,0.0022538385211151716,0.0859085680942348,0.09403465138665194,0.009176278392629583,3.298642857966203,3.506733066695283,3.5246666666666666,1.4171639688431674,1.4924507519137933,1.5024210396992503
final_joint_baseline_30mer,hs_quadratic,5,16,298.454,train,0.07371374396306053,0.07542459513856997,0.0012431291493343053,0.08351820589212164,0.09513111981455503,0.00757036926533724,3.3203087177536483,3.553277457318279,3.576,1.4153553834935257,1.4898304752521245,1.493322339764663
final_joint_baseline_30mer,hs_quadratic,5,17,299.647,train,0.07384241817588443,0.07451684739677784,0.0017608613732345802,0.08356480966152707,0.09042736573409021,0.007422053099383147,3.3892846439357265,3.6002220188120937,3.5519999999999996,1.4117220597375317,1.487193385911269,1.4926370532442403
final_joint_baseline_30mer,hs_quadratic,5,18,300.845,train,0.07324003592037226,0.07744815304646624,0.001593625746081571,0.0817887062016575,0.08785490770969365,0.008994623349344883,3.41430049334901,3.647561112096395,3.655333333333333,1.4126422269680854,1.4845399303567295,1.491021640151604
final_joint_baseline_30mer,hs_quadratic,5,19,302.047,train,0.07356292568882557,0.07243800901689659,0.0014021271533341826,0.0811980343753115,0.08152034850952024,0.007267901627057734,3.484319022753994,3.6952488868165947,3.6733333333333333,1.4088618546958285,1.4818727996246004,1.4813998957273933
final_joint_baseline_30mer,hs_quadratic,5,20,303.254,train,0.07179268388609159,0.07576052813101855,0.004133166901828337,0.0812600981519743,0.089562264566771,0.008226946103361794,3.5339085229499503,3.7433182210362803,3.7286666666666672,1.406459226760602,1.4791902742503835,1.4830080043648595
final_joint_baseline_30mer,hs_quadratic,5,21,304.467,train,0.07278665086864057,0.07292335809759856,0.0020283788035542092,0.07997075840645738,0.08528033470496178,0.008655377374225642,3.6290352606219884,3.7918021083116233,3.784,1.4036600134330308,1.4764906453932263,1.47070733162509
final_joint_baseline_30mer,hs_quadratic,5,22,305.683,train,0.0746649727749117,0.07218799315408804,0.0018132566961371718,0.07677596767158405,0.07826067559669499,0.007874960337456986,3.686256109228393,3.8405728748385517,3.822,1.4002096648194318,1.4737811374918053,1.4735768979027748
final_joint_baseline_30mer,hs_quadratic,5,23,306.905,train,0.07458247318304732,0.07884995947743109,0.0021374070997876833,0.07700248901216204,0.07510555141066856,0.01002992280344088,3.728478369873435,3.8897425643871903,3.868666666666667,1.3994710802263843,1.4710556390227105,1.4601619210325516
final_joint_baseline_30mer,hs_quadratic,5,24,308.132,train,0.07349097968175472,0.06777855545020747,0.003028115315615556,0.0753991975478765,0.07742713792200484,0.00901107676781558,3.769594917813588,3.93926252129547,3.9826666666666664,1.3975494234797674,1.4683169727640166,1.4643283139062453
final_joint_baseline_30mer,hs_quadratic,5,25,309.364,train,0.07309271839085928,0.07183823816363502,0.0016419658850674755,0.07273117127797143,0.0777432036268554,0.00774534695363252,3.8070892984761517,3.989123574956438,4.036,1.3954718061855997,1.4655657613995698,1.462013583262193
final_joint_baseline_30mer,hs_quadratic,5,26,310.6,train,0.07297279864031474,0.07176084226679177,0.0010131387925853515,0.07378650193026881,0.08621278248348474,0.010983610967785759,3.874953172188026,4.039275358851576,3.949333333333334,1.391661912809699,1.4628048887871017,1.4743939257352487
final_joint_baseline_30mer,hs_quadratic,5,27,311.842,train,0.07307822864557813,0.07326956001364235,0.0025918690775363113,0.07353130652691907,0.07807414099163631,0.011287334474981679,3.890596399013302,4.089788704228113,4.155333333333333,1.3920757652626659,1.460030564843515,1.4658635368970294
final_joint_baseline_30mer,hs_quadratic,5,28,313.088,train,0.0732535725348682,0.07997098439001632,0.002024248116244842,0.07222268828932155,0.08871992884273233,0.008929356809791414,3.9656718998547618,4.140571359711948,4.177333333333333,1.3890153180179459,1.4572479618505283,1.4643654075423558
final_joint_baseline_30mer,hs_quadratic,5,29,314.34,train,0.07231972103201535,0.0702602027577198,0.0020859471492513256,0.07165903193758791,0.08339956849873637,0.007781520610580929,3.9884460658874517,4.191693299135958,4.147333333333333,1.3875389843347843,1.454453347438225,1.4624276574843744
final_joint_baseline_30mer,hs_quadratic,5,30,315.596,train,0.07294900891680624,0.07400197482694357,0.0027311122982214115,0.07078830341323032,0.07770830619911508,0.0075984460479309734,4.08785200106047,4.243060700664385,4.159333333333333,1.384418102377888,1.4516519480530714,1.4615365399084257
final_joint_baseline_30mer,hs_quadratic,5,31,316.858,train,0.07110753316653265,0.07010570669176523,0.0019720883876616227,0.0687127025047797,0.0744445416849346,0.010489666777337432,4.162689040274801,4.294742541849218,4.301333333333334,1.3802637032924852,1.4488400951015246,1.4555883956927418
final_joint_baseline_30mer,hs_quadratic,5,32,318.124,train,0.06985567975019025,0.06755769990837585,0.001885913128884355,0.06772950945774384,0.0718416670166821,0.010441056420849032,4.1928993187634,4.346643454655641,4.404,1.378450940428177,1.4460230656769002,1.4382965952709226
final_joint_baseline_30mer,hs_quadratic,5,33,319.396,train,0.06912687358222877,0.07475559301739329,0.0023903539942523797,0.06762206570806573,0.0652998269831571,0.008627867935654274,4.283916015399866,4.398831278831331,4.590666666666667,1.3766030864406695,1.4431972609901762,1.4370679470759562
final_joint_baseline_30mer,hs_quadratic,5,34,320.672,train,0.07022618511424353,0.07879100514719505,0.0021555469861313558,0.06670078185162391,0.06870632984993252,0.006143449340180977,4.286059576503677,4.451209134815098,4.459333333333333,1.374854657302226,1.4403680046915621,1.4337523101760932
final_joint_baseline_30mer,hs_quadratic,5,35,321.954,train,0.06873963827699697,0.06873435004214636,0.0024369374356937486,0.06465369732131361,0.07202414539764362,0.007911493623132464,4.3263572861193715,4.503843581439831,4.568666666666667,1.3732220845705354,1.43753177374011,1.4311924979040238
final_joint_baseline_30mer,hs_quadratic,5,36,323.241,train,0.06954869296352734,0.06922145987344239,0.0015214818238121243,0.0645248210397466,0.07242268931193918,0.009476698860137365,4.395032073449062,4.556677319321843,4.596666666666667,1.3700644404845734,1.4346917299649453,1.4325180811860934
final_joint_baseline_30mer,hs_quadratic,5,37,324.533,train,0.07006190121631808,0.07765166607083647,0.003035112761214164,0.06548689563146463,0.06922245925850136,0.007353915297485334,4.451483072826613,4.609693368027169,4.45,1.3685460531537685,1.4318488459199232,1.4263725323903405
final_joint_baseline_30mer,hs_quadratic,5,38,325.83,train,0.07008451187344988,0.06877535054168218,0.00291710429232988,0.06381940829290006,0.06688230042676152,0.009182193033404206,4.488311634045692,4.662874016277009,4.820666666666666,1.366888136833101,1.429004124400158,1.422363208676804
final_joint_baseline_30mer,hs_quadratic,5,39,327.132,train,0.0694018271987499,0.07448957689816314,0.00286148269744997,0.06443628649248248,0.06233832360538638,0.007037543429706099,4.575185294049842,4.716200813546479,4.709333333333334,1.3636341314088298,1.4261585983707348,1.42668840860649
final_joint_baseline_30mer,hs_quadratic,5,40,328.44,train,0.06892273886078376,0.06779360821015931,0.002379997435507832,0.06364754632748075,0.06966431244039256,0.007378061734498424,4.6199888477764715,4.769695426210099,4.772666666666667,1.3595889047067131,1.4233111584231026,1.4260181628116493
final_joint_baseline_30mer,hs_quadratic,5,41,329.753,train,0.06632489548923506,0.06450372117825633,0.0023466659995425615,0.062224037224723625,0.06504005815795334,0.008509966461321456,4.7220001383221515,4.82329687770315,4.768,1.3558915257258317,1.4204650892474064,1.4190928098223283
final_joint_baseline_30mer,hs_quadratic,5,42,331.071,train,0.06624034531213095,0.07075371752916546,0.0018559340457917624,0.06132055301182381,0.05604351341396001,0.00952736556083882,4.730136074417318,4.876984415322738,5.078666666666667,1.3539478674019712,1.4176215156284377,1.3996517395562917
final_joint_baseline_30mer,hs_quadratic,5,43,332.394,train,0.06675211143021065,0.07396974955945802,0.0020001014248644485,0.06012559822405554,0.06506367010391056,0.00793703650002688,4.787296262996519,4.9307365244483705,4.997333333333334,1.352011450103533,1.414781591647249,1.4120256609162933
final_joint_baseline_30mer,hs_quadratic,5,44,333.723,train,0.06748481201692638,0.06926994565069691,0.0018952040327105072,0.06036653054249836,0.06979697180804598,0.009829342108233656,4.863467102381446,4.984571368723325,4.958666666666666,1.3487861302799726,1.4119443715515771,1.4251746925957083
final_joint_baseline_30mer,hs_quadratic,5,45,335.057,train,0.06591194335138945,0.07012234667489135,0.003625415159229992,0.05873547282228621,0.07686786379885632,0.008649349826178983,4.941125048989096,5.038425172751871,5.016,1.3481898596865658,1.4091132213723587,1.4231965354784286
final_joint_baseline_30mer,hs_quadratic,5,46,336.396,train,0.06608093303780556,0.057903136343178285,0.002479420120204901,0.05921513583361063,0.06876759605527435,0.008350006094097554,5.020747746501602,5.092274081875575,5.013333333333334,1.3457309745538302,1.4062893828704421,1.413944804125904
final_joint_baseline_30mer,hs_quadratic,5,47,337.741,train,0.06797205586783031,0.06716842150943102,0.0035964069153861878,0.05771888899159103,0.07274056307794821,0.007611211835053192,5.0435716220577715,5.146133434005149,5.181333333333334,1.3444760491479961,1.4034720377968726,1.4109806706502126
final_joint_baseline_30mer,hs_quadratic,5,48,339.091,train,0.06524306952644986,0.06087170654443713,0.002682472716085387,0.05665404402311864,0.07009190706973095,0.008304782454120904,5.122854133526984,5.199937511060824,5.198,1.341662910771536,1.400664600086859,1.400133894590796
final_joint_baseline_30mer,hs_quadratic,5,49,340.446,train,0.06582488277941806,0.06648729039359304,0.002464557447920894,0.05522842253860626,0.05850907017182705,0.008792171550441777,5.218590209096986,5.253660142018348,5.264666666666667,1.3391828595644897,1.3978683937415002,1.3938731837354696
final_joint_baseline_30mer,hs_quadratic,5,50,341.807,train,0.06771496936104021,0.07720683571976615,0.0025905109958800684,0.05595226481415243,0.062389817102161606,0.009446691390459422,5.271444256172626,5.307313719668425,5.263333333333334,1.3372135791506743,1.3950827296512305,1.3844305164129884
final_joint_baseline_30mer,hs_quadratic,5,51,343.173,train,0.06674039715724195,0.08177503183992726,0.004278253544535504,0.05375276583736619,0.04802333873594911,0.0081459947136681,5.3073408718906325,5.360830794833573,5.511333333333333,1.3364304344011835,1.3923110552079117,1.3837883608657053
final_joint_baseline_30mer,hs_quadratic,5,52,344.545,train,0.06668711050767992,0.06642879908414073,0.001652586708941131,0.05304787657864893,0.0584112261226079,0.007572325861064991,5.368419899946977,5.414221733575836,5.437333333333333,1.3327784510796787,1.389552768268374,1.3915695142302442
final_joint_baseline_30mer,hs_quadratic,5,53,345.922,train,0.0669654260296634,0.06668255317641478,0.002155530498489662,0.0535517820721796,0.06001015222624159,0.00915929490175528,5.420805380731725,5.467418063581295,5.503333333333334,1.3307693450260425,1.386811330200702,1.3819891267055229
final_joint_baseline_30mer,hs_quadratic,5,54,347.305,train,0.0662307648695777,0.07324520874443904,0.004483434493122738,0.05286281238720976,0.05661686705298437,0.007654914337727573,5.455972347096387,5.520428104454173,5.483333333333333,1.3296127304653613,1.3840862251761243,1.387882222847964
final_joint_baseline_30mer,hs_quadratic,5,55,348.693,train,0.06779781356758321,0.07254352983009195,0.0028401507597712638,0.05244913108586878,0.05855157254347371,0.00842386994526707,5.529657710307305,5.573182503747576,5.698666666666666,1.3272872473009774,1.381380920359844,1.3780659956845578
final_joint_baseline_30mer,hs_quadratic,5,56,350.086,train,0.06951898982066369,0.07728090403247834,0.0023218078288875766,0.05214125167933162,0.05450439951270412,0.00720920342017844,5.55811461143002,5.625650043709507,5.6386666666666665,1.3251929199481436,1.378696900351153,1.3800035788406297
final_joint_baseline_30mer,hs_quadratic,5,57,351.486,train,0.06691610328061864,0.06800827277387389,0.003188785586213075,0.050553019288807566,0.0566183370775349,0.008366845012441084,5.524239516333541,5.677873117438482,5.687333333333335,1.3267302453454364,1.3760318832266563,1.382913625611928
final_joint_baseline_30mer,hs_quadratic,5,58,352.891,train,0.06839690733488568,0.07083895612584222,0.0014072651886467406,0.051066297300387635,0.055107574847030466,0.009901395605738892,5.597728058648593,5.729743495616401,5.686666666666667,1.324656527064957,1.3733912675633613,1.376759366724067
final_joint_baseline_30mer,hs_quadratic,5,59,354.301,train,0.06757957803305883,0.07047800553490975,0.001667458844726915,0.05046892640921968,0.05843584212166932,0.007176201941757613,5.6865059536159706,5.781228066094748,5.7333333333333325,1.3203266723635592,1.3707765896310977,1.3791484790834232
final_joint_baseline_30mer,hs_quadratic,5,60,355.717,train,0.07117645587077737,0.08255064494234396,0.0022426355352551906,0.05079733879636679,0.05391493425153289,0.008224464571715471,5.7300068296562685,5.832329053949051,5.825333333333333,1.3184264601922309,1.3681875829179793,1.3628385417627233
final_joint_baseline_30mer,hs_quadratic,5,61,357.139,train,0.07077604294667006,0.07823090715444177,0.0021628066710175295,0.05027947400262707,0.05196962408793773,0.008501292964349948,5.821185622564954,5.883010945554976,5.860666666666666,1.3154275616635978,1.3656258888281125,1.3654521726168378
final_joint_baseline_30mer,hs_quadratic,5,62,358.567,train,0.07045053301683915,0.07467609525349317,0.0019653217220347717,0.04949742515972115,0.053628237874263456,0.010096449418721412,5.787977355510985,5.933237636735983,5.964666666666666,1.3170019276909346,1.36309316332048,1.3709825504034858
final_joint_baseline_30mer,hs_quadratic,5,63,360.0,train,0.0711617988227482,0.06976737070421295,0.0018136040293314627,0.04944787576125946,0.052378724093228066,0.011164352500292997,5.94692838370565,5.982938038976869,6.039999999999999,1.3119173353397782,1.3605928053025143,1.3496110619094384
final_joint_baseline_30mer,hs_quadratic,6,0,280.0,train,0.07921740600138655,0.0841552378756265,0.0018939216955466834,0.09707829151163534,0.09202232713165029,0.010438787487450035,2.543307513198239,2.8575358159320574,2.961333333333333,1.4490542803047362,1.5295960377944064,1.5191554076923584
final_joint_baseline_30mer,hs_quadratic,6,1,281.119,train,0.08067616477725528,0.08235995312531708,0.0007767736296905887,0.09765100460372235,0.11627080755885581,0.009585950003387207,2.607172003596376,2.8978744861733783,2.88,1.4453908784431428,1.5272549393927002,1.5469621360091432
final_joint_baseline_30mer,hs_quadratic,6,2,282.243,train,0.08086358873914495,0.08505539171304252,0.0028212567808262538,0.09809710508701125,0.10258542625409504,0.007205342304982949,2.6356502293842357,2.938655606819929,2.8680000000000003,1.4450302196769296,1.524892678776765,1.5257872859871888
final_joint_baseline_30mer,hs_quadratic,6,3,283.371,train,0.07834228470847523,0.08436733794067411,0.001555697173087202,0.09741804443736436,0.09766126002499811,0.009100969856078278,2.7111095741983076,2.9798420440601947,3.0220000000000007,1.4426351112681033,1.522511532479498,1.511634258229063
final_joint_baseline_30mer,hs_quadratic,6,4,284.504,train,0.07792479937374765,0.08396674927347451,0.001598039547505236,0.09563811030015784,0.09631547857802464,0.006880462863818991,2.759010247366115,3.021469207282032,3.0746666666666664,1.4411339909979202,1.5201095795377872,1.5191258173699698
final_joint_baseline_30mer,hs_quadratic,6,5,285.641,train,0.07787667820917883,0.07771863210778471,0.001281907833115796,0.09492582395319449,0.10087534438204741,0.009871638108810005,2.779320982317818,3.063498993961594,3.0973333333333333,1.4388363579313137,1.5176891451749017,1.5234010412446677
final_joint_baseline_30mer,hs_quadratic,6,6,286.783,train,0.07765564751739736,0.0843666137082551,0.0018627338046099287,0.09545705055101013,0.10096140769631363,0.008298999246443197,2.848500789588953,3.105966733916766,3.0506666666666664,1.436106212846229,1.515248321909125,1.5108244637065487
final_joint_baseline_30mer,hs_quadratic,6,7,287.929,train,0.07829656541907412,0.08454442807080409,0.0026673198672678136,0.09345231677304344,0.09056255958257216,0.00968367425693914,2.858525687576366,3.1488333236769606,3.206666666666667,1.4361933836522711,1.5127894845783145,1.5014377642132763
final_joint_baseline_30mer,hs_quadratic,6,8,289.08,train,0.07826750600846741,0.0788192760312066,0.0017243289107219217,0.09186166580160893,0.09195421257213562,0.007161400988845492,2.931267722525763,3.192133955232804,3.176,1.4333961198315441,1.5103107421925377,1.5096455399791937
final_joint_baseline_30mer,hs_quadratic,6,9,290.235,train,0.07892323357307501,0.08066822237316452,0.0011368173114116604,0.09104083363948073,0.09209280149918356,0.008652445091703456,2.993197143647555,3.235828491255181,3.2466666666666666,1.430608882046017,1.5078145200854578,1.5095011346257265
final_joint_baseline_30mer,hs_quadratic,6,10,291.395,train,0.07795329582962726,0.07909036837247402,0.002439834752723822,0.08876025584305132,0.09692120547978417,0.007233665835554896,2.9908893249878963,3.2799519236596026,3.1626666666666665,1.4303011384655808,1.5052989469001883,1.514195148413847
final_joint_baseline_30mer,hs_quadratic,6,11,292.56,train,0.0765718497158242,0.08380359719030872,0.0030436845279530264,0.08662304295235744,0.08215165305382496,0.006374449882452139,3.0821580272955718,3.3245013873337492,3.4573333333333336,1.4258314762733413,1.5027643202347627,1.495217135924301
final_joint_baseline_30mer,hs_quadratic,6,12,293.729,train,0.07237366889557376,0.07170463314564068,0.004267783013428053,0.08516406169396638,0.08971336688629455,0.00833928598619112,3.150122904995735,3.369435124391658,3.293333333333334,1.423585365887622,1.5002131431969077,1.5125074713952478
final_joint_baseline_30mer,hs_quadratic,6,13,294.903,train,0.07167598818583751,0.07283277339997477,0.0021419699083102704,0.08521743639318827,0.09756113445162826,0.010219385408857576,3.19203235585679,3.4147876938703536,3.3506666666666667,1.4218773193909555,1.4976435805617587,1.5017638021466033
final_joint_baseline_30mer,hs_quadratic,6,14,296.082,train,0.07138368806143033,0.06967473241699398,0.0017543858693456326,0.08567191534231311,0.09817156880645586,0.008798725808004004,3.262342658551767,3.4605551299775494,3.3713333333333333,1.419300628344623,1.4950559902872202,1.5111043949898733
final_joint_baseline_30mer,hs_quadratic,6,15,297.266,train,0.07334373101201369,0.07534314156717253,0.0008984240068411779,0.0859085680942348,0.08079815445457202,0.008578678657530363,3.298642857966203,3.506733066695283,3.6026666666666673,1.4171639688431674,1.4924507519137933,1.476132880278766
final_joint_baseline_30mer,hs_quadratic,6,16,298.454,train,0.07371374396306053,0.07776044188678627,0.0026738248152727356,0.08351820589212164,0.08738658693494211,0.008779025051952877,3.3203087177536483,3.553277457318279,3.552,1.4153553834935257,1.4898304752521245,1.483479488786201
final_joint_baseline_30mer,hs_quadratic,6,17,299.647,train,0.07384241817588443,0.07314425375636467,0.0024156311539597873,0.08356480966152707,0.0947933169198299,0.011826518310220014,3.3892846439357265,3.6002220188120937,3.490666666666667,1.4117220597375317,1.487193385911269,1.5025230216139365
final_joint_baseline_30mer,hs_quadratic,6,18,300.845,train,0.07324003592037226,0.0791250305573212,0.001278703693076257,0.0817887062016575,0.09420846185345227,0.008209913982208895,3.41430049334901,3.647561112096395,3.6326666666666667,1.4126422269680854,1.4845399303567295,1.4864967489111611
final_joint_baseline_30mer,hs_quadratic,6,19,302.047,train,0.07356292568882557,0.07040665101533394,0.001473498219207755,0.0811980343753115,0.09373178201780248,0.009810095552749637,3.484319022753994,3.6952488868165947,3.666666666666667,1.4088618546958285,1.4818727996246004,1.4809175688755547
final_joint_baseline_30mer,hs_quadratic,6,20,303.254,train,0.07179268388609159,0.075196500732775,0.0012606734117157781,0.0812600981519743,0.09785894268388617,0.006859059062591259,3.5339085229499503,3.7433182210362803,3.7473333333333336,1.406459226760602,1.4791902742503835,1.4860087939509212
final_joint_baseline_30mer,hs_quadratic,6,21,304.467,train,0.07278665086864057,0.0729347436253901,0.0018848449090854737,0.07997075840645738,0.08960429499331546,0.00670305853954492,3.6290352606219884,3.7918021083116233,3.8213333333333335,1.4036600134330308,1.4764906453932263,1.4808874287295863
final_joint_baseline_30mer,hs_quadratic,6,22,305.683,train,0.0746649727749117,0.07255882989494,0.002227061688694385,0.07677596767158405,0.0751198561545492,0.007723812889647736,3.686256109228393,3.8405728748385517,3.898666666666667,1.4002096648194318,1.4737811374918053,1.470316141621419
final_joint_baseline_30mer,hs_quadratic,6,23,306.905,train,0.07458247318304732,0.08110393025120197,0.0012202380126348851,0.07700248901216204,0.07728610709871028,0.007685011573061376,3.728478369873435,3.8897425643871903,3.958666666666667,1.3994710802263843,1.4710556390227105,1.461543597326046
final_joint_baseline_30mer,hs_quadratic,6,24,308.132,train,0.07349097968175472,0.07645315152560192,0.0017176669881364321,0.0753991975478765,0.07278912030035183,0.007068420266093187,3.769594917813588,3.93926252129547,3.958,1.3975494234797674,1.4683169727640166,1.4585429680989697
final_joint_baseline_30mer,hs_quadratic,6,25,309.364,train,0.07309271839085928,0.06785014277142387,0.0020322520782705576,0.07273117127797143,0.08775610180271362,0.008883650804846923,3.8070892984761517,3.989123574956438,4.070666666666667,1.3954718061855997,1.4655657613995698,1.4754988785244973
final_joint_baseline_30mer,hs_quadratic,6,26,310.6,train,0.07297279864031474,0.078436877136322,0.0024593315505302216,0.07378650193026881,0.07392993341191854,0.009214862265811231,3.874953172188026,4.039275358851576,4.188000000000001,1.391661912809699,1.4628048887871017,1.4449561545744392
final_joint_baseline_30mer,hs_quadratic,6,27,311.842,train,0.07307822864557813,0.07215794290446885,0.003381160027169665,0.07353130652691907,0.07360201671973463,0.0077503887567839545,3.890596399013302,4.089788704228113,3.995333333333334,1.3920757652626659,1.460030564843515,1.4643811673048175
final_joint_baseline_30mer,hs_quadratic,6,28,313.088,train,0.0732535725348682,0.07874852163663232,0.002273349698564491,0.07222268828932155,0.08525216650492734,0.007717854092506665,3.9656718998547618,4.140571359711948,4.054666666666666,1.3890153180179459,1.4572479618505283,1.462518200262702
final_joint_baseline_30mer,hs_quadratic,6,29,314.34,train,0.07231972103201535,0.0753633157419576,0.0017938617334341009,0.07165903193758791,0.07708108366312727,0.006924654776785565,3.9884460658874517,4.191693299135958,4.26,1.3875389843347843,1.454453347438225,1.4587797094961092
final_joint_baseline_30mer,hs_quadratic,6,30,315.596,train,0.07294900891680624,0.07821461356834504,0.002180249031398544,0.07078830341323032,0.07608609399970136,0.007556988435022964,4.08785200106047,4.243060700664385,4.254666666666667,1.384418102377888,1.4516519480530714,1.4403485187345773
final_joint_baseline_30mer,hs_quadratic,6,31,316.858,train,0.07110753316653265,0.08175576774821454,0.0023925409385455614,0.0687127025047797,0.07349760855523733,0.00818526724100691,4.162689040274801,4.294742541849218,4.3853333333333335,1.3802637032924852,1.4488400951015246,1.4429723886588472
final_joint_baseline_30mer,hs_quadratic,6,32,318.124,train,0.06985567975019025,0.07192840262461181,0.0014291278752837653,0.06772950945774384,0.07278686048349979,0.009644593636429097,4.1928993187634,4.346643454655641,4.293333333333333,1.378450940428177,1.4460230656769002,1.4523414336896878
final_joint_baseline_30mer,hs_quadratic,6,33,319.396,train,0.06912687358222877,0.06912907307319305,0.0013810114920715297,0.06762206570806573,0.07198579023478702,0.007835095938010593,4.283916015399866,4.398831278831331,4.3853333333333335,1.3766030864406695,1.4431972609901762,1.446171804338788
final_joint_baseline_30mer,hs_quadratic,6,34,320.672,train,0.07022618511424353,0.06948002435078889,0.0024794999602517857,0.06670078185162391,0.07476948799022365,0.007326035503418258,4.286059576503677,4.451209134815098,4.41,1.374854657302226,1.4403680046915621,1.4355363199124154
final_joint_baseline_30mer,hs_quadratic,6,35,321.954,train,0.06873963827699697,0.07107573466465385,0.002114546676248261,0.06465369732131361,0.06082787406796716,0.009427814896233613,4.3263572861193715,4.503843581439831,4.637333333333333,1.3732220845705354,1.43753177374011,1.4216893453276902
final_joint_baseline_30mer,hs_quadratic,6,36,323.241,train,0.06954869296352734,0.0749934033348154,0.0019371879639491008,0.0645248210397466,0.07416454109888843,0.00953286223142815,4.395032073449062,4.556677319321843,4.534,1.3700644404845734,1.4346917299649453,1.449230506906595
final_joint_baseline_30mer,hs_quadratic,6,37,324.533,train,0.07006190121631808,0.06927102181280222,0.0016975954618221416,0.06548689563146463,0.0759541183855794,0.010775294910421193,4.451483072826613,4.609693368027169,4.551333333333333,1.3685460531537685,1.4318488459199232,1.4315527968242812
final_joint_baseline_30mer,hs_quadratic,6,38,325.83,train,0.07008451187344988,0.0764412988750526,0.0016828914804029756,0.06381940829290006,0.06069636134276423,0.008486983501296713,4.488311634045692,4.662874016277009,4.6706666666666665,1.366888136833101,1.429004124400158,1.4117539329845237
final_joint_baseline_30mer,hs_quadratic,6,39,327.132,train,0.0694018271987499,0.0737610768739087,0.001927900569946279,0.06443628649248248,0.06886191411356322,0.00672774044268005,4.575185294049842,4.716200813546479,4.685333333333333,1.3636341314088298,1.4261585983707348,1.4224871734490607
final_joint_baseline_30mer,hs_quadratic,6,40,328.44,train,0.06892273886078376,0.07313819963924964,0.002537662031826194,0.06364754632748075,0.06646982663554166,0.008843599529836935,4.6199888477764715,4.769695426210099,4.660666666666667,1.3595889047067131,1.4233111584231026,1.430854318690785
final_joint_baseline_30mer,hs_quadratic,6,41,329.753,train,0.06632489548923506,0.06893741980210262,0.0022799445602071215,0.062224037224723625,0.06895986350438799,0.00766021483413855,4.7220001383221515,4.82329687770315,4.904,1.3558915257258317,1.4204650892474064,1.4147407683830044
final_joint_baseline_30mer,hs_quadratic,6,42,331.071,train,0.06624034531213095,0.06298313380670492,0.0024139992387604663,0.06132055301182381,0.06705730195431112,0.008811563836179974,4.730136074417318,4.876984415322738,4.696666666666666,1.3539478674019712,1.4176215156284377,1.4193959366988587
final_joint_baseline_30mer,hs_quadratic,6,43,332.394,train,0.06675211143021065,0.07315511129279269,0.0017621795222793673,0.06012559822405554,0.06462951868852851,0.0064349948695059805,4.787296262996519,4.9307365244483705,4.9126666666666665,1.352011450103533,1.414781591647249,1.413372741758081
final_joint_baseline_30mer,hs_quadratic,6,44,333.723,train,0.06748481201692638,0.07292169497613077,0.003200808268547997,0.06036653054249836,0.06242372463203236,0.008343086885720125,4.863467102381446,4.984571368723325,5.113333333333333,1.3487861302799726,1.4119443715515771,1.4099253621802652
final_joint_baseline_30mer,hs_quadratic,6,45,335.057,train,0.06591194335138945,0.06624886737250837,0.002477906362438491,0.05873547282228621,0.05946530855748926,0.010716639297752161,4.941125048989096,5.038425172751871,5.082,1.3481898596865658,1.4091132213723587,1.4133154984842387
final_joint_baseline_30mer,hs_quadratic,6,46,336.396,train,0.06608093303780556,0.06698161257279486,0.0016247437141449573,0.05921513583361063,0.0667102443286672,0.007282482961153842,5.020747746501602,5.092274081875575,5.017333333333334,1.3457309745538302,1.4062893828704421,1.4171312547544899
final_joint_baseline_30mer,hs_quadratic,6,47,337.741,train,0.06797205586783031,0.06527856889491326,0.0017232580697643907,0.05771888899159103,0.06435143529673748,0.008502655866355348,5.0435716220577715,5.146133434005149,5.062666666666667,1.3444760491479961,1.4034720377968726,1.402206836364322
final_joint_baseline_30mer,hs_quadratic,6,48,339.091,train,0.06524306952644986,0.0649651057266767,0.0019863866282563546,0.05665404402311864,0.06656126860047698,0.0074047277173128895,5.122854133526984,5.199937511060824,5.312,1.341662910771536,1.400664600086859,1.406592542286604
final_joint_baseline_30mer,hs_quadratic,6,49,340.446,train,0.06582488277941806,0.07253986957057239,0.00237689922123693,0.05522842253860626,0.054565160869114074,0.00930001127693168,5.218590209096986,5.253660142018348,5.3420000000000005,1.3391828595644897,1.3978683937415002,1.394979034149283
final_joint_baseline_30mer,hs_quadratic,6,50,341.807,train,0.06771496936104021,0.07525588992963075,0.0027301765487545964,0.05595226481415243,0.06233732753355996,0.007440332995738875,5.271444256172626,5.307313719668425,5.276666666666667,1.3372135791506743,1.3950827296512305,1.390572892177356
final_joint_baseline_30mer,hs_quadratic,6,51,343.173,train,0.06674039715724195,0.06469780787988427,0.001974412396405559,0.05375276583736619,0.05499528920834386,0.008120849992510212,5.3073408718906325,5.360830794833573,5.459333333333333,1.3364304344011835,1.3923110552079117,1.3912469781444117
final_joint_baseline_30mer,hs_quadratic,6,52,344.545,train,0.06668711050767992,0.06484577018312718,0.0021940447882240707,0.05304787657864893,0.06779681549850082,0.011319507456103748,5.368419899946977,5.414221733575836,5.300666666666666,1.3327784510796787,1.389552768268374,1.3986018761043777
final_joint_baseline_30mer,hs_quadratic,6,53,345.922,train,0.0669654260296634,0.07247545859324639,0.003074480372349479,0.0535517820721796,0.05517248251516408,0.006160358972299737,5.420805380731725,5.467418063581295,5.589333333333334,1.3307693450260425,1.386811330200702,1.3806406335597026
final_joint_baseline_30mer,hs_quadratic,6,54,347.305,train,0.0662307648695777,0.07837076579335667,0.0036440202700673413,0.05286281238720976,0.06152199303123436,0.0066494993329932525,5.455972347096387,5.520428104454173,5.6306666666666665,1.3296127304653613,1.3840862251761243,1.3909571887727774
final_joint_baseline_30mer,hs_quadratic,6,55,348.693,train,0.06779781356758321,0.06582892245495793,0.002347616752812849,0.05244913108586878,0.055722694331778296,0.0090245904214762,5.529657710307305,5.573182503747576,5.4879999999999995,1.3272872473009774,1.381380920359844,1.3782526819570435
final_joint_baseline_30mer,hs_quadratic,6,56,350.086,train,0.06951898982066369,0.07408791365363458,0.0018189513001069912,0.05214125167933162,0.05911791218397189,0.00886443439274543,5.55811461143002,5.625650043709507,5.582000000000001,1.3251929199481436,1.378696900351153,1.3764543571551648
final_joint_baseline_30mer,hs_quadratic,6,57,351.486,train,0.06691610328061864,0.07009420897960095,0.0023252208376708175,0.050553019288807566,0.05873739898168881,0.00956864615655767,5.524239516333541,5.677873117438482,5.768,1.3267302453454364,1.3760318832266563,1.3739679594751215
final_joint_baseline_30mer,hs_quadratic,6,58,352.891,train,0.06839690733488568,0.07062804546053633,0.00249196960289919,0.051066297300387635,0.04957309357124353,0.007420698636195893,5.597728058648593,5.729743495616401,5.800666666666666,1.324656527064957,1.3733912675633613,1.3657911657700326
final_joint_baseline_30mer,hs_quadratic,6,59,354.301,train,0.06757957803305883,0.06371498391137757,0.003221166496394991,0.05046892640921968,0.05087681486678848,0.005516306202219069,5.6865059536159706,5.781228066094748,5.754,1.3203266723635592,1.3707765896310977,1.3659834965263007
final_joint_baseline_30mer,hs_quadratic,6,60,355.717,train,0.07117645587077737,0.07560636727431708,0.0035321754640135115,0.05079733879636679,0.05394035043015004,0.009461871792970538,5.7300068296562685,5.832329053949051,5.800666666666666,1.3184264601922309,1.3681875829179793,1.3680968787251957
final_joint_baseline_30mer,hs_quadratic,6,61,357.139,train,0.07077604294667006,0.07662774123252966,0.0017546783476883306,0.05027947400262707,0.048568596000088914,0.006791651731952925,5.821185622564954,5.883010945554976,5.8213333333333335,1.3154275616635978,1.3656258888281125,1.3619249783529672
final_joint_baseline_30mer,hs_quadratic,6,62,358.567,train,0.07045053301683915,0.07884009017517751,0.0021496502741336024,0.04949742515972115,0.05702858111716547,0.007770256191257329,5.787977355510985,5.933237636735983,5.990666666666667,1.3170019276909346,1.36309316332048,1.3635013151012827
final_joint_baseline_30mer,hs_quadratic,6,63,360.0,train,0.0711617988227482,0.07333610985145096,0.004258141167080091,0.04944787576125946,0.04674895125209404,0.007257931867131592,5.94692838370565,5.982938038976869,5.907333333333333,1.3119173353397782,1.3605928053025143,1.3611999888891892
final_joint_baseline_30mer,hs_quadratic,7,0,280.0,train,0.07921740600138655,0.0797807614326306,0.0012978686500413692,0.09707829151163534,0.10025161089662055,0.010480371010835035,2.543307513198239,2.8575358159320574,2.8680000000000003,1.4490542803047362,1.5295960377944064,1.5237157612440952
final_joint_baseline_30mer,hs_quadratic,7,1,281.119,train,0.08067616477725528,0.08788700820064578,0.0032454044554365877,0.09765100460372235,0.10109509092652114,0.007176861395965794,2.607172003596376,2.8978744861733783,2.896,1.4453908784431428,1.5272549393927002,1.5172944227733245
final_joint_baseline_30mer,hs_quadratic,7,2,282.243,train,0.08086358873914495,0.08640398394790492,0.0013719417081695749,0.09809710508701125,0.1000123413499433,0.007411456226653946,2.6356502293842357,2.938655606819929,2.9866666666666664,1.4450302196769296,1.524892678776765,1.5273157297677593
final_joint_baseline_30mer,hs_quadratic,7,3,283.371,train,0.07834228470847523,0.08135216566834438,0.002196824700188149,0.09741804443736436,0.12055540518059371,0.010817203147161402,2.7111095741983076,2.9798420440601947,2.8846666666666665,1.4426351112681033,1.522511532479498,1.5316419593785144
final_joint_baseline_30mer,hs_quadratic,7,4,284.504,train,0.07792479937374765,0.07717743621786616,0.0009345660195986277,0.09563811030015784,0.10389575145714652,0.008775357274798709,2.759010247366115,3.021469207282032,3.028,1.4411339909979202,1.5201095795377872,1.5318374888295954
final_joint_baseline_30mer,hs_quadratic,7,5,285.641,train,0.07787667820917883,0.08762070928706443,0.0032450758095262447,0.09492582395319449,0.09927626349539498,0.008090423609197962,2.779320982317818,3.063498993961594,3.0886666666666667,1.4388363579313137,1.5176891451749017,1.5191705902564485
final_joint_baseline_30mer,hs_quadratic,7,6,286.783,train,0.07765564751739736,0.08107677837383766,0.001322074732390985,0.09545705055101013,0.10122234498381416,0.00817361641764625,2.848500789588953,3.105966733916766,3.1033333333333335,1.436106212846229,1.515248321909125,1.507930684403667
final_joint_baseline_30mer,hs_quadratic,7,7,287.929,train,0.07829656541907412,0.07903005522435148,0.0017830664777588835,0.09345231677304344,0.10724783873944663,0.006613862196744703,2.858525687576366,3.1488333236769606,3.0886666666666667,1.4361933836522711,1.5127894845783145,1.5304542128533143
final_joint_baseline_30mer,hs_quadratic,7,8,289.08,train,0.07826750600846741,0.07751894594027606,0.0016052557286706263,0.09186166580160893,0.09533333491094524,0.00750876355134864,2.931267722525763,3.192133955232804,3.219333333333333,1.4333961198315441,1.5103107421925377,1.5053050742812624
final_joint_baseline_30mer,hs_quadratic,7,9,290.235,train,0.07892323357307501,0.07868092238306636,0.00277610031973555,0.09104083363948073,0.09166755603445093,0.008005387987059596,2.993197143647555,3.235828491255181,3.1133333333333333,1.430608882046017,1.5078145200854578,1.5067483695715334
final_joint_baseline_30mer,hs_quadratic,7,10,291.395,train,0.07795329582962726,0.08329905472860794,0.0015243107019257411,0.08876025584305132,0.08955011726773295,0.009109889803143789,2.9908893249878963,3.2799519236596026,3.326,1.4303011384655808,1.5052989469001883,1.504740047818208
final_joint_baseline_30mer,hs_quadratic,7,11,292.56,train,0.0765718497158242,0.08240397704182272,0.0020576177031827974,0.08662304295235744,0.09731283454985536,0.008245370656466848,3.0821580272955718,3.3245013873337492,3.3453333333333335,1.4258314762733413,1.5027643202347627,1.5076939182537443
final_joint_baseline_30mer,hs_quadratic,7,12,293.729,train,0.07237366889557376,0.07282289039585776,0.0017886558981819764,0.08516406169396638,0.08789216120409232,0.007882230336698392,3.150122904995735,3.369435124391658,3.332,1.423585365887622,1.5002131431969077,1.492795188714883
final_joint_baseline_30mer,hs_quadratic,7,13,294.903,train,0.07167598818583751,0.07185083908810073,0.0025999449595193944,0.08521743639318827,0.09576212083401107,0.009325057768852892,3.19203235585679,3.4147876938703536,3.405333333333333,1.4218773193909555,1.4976435805617587,1.4961998008743138
final_joint_baseline_30mer,hs_quadratic,7,14,296.082,train,0.07138368806143033,0.07741466052860549,0.0023785632473182173,0.08567191534231311,0.08910605310318241,0.007638472099541872,3.262342658551767,3.4605551299775494,3.4706666666666663,1.419300628344623,1.4950559902872202,1.4880472290138997
final_joint_baseline_30mer,hs_quadratic,7,15,297.266,train,0.07334373101201369,0.07389450960334265,0.001055740821701093,0.0859085680942348,0.08720216395320189,0.007102887023341091,3.298642857966203,3.506733066695283,3.5300000000000002,1.4171639688431674,1.4924507519137933,1.4877930692469747
final_joint_baseline_30mer,hs_quadratic,7,16,298.454,train,0.07371374396306053,0.08033248165058776,0.0018735269180343277,0.08351820589212164,0.08593469403385248,0.008898112128282114,3.3203087177536483,3.553277457318279,3.5740000000000003,1.4153553834935257,1.4898304752521245,1.4855863184523908
final_joint_baseline_30mer,hs_quadratic,7,17,299.647,train,0.07384241817588443,0.07686798604488536,0.0027389934547594353,0.08356480966152707,0.09173084453836966,0.008123061939500702,3.3892846439357265,3.6002220188120937,3.6286666666666663,1.4117220597375317,1.487193385911269,1.4805500966128489
final_joint_baseline_30mer,hs_quadratic,7,18,300.845,train,0.07324003592037226,0.07153906264614962,0.0027684300002805903,0.0817887062016575,0.08983139499115161,0.00883376841591458,3.41430049334901,3.647561112096395,3.615333333333334,1.4126422269680854,1.4845399303567295,1.4918705384267112
final_joint_baseline_30mer,hs_quadratic,7,19,302.047,train,0.07356292568882557,0.08140284658152458,0.0028888260894554298,0.0811980343753115,0.09046755562630293,0.0072699415559718756,3.484319022753994,3.6952488868165947,3.6786666666666674,1.4088618546958285,1.4818727996246004,1.4892664990444877
final_joint_baseline_30mer,hs_quadratic,7,20,303.254,train,0.07179268388609159,0.07186095905905704,0.0022894802068921605,0.0812600981519743,0.07542163324727416,0.01256402470877597,3.5339085229499503,3.7433182210362803,3.778666666666666,1.406459226760602,1.4791902742503835,1.4861028723044474
final_joint_baseline_30mer,hs_quadratic,7,21,304.467,train,0.07278665086864057,0.06834354419802302,0.0029901013711401657,0.07997075840645738,0.08108378720257367,0.008055937248211013,3.6290352606219884,3.7918021083116233,3.766,1.4036600134330308,1.4764906453932263,1.4719014720013734
final_joint_baseline_30mer,hs_quadratic,7,22,305.683,train,0.0746649727749117,0.07494681170298138,0.0015973659301645835,0.07677596767158405,0.07731004970349634,0.009040492730016291,3.686256109228393,3.8405728748385517,3.8073333333333337,1.4002096648194318,1.4737811374918053,1.4706789954038721
final_joint_baseline_30mer,hs_quadratic,7,23,306.905,train,0.07458247318304732,0.07627065833545632,0.0014866713972391272,0.07700248901216204,0.06998392338543766,0.007397016720217948,3.728478369873435,3.8897425643871903,3.8866666666666667,1.3994710802263843,1.4710556390227105,1.470303617834292
final_joint_baseline_30mer,hs_quadratic,7,24,308.132,train,0.07349097968175472,0.07904083769693782,0.001445602751920461,0.0753991975478765,0.07704504139490456,0.00927066881250279,3.769594917813588,3.93926252129547,3.9606666666666666,1.3975494234797674,1.4683169727640166,1.4735536576546977
final_joint_baseline_30mer,hs_quadratic,7,25,309.364,train,0.07309271839085928,0.07339886504143942,0.0014877049063233908,0.07273117127797143,0.07395722357550435,0.00805169618939439,3.8070892984761517,3.989123574956438,3.984,1.3954718061855997,1.4655657613995698,1.459617155689858
final_joint_baseline_30mer,hs_quadratic,7,26,310.6,train,0.07297279864031474,0.07959453293797011,0.0015176979546501913,0.07378650193026881,0.06989586736401943,0.00865997695505118,3.874953172188026,4.039275358851576,4.1306666666666665,1.391661912809699,1.4628048887871017,1.4566916536780694
final_joint_baseline_30mer,hs_quadratic,7,27,311.842,train,0.07307822864557813,0.07849714317681777,0.0016948991598268912,0.07353130652691907,0.09033891156654558,0.009616051236098575,3.890596399013302,4.089788704228113,4.1513333333333335,1.3920757652626659,1.460030564843515,1.4551057317048608
final_joint_baseline_30mer,hs_quadratic,7,28,313.088,train,0.0732535725348682,0.08794337320768358,0.0029483834744664303,0.07222268828932155,0.08372438009585154,0.007979015919852886,3.9656718998547618,4.140571359711948,4.157333333333334,1.3890153180179459,1.4572479618505283,1.4505390348815816
final_joint_baseline_30mer,hs_quadratic,7,29,314.34,train,0.07231972103201535,0.08729809947733302,0.003973347547896609,0.07165903193758791,0.08508638740023435,0.008571304138020389,3.9884460658874517,4.191693299135958,4.392666666666667,1.3875389843347843,1.454453347438225,1.4568359298809836
final_joint_baseline_30mer,hs_quadratic,7,30,315.596,train,0.07294900891680624,0.07477227934531913,0.0022730954118666538,0.07078830341323032,0.07883509073234665,0.007752690139353841,4.08785200106047,4.243060700664385,4.259333333333334,1.384418102377888,1.4516519480530714,1.453636311575576
final_joint_baseline_30mer,hs_quadratic,7,31,316.858,train,0.07110753316653265,0.07718053838628046,0.002388087481733278,0.0687127025047797,0.07145348843435886,0.00777005514899279,4.162689040274801,4.294742541849218,4.320666666666667,1.3802637032924852,1.4488400951015246,1.4398457864084426
final_joint_baseline_30mer,hs_quadratic,7,32,318.124,train,0.06985567975019025,0.06657036369320661,0.0025117449451688614,0.06772950945774384,0.07506406356145834,0.00917059707224846,4.1928993187634,4.346643454655641,4.318666666666667,1.378450940428177,1.4460230656769002,1.4570366256611602
final_joint_baseline_30mer,hs_quadratic,7,33,319.396,train,0.06912687358222877,0.07271015729903783,0.0013916177884507742,0.06762206570806573,0.06699908561080163,0.009809053080263058,4.283916015399866,4.398831278831331,4.458666666666667,1.3766030864406695,1.4431972609901762,1.4248855120189923
final_joint_baseline_30mer,hs_quadratic,7,34,320.672,train,0.07022618511424353,0.06990859499427637,0.0018602558546549394,0.06670078185162391,0.07981640272599265,0.009883479183519546,4.286059576503677,4.451209134815098,4.376666666666667,1.374854657302226,1.4403680046915621,1.450601266604734
final_joint_baseline_30mer,hs_quadratic,7,35,321.954,train,0.06873963827699697,0.07969608137646961,0.0023894749699094227,0.06465369732131361,0.0662119204873661,0.009366417448864246,4.3263572861193715,4.503843581439831,4.518000000000001,1.3732220845705354,1.43753177374011,1.439878368694834
final_joint_baseline_30mer,hs_quadratic,7,36,323.241,train,0.06954869296352734,0.07058770385736511,0.0018236371372601238,0.0645248210397466,0.05875033682414767,0.009213550224107737,4.395032073449062,4.556677319321843,4.568666666666667,1.3700644404845734,1.4346917299649453,1.4306477103179405
final_joint_baseline_30mer,hs_quadratic,7,37,324.533,train,0.07006190121631808,0.07554895573595857,0.0016673993324649596,0.06548689563146463,0.06716521485526751,0.009667389910266336,4.451483072826613,4.609693368027169,4.646,1.3685460531537685,1.4318488459199232,1.4287289157048537
final_joint_baseline_30mer,hs_quadratic,7,38,325.83,train,0.07008451187344988,0.07148852255643667,0.0020446516590580488,0.06381940829290006,0.0658544012795501,0.00942286969829139,4.488311634045692,4.662874016277009,4.677333333333333,1.366888136833101,1.429004124400158,1.4193084634119664
final_joint_baseline_30mer,hs_quadratic,7,39,327.132,train,0.0694018271987499,0.07162353455214121,0.0016686701497877774,0.06443628649248248,0.07325408314024254,0.008306083925732389,4.575185294049842,4.716200813546479,4.699333333333334,1.3636341314088298,1.4261585983707348,1.4309144248365002
final_joint_baseline_30mer,hs_quadratic,7,40,328.44,train,0.06892273886078376,0.07698559789617751,0.0024673917280616446,0.06364754632748075,0.07234634872425391,0.009940898397140867,4.6199888477764715,4.769695426210099,4.810666666666666,1.3595889047067131,1.4233111584231026,1.4317013498881628
final_joint_baseline_30mer,hs_quadratic,7,41,329.753,train,0.06632489548923506,0.0736604862144264,0.0028259406532175468,0.062224037224723625,0.053113592240220275,0.009383174475611962,4.7220001383221515,4.82329687770315,4.886,1.3558915257258317,1.4204650892474064,1.4077067286010694
final_joint_baseline_30mer,hs_quadratic,7,42,331.071,train,0.06624034531213095,0.06563782423566827,0.001855796656110363,0.06132055301182381,0.05420716089686026,0.00836108175402368,4.730136074417318,4.876984415322738,4.82,1.3539478674019712,1.4176215156284377,1.4058605574578424
final_joint_baseline_30mer,hs_quadratic,7,43,332.394,train,0.06675211143021065,0.06982720768655272,0.0031099418207373715,0.06012559822405554,0.06657457957511626,0.008355172879158868,4.787296262996519,4.9307365244483705,4.859333333333334,1.352011450103533,1.414781591647249,1.420651531397893
final_joint_baseline_30mer,hs_quadratic,7,44,333.723,train,0.06748481201692638,0.07691607511714008,0.001889178299267409,0.06036653054249836,0.06548565237032591,0.006049765337615641,4.863467102381446,4.984571368723325,4.9719999999999995,1.3487861302799726,1.4119443715515771,1.4144388276784898
final_joint_baseline_30mer,hs_quadratic,7,45,335.057,train,0.06591194335138945,0.06415774959373027,0.0011132444029615797,0.05873547282228621,0.07066924751877897,0.008263099244016667,4.941125048989096,5.038425172751871,4.970000000000001,1.3481898596865658,1.4091132213723587,1.415580463746291
final_joint_baseline_30mer,hs_quadratic,7,46,336.396,train,0.06608093303780556,0.055273793131003446,0.003175990853730216,0.05921513583361063,0.0663541512169917,0.008123468296187845,5.020747746501602,5.092274081875575,5.144666666666666,1.3457309745538302,1.4062893828704421,1.3952982398634313
final_joint_baseline_30mer,hs_quadratic,7,47,337.741,train,0.06797205586783031,0.0689445294342769,0.002029223616935836,0.05771888899159103,0.0657745350534023,0.007052833043529872,5.0435716220577715,5.146133434005149,5.195333333333334,1.3444760491479961,1.4034720377968726,1.4055119037884007
final_joint_baseline_30mer,hs_quadratic,7,48,339.091,train,0.06524306952644986,0.06609916052623413,0.0019736960788744318,0.05665404402311864,0.06310060631123253,0.00910764244197015,5.122854133526984,5.199937511060824,5.192666666666667,1.341662910771536,1.400664600086859,1.3960806191384139
final_joint_baseline_30mer,hs_quadratic,7,49,340.446,train,0.06582488277941806,0.07278947943382368,0.0030722421181472778,0.05522842253860626,0.06300043559312835,0.009460186011810118,5.218590209096986,5.253660142018348,5.202,1.3391828595644897,1.3978683937415002,1.4033540340616497
final_joint_baseline_30mer,hs_quadratic,7,50,341.807,train,0.06771496936104021,0.07323518684402697,0.004078714213398147,0.05595226481415243,0.05529550329427988,0.007972597015985959,5.271444256172626,5.307313719668425,5.273999999999999,1.3372135791506743,1.3950827296512305,1.3875033197331064
final_joint_baseline_30mer,hs_quadratic,7,51,343.173,train,0.06674039715724195,0.07332436508027582,0.003786924344832507,0.05375276583736619,0.0531900577461238,0.010485149797390996,5.3073408718906325,5.360830794833573,5.5120000000000005,1.3364304344011835,1.3923110552079117,1.3830442942605916
final_joint_baseline_30mer,hs_quadratic,7,52,344.545,train,0.06668711050767992,0.07013453868231433,0.0040266395962477095,0.05304787657864893,0.05349286569090899,0.007620346973794393,5.368419899946977,5.414221733575836,5.390666666666666,1.3327784510796787,1.389552768268374,1.391236917108979
final_joint_baseline_30mer,hs_quadratic,7,53,345.922,train,0.0669654260296634,0.08026045454346406,0.0038919207995323475,0.0535517820721796,0.05955624840945627,0.009216072416110312,5.420805380731725,5.467418063581295,5.524000000000001,1.3307693450260425,1.386811330200702,1.3850574066906396
final_joint_baseline_30mer,hs_quadratic,7,54,347.305,train,0.0662307648695777,0.06882752347621554,0.0020910859689397213,0.05286281238720976,0.053345319664213214,0.006725344476057665,5.455972347096387,5.520428104454173,5.516666666666667,1.3296127304653613,1.3840862251761243,1.3747862591888071
final_joint_baseline_30mer,hs_quadratic,7,55,348.693,train,0.06779781356758321,0.07227189184335366,0.002364262000436222,0.05244913108586878,0.05518732648318124,0.008516299553311783,5.529657710307305,5.573182503747576,5.421333333333335,1.3272872473009774,1.381380920359844,1.388416377650294
final_joint_baseline_30mer,hs_quadratic,7,56,350.086,train,0.06951898982066369,0.07236325758787096,0.0014004565000917677,0.05214125167933162,0.05891245940259082,0.008528385322596265,5.55811461143002,5.625650043709507,5.634,1.3251929199481436,1.378696900351153,1.3696551468046105
final_joint_baseline_30mer,hs_quadratic,7,57,351.486,train,0.06691610328061864,0.06856833752324538,0.0025407916346604264,0.050553019288807566,0.060602084608346055,0.007420143679079134,5.524239516333541,5.677873117438482,5.756666666666668,1.3267302453454364,1.3760318832266563,1.370009441195987
final_joint_baseline_30mer,hs_quadratic,7,58,352.891,train,0.06839690733488568,0.07486853045175604,0.0026182594275627117,0.051066297300387635,0.05651997599507598,0.009464449667924542,5.597728058648593,5.729743495616401,5.637333333333332,1.324656527064957,1.3733912675633613,1.3702467596436771
final_joint_baseline_30mer,hs_quadratic,7,59,354.301,train,0.06757957803305883,0.06739780066616463,0.0037594360235598126,0.05046892640921968,0.06136875154873178,0.009290744741997661,5.6865059536159706,5.781228066094748,5.668,1.3203266723635592,1.3707765896310977,1.3861893365978601
final_joint_baseline_30mer,hs_quadratic,7,60,355.717,train,0.07117645587077737,0.07041885705516596,0.0018762773505059311,0.05079733879636679,0.04975957748139993,0.00687927011799576,5.7300068296562685,5.832329053949051,5.8580000000000005,1.3184264601922309,1.3681875829179793,1.3608112456294825
final_joint_baseline_30mer,hs_quadratic,7,61,357.139,train,0.07077604294667006,0.08258089003497732,0.002427262371300752,0.05027947400262707,0.05536769227693475,0.007098018718530512,5.821185622564954,5.883010945554976,5.920666666666667,1.3154275616635978,1.3656258888281125,1.3546777014094649
final_joint_baseline_30mer,hs_quadratic,7,62,358.567,train,0.07045053301683915,0.07445905591884992,0.0022615873832942703,0.04949742515972115,0.054727665694734605,0.009299310589918324,5.787977355510985,5.933237636735983,5.930666666666667,1.3170019276909346,1.36309316332048,1.3628948897361293
final_joint_baseline_30mer,hs_quadratic,7,63,360.0,train,0.0711617988227482,0.07130007305242578,0.001864161868263434,0.04944787576125946,0.056041795149475646,0.006785703634424888,5.94692838370565,5.982938038976869,5.989333333333334,1.3119173353397782,1.3605928053025143,1.3576206468343228
final_joint_baseline_30mer,hs_quadratic,8,0,280.0,train,0.07921740600138655,0.08124687528492015,0.0015364580167925056,0.09707829151163534,0.09824108643278093,0.00791131448809164,2.543307513198239,2.8575358159320574,2.9413333333333336,1.4490542803047362,1.5295960377944064,1.5168111008642675
final_joint_baseline_30mer,hs_quadratic,8,1,281.119,train,0.08067616477725528,0.07947593625603847,0.0016266885226334199,0.09765100460372235,0.10816135079636413,0.007532550912595273,2.607172003596376,2.8978744861733783,2.834,1.4453908784431428,1.5272549393927002,1.534264573904963
final_joint_baseline_30mer,hs_quadratic,8,2,282.243,train,0.08086358873914495,0.0826665652347432,0.0011061148325658926,0.09809710508701125,0.09817208894229473,0.007524800076684984,2.6356502293842357,2.938655606819929,2.884,1.4450302196769296,1.524892678776765,1.5331179361338019
final_joint_baseline_30mer,hs_quadratic,8,3,283.371,train,0.07834228470847523,0.0792641053549642,0.0015924687194028087,0.09741804443736436,0.11096341776978241,0.00811303610598458,2.7111095741983076,2.9798420440601947,2.972666666666667,1.4426351112681033,1.522511532479498,1.5325211052248697
final_joint_baseline_30mer,hs_quadratic,8,4,284.504,train,0.07792479937374765,0.076938626067704,0.0014309756845837687,0.09563811030015784,0.09873433674104745,0.006266077859951322,2.759010247366115,3.021469207282032,3.0386666666666664,1.4411339909979202,1.5201095795377872,1.525907041941454
final_joint_baseline_30mer,hs_quadratic,8,5,285.641,train,0.07787667820917883,0.07622378905007468,0.0013640945396223981,0.09492582395319449,0.11170206387552373,0.009924723240281146,2.779320982317818,3.063498993961594,3.0326666666666666,1.4388363579313137,1.5176891451749017,1.5259810929189863
final_joint_baseline_30mer,hs_quadratic,8,6,286.783,train,0.07765564751739736,0.08528160026168309,0.0025140151026233773,0.09545705055101013,0.09653536047582625,0.009231617145116848,2.848500789588953,3.105966733916766,3.162,1.436106212846229,1.515248321909125,1.5195631738331494
final_joint_baseline_30mer,hs_quadratic,8,7,287.929,train,0.07829656541907412,0.08038873450852645,0.0018619348907670543,0.09345231677304344,0.09563109716769719,0.009079079271440506,2.858525687576366,3.1488333236769606,3.084,1.4361933836522711,1.5127894845783145,1.516493736478036
final_joint_baseline_30mer,hs_quadratic,8,8,289.08,train,0.07826750600846741,0.07158809443763527,0.002760597275021177,0.09186166580160893,0.0930744785275398,0.0097048990258104,2.931267722525763,3.192133955232804,3.26,1.4333961198315441,1.5103107421925377,1.5142823531693366
final_joint_baseline_30mer,hs_quadratic,8,9,290.235,train,0.07892323357307501,0.08447321116918943,0.0021092654356414855,0.09104083363948073,0.08773356523807702,0.008645838806025858,2.993197143647555,3.235828491255181,3.23,1.430608882046017,1.5078145200854578,1.5072114841789424
final_joint_baseline_30mer,hs_quadratic,8,10,291.395,train,0.07795329582962726,0.08478001222388998,0.0020577683802617186,0.08876025584305132,0.10255785494103392,0.009243372140619209,2.9908893249878963,3.2799519236596026,3.3006666666666664,1.4303011384655808,1.5052989469001883,1.5136653345654758
final_joint_baseline_30mer,hs_quadratic,8,11,292.56,train,0.0765718497158242,0.07819765133961104,0.0013612007601353706,0.08662304295235744,0.09377357235323697,0.007678109750290098,3.0821580272955718,3.3245013873337492,3.352,1.4258314762733413,1.5027643202347627,1.5029444942647467
final_joint_baseline_30mer,hs_quadratic,8,12,293.729,train,0.07237366889557376,0.0745948817009287,0.001601259606162914,0.08516406169396638,0.09273587721518145,0.007002704788792334,3.150122904995735,3.369435124391658,3.3153333333333337,1.423585365887622,1.5002131431969077,1.5108573622844266
final_joint_baseline_30mer,hs_quadratic,8,13,294.903,train,0.07167598818583751,0.06787033186289543,0.001011733726931239,0.08521743639318827,0.09307740929006632,0.007973789267656451,3.19203235585679,3.4147876938703536,3.3640000000000003,1.4218773193909555,1.4976435805617587,1.5011150386256893
final_joint_baseline_30mer,hs_quadratic,8,14,296.082,train,0.07138368806143033,0.07416285010938625,0.0013563797658058484,0.08567191534231311,0.09658696881394604,0.008666100840408239,3.262342658551767,3.4605551299775494,3.4013333333333335,1.419300628344623,1.4950559902872202,1.4987684936898318
final_joint_baseline_30mer,hs_quadratic,8,15,297.266,train,0.07334373101201369,0.07692551528093479,0.0027748017014260426,0.0859085680942348,0.08152757568419954,0.00910470663824306,3.298642857966203,3.506733066695283,3.45,1.4171639688431674,1.4924507519137933,1.4859474551700522
final_joint_baseline_30mer,hs_quadratic,8,16,298.454,train,0.07371374396306053,0.08316973220413641,0.0036403482528045926,0.08351820589212164,0.09295039471767982,0.0076058583442170005,3.3203087177536483,3.553277457318279,3.5140000000000002,1.4153553834935257,1.4898304752521245,1.488801392241597
final_joint_baseline_30mer,hs_quadratic,8,17,299.647,train,0.07384241817588443,0.0749786370613698,0.0016553012605959956,0.08356480966152707,0.08820192049337429,0.007174196714147503,3.3892846439357265,3.6002220188120937,3.6113333333333335,1.4117220597375317,1.487193385911269,1.487773614316272
final_joint_baseline_30mer,hs_quadratic,8,18,300.845,train,0.07324003592037226,0.07843117088060958,0.0022497640819819954,0.0817887062016575,0.09409518801124844,0.008450343750658677,3.41430049334901,3.647561112096395,3.6193333333333335,1.4126422269680854,1.4845399303567295,1.4876359705235656
final_joint_baseline_30mer,hs_quadratic,8,19,302.047,train,0.07356292568882557,0.07868311858441462,0.0021722403819495226,0.0811980343753115,0.08924092222148783,0.00799066957151653,3.484319022753994,3.6952488868165947,3.6493333333333338,1.4088618546958285,1.4818727996246004,1.4963432533440755
final_joint_baseline_30mer,hs_quadratic,8,20,303.254,train,0.07179268388609159,0.082865072236569,0.004220464094407544,0.0812600981519743,0.08719457409342683,0.007657409388356488,3.5339085229499503,3.7433182210362803,3.761333333333334,1.406459226760602,1.4791902742503835,1.490025658027427
final_joint_baseline_30mer,hs_quadratic,8,21,304.467,train,0.07278665086864057,0.07811850509787549,0.002662741345847159,0.07997075840645738,0.08272192356815034,0.010028360215058787,3.6290352606219884,3.7918021083116233,3.6486666666666667,1.4036600134330308,1.4764906453932263,1.477494852395079
final_joint_baseline_30mer,hs_quadratic,8,22,305.683,train,0.0746649727749117,0.07296140951262303,0.001833627761472776,0.07677596767158405,0.07876021514333528,0.007586395803032896,3.686256109228393,3.8405728748385517,3.7960000000000003,1.4002096648194318,1.4737811374918053,1.4709667701625029
final_joint_baseline_30mer,hs_quadratic,8,23,306.905,train,0.07458247318304732,0.07468570259562532,0.0024721217039234706,0.07700248901216204,0.08149968491005924,0.008294999140960081,3.728478369873435,3.8897425643871903,3.808,1.3994710802263843,1.4710556390227105,1.4732776991029026
final_joint_baseline_30mer,hs_quadratic,8,24,308.132,train,0.07349097968175472,0.07124862919911654,0.0007715280922608298,0.0753991975478765,0.08367144045094686,0.0094752410088095,3.769594917813588,3.93926252129547,3.9173333333333336,1.3975494234797674,1.4683169727640166,1.4690465040115406
final_joint_baseline_30mer,hs_quadratic,8,25,309.364,train,0.07309271839085928,0.07382625561808662,0.0013505239882999048,0.07273117127797143,0.07640303887273191,0.009371434591693597,3.8070892984761517,3.989123574956438,3.963333333333334,1.3954718061855997,1.4655657613995698,1.4684787427608257
final_joint_baseline_30mer,hs_quadratic,8,26,310.6,train,0.07297279864031474,0.08088931742387938,0.002938975714565222,0.07378650193026881,0.07760301872260217,0.009487291163758411,3.874953172188026,4.039275358851576,4.026,1.391661912809699,1.4628048887871017,1.4588703045505431
final_joint_baseline_30mer,hs_quadratic,8,27,311.842,train,0.07307822864557813,0.08480044674704318,0.001770113491910723,0.07353130652691907,0.07164403425524152,0.00927757520882759,3.890596399013302,4.089788704228113,4.149333333333333,1.3920757652626659,1.460030564843515,1.454198941114122
final_joint_baseline_30mer,hs_quadratic,8,28,313.088,train,0.0732535725348682,0.06532036853840117,0.002810311412166263,0.07222268828932155,0.08480518336633282,0.009388578946052818,3.9656718998547618,4.140571359711948,4.0646666666666675,1.3890153180179459,1.4572479618505283,1.4626926844861157
final_joint_baseline_30mer,hs_quadratic,8,29,314.34,train,0.07231972103201535,0.07541973975812996,0.0009654685687483691,0.07165903193758791,0.06791408709887156,0.008313298434663897,3.9884460658874517,4.191693299135958,4.229333333333333,1.3875389843347843,1.454453347438225,1.45145334447764
final_joint_baseline_30mer,hs_quadratic,8,30,315.596,train,0.07294900891680624,0.07951218088063261,0.0019386012035297517,0.07078830341323032,0.07379016846306036,0.008159030670592286,4.08785200106047,4.243060700664385,4.338666666666668,1.384418102377888,1.4516519480530714,1.4441473851921893
final_joint_baseline_30mer,hs_quadratic,8,31,316.858,train,0.07110753316653265,0.07272143435100137,0.002030538481341898,0.0687127025047797,0.07815080571515577,0.009471872382220452,4.162689040274801,4.294742541849218,4.2780000000000005,1.3802637032924852,1.4488400951015246,1.4513579489384603
final_joint_baseline_30mer,hs_quadratic,8,32,318.124,train,0.06985567975019025,0.07487827654475508,0.0037278257717871036,0.06772950945774384,0.06860246137939384,0.007697846454525813,4.1928993187634,4.346643454655641,4.438,1.378450940428177,1.4460230656769002,1.4436442684605908
final_joint_baseline_30mer,hs_quadratic,8,33,319.396,train,0.06912687358222877,0.07207266322918002,0.002313933407184717,0.06762206570806573,0.07376961088561536,0.005176113809634978,4.283916015399866,4.398831278831331,4.461333333333333,1.3766030864406695,1.4431972609901762,1.440260136683876
final_joint_baseline_30mer,hs_quadratic,8,34,320.672,train,0.07022618511424353,0.07680874608113192,0.0018045511897340988,0.06670078185162391,0.07392574591319016,0.008525753477705489,4.286059576503677,4.451209134815098,4.549333333333333,1.374854657302226,1.4403680046915621,1.4389811535824562
final_joint_baseline_30mer,hs_quadratic,8,35,321.954,train,0.06873963827699697,0.0722056776896213,0.0010588421285618464,0.06465369732131361,0.07044282012522787,0.010109201371638715,4.3263572861193715,4.503843581439831,4.513333333333334,1.3732220845705354,1.43753177374011,1.4415709503732335
final_joint_baseline_30mer,hs_quadratic,8,36,323.241,train,0.06954869296352734,0.0724752655384234,0.00228063067540732,0.0645248210397466,0.06911204302999156,0.008015407931430726,4.395032073449062,4.556677319321843,4.668,1.3700644404845734,1.4346917299649453,1.4263515937090547
final_joint_baseline_30mer,hs_quadratic,8,37,324.533,train,0.07006190121631808,0.06946315594794493,0.0033999783121310056,0.06548689563146463,0.07691574935315763,0.00926350758635546,4.451483072826613,4.609693368027169,4.725333333333333,1.3685460531537685,1.4318488459199232,1.4296141927528405
final_joint_baseline_30mer,hs_quadratic,8,38,325.83,train,0.07008451187344988,0.07279432652735045,0.0017664634965134122,0.06381940829290006,0.06379000211264763,0.006924888018341599,4.488311634045692,4.662874016277009,4.610000000000001,1.366888136833101,1.429004124400158,1.437569434103496
final_joint_baseline_30mer,hs_quadratic,8,39,327.132,train,0.0694018271987499,0.06522147388054823,0.0022550304454391984,0.06443628649248248,0.07361905984239822,0.00765365297733733,4.575185294049842,4.716200813546479,4.616666666666666,1.3636341314088298,1.4261585983707348,1.4303948883509803
final_joint_baseline_30mer,hs_quadratic,8,40,328.44,train,0.06892273886078376,0.07070055228078495,0.0019111832458022747,0.06364754632748075,0.06762354902578425,0.007185330987763541,4.6199888477764715,4.769695426210099,4.718666666666667,1.3595889047067131,1.4233111584231026,1.4233457741374727
final_joint_baseline_30mer,hs_quadratic,8,41,329.753,train,0.06632489548923506,0.07450287475242456,0.003961562703482907,0.062224037224723625,0.07345781798291467,0.0112024193873832,4.7220001383221515,4.82329687770315,4.867333333333333,1.3558915257258317,1.4204650892474064,1.420140698411791
final_joint_baseline_30mer,hs_quadratic,8,42,331.071,train,0.06624034531213095,0.0741231989539677,0.00219282741625143,0.06132055301182381,0.0645202858887127,0.008266806262177311,4.730136074417318,4.876984415322738,4.903333333333332,1.3539478674019712,1.4176215156284377,1.418500382862553
final_joint_baseline_30mer,hs_quadratic,8,43,332.394,train,0.06675211143021065,0.06427525409152393,0.0020421366710284827,0.06012559822405554,0.06701104499985804,0.009027757256146091,4.787296262996519,4.9307365244483705,4.918666666666667,1.352011450103533,1.414781591647249,1.427544877751636
final_joint_baseline_30mer,hs_quadratic,8,44,333.723,train,0.06748481201692638,0.07000546683976851,0.0018689229406168985,0.06036653054249836,0.06231681714125045,0.009684235037707498,4.863467102381446,4.984571368723325,5.065333333333333,1.3487861302799726,1.4119443715515771,1.3889300708013792
final_joint_baseline_30mer,hs_quadratic,8,45,335.057,train,0.06591194335138945,0.06656712350467761,0.0016351105167603046,0.05873547282228621,0.06733076501687042,0.008059671287349413,4.941125048989096,5.038425172751871,4.995333333333333,1.3481898596865658,1.4091132213723587,1.4187037948275347
final_joint_baseline_30mer,hs_quadratic,8,46,336.396,train,0.06608093303780556,0.0659226592252957,0.0020697780311670346,0.05921513583361063,0.06681675308084825,0.00808545826176546,5.020747746501602,5.092274081875575,5.041333333333334,1.3457309745538302,1.4062893828704421,1.409594331221684
final_joint_baseline_30mer,hs_quadratic,8,47,337.741,train,0.06797205586783031,0.072314045081792,0.003817851416680815,0.05771888899159103,0.06612259612900871,0.008465342831066505,5.0435716220577715,5.146133434005149,5.151999999999999,1.3444760491479961,1.4034720377968726,1.4088732276452878
final_joint_baseline_30mer,hs_quadratic,8,48,339.091,train,0.06524306952644986,0.06158164660255895,0.002732450590646949,0.05665404402311864,0.0661021644219395,0.009417310133344271,5.122854133526984,5.199937511060824,5.1146666666666665,1.341662910771536,1.400664600086859,1.4129850131757418
final_joint_baseline_30mer,hs_quadratic,8,49,340.446,train,0.06582488277941806,0.07108982255834718,0.0021445512988346642,0.05522842253860626,0.051222560422270524,0.008913843593750768,5.218590209096986,5.253660142018348,5.2653333333333325,1.3391828595644897,1.3978683937415002,1.3911361011967176
final_joint_baseline_30mer,hs_quadratic,8,50,341.807,train,0.06771496936104021,0.0682157693514125,0.003617573225208717,0.05595226481415243,0.060542604310542196,0.008767730708679405,5.271444256172626,5.307313719668425,5.173333333333334,1.3372135791506743,1.3950827296512305,1.4047421763722419
final_joint_baseline_30mer,hs_quadratic,8,51,343.173,train,0.06674039715724195,0.0726481530094674,0.0020178949311660333,0.05375276583736619,0.05489346523504867,0.00713211580621964,5.3073408718906325,5.360830794833573,5.450000000000001,1.3364304344011835,1.3923110552079117,1.3839281971018496
final_joint_baseline_30mer,hs_quadratic,8,52,344.545,train,0.06668711050767992,0.06491602624714947,0.0026438186889271437,0.05304787657864893,0.06855656467385363,0.009629504284897925,5.368419899946977,5.414221733575836,5.343333333333333,1.3327784510796787,1.389552768268374,1.3909672414567869
final_joint_baseline_30mer,hs_quadratic,8,53,345.922,train,0.0669654260296634,0.0654076778675088,0.001710017021938098,0.0535517820721796,0.05522864051884173,0.00876590750652183,5.420805380731725,5.467418063581295,5.502666666666666,1.3307693450260425,1.386811330200702,1.3941934881762825
final_joint_baseline_30mer,hs_quadratic,8,54,347.305,train,0.0662307648695777,0.07886843694188114,0.002427151271214841,0.05286281238720976,0.05335847845847102,0.008727092723497235,5.455972347096387,5.520428104454173,5.597333333333333,1.3296127304653613,1.3840862251761243,1.3791315693004218
final_joint_baseline_30mer,hs_quadratic,8,55,348.693,train,0.06779781356758321,0.06948127980940494,0.0018506637867440048,0.05244913108586878,0.06323968553090595,0.008014522686429397,5.529657710307305,5.573182503747576,5.561999999999999,1.3272872473009774,1.381380920359844,1.3873989758026233
final_joint_baseline_30mer,hs_quadratic,8,56,350.086,train,0.06951898982066369,0.06981530804815295,0.002495680581241663,0.05214125167933162,0.057407730691614076,0.005793386642765522,5.55811461143002,5.625650043709507,5.602,1.3251929199481436,1.378696900351153,1.379008592026721
final_joint_baseline_30mer,hs_quadratic,8,57,351.486,train,0.06691610328061864,0.07296257536308211,0.00244709392054512,0.050553019288807566,0.05183321914271906,0.008769020756886497,5.524239516333541,5.677873117438482,5.727333333333333,1.3267302453454364,1.3760318832266563,1.3818120673244958
final_joint_baseline_30mer,hs_quadratic,8,58,352.891,train,0.06839690733488568,0.0755297603289477,0.0018702919106689288,0.051066297300387635,0.0584936053522528,0.00913767985039701,5.597728058648593,5.729743495616401,5.704000000000001,1.324656527064957,1.3733912675633613,1.3742541802460952
final_joint_baseline_30mer,hs_quadratic,8,59,354.301,train,0.06757957803305883,0.06595391077072421,0.001759062550593706,0.05046892640921968,0.054217978118253476,0.008993786123021695,5.6865059536159706,5.781228066094748,5.782,1.3203266723635592,1.3707765896310977,1.371577556787618
final_joint_baseline_30mer,hs_quadratic,8,60,355.717,train,0.07117645587077737,0.07983764463959897,0.0023968312693616067,0.05079733879636679,0.059517785513673524,0.010959150298822294,5.7300068296562685,5.832329053949051,5.9,1.3184264601922309,1.3681875829179793,1.3620176162788045
final_joint_baseline_30mer,hs_quadratic,8,61,357.139,train,0.07077604294667006,0.07095550983663672,0.0014606253504475231,0.05027947400262707,0.05102811161753222,0.00527247055982185,5.821185622564954,5.883010945554976,5.978,1.3154275616635978,1.3656258888281125,1.3621256596791618
final_joint_baseline_30mer,hs_quadratic,8,62,358.567,train,0.07045053301683915,0.07241553410925947,0.0024027172104300843,0.04949742515972115,0.05182735173754268,0.006950736449377767,5.787977355510985,5.933237636735983,5.83,1.3170019276909346,1.36309316332048,1.3654026659618959
final_joint_baseline_30mer,hs_quadratic,8,63,360.0,train,0.0711617988227482,0.06769218042016481,0.0021876997326218646,0.04944787576125946,0.05110747143062938,0.008589885084470629,5.94692838370565,5.982938038976869,6.113333333333333,1.3119173353397782,1.3605928053025143,1.3487740598909526
final_joint_baseline_30mer,hs_quadratic,9,0,280.0,train,0.07921740600138655,0.08413138472021253,0.003229531283757219,0.09707829151163534,0.10254128646460633,0.006282027759731522,2.543307513198239,2.8575358159320574,2.8513333333333333,1.4490542803047362,1.5295960377944064,1.5299077862172683
final_joint_baseline_30mer,hs_quadratic,9,1,281.119,train,0.08067616477725528,0.08486364736706488,0.0013661416670187384,0.09765100460372235,0.10064308148915511,0.005525575806562301,2.607172003596376,2.8978744861733783,2.8886666666666665,1.4453908784431428,1.5272549393927002,1.5232080627188802
final_joint_baseline_30mer,hs_quadratic,9,2,282.243,train,0.08086358873914495,0.08531803906127139,0.001030656716692406,0.09809710508701125,0.09838803316977336,0.009830929368293169,2.6356502293842357,2.938655606819929,2.9533333333333336,1.4450302196769296,1.524892678776765,1.5160282422399194
final_joint_baseline_30mer,hs_quadratic,9,3,283.371,train,0.07834228470847523,0.07944200873806938,0.0012614134217550869,0.09741804443736436,0.09717299561845356,0.007446005167325116,2.7111095741983076,2.9798420440601947,2.945333333333333,1.4426351112681033,1.522511532479498,1.517457335749599
final_joint_baseline_30mer,hs_quadratic,9,4,284.504,train,0.07792479937374765,0.08208504042028866,0.001064335354364205,0.09563811030015784,0.09535186009056883,0.0066743151361883316,2.759010247366115,3.021469207282032,3.010666666666667,1.4411339909979202,1.5201095795377872,1.52239165706852
final_joint_baseline_30mer,hs_quadratic,9,5,285.641,train,0.07787667820917883,0.08020622187979445,0.0018177979870137354,0.09492582395319449,0.10122924989844605,0.0077932403654831315,2.779320982317818,3.063498993961594,3.0586666666666664,1.4388363579313137,1.5176891451749017,1.5157287833413378
final_joint_baseline_30mer,hs_quadratic,9,6,286.783,train,0.07765564751739736,0.07633225486879046,0.0009984893022012692,0.09545705055101013,0.09867741739858044,0.00749698803653608,2.848500789588953,3.105966733916766,3.1093333333333337,1.436106212846229,1.515248321909125,1.5121578208367221
final_joint_baseline_30mer,hs_quadratic,9,7,287.929,train,0.07829656541907412,0.08084555334386664,0.0010769013094502197,0.09345231677304344,0.10473451073257822,0.009733420664250408,2.858525687576366,3.1488333236769606,3.1353333333333335,1.4361933836522711,1.5127894845783145,1.5138787901572563
final_joint_baseline_30mer,hs_quadratic,9,8,289.08,train,0.07826750600846741,0.08257174307144631,0.001835662151914046,0.09186166580160893,0.09662479365356423,0.005505649861277889,2.931267722525763,3.192133955232804,3.1540000000000004,1.4333961198315441,1.5103107421925377,1.514063116589019
final_joint_baseline_30mer,hs_quadratic,9,9,290.235,train,0.07892323357307501,0.08520662978291307,0.0016605798452076852,0.09104083363948073,0.09638806892592847,0.009377356403095602,2.993197143647555,3.235828491255181,3.2520000000000002,1.430608882046017,1.5078145200854578,1.5101543348664683
final_joint_baseline_30mer,hs_quadratic,9,10,291.395,train,0.07795329582962726,0.07829550206228475,0.0016027739117360738,0.08876025584305132,0.09208260542498994,0.00714790862003297,2.9908893249878963,3.2799519236596026,3.3666666666666667,1.4303011384655808,1.5052989469001883,1.503859639828991
final_joint_baseline_30mer,hs_quadratic,9,11,292.56,train,0.0765718497158242,0.07932205876684452,0.0013431946184793613,0.08662304295235744,0.0970929099373417,0.010065516709288496,3.0821580272955718,3.3245013873337492,3.3306666666666667,1.4258314762733413,1.5027643202347627,1.5060344481127126
final_joint_baseline_30mer,hs_quadratic,9,12,293.729,train,0.07237366889557376,0.07567709628059614,0.001914172807607692,0.08516406169396638,0.08234911005549679,0.007928384252167709,3.150122904995735,3.369435124391658,3.4433333333333342,1.423585365887622,1.5002131431969077,1.503959394058778
final_joint_baseline_30mer,hs_quadratic,9,13,294.903,train,0.07167598818583751,0.07702638512411789,0.0017517414376939386,0.08521743639318827,0.08600347180585476,0.009747787896883017,3.19203235585679,3.4147876938703536,3.444,1.4218773193909555,1.4976435805617587,1.4968875868838545
final_joint_baseline_30mer,hs_quadratic,9,14,296.082,train,0.07138368806143033,0.07513931975543475,0.0024825685461673883,0.08567191534231311,0.09296873223685717,0.011275856356320583,3.262342658551767,3.4605551299775494,3.526,1.419300628344623,1.4950559902872202,1.4983193895206781
final_joint_baseline_30mer,hs_quadratic,9,15,297.266,train,0.07334373101201369,0.08279013345641356,0.0016051909999662834,0.0859085680942348,0.08588038883770807,0.008126028107655727,3.298642857966203,3.506733066695283,3.5293333333333337,1.4171639688431674,1.4924507519137933,1.4842606732773718
final_joint_baseline_30mer,hs_quadratic,9,16,298.454,train,0.07371374396306053,0.07786526762897918,0.0022326486759882786,0.08351820589212164,0.08816292195043861,0.008730922905975096,3.3203087177536483,3.553277457318279,3.708,1.4153553834935257,1.4898304752521245,1.4696664543713323
final_joint_baseline_30mer,hs_quadratic,9,17,299.647,train,0.07384241817588443,0.07160791883299068,0.0017928327798558852,0.08356480966152707,0.09523460074219989,0.0072162756490259435,3.3892846439357265,3.6002220188120937,3.5373333333333337,1.4117220597375317,1.487193385911269,1.4895791926137336
final_joint_baseline_30mer,hs_quadratic,9,18,300.845,train,0.07324003592037226,0.07263941814700159,0.0011102209668697694,0.0817887062016575,0.0886844544631454,0.005982538466499704,3.41430049334901,3.647561112096395,3.658666666666667,1.4126422269680854,1.4845399303567295,1.482589549254595
final_joint_baseline_30mer,hs_quadratic,9,19,302.047,train,0.07356292568882557,0.07570661382745017,0.001536489268450051,0.0811980343753115,0.08770988928940934,0.007310460168501783,3.484319022753994,3.6952488868165947,3.7073333333333327,1.4088618546958285,1.4818727996246004,1.4781501894618048
final_joint_baseline_30mer,hs_quadratic,9,20,303.254,train,0.07179268388609159,0.0686674675717232,0.002895076058586984,0.0812600981519743,0.0762774346427415,0.006804620223895556,3.5339085229499503,3.7433182210362803,3.8293333333333335,1.406459226760602,1.4791902742503835,1.4638287307221824
final_joint_baseline_30mer,hs_quadratic,9,21,304.467,train,0.07278665086864057,0.07103385528848442,0.0011834092916402977,0.07997075840645738,0.08530779844418337,0.010105684561965481,3.6290352606219884,3.7918021083116233,3.8446666666666665,1.4036600134330308,1.4764906453932263,1.4782625686004542
final_joint_baseline_30mer,hs_quadratic,9,22,305.683,train,0.0746649727749117,0.0768010694253659,0.0023306234221951837,0.07677596767158405,0.08273169721722712,0.007388829982093434,3.686256109228393,3.8405728748385517,3.8760000000000003,1.4002096648194318,1.4737811374918053,1.4721864876954378
final_joint_baseline_30mer,hs_quadratic,9,23,306.905,train,0.07458247318304732,0.0763876309950622,0.002307697965989411,0.07700248901216204,0.07573819957477841,0.007555513362171024,3.728478369873435,3.8897425643871903,3.974666666666667,1.3994710802263843,1.4710556390227105,1.471962977642828
final_joint_baseline_30mer,hs_quadratic,9,24,308.132,train,0.07349097968175472,0.07209762218955032,0.0011878276760448156,0.0753991975478765,0.08908174514195263,0.009656406613695453,3.769594917813588,3.93926252129547,3.924666666666667,1.3975494234797674,1.4683169727640166,1.4647545355683653
final_joint_baseline_30mer,hs_quadratic,9,25,309.364,train,0.07309271839085928,0.08064865554359539,0.0033345237108385476,0.07273117127797143,0.07707553960536535,0.00680776896989874,3.8070892984761517,3.989123574956438,4.0053333333333345,1.3954718061855997,1.4655657613995698,1.4622169287174294
final_joint_baseline_30mer,hs_quadratic,9,26,310.6,train,0.07297279864031474,0.08402824176491372,0.0022668482982293485,0.07378650193026881,0.08426186515335127,0.009882007529115184,3.874953172188026,4.039275358851576,4.006666666666667,1.391661912809699,1.4628048887871017,1.4630139847759245
final_joint_baseline_30mer,hs_quadratic,9,27,311.842,train,0.07307822864557813,0.07655769727110709,0.002002752162765435,0.07353130652691907,0.07543426137834383,0.006807770020303179,3.890596399013302,4.089788704228113,4.1353333333333335,1.3920757652626659,1.460030564843515,1.4529418677159414
final_joint_baseline_30mer,hs_quadratic,9,28,313.088,train,0.0732535725348682,0.0805277581065014,0.004352086179473244,0.07222268828932155,0.07585687863352,0.00893280237175293,3.9656718998547618,4.140571359711948,4.013333333333334,1.3890153180179459,1.4572479618505283,1.4588497401549152
final_joint_baseline_30mer,hs_quadratic,9,29,314.34,train,0.07231972103201535,0.07376299266964285,0.0023888234289136685,0.07165903193758791,0.0772694248828372,0.008893715421790148,3.9884460658874517,4.191693299135958,4.173333333333333,1.3875389843347843,1.454453347438225,1.4601635283195562
final_joint_baseline_30mer,hs_quadratic,9,30,315.596,train,0.07294900891680624,0.0781348430277317,0.0024748707825778832,0.07078830341323032,0.07271923206054416,0.008936452962198527,4.08785200106047,4.243060700664385,4.256,1.384418102377888,1.4516519480530714,1.4519920550676697
final_joint_baseline_30mer,hs_quadratic,9,31,316.858,train,0.07110753316653265,0.07845221870279258,0.0015583338087818313,0.0687127025047797,0.07780647972687856,0.010254838847618474,4.162689040274801,4.294742541849218,4.259333333333334,1.3802637032924852,1.4488400951015246,1.450129298414883
final_joint_baseline_30mer,hs_quadratic,9,32,318.124,train,0.06985567975019025,0.07809657626351019,0.0020544356804453544,0.06772950945774384,0.074004895944285,0.008759724019438508,4.1928993187634,4.346643454655641,4.339333333333334,1.378450940428177,1.4460230656769002,1.455351183634906
final_joint_baseline_30mer,hs_quadratic,9,33,319.396,train,0.06912687358222877,0.07357283467750002,0.0026879548817329317,0.06762206570806573,0.07330869912664384,0.006940129549213853,4.283916015399866,4.398831278831331,4.383333333333333,1.3766030864406695,1.4431972609901762,1.4443045475622855
final_joint_baseline_30mer,hs_quadratic,9,34,320.672,train,0.07022618511424353,0.07788800407207587,0.003211057327963111,0.06670078185162391,0.06899071645633317,0.008216992526747235,4.286059576503677,4.451209134815098,4.438666666666666,1.374854657302226,1.4403680046915621,1.434315497840142
final_joint_baseline_30mer,hs_quadratic,9,35,321.954,train,0.06873963827699697,0.07525417877972583,0.002720194847262312,0.06465369732131361,0.07971915903645718,0.009134957465654764,4.3263572861193715,4.503843581439831,4.569333333333333,1.3732220845705354,1.43753177374011,1.4443728599882997
final_joint_baseline_30mer,hs_quadratic,9,36,323.241,train,0.06954869296352734,0.07263579046180246,0.0020599088710407595,0.0645248210397466,0.06053367931585186,0.008646896955675833,4.395032073449062,4.556677319321843,4.58,1.3700644404845734,1.4346917299649453,1.4284966158073282
final_joint_baseline_30mer,hs_quadratic,9,37,324.533,train,0.07006190121631808,0.08181204371484294,0.0028663229800874558,0.06548689563146463,0.0747017254953607,0.008031545526340236,4.451483072826613,4.609693368027169,4.510000000000001,1.3685460531537685,1.4318488459199232,1.4372326961673467
final_joint_baseline_30mer,hs_quadratic,9,38,325.83,train,0.07008451187344988,0.07411434978497441,0.002659654863481973,0.06381940829290006,0.0648744129318735,0.008968755370085544,4.488311634045692,4.662874016277009,4.674666666666667,1.366888136833101,1.429004124400158,1.4362442751520184
final_joint_baseline_30mer,hs_quadratic,9,39,327.132,train,0.0694018271987499,0.06745635258395091,0.004238216033731466,0.06443628649248248,0.062230826728058394,0.006984633467916372,4.575185294049842,4.716200813546479,4.784,1.3636341314088298,1.4261585983707348,1.427476425890032
final_joint_baseline_30mer,hs_quadratic,9,40,328.44,train,0.06892273886078376,0.07792754335268458,0.003594674588107706,0.06364754632748075,0.06695924175236664,0.005786685551152567,4.6199888477764715,4.769695426210099,4.822666666666667,1.3595889047067131,1.4233111584231026,1.4260317046862028
final_joint_baseline_30mer,hs_quadratic,9,41,329.753,train,0.06632489548923506,0.07131579755409692,0.002478643506451043,0.062224037224723625,0.0680851354477,0.009209036107377356,4.7220001383221515,4.82329687770315,4.835333333333333,1.3558915257258317,1.4204650892474064,1.4168437156290168
final_joint_baseline_30mer,hs_quadratic,9,42,331.071,train,0.06624034531213095,0.0730051886113351,0.002009831512000476,0.06132055301182381,0.06692255063435493,0.009370233754287107,4.730136074417318,4.876984415322738,4.8773333333333335,1.3539478674019712,1.4176215156284377,1.4182994572769299
final_joint_baseline_30mer,hs_quadratic,9,43,332.394,train,0.06675211143021065,0.07856276146634081,0.0024127880825846938,0.06012559822405554,0.06709038412195442,0.007297696774345628,4.787296262996519,4.9307365244483705,4.971333333333334,1.352011450103533,1.414781591647249,1.412545192796001
final_joint_baseline_30mer,hs_quadratic,9,44,333.723,train,0.06748481201692638,0.06889522899462096,0.00208892586686284,0.06036653054249836,0.06935269779782774,0.006986183859648672,4.863467102381446,4.984571368723325,5.004,1.3487861302799726,1.4119443715515771,1.4148124917904121
final_joint_baseline_30mer,hs_quadratic,9,45,335.057,train,0.06591194335138945,0.0601058482385306,0.001760875854301112,0.05873547282228621,0.06558212806957048,0.006730219013101517,4.941125048989096,5.038425172751871,4.964,1.3481898596865658,1.4091132213723587,1.4118988034156106
final_joint_baseline_30mer,hs_quadratic,9,46,336.396,train,0.06608093303780556,0.07634685945686001,0.001938527458276871,0.05921513583361063,0.07011608146467659,0.009854513311764802,5.020747746501602,5.092274081875575,5.106000000000002,1.3457309745538302,1.4062893828704421,1.4028800412220808
final_joint_baseline_30mer,hs_quadratic,9,47,337.741,train,0.06797205586783031,0.08442537680027452,0.003941195679205975,0.05771888899159103,0.06197207777101136,0.009225004119736164,5.0435716220577715,5.146133434005149,5.200666666666667,1.3444760491479961,1.4034720377968726,1.3985873435199223
final_joint_baseline_30mer,hs_quadratic,9,48,339.091,train,0.06524306952644986,0.05888674901628356,0.0023273258466571566,0.05665404402311864,0.06105659807044018,0.005131617209547206,5.122854133526984,5.199937511060824,5.1146666666666665,1.341662910771536,1.400664600086859,1.4030988478202537
final_joint_baseline_30mer,hs_quadratic,9,49,340.446,train,0.06582488277941806,0.07344160396735694,0.003123676685629917,0.05522842253860626,0.07334671496817989,0.01152044429804862,5.218590209096986,5.253660142018348,5.140666666666666,1.3391828595644897,1.3978683937415002,1.4143331018453507
final_joint_baseline_30mer,hs_quadratic,9,50,341.807,train,0.06771496936104021,0.06994247497708023,0.0030061978318404706,0.05595226481415243,0.06214779490762043,0.009200143768531148,5.271444256172626,5.307313719668425,5.312666666666667,1.3372135791506743,1.3950827296512305,1.4031402258525738
final_joint_baseline_30mer,hs_quadratic,9,51,343.173,train,0.06674039715724195,0.07510543713110888,0.002467528637280809,0.05375276583736619,0.06545212458749512,0.006831502860319085,5.3073408718906325,5.360830794833573,5.414,1.3364304344011835,1.3923110552079117,1.3930378613691765
final_joint_baseline_30mer,hs_quadratic,9,52,344.545,train,0.06668711050767992,0.06465722705142282,0.002736656163281708,0.05304787657864893,0.058553285911154475,0.00927804785006887,5.368419899946977,5.414221733575836,5.343333333333334,1.3327784510796787,1.389552768268374,1.3976883171842787
final_joint_baseline_30mer,hs_quadratic,9,53,345.922,train,0.0669654260296634,0.07228088824492393,0.0018609645591086475,0.0535517820721796,0.0531800919751416,0.007846461167088908,5.420805380731725,5.467418063581295,5.4719999999999995,1.3307693450260425,1.386811330200702,1.387694408232436
final_joint_baseline_30mer,hs_quadratic,9,54,347.305,train,0.0662307648695777,0.0680409476571322,0.0015400031368424543,0.05286281238720976,0.05556778021780599,0.008131951947846801,5.455972347096387,5.520428104454173,5.563333333333334,1.3296127304653613,1.3840862251761243,1.3756202338536632
final_joint_baseline_30mer,hs_quadratic,9,55,348.693,train,0.06779781356758321,0.07705036810493657,0.0035134175320060963,0.05244913108586878,0.06537539072838976,0.00914736800899668,5.529657710307305,5.573182503747576,5.648,1.3272872473009774,1.381380920359844,1.3792530497260702
final_joint_baseline_30mer,hs_quadratic,9,56,350.086,train,0.06951898982066369,0.07621950869001473,0.001364817204193723,0.05214125167933162,0.058045588265117964,0.005453854344936638,5.55811461143002,5.625650043709507,5.530666666666667,1.3251929199481436,1.378696900351153,1.388790733796395
final_joint_baseline_30mer,hs_quadratic,9,57,351.486,train,0.06691610328061864,0.07376871693370676,0.00300191357992233,0.050553019288807566,0.054708327249779545,0.007355567096327785,5.524239516333541,5.677873117438482,5.594,1.3267302453454364,1.3760318832266563,1.3764288936471272
final_joint_baseline_30mer,hs_quadratic,9,58,352.891,train,0.06839690733488568,0.06621890803213083,0.0036916024267802097,0.051066297300387635,0.06276968455994267,0.007001413760553116,5.597728058648593,5.729743495616401,5.6899999999999995,1.324656527064957,1.3733912675633613,1.3783646250838661
final_joint_baseline_30mer,hs_quadratic,9,59,354.301,train,0.06757957803305883,0.0704340042276232,0.0017456581016484262,0.05046892640921968,0.05267933096836468,0.007741367217726835,5.6865059536159706,5.781228066094748,5.793333333333333,1.3203266723635592,1.3707765896310977,1.3680111449543377
final_joint_baseline_30mer,hs_quadratic,9,60,355.717,train,0.07117645587077737,0.07682849555265729,0.003233646946640533,0.05079733879636679,0.05308369377346077,0.009223150205262579,5.7300068296562685,5.832329053949051,5.838666666666667,1.3184264601922309,1.3681875829179793,1.3663767906197042
final_joint_baseline_30mer,hs_quadratic,9,61,357.139,train,0.07077604294667006,0.08620863954718591,0.004468111952201507,0.05027947400262707,0.055809644986283366,0.0077223134459761065,5.821185622564954,5.883010945554976,5.990666666666668,1.3154275616635978,1.3656258888281125,1.368841590077691
final_joint_baseline_30mer,hs_quadratic,9,62,358.567,train,0.07045053301683915,0.0716747671469466,0.0015699888579199823,0.04949742515972115,0.04627559049526087,0.008951882057674082,5.787977355510985,5.933237636735983,5.985333333333334,1.3170019276909346,1.36309316332048,1.3513339881277038
final_joint_baseline_30mer,hs_quadratic,9,63,360.0,train,0.0711617988227482,0.07193304133945377,0.001446296145790621,0.04944787576125946,0.05345053378151811,0.009565796167258245,5.94692838370565,5.982938038976869,5.954666666666668,1.3119173353397782,1.3605928053025143,1.3562909367871747
final_joint_baseline_30mer,hs_quadratic,10,0,280.0,train,0.07921740600138655,0.08385991033277133,0.0018459597402901747,0.09707829151163534,0.11023333184851264,0.00932395196620268,2.543307513198239,2.8575358159320574,2.848,1.4490542803047362,1.5295960377944064,1.5262781717294016
final_joint_baseline_30mer,hs_quadratic,10,1,281.119,train,0.08067616477725528,0.08359620803772755,0.0027573696067422276,0.09765100460372235,0.09620331633222885,0.006993911471422483,2.607172003596376,2.8978744861733783,2.91,1.4453908784431428,1.5272549393927002,1.527267252020347
final_joint_baseline_30mer,hs_quadratic,10,2,282.243,train,0.08086358873914495,0.08653448356413201,0.0026117290325657384,0.09809710508701125,0.10606039849783154,0.009533111812949326,2.6356502293842357,2.938655606819929,2.9113333333333333,1.4450302196769296,1.524892678776765,1.5165999366027552
final_joint_baseline_30mer,hs_quadratic,10,3,283.371,train,0.07834228470847523,0.0863165971122703,0.0023846727694115553,0.09741804443736436,0.09987320622038186,0.006420432889407425,2.7111095741983076,2.9798420440601947,2.948666666666667,1.4426351112681033,1.522511532479498,1.5261278304579706
final_joint_baseline_30mer,hs_quadratic,10,4,284.504,train,0.07792479937374765,0.08262004758281596,0.0021356560124142893,0.09563811030015784,0.10235519861541713,0.00859608871793685,2.759010247366115,3.021469207282032,3.034,1.4411339909979202,1.5201095795377872,1.5233178124250284
final_joint_baseline_30mer,hs_quadratic,10,5,285.641,train,0.07787667820917883,0.08029028765647007,0.0013883450526475253,0.09492582395319449,0.09497025477328522,0.006161406317306277,2.779320982317818,3.063498993961594,3.051333333333334,1.4388363579313137,1.5176891451749017,1.518789762889472
final_joint_baseline_30mer,hs_quadratic,10,6,286.783,train,0.07765564751739736,0.07964998299069558,0.0024971249057716347,0.09545705055101013,0.10577183033370088,0.009183614451435352,2.848500789588953,3.105966733916766,3.004,1.436106212846229,1.515248321909125,1.5215005365894676
final_joint_baseline_30mer,hs_quadratic,10,7,287.929,train,0.07829656541907412,0.07916555618105446,0.0011511769507827176,0.09345231677304344,0.10107562145713404,0.008656216944904122,2.858525687576366,3.1488333236769606,3.109333333333333,1.4361933836522711,1.5127894845783145,1.516106531121323
final_joint_baseline_30mer,hs_quadratic,10,8,289.08,train,0.07826750600846741,0.08033824372187612,0.0027568671113843398,0.09186166580160893,0.08918369139289328,0.00897773633767067,2.931267722525763,3.192133955232804,3.136,1.4333961198315441,1.5103107421925377,1.5083598808483094
final_joint_baseline_30mer,hs_quadratic,10,9,290.235,train,0.07892323357307501,0.07843447604118425,0.0015222100995808938,0.09104083363948073,0.09894717537119412,0.0065821184008738294,2.993197143647555,3.235828491255181,3.2126666666666663,1.430608882046017,1.5078145200854578,1.5108156775823505
final_joint_baseline_30mer,hs_quadratic,10,10,291.395,train,0.07795329582962726,0.08463848953156186,0.0010391621806598035,0.08876025584305132,0.09640075855997143,0.008813004276113187,2.9908893249878963,3.2799519236596026,3.276666666666667,1.4303011384655808,1.5052989469001883,1.5050852866674809
final_joint_baseline_30mer,hs_quadratic,10,11,292.56,train,0.0765718497158242,0.07262738559267093,0.0018888028906909062,0.08662304295235744,0.08664732634215455,0.008175201998189205,3.0821580272955718,3.3245013873337492,3.3626666666666667,1.4258314762733413,1.5027643202347627,1.4965983072360778
final_joint_baseline_30mer,hs_quadratic,10,12,293.729,train,0.07237366889557376,0.07479627331545136,0.0015114546565047238,0.08516406169396638,0.09392294879954047,0.0076329707718600995,3.150122904995735,3.369435124391658,3.423333333333334,1.423585365887622,1.5002131431969077,1.5062773434044598
final_joint_baseline_30mer,hs_quadratic,10,13,294.903,train,0.07167598818583751,0.07623393741045996,0.001776038032470833,0.08521743639318827,0.08557556756230118,0.010278804370323845,3.19203235585679,3.4147876938703536,3.4013333333333335,1.4218773193909555,1.4976435805617587,1.4954712700396589
final_joint_baseline_30mer,hs_quadratic,10,14,296.082,train,0.07138368806143033,0.07206340272439962,0.00220532479826009,0.08567191534231311,0.07712703178791994,0.0077824024194781925,3.262342658551767,3.4605551299775494,3.4406666666666665,1.419300628344623,1.4950559902872202,1.4882541481119225
final_joint_baseline_30mer,hs_quadratic,10,15,297.266,train,0.07334373101201369,0.0779708683576972,0.001700858636622097,0.0859085680942348,0.0923238042047919,0.0073562538398789816,3.298642857966203,3.506733066695283,3.5646666666666667,1.4171639688431674,1.4924507519137933,1.483897384825465
final_joint_baseline_30mer,hs_quadratic,10,16,298.454,train,0.07371374396306053,0.07469932673835791,0.001091901493944602,0.08351820589212164,0.09199947438685535,0.00975339857802305,3.3203087177536483,3.553277457318279,3.582,1.4153553834935257,1.4898304752521245,1.5032697728715763
final_joint_baseline_30mer,hs_quadratic,10,17,299.647,train,0.07384241817588443,0.07554331937536125,0.0015910275389134903,0.08356480966152707,0.09026664873811163,0.008623651780622759,3.3892846439357265,3.6002220188120937,3.594666666666667,1.4117220597375317,1.487193385911269,1.4773144347957312
final_joint_baseline_30mer,hs_quadratic,10,18,300.845,train,0.07324003592037226,0.07422948128041676,0.002527698081774907,0.0817887062016575,0.08838236790615597,0.007366041388078988,3.41430049334901,3.647561112096395,3.6053333333333333,1.4126422269680854,1.4845399303567295,1.4844866567948052
final_joint_baseline_30mer,hs_quadratic,10,19,302.047,train,0.07356292568882557,0.07657026098196487,0.002374400069438264,0.0811980343753115,0.082621384310481,0.008540505947318658,3.484319022753994,3.6952488868165947,3.5993333333333335,1.4088618546958285,1.4818727996246004,1.4786066203733428
final_joint_baseline_30mer,hs_quadratic,10,20,303.254,train,0.07179268388609159,0.07152179465916864,0.0008882147512621651,0.0812600981519743,0.08905908701427181,0.006983870031678767,3.5339085229499503,3.7433182210362803,3.755333333333333,1.406459226760602,1.4791902742503835,1.48384141171042
final_joint_baseline_30mer,hs_quadratic,10,21,304.467,train,0.07278665086864057,0.07158432758314917,0.0030286925127826284,0.07997075840645738,0.08275480391145612,0.0076641600778692386,3.6290352606219884,3.7918021083116233,3.7726666666666664,1.4036600134330308,1.4764906453932263,1.4793579726889767
final_joint_baseline_30mer,hs_quadratic,10,22,305.683,train,0.0746649727749117,0.07952603573920725,0.0021423926459496773,0.07677596767158405,0.0802673733571584,0.006538304182278768,3.686256109228393,3.8405728748385517,3.935333333333334,1.4002096648194318,1.4737811374918053,1.4734888922161207
final_joint_baseline_30mer,hs_quadratic,10,23,306.905,train,0.07458247318304732,0.07470383614552786,0.0032378506059673657,0.07700248901216204,0.07682523897541743,0.008954253527933151,3.728478369873435,3.8897425643871903,3.932,1.3994710802263843,1.4710556390227105,1.4605546939139107
final_joint_baseline_30mer,hs_quadratic,10,24,308.132,train,0.07349097968175472,0.0747254896122553,0.0012552126929928336,0.0753991975478765,0.07389659005499491,0.006952185889900729,3.769594917813588,3.93926252129547,3.9299999999999997,1.3975494234797674,1.4683169727640166,1.4631451005331817
final_joint_baseline_30mer,hs_quadratic,10,25,309.364,train,0.07309271839085928,0.07817353319684979,0.0020048089271900204,0.07273117127797143,0.07659003640525959,0.0076749904873516,3.8070892984761517,3.989123574956438,3.890666666666667,1.3954718061855997,1.4655657613995698,1.4674853422628868
final_joint_baseline_30mer,hs_quadratic,10,26,310.6,train,0.07297279864031474,0.07748284417658557,0.0020275718090961244,0.07378650193026881,0.07180587960047194,0.009190216952725547,3.874953172188026,4.039275358851576,4.088,1.391661912809699,1.4628048887871017,1.4557817902372738
final_joint_baseline_30mer,hs_quadratic,10,27,311.842,train,0.07307822864557813,0.08178676186916198,0.0036493555760192305,0.07353130652691907,0.07371680802711514,0.008903540118662543,3.890596399013302,4.089788704228113,4.0760000000000005,1.3920757652626659,1.460030564843515,1.45416989343877
final_joint_baseline_30mer,hs_quadratic,10,28,313.088,train,0.0732535725348682,0.07128019299219354,0.002158300369790158,0.07222268828932155,0.07524679755284332,0.008480855633278366,3.9656718998547618,4.140571359711948,4.039333333333333,1.3890153180179459,1.4572479618505283,1.4613283026875115
final_joint_baseline_30mer,hs_quadratic,10,29,314.34,train,0.07231972103201535,0.07413901741826548,0.00198074643143926,0.07165903193758791,0.06903048684590748,0.008508123716533816,3.9884460658874517,4.191693299135958,4.150666666666666,1.3875389843347843,1.454453347438225,1.4533515124021739
final_joint_baseline_30mer,hs_quadratic,10,30,315.596,train,0.07294900891680624,0.0817915560168811,0.0016640138214282045,0.07078830341323032,0.07816580167811331,0.0061391586214626735,4.08785200106047,4.243060700664385,4.248666666666667,1.384418102377888,1.4516519480530714,1.4589295883624667
final_joint_baseline_30mer,hs_quadratic,10,31,316.858,train,0.07110753316653265,0.07918965651092452,0.0023425771966227894,0.0687127025047797,0.07484244027619594,0.007141432646373791,4.162689040274801,4.294742541849218,4.266666666666667,1.3802637032924852,1.4488400951015246,1.4491596410415908
final_joint_baseline_30mer,hs_quadratic,10,32,318.124,train,0.06985567975019025,0.07166497314868689,0.0022232416363165007,0.06772950945774384,0.06931259341167428,0.010346441436716041,4.1928993187634,4.346643454655641,4.3566666666666665,1.378450940428177,1.4460230656769002,1.4416333963129073
final_joint_baseline_30mer,hs_quadratic,10,33,319.396,train,0.06912687358222877,0.0686341049351255,0.0011786746472752553,0.06762206570806573,0.07666968492756454,0.008167944692162126,4.283916015399866,4.398831278831331,4.394,1.3766030864406695,1.4431972609901762,1.4452382265879442
final_joint_baseline_30mer,hs_quadratic,10,34,320.672,train,0.07022618511424353,0.07143497930316466,0.0038274331173482855,0.06670078185162391,0.07055484805799513,0.0075739754967558155,4.286059576503677,4.451209134815098,4.463333333333334,1.374854657302226,1.4403680046915621,1.4364966693540118
final_joint_baseline_30mer,hs_quadratic,10,35,321.954,train,0.06873963827699697,0.06413355859469064,0.0025757540532939374,0.06465369732131361,0.06449187744301149,0.007717970470118492,4.3263572861193715,4.503843581439831,4.354,1.3732220845705354,1.43753177374011,1.4382368506156138
final_joint_baseline_30mer,hs_quadratic,10,36,323.241,train,0.06954869296352734,0.07224421723273684,0.0023484434359391116,0.0645248210397466,0.05386031416876269,0.010842415026071063,4.395032073449062,4.556677319321843,4.754,1.3700644404845734,1.4346917299649453,1.420546043817666
final_joint_baseline_30mer,hs_quadratic,10,37,324.533,train,0.07006190121631808,0.07693098683233543,0.0027313939614887497,0.06548689563146463,0.06930402974412872,0.007521369280821598,4.451483072826613,4.609693368027169,4.628,1.3685460531537685,1.4318488459199232,1.4330363307481275
final_joint_baseline_30mer,hs_quadratic,10,38,325.83,train,0.07008451187344988,0.06910263853953726,0.0018143893740922442,0.06381940829290006,0.06773693759315833,0.007665116335623629,4.488311634045692,4.662874016277009,4.6419999999999995,1.366888136833101,1.429004124400158,1.4296138095034063
final_joint_baseline_30mer,hs_quadratic,10,39,327.132,train,0.0694018271987499,0.08002981666649285,0.0031329199025975922,0.06443628649248248,0.06907995549698336,0.007980182861031079,4.575185294049842,4.716200813546479,4.688666666666666,1.3636341314088298,1.4261585983707348,1.4236627230188579
final_joint_baseline_30mer,hs_quadratic,10,40,328.44,train,0.06892273886078376,0.07126914763348652,0.0019112017258126703,0.06364754632748075,0.06555441195794579,0.007978755458092457,4.6199888477764715,4.769695426210099,4.752666666666667,1.3595889047067131,1.4233111584231026,1.4249208930783648
final_joint_baseline_30mer,hs_quadratic,10,41,329.753,train,0.06632489548923506,0.06762230952740853,0.001285601371776766,0.062224037224723625,0.06265241478300486,0.01131627279057787,4.7220001383221515,4.82329687770315,4.870666666666667,1.3558915257258317,1.4204650892474064,1.4235424646409558
final_joint_baseline_30mer,hs_quadratic,10,42,331.071,train,0.06624034531213095,0.07102393759805298,0.0025048254530708226,0.06132055301182381,0.06187688265417793,0.008804930687407404,4.730136074417318,4.876984415322738,4.8646666666666665,1.3539478674019712,1.4176215156284377,1.4091247040311654
final_joint_baseline_30mer,hs_quadratic,10,43,332.394,train,0.06675211143021065,0.06451267240868613,0.002766197279285644,0.06012559822405554,0.06779491389425155,0.009398497300379973,4.787296262996519,4.9307365244483705,4.822666666666667,1.352011450103533,1.414781591647249,1.419675851649085
final_joint_baseline_30mer,hs_quadratic,10,44,333.723,train,0.06748481201692638,0.07307640985837033,0.0030236898650620237,0.06036653054249836,0.06828532507758615,0.007896911357554423,4.863467102381446,4.984571368723325,4.928,1.3487861302799726,1.4119443715515771,1.4118280731591832
final_joint_baseline_30mer,hs_quadratic,10,45,335.057,train,0.06591194335138945,0.07439169581784265,0.0014690604030267453,0.05873547282228621,0.06527887796229273,0.00840019281267872,4.941125048989096,5.038425172751871,5.044666666666667,1.3481898596865658,1.4091132213723587,1.4114720368101685
final_joint_baseline_30mer,hs_quadratic,10,46,336.396,train,0.06608093303780556,0.06864774443258545,0.002291408592168593,0.05921513583361063,0.05959901615732226,0.007865722473098802,5.020747746501602,5.092274081875575,5.120666666666667,1.3457309745538302,1.4062893828704421,1.4134992264447928
final_joint_baseline_30mer,hs_quadratic,10,47,337.741,train,0.06797205586783031,0.07310381709877234,0.0021426432889757683,0.05771888899159103,0.07236089478113436,0.008306407421448659,5.0435716220577715,5.146133434005149,5.132,1.3444760491479961,1.4034720377968726,1.411544878145492
final_joint_baseline_30mer,hs_quadratic,10,48,339.091,train,0.06524306952644986,0.07684176892084893,0.004360617472495694,0.05665404402311864,0.05512929595263391,0.009150107721298272,5.122854133526984,5.199937511060824,5.41,1.341662910771536,1.400664600086859,1.3901310243909448
final_joint_baseline_30mer,hs_quadratic,10,49,340.446,train,0.06582488277941806,0.06816795924576888,0.002871697458288103,0.05522842253860626,0.06428291981050757,0.009083080292109854,5.218590209096986,5.253660142018348,5.179333333333333,1.3391828595644897,1.3978683937415002,1.4051740352658517
final_joint_baseline_30mer,hs_quadratic,10,50,341.807,train,0.06771496936104021,0.06857580529809701,0.002383490151828231,0.05595226481415243,0.06184599655606777,0.009848998444830273,5.271444256172626,5.307313719668425,5.320666666666667,1.3372135791506743,1.3950827296512305,1.39339300209947
final_joint_baseline_30mer,hs_quadratic,10,51,343.173,train,0.06674039715724195,0.07469406597596909,0.003184925535849572,0.05375276583736619,0.05629882164798254,0.00867215090267245,5.3073408718906325,5.360830794833573,5.4206666666666665,1.3364304344011835,1.3923110552079117,1.3862969179149545
final_joint_baseline_30mer,hs_quadratic,10,52,344.545,train,0.06668711050767992,0.06719773992129079,0.0021381587835171485,0.05304787657864893,0.04999845920073249,0.009936237829036718,5.368419899946977,5.414221733575836,5.380000000000001,1.3327784510796787,1.389552768268374,1.3784303638846955
final_joint_baseline_30mer,hs_quadratic,10,53,345.922,train,0.0669654260296634,0.0775223305280228,0.003113898636079599,0.0535517820721796,0.060800588081625785,0.00795546444332523,5.420805380731725,5.467418063581295,5.4046666666666665,1.3307693450260425,1.386811330200702,1.4013551593870845
final_joint_baseline_30mer,hs_quadratic,10,54,347.305,train,0.0662307648695777,0.07314606671191087,0.0016405678012914766,0.05286281238720976,0.05044773793772736,0.009804502765214232,5.455972347096387,5.520428104454173,5.586666666666667,1.3296127304653613,1.3840862251761243,1.3766755151082153
final_joint_baseline_30mer,hs_quadratic,10,55,348.693,train,0.06779781356758321,0.07654215560119983,0.002597268543936266,0.05244913108586878,0.050523809349885505,0.010441747348098947,5.529657710307305,5.573182503747576,5.609333333333334,1.3272872473009774,1.381380920359844,1.362693064675801
final_joint_baseline_30mer,hs_quadratic,10,56,350.086,train,0.06951898982066369,0.07694166550827723,0.0023145096587285424,0.05214125167933162,0.055123037921349,0.0072749195589978275,5.55811461143002,5.625650043709507,5.588,1.3251929199481436,1.378696900351153,1.3748169160920218
final_joint_baseline_30mer,hs_quadratic,10,57,351.486,train,0.06691610328061864,0.07340040953722753,0.0015866232474425475,0.050553019288807566,0.0527385484126832,0.007405962485538472,5.524239516333541,5.677873117438482,5.718,1.3267302453454364,1.3760318832266563,1.3718891475490986
final_joint_baseline_30mer,hs_quadratic,10,58,352.891,train,0.06839690733488568,0.06534198392861107,0.0018036490192198185,0.051066297300387635,0.05562408556258148,0.009601861127068921,5.597728058648593,5.729743495616401,5.817333333333334,1.324656527064957,1.3733912675633613,1.3704154844726895
final_joint_baseline_30mer,hs_quadratic,10,59,354.301,train,0.06757957803305883,0.06905528789741866,0.0025549844071221504,0.05046892640921968,0.05099549293441875,0.00778592325438917,5.6865059536159706,5.781228066094748,5.802666666666668,1.3203266723635592,1.3707765896310977,1.3687901309679047
final_joint_baseline_30mer,hs_quadratic,10,60,355.717,train,0.07117645587077737,0.0747769149588356,0.0020658209729650322,0.05079733879636679,0.05465973143237527,0.009392302340246683,5.7300068296562685,5.832329053949051,5.75,1.3184264601922309,1.3681875829179793,1.3656789504339677
final_joint_baseline_30mer,hs_quadratic,10,61,357.139,train,0.07077604294667006,0.0636102735899806,0.003551693702000017,0.05027947400262707,0.05757640745866502,0.00814996032423054,5.821185622564954,5.883010945554976,5.8453333333333335,1.3154275616635978,1.3656258888281125,1.369009944333152
final_joint_baseline_30mer,hs_quadratic,10,62,358.567,train,0.07045053301683915,0.06595615844193617,0.0025054585291274696,0.04949742515972115,0.05185528003029283,0.00884255763278095,5.787977355510985,5.933237636735983,5.99,1.3170019276909346,1.36309316332048,1.3640928947393656
final_joint_baseline_30mer,hs_quadratic,10,63,360.0,train,0.0711617988227482,0.07147163490733922,0.0014781842057004675,0.04944787576125946,0.05473862827788438,0.010459819660202672,5.94692838370565,5.982938038976869,5.973999999999999,1.3119173353397782,1.3605928053025143,1.3629009759707675
final_joint_baseline_30mer,poly2,1,0,280.0,train,0.0792940021208539,0.08270666602391602,0.0016899034354338632,0.09688902375891323,0.10399747992364035,0.009864634491035985,2.543307513198239,2.864506675633269,2.918,1.4490542803047362,1.5291911582038678,1.5371662839452527
final_joint_baseline_30mer,poly2,1,1,281.119,train,0.08074559052485394,0.0808727856223265,0.0016634186134907246,0.09748767482000696,0.11138037592893744,0.00720876118554191,2.607172003596376,2.9037909294238267,2.834666666666667,1.4453908784431428,1.5269119461511207,1.5385546508799344
final_joint_baseline_30mer,poly2,1,2,282.243,train,0.08092750928019285,0.08106396404099825,0.0017397081289944618,0.09796463234707843,0.10334971713338952,0.008858820021017812,2.6356502293842357,2.94356390832014,3.002,1.4450302196769296,1.524608669078765,1.5350002107394272
final_joint_baseline_30mer,poly2,1,3,283.371,train,0.07839179240330421,0.07818405998031774,0.0015178734287715889,0.09731105526185022,0.10200262471446767,0.006618324224181896,2.7111095741983076,2.9837905003423275,2.9819999999999998,1.4426351112681033,1.522283498889021,1.5279186785375964
final_joint_baseline_30mer,poly2,1,4,284.504,train,0.07796381966449929,0.07969487760940049,0.0013703879536032405,0.09555655861523873,0.09788344168639096,0.007092819074253206,2.759010247366115,3.024506336808164,3.001333333333333,1.4411339909979202,1.5199345158459012,1.5108320816553427
final_joint_baseline_30mer,poly2,1,5,285.641,train,0.07790725860251052,0.07964581209346094,0.0009214524877060962,0.09486722664903224,0.0939440293654241,0.00855241569216281,2.779320982317818,3.0656751340789112,3.0919999999999996,1.4388363579313137,1.5175639541040367,1.5128413020944533
final_joint_baseline_30mer,poly2,1,6,286.783,train,0.07767261905284399,0.08019943298354558,0.0020699998566873954,0.09542006295374916,0.10861087212416198,0.008448013090287552,2.848500789588953,3.1073324157458835,3.0973333333333333,1.436106212846229,1.5151699101023537,1.5236452547221624
final_joint_baseline_30mer,poly2,1,7,287.929,train,0.07830545165688639,0.08463308679304074,0.0015869991247386079,0.09343635743126122,0.0943694544725858,0.010326852517275506,2.858525687576366,3.149440668860509,3.214666666666667,1.4361933836522711,1.5127546824824245,1.4991582473181702
final_joint_baseline_30mer,poly2,1,8,289.08,train,0.0782661783950401,0.08010066102302543,0.0028244018047148636,0.0918642823274694,0.099655361420899,0.006348176348001415,2.931267722525763,3.192035228407432,3.1959999999999997,1.4333961198315441,1.5103163881103747,1.5092685436963968
final_joint_baseline_30mer,poly2,1,9,290.235,train,0.07891294441175768,0.078595937258185,0.0014026777761759588,0.09106071470088353,0.09733948811061026,0.009407936672830058,2.993197143647555,3.235077292037579,3.2426666666666666,1.430608882046017,1.5078573923617387,1.5071700288181593
final_joint_baseline_30mer,poly2,1,10,291.395,train,0.07793282951250391,0.0792419705011553,0.0016232571678950988,0.08879497592754391,0.09553189521226099,0.007648104288552416,2.9908893249878963,3.278601918387952,3.2273333333333336,1.4303011384655808,1.505375837035952,1.5035242147157302
final_joint_baseline_30mer,poly2,1,11,292.56,train,0.07654501042274876,0.07709421483219021,0.002014395239165129,0.0866727974579155,0.09291480900206806,0.007684455997209247,3.0821580272955718,3.322606849801407,3.304666666666667,1.4258314762733413,1.5028720024177349,1.5081636107949337
final_joint_baseline_30mer,poly2,1,12,293.729,train,0.07234662207323905,0.07080786176187184,0.0025947437311336693,0.0852257830696711,0.0802210869107386,0.008007822429222685,3.150122904995735,3.3670512251538844,3.4253333333333336,1.423585365887622,1.5003483587121722,1.4891533555627352
final_joint_baseline_30mer,poly2,1,13,294.903,train,0.07163979948544798,0.07521626640558204,0.0018196474884774449,0.08528962686111383,0.09022359558833946,0.006349224700336109,3.19203235585679,3.4119695011612188,3.3866666666666667,1.4218773193909555,1.4978030946686458,1.5002313380334606
final_joint_baseline_30mer,poly2,1,14,296.082,train,0.07134568322583489,0.07814438210940029,0.0033392025469280552,0.08575408686651605,0.09326760543719681,0.008232732935873056,3.262342658551767,3.457357979888177,3.4046666666666665,1.419300628344623,1.4952365716923581,1.5052369244240098
final_joint_baseline_30mer,poly2,1,15,297.266,train,0.07329989013493708,0.07928134414414499,0.0015347804302299037,0.08599819937873063,0.09029495161670734,0.007499157020017599,3.298642857966203,3.503212432489275,3.516666666666667,1.4171639688431674,1.4926491805563962,1.4899172091604753
final_joint_baseline_30mer,poly2,1,16,298.454,train,0.07366113843904933,0.07851492849600658,0.0019172605008022862,0.08361371050364738,0.09392073618542202,0.009688444865055067,3.3203087177536483,3.549489011071877,3.5293333333333337,1.4153553834935257,1.4900435395779903,1.4827401118436137
final_joint_baseline_30mer,poly2,1,17,299.647,train,0.0737897021625605,0.08086312275677707,0.0021797388575341345,0.0836672252940632,0.08591946261716313,0.006834269990180948,3.3892846439357265,3.596220984294393,3.673333333333334,1.4117220597375317,1.4874179188404923,1.4802917985018578
final_joint_baseline_30mer,poly2,1,18,300.845,train,0.0731801436329051,0.07247558431731725,0.0014838254498786296,0.08189032048453876,0.08615255335170038,0.009840712456078503,3.41430049334901,3.643402402684315,3.6626666666666665,1.4126422269680854,1.4847728019437016,1.470260845329599
final_joint_baseline_30mer,poly2,1,19,302.047,train,0.07350748725237972,0.07450737804384941,0.0013349871420965899,0.0813026846800467,0.0823140954560594,0.006130722249374285,3.484319022753994,3.6909869990609394,3.623333333333334,1.4088618546958285,1.4821109235579322,1.4792205529089604
final_joint_baseline_30mer,poly2,1,20,303.254,train,0.07173385113552952,0.07463797311456685,0.0027932529238659802,0.08136576125943211,0.08125054696295449,0.009368184201241893,3.5339085229499503,3.739006839129649,3.788,1.406459226760602,1.4794306290930344,1.470725627731796
final_joint_baseline_30mer,poly2,1,21,304.467,train,0.07273829678896673,0.07680843382703956,0.001226228941076891,0.08007683043512906,0.08750942485594759,0.006867767739223114,3.6290352606219884,3.7874940924147564,3.767333333333334,1.4036600134330308,1.4767302750412024,1.4767982518625988
final_joint_baseline_30mer,poly2,1,22,305.683,train,0.07461878313911338,0.07550982009985888,0.0012542202512461143,0.07688149194506462,0.08168454184204846,0.005908526830318778,3.686256109228393,3.8363199621928183,3.788666666666667,1.4002096648194318,1.4740171693584103,1.4846678605924177
final_joint_baseline_30mer,poly2,1,23,306.905,train,0.07453243225270755,0.0829392771833877,0.002882093382410764,0.07710192939228067,0.07414525950151794,0.0071592082736195795,3.728478369873435,3.8855953014494347,3.9066666666666667,1.3994710802263843,1.4712852847910236,1.4670818638126006
final_joint_baseline_30mer,poly2,1,24,308.132,train,0.07344243366691251,0.07947613516804813,0.0012687426324475908,0.07549469565308678,0.07614273698043113,0.009241495313514602,3.769594917813588,3.935269941718614,3.9353333333333333,1.3975494234797674,1.4685375475530054,1.4598459679896174
final_joint_baseline_30mer,poly2,1,25,309.364,train,0.07304565486350295,0.06805059516868425,0.0023211676692405387,0.07282109267150678,0.07748023004156214,0.006807874193111099,3.8070892984761517,3.9853329869230496,3.904,1.3954718061855997,1.4657746944602494,1.471949874904828
final_joint_baseline_30mer,poly2,1,26,310.6,train,0.07292829358686326,0.08062559218328247,0.0024408970692066326,0.07387175094825046,0.08190342206753387,0.0076455028132009425,3.874953172188026,4.035731878881055,4.029333333333334,1.391661912809699,1.4629997487914257,1.4656463234057489
final_joint_baseline_30mer,poly2,1,27,311.842,train,0.07303697346537016,0.07794035905048287,0.0023455942975119295,0.07360622597517966,0.07664089212566456,0.006256130694546399,3.890596399013302,4.0865356149176755,4.175333333333333,1.3920757652626659,1.4602090381508703,1.4552719742380416
final_joint_baseline_30mer,poly2,1,28,313.088,train,0.07321844734004888,0.08121453490848714,0.002819496064676828,0.07229031648327525,0.06853702021739871,0.00875776059812576,3.9656718998547618,4.137648972195458,4.202,1.3890153180179459,1.4574079154058779,1.4543016137161837
final_joint_baseline_30mer,poly2,1,29,314.34,train,0.07228473896815182,0.07815626002443818,0.001509455738803522,0.07171664064288277,0.08139441075143125,0.007537510889546866,3.9884460658874517,4.189139662973492,4.274666666666667,1.3875389843347843,1.4545927872375475,1.4539507291859768
final_joint_baseline_30mer,poly2,1,30,315.596,train,0.07292165504025896,0.07437024409415513,0.0015824900947194007,0.07083723303927227,0.07341179088301887,0.008709783545432162,4.08785200106047,4.240910189825449,4.225999999999999,1.384418102377888,1.4517690962758412,1.4459364175031402
final_joint_baseline_30mer,poly2,1,31,316.858,train,0.07109000981875926,0.07068560600435804,0.0038448640232931503,0.06875232060162526,0.07656375224781944,0.008967310927484836,4.162689040274801,4.293026772078029,4.227333333333333,1.3802637032924852,1.4489333373482907,1.4559865785536152
final_joint_baseline_30mer,poly2,1,32,318.124,train,0.06984199572067075,0.07714170322519756,0.002258466602812279,0.06775806549704735,0.07285404107036675,0.00938233271792788,4.1928993187634,4.345389634678782,4.194000000000001,1.378450940428177,1.4460910398260507,1.4573465779151875
final_joint_baseline_30mer,poly2,1,33,319.396,train,0.06911914999201649,0.06967696531201142,0.001151028253549147,0.0676392690366095,0.0716762255688808,0.008205697563494648,4.283916015399866,4.398063290907855,4.414666666666667,1.3766030864406695,1.4432387957524633,1.4321203391816302
final_joint_baseline_30mer,poly2,1,34,320.672,train,0.07022291057636612,0.08547157565626722,0.005604614163309903,0.06670656045706813,0.08537834639958453,0.008364537311014112,4.286059576503677,4.450945700211291,4.436,1.374854657302226,1.4403822173307226,1.4497366206978515
final_joint_baseline_30mer,poly2,1,35,321.954,train,0.06874276741166269,0.0645288210165355,0.0019325020838928302,0.06464821859347145,0.06591944489851925,0.007745053991828384,4.3263572861193715,4.504099453398682,4.408666666666667,1.3732220845705354,1.4375180027973793,1.4380431182959061
final_joint_baseline_30mer,poly2,1,36,323.241,train,0.06955838630369038,0.07822993960915213,0.0032661305683740066,0.06450809198576238,0.06824719280639518,0.009068720512171601,4.395032073449062,4.5574617317148975,4.580666666666667,1.3700644404845734,1.4346496165780942,1.4342894688885182
final_joint_baseline_30mer,poly2,1,37,324.533,train,0.07007767164709472,0.07349484968969858,0.002094473906371158,0.06545923157387529,0.08423353731068937,0.009098676997579045,4.451483072826613,4.6110100460941785,4.593333333333334,1.3685460531537685,1.4317783301725782,1.430769797878077
final_joint_baseline_30mer,poly2,1,38,325.83,train,0.0701064089589978,0.0728487960462765,0.003747389082042076,0.06378160011622058,0.06596561465328767,0.0069378436733196665,4.488311634045692,4.6647207882912065,4.475333333333333,1.366888136833101,1.4289054630581666,1.4339011254220928
final_joint_baseline_30mer,poly2,1,39,327.132,train,0.06942817183560412,0.07645542100470086,0.0019403074356774046,0.06438709319799144,0.06927547169801938,0.009623122326131411,4.575185294049842,4.718569213388266,4.646,1.3636341314088298,1.4260323828325538,1.4195667995443513
final_joint_baseline_30mer,poly2,1,40,328.44,train,0.06895643480153123,0.07827510205362181,0.0035803052099298094,0.06358671934007704,0.07317276536301956,0.00950501431162731,4.6199888477764715,4.772570666816678,4.823333333333333,1.3595889047067131,1.4231583129741545,1.4237693507647617
final_joint_baseline_30mer,poly2,1,41,329.753,train,0.0663563525964846,0.07677409039928565,0.004221193238898262,0.06215233018388913,0.06810507661758103,0.00904719002290922,4.7220001383221515,4.826656637145432,4.783333333333333,1.3558915257258317,1.4202869314827882,1.4216251231345103
final_joint_baseline_30mer,poly2,1,42,331.071,train,0.06627887784198405,0.07642636347208033,0.002542670759328278,0.06124069213244303,0.06939215486308531,0.00802511591585185,4.730136074417318,4.880798821713124,4.822666666666667,1.3539478674019712,1.417419753338593,1.4258143142293012
final_joint_baseline_30mer,poly2,1,43,332.394,train,0.06679385205790124,0.06876831006050674,0.0027957010372590407,0.06003808081543255,0.07124206692542087,0.008583265860525865,4.787296262996519,4.9349677300245265,4.872666666666667,1.352011450103533,1.4145583411987324,1.4273933931570295
final_joint_baseline_30mer,poly2,1,44,333.723,train,0.0675298796807965,0.06789980984389693,0.003334345196838213,0.060270982209312166,0.05953586865856261,0.00896263844277315,4.863467102381446,4.9891733787288,4.944,1.3487861302799726,1.4117021630589912,1.4077296525204748
final_joint_baseline_30mer,poly2,1,45,335.057,train,0.06595576112203269,0.06971083648785868,0.002349080290783368,0.05863726855294278,0.06403757378870115,0.006962474831463374,4.941125048989096,5.043342803439734,5.0473333333333334,1.3481898596865658,1.408855048208354,1.4129350087425254
final_joint_baseline_30mer,poly2,1,46,336.396,train,0.06612802959912271,0.06186419790576474,0.002499346965574713,0.059112401320281116,0.06315043936031262,0.010218910005864133,5.020747746501602,5.097442856269046,5.1419999999999995,1.3457309745538302,1.4060187026671114,1.4040045194591144
final_joint_baseline_30mer,poly2,1,47,337.741,train,0.06802526928794028,0.061074012086184445,0.0013002065684953935,0.057614530270031314,0.06355168636642394,0.0076415341045750936,5.0435716220577715,5.151479248120779,5.164,1.3444760491479961,1.4031927855746789,1.4105291184436508
final_joint_baseline_30mer,poly2,1,48,339.091,train,0.06528939318631465,0.07305956328315522,0.0030813173723955927,0.05654824147695207,0.07056910082507672,0.008369720770827597,5.122854133526984,5.205375864481486,5.135999999999999,1.341662910771536,1.4003812224064918,1.4012847047576928
final_joint_baseline_30mer,poly2,1,49,340.446,train,0.06586439606325484,0.06890680672043842,0.0016975666191659502,0.055123309166778,0.057711613599839534,0.007562480250568351,5.218590209096986,5.259095920289296,5.249333333333333,1.3391828595644897,1.3975858552819709,1.4033591515176806
final_joint_baseline_30mer,poly2,1,50,341.807,train,0.06775946358728362,0.07297097715706366,0.0023849626677354585,0.05585054954615072,0.058954525121674116,0.008274234424323455,5.271444256172626,5.312640647197749,5.342666666666666,1.3372135791506743,1.3948065368742633,1.3961072323061958
final_joint_baseline_30mer,poly2,1,51,343.173,train,0.0667821213022557,0.07040206268589885,0.0016049480819750768,0.05365903863726429,0.056002585057298625,0.01040141867973944,5.3073408718906325,5.365931079916477,5.472666666666668,1.3364304344011835,1.3920472683160119,1.3866357650172707
final_joint_baseline_30mer,poly2,1,52,344.545,train,0.06672275811135768,0.0746240501972025,0.0019945977820218187,0.05296015444368815,0.05528815030139689,0.010238010092800634,5.368419899946977,5.418965383373238,5.512,1.3327784510796787,1.3893080321479456,1.3792906616590086
final_joint_baseline_30mer,poly2,1,53,345.922,train,0.06699787669055125,0.07215902958475116,0.002277964372437523,0.053474566916818116,0.06212533368040102,0.008954712179403204,5.420805380731725,5.471662891718751,5.492,1.3307693450260425,1.3865928675342616,1.3840760280128261
final_joint_baseline_30mer,poly2,1,54,347.305,train,0.06625913864864834,0.06165786457669008,0.0018425995748125236,0.05280017785191325,0.05482365693094293,0.006209776136769242,5.455972347096387,5.524018692066935,5.52,1.3296127304653613,1.3839018853121117,1.3852794818716712
final_joint_baseline_30mer,poly2,1,55,348.693,train,0.06781889306331643,0.06801868292667829,0.0027215625588955863,0.05240103112833457,0.05758278899157292,0.00813803482430741,5.529657710307305,5.5759506438758155,5.507333333333333,1.3272872473009774,1.381239150173594,1.3912036169277888
final_joint_baseline_30mer,poly2,1,56,350.086,train,0.06953288753812341,0.07390185184612998,0.0030373659728863377,0.05211103122841918,0.05766168482255597,0.011370201251066931,5.55811461143002,5.6274140782969475,5.622666666666667,1.3251929199481436,1.3786067734775589,1.3729683044808498
final_joint_baseline_30mer,poly2,1,57,351.486,train,0.06692116214343977,0.07163161705435056,0.001918618434830468,0.05054420773370204,0.055598664254221435,0.009435094983464343,5.524239516333541,5.6784357446024085,5.6,1.3267302453454364,1.3760032068115238,1.3821469132933348
final_joint_baseline_30mer,poly2,1,58,352.891,train,0.06838892094626532,0.07623422587196856,0.002446987194464802,0.05107957448761141,0.04961140321199138,0.00744560669641419,5.597728058648593,5.728894573747201,5.780666666666667,1.324656527064957,1.373434433159994,1.3628236220563061
final_joint_baseline_30mer,poly2,1,59,354.301,train,0.0675585757557922,0.07010116084470025,0.0027286821083943877,0.05050883437254894,0.05626935168844826,0.010261892918374472,5.6865059536159706,5.778743016582959,5.707333333333333,1.3203266723635592,1.3709026506108568,1.3722816966077838
final_joint_baseline_30mer,poly2,1,60,355.717,train,0.07113683680574062,0.07363884980269252,0.003873385982815355,0.05086545971544863,0.04917055840887852,0.007157450121245623,5.7300068296562685,5.8279671901158085,5.933333333333334,1.3184264601922309,1.368408334191179,1.3578598282077041
final_joint_baseline_30mer,poly2,1,61,357.139,train,0.07072106228744703,0.07751198282184682,0.0019910767134286448,0.050381517295319735,0.05354117203193165,0.006009023244243014,5.821185622564954,5.876516115353102,5.952,1.3154275616635978,1.3659538294089955,1.3725198293050762
final_joint_baseline_30mer,poly2,1,62,358.567,train,0.07035824936969187,0.07382864214331754,0.0016698088812440214,0.04962547468782648,0.05775765067506458,0.007814400826069382,5.787977355510985,5.92433796655002,5.904,1.3170019276909346,1.3635415050789108,1.3686688897853245
final_joint_baseline_30mer,poly2,1,63,360.0,train,0.0710740251441126,0.07293273546853739,0.0029915429545143367,0.049627178030898,0.056937163110967484,0.007828280253864069,5.94692838370565,5.9713476885417425,6.148,1.3119173353397782,1.361175381896986,1.3480623927741138
final_joint_baseline_30mer,poly2,2,0,280.0,train,0.0792940021208539,0.08008783286809719,0.0008875252427395817,0.09688902375891323,0.10787410438974344,0.008175177049171329,2.543307513198239,2.864506675633269,2.8480000000000003,1.4490542803047362,1.5291911582038678,1.5282272613285959
final_joint_baseline_30mer,poly2,2,1,281.119,train,0.08074559052485394,0.08024278442153077,0.001370941911216868,0.09748767482000696,0.10205055488746301,0.008110143825906382,2.607172003596376,2.9037909294238267,2.8680000000000003,1.4453908784431428,1.5269119461511207,1.5286792978424368
final_joint_baseline_30mer,poly2,2,2,282.243,train,0.08092750928019285,0.08190515975575988,0.0021173317299523027,0.09796463234707843,0.09328522218128357,0.010299746203884535,2.6356502293842357,2.94356390832014,3.004666666666667,1.4450302196769296,1.524608669078765,1.515359055950417
final_joint_baseline_30mer,poly2,2,3,283.371,train,0.07839179240330421,0.07741828899085915,0.0011265740064820284,0.09731105526185022,0.09779551353077068,0.0078048866530787036,2.7111095741983076,2.9837905003423275,2.966,1.4426351112681033,1.522283498889021,1.5230627862423662
final_joint_baseline_30mer,poly2,2,4,284.504,train,0.07796381966449929,0.0766367542486907,0.0013415839180187243,0.09555655861523873,0.09783082948214716,0.008870591122169987,2.759010247366115,3.024506336808164,3.0233333333333334,1.4411339909979202,1.5199345158459012,1.509786772973019
final_joint_baseline_30mer,poly2,2,5,285.641,train,0.07790725860251052,0.08176340702421658,0.0019463802209994936,0.09486722664903224,0.10446688711579426,0.010625221771563298,2.779320982317818,3.0656751340789112,3.0613333333333332,1.4388363579313137,1.5175639541040367,1.5173590002972115
final_joint_baseline_30mer,poly2,2,6,286.783,train,0.07767261905284399,0.0819779341147939,0.0014574176358582106,0.09542006295374916,0.09945073608659827,0.008356378634004256,2.848500789588953,3.1073324157458835,3.1813333333333333,1.436106212846229,1.5151699101023537,1.5131133032080522
final_joint_baseline_30mer,poly2,2,7,287.929,train,0.07830545165688639,0.08594034590877225,0.0018091850851243954,0.09343635743126122,0.09133444093950024,0.010593757006856892,2.858525687576366,3.149440668860509,3.2186666666666666,1.4361933836522711,1.5127546824824245,1.5049431292069788
final_joint_baseline_30mer,poly2,2,8,289.08,train,0.0782661783950401,0.08585979819522653,0.0013526085854090905,0.0918642823274694,0.10183599831370421,0.00804494447742221,2.931267722525763,3.192035228407432,3.166666666666667,1.4333961198315441,1.5103163881103747,1.5140296363371348
final_joint_baseline_30mer,poly2,2,9,290.235,train,0.07891294441175768,0.08769845248942547,0.001591983174894676,0.09106071470088353,0.0974382117019221,0.009856715643571066,2.993197143647555,3.235077292037579,3.2026666666666674,1.430608882046017,1.5078573923617387,1.4997123899095857
final_joint_baseline_30mer,poly2,2,10,291.395,train,0.07793282951250391,0.07572407626641127,0.0012826242911297319,0.08879497592754391,0.10079380281286274,0.008688272634959558,2.9908893249878963,3.278601918387952,3.259333333333333,1.4303011384655808,1.505375837035952,1.5142043867922337
final_joint_baseline_30mer,poly2,2,11,292.56,train,0.07654501042274876,0.07778042276442058,0.0019793538041160577,0.0866727974579155,0.08880328712562094,0.009529687653893299,3.0821580272955718,3.322606849801407,3.3026666666666666,1.4258314762733413,1.5028720024177349,1.5044113204852418
final_joint_baseline_30mer,poly2,2,12,293.729,train,0.07234662207323905,0.07259068930823372,0.0013220664125786776,0.0852257830696711,0.08579255676969667,0.008748232918391833,3.150122904995735,3.3670512251538844,3.4266666666666667,1.423585365887622,1.5003483587121722,1.4877810533871036
final_joint_baseline_30mer,poly2,2,13,294.903,train,0.07163979948544798,0.07215438413631936,0.0018690516772627967,0.08528962686111383,0.0866194590377799,0.01027490377653371,3.19203235585679,3.4119695011612188,3.3120000000000003,1.4218773193909555,1.4978030946686458,1.5054881366704613
final_joint_baseline_30mer,poly2,2,14,296.082,train,0.07134568322583489,0.07342520663216107,0.003147467647894261,0.08575408686651605,0.08721867310602069,0.006412587542849681,3.262342658551767,3.457357979888177,3.412666666666667,1.419300628344623,1.4952365716923581,1.4972164576842102
final_joint_baseline_30mer,poly2,2,15,297.266,train,0.07329989013493708,0.08137693573709015,0.0016881381530334028,0.08599819937873063,0.08270594280024349,0.00910423041566707,3.298642857966203,3.503212432489275,3.518,1.4171639688431674,1.4926491805563962,1.4953009932847392
final_joint_baseline_30mer,poly2,2,16,298.454,train,0.07366113843904933,0.07429813494585212,0.0016254052416186436,0.08361371050364738,0.08164442817138778,0.009433307585865903,3.3203087177536483,3.549489011071877,3.5519999999999996,1.4153553834935257,1.4900435395779903,1.4909421318745624
final_joint_baseline_30mer,poly2,2,17,299.647,train,0.0737897021625605,0.07373356651635442,0.0011878475145585684,0.0836672252940632,0.08879174072776275,0.008884100930179932,3.3892846439357265,3.596220984294393,3.567333333333333,1.4117220597375317,1.4874179188404923,1.4826868995133111
final_joint_baseline_30mer,poly2,2,18,300.845,train,0.0731801436329051,0.07383736140389724,0.002113553123405612,0.08189032048453876,0.08939017032844876,0.01393581335351958,3.41430049334901,3.643402402684315,3.559333333333333,1.4126422269680854,1.4847728019437016,1.4938339131627705
final_joint_baseline_30mer,poly2,2,19,302.047,train,0.07350748725237972,0.08062530804818321,0.0019197355357801027,0.0813026846800467,0.08940351283891042,0.008395257415284494,3.484319022753994,3.6909869990609394,3.6306666666666665,1.4088618546958285,1.4821109235579322,1.481630090515839
final_joint_baseline_30mer,poly2,2,20,303.254,train,0.07173385113552952,0.07660849866570431,0.0021325972684065665,0.08136576125943211,0.07935073024254127,0.007746582747610892,3.5339085229499503,3.739006839129649,3.836,1.406459226760602,1.4794306290930344,1.4735618510642279
final_joint_baseline_30mer,poly2,2,21,304.467,train,0.07273829678896673,0.07212739843153806,0.001807077824639505,0.08007683043512906,0.07958561389201836,0.008027366571531388,3.6290352606219884,3.7874940924147564,3.788666666666667,1.4036600134330308,1.4767302750412024,1.4673061823061078
final_joint_baseline_30mer,poly2,2,22,305.683,train,0.07461878313911338,0.07387821058887041,0.0015192894580444757,0.07688149194506462,0.08018421644988855,0.006952109550044341,3.686256109228393,3.8363199621928183,3.902,1.4002096648194318,1.4740171693584103,1.4798278897616421
final_joint_baseline_30mer,poly2,2,23,306.905,train,0.07453243225270755,0.07249672780969416,0.0016366877465627473,0.07710192939228067,0.07686400768631158,0.006297654594381551,3.728478369873435,3.8855953014494347,3.8793333333333337,1.3994710802263843,1.4712852847910236,1.4718508491281903
final_joint_baseline_30mer,poly2,2,24,308.132,train,0.07344243366691251,0.08498200126644356,0.0028870812498953857,0.07549469565308678,0.07426684160796206,0.008206675203232594,3.769594917813588,3.935269941718614,3.966,1.3975494234797674,1.4685375475530054,1.4630831267226174
final_joint_baseline_30mer,poly2,2,25,309.364,train,0.07304565486350295,0.07653705010374427,0.001181290558667406,0.07282109267150678,0.07911543637419345,0.01064563877146206,3.8070892984761517,3.9853329869230496,3.995333333333333,1.3954718061855997,1.4657746944602494,1.4595335173424533
final_joint_baseline_30mer,poly2,2,26,310.6,train,0.07292829358686326,0.07458520457836525,0.002017908099618451,0.07387175094825046,0.08275786372537648,0.007878870041792252,3.874953172188026,4.035731878881055,4.056666666666667,1.391661912809699,1.4629997487914257,1.4641923191886885
final_joint_baseline_30mer,poly2,2,27,311.842,train,0.07303697346537016,0.07785107558804313,0.001924836710187889,0.07360622597517966,0.08440493994407774,0.007322947545517883,3.890596399013302,4.0865356149176755,4.122666666666667,1.3920757652626659,1.4602090381508703,1.4578250125513463
final_joint_baseline_30mer,poly2,2,28,313.088,train,0.07321844734004888,0.07554666178333272,0.0022434803138920963,0.07229031648327525,0.07359393240629897,0.007266996331662759,3.9656718998547618,4.137648972195458,4.0920000000000005,1.3890153180179459,1.4574079154058779,1.46056745196744
final_joint_baseline_30mer,poly2,2,29,314.34,train,0.07228473896815182,0.07553463651544429,0.0025724580424596934,0.07171664064288277,0.08125105302700886,0.008242727062238378,3.9884460658874517,4.189139662973492,4.208,1.3875389843347843,1.4545927872375475,1.4585603668094624
final_joint_baseline_30mer,poly2,2,30,315.596,train,0.07292165504025896,0.08049549439722785,0.0018898822203803674,0.07083723303927227,0.07240892608260671,0.007129369816264833,4.08785200106047,4.240910189825449,4.272,1.384418102377888,1.4517690962758412,1.4481434965688225
final_joint_baseline_30mer,poly2,2,31,316.858,train,0.07109000981875926,0.07613183547451102,0.0016347344322265298,0.06875232060162526,0.06577162878509496,0.007651723525007547,4.162689040274801,4.293026772078029,4.206666666666666,1.3802637032924852,1.4489333373482907,1.4479066144174246
final_joint_baseline_30mer,poly2,2,32,318.124,train,0.06984199572067075,0.06696327691951522,0.0028343702355909817,0.06775806549704735,0.07194686753659074,0.007902249075472885,4.1928993187634,4.345389634678782,4.29,1.378450940428177,1.4460910398260507,1.4520542429240497
final_joint_baseline_30mer,poly2,2,33,319.396,train,0.06911914999201649,0.06572220934430349,0.002174397427421904,0.0676392690366095,0.07299720393385586,0.0073016822333354485,4.283916015399866,4.398063290907855,4.4559999999999995,1.3766030864406695,1.4432387957524633,1.4465308173594265
final_joint_baseline_30mer,poly2,2,34,320.672,train,0.07022291057636612,0.06910142722625533,0.002126357397033327,0.06670656045706813,0.06469220639873322,0.007317931332422148,4.286059576503677,4.450945700211291,4.440666666666666,1.374854657302226,1.4403822173307226,1.4280061656088732
final_joint_baseline_30mer,poly2,2,35,321.954,train,0.06874276741166269,0.06917932983703251,0.001174724826825203,0.06464821859347145,0.07355463442384169,0.008347495193689974,4.3263572861193715,4.504099453398682,4.531333333333334,1.3732220845705354,1.4375180027973793,1.4526708748033876
final_joint_baseline_30mer,poly2,2,36,323.241,train,0.06955838630369038,0.07617972106302881,0.002515572318798766,0.06450809198576238,0.07546185339375132,0.008304931173258367,4.395032073449062,4.5574617317148975,4.556,1.3700644404845734,1.4346496165780942,1.4425770138886884
final_joint_baseline_30mer,poly2,2,37,324.533,train,0.07007767164709472,0.0802725983784513,0.0023950287460063674,0.06545923157387529,0.08237846432266242,0.009116438817666269,4.451483072826613,4.6110100460941785,4.616666666666667,1.3685460531537685,1.4317783301725782,1.441136426410484
final_joint_baseline_30mer,poly2,2,38,325.83,train,0.0701064089589978,0.07165184129291513,0.0016988136411198247,0.06378160011622058,0.07257301325944324,0.010809336659695377,4.488311634045692,4.6647207882912065,4.545333333333334,1.366888136833101,1.4289054630581666,1.4364650991911638
final_joint_baseline_30mer,poly2,2,39,327.132,train,0.06942817183560412,0.07395628949622492,0.0017437525871198142,0.06438709319799144,0.07567663030219571,0.008033809728874436,4.575185294049842,4.718569213388266,4.682,1.3636341314088298,1.4260323828325538,1.4303262162320498
final_joint_baseline_30mer,poly2,2,40,328.44,train,0.06895643480153123,0.06612126710267871,0.002205616966461011,0.06358671934007704,0.07330233973899197,0.011472526902654689,4.6199888477764715,4.772570666816678,4.790000000000001,1.3595889047067131,1.4231583129741545,1.427798409218413
final_joint_baseline_30mer,poly2,2,41,329.753,train,0.0663563525964846,0.06662666630899486,0.0012907413648860534,0.06215233018388913,0.06604926086118071,0.007625253474177409,4.7220001383221515,4.826656637145432,4.840666666666667,1.3558915257258317,1.4202869314827882,1.4112476300784582
final_joint_baseline_30mer,poly2,2,42,331.071,train,0.06627887784198405,0.05827652993153626,0.0020532281652591534,0.06124069213244303,0.06849832649063617,0.007930792921328665,4.730136074417318,4.880798821713124,4.7620000000000005,1.3539478674019712,1.417419753338593,1.4259431578380806
final_joint_baseline_30mer,poly2,2,43,332.394,train,0.06679385205790124,0.06638084542401207,0.002086670890820038,0.06003808081543255,0.06827123292229079,0.00878938561294134,4.787296262996519,4.9349677300245265,4.952,1.352011450103533,1.4145583411987324,1.420158428954895
final_joint_baseline_30mer,poly2,2,44,333.723,train,0.0675298796807965,0.07946700457707243,0.0019846946314428333,0.060270982209312166,0.06192448654810326,0.007073841547424577,4.863467102381446,4.9891733787288,5.045333333333334,1.3487861302799726,1.4117021630589912,1.3998923962985885
final_joint_baseline_30mer,poly2,2,45,335.057,train,0.06595576112203269,0.07594360265992015,0.003388735279729542,0.05863726855294278,0.051442614354417104,0.00809919049618205,4.941125048989096,5.043342803439734,5.072666666666667,1.3481898596865658,1.408855048208354,1.4004533791499758
final_joint_baseline_30mer,poly2,2,46,336.396,train,0.06612802959912271,0.0700826507235478,0.002495046876048203,0.059112401320281116,0.061380916973567345,0.008749344210611368,5.020747746501602,5.097442856269046,5.173333333333334,1.3457309745538302,1.4060187026671114,1.4037534413603459
final_joint_baseline_30mer,poly2,2,47,337.741,train,0.06802526928794028,0.08322944731368626,0.0028772428091466823,0.057614530270031314,0.0661500367596718,0.008808222868728458,5.0435716220577715,5.151479248120779,5.051333333333334,1.3444760491479961,1.4031927855746789,1.4102983358180308
final_joint_baseline_30mer,poly2,2,48,339.091,train,0.06528939318631465,0.07099534930887766,0.0019886383280077235,0.05654824147695207,0.06238471101477176,0.008299360928670462,5.122854133526984,5.205375864481486,5.232666666666667,1.341662910771536,1.4003812224064918,1.4089491031641341
final_joint_baseline_30mer,poly2,2,49,340.446,train,0.06586439606325484,0.06861830337423927,0.0019002798896014617,0.055123309166778,0.0643354841227472,0.007695449295098612,5.218590209096986,5.259095920289296,5.264666666666667,1.3391828595644897,1.3975858552819709,1.3995292451425563
final_joint_baseline_30mer,poly2,2,50,341.807,train,0.06775946358728362,0.06959676044431476,0.0022057858258695082,0.05585054954615072,0.06689563132706428,0.008370206828333763,5.271444256172626,5.312640647197749,5.2666666666666675,1.3372135791506743,1.3948065368742633,1.4000400845484815
final_joint_baseline_30mer,poly2,2,51,343.173,train,0.0667821213022557,0.06848899006710538,0.003256348274090293,0.05365903863726429,0.05913850580099466,0.00855032648357187,5.3073408718906325,5.365931079916477,5.492666666666667,1.3364304344011835,1.3920472683160119,1.3911618142408304
final_joint_baseline_30mer,poly2,2,52,344.545,train,0.06672275811135768,0.07624544169288558,0.0019088171377123152,0.05296015444368815,0.06675832451671529,0.007623312278351367,5.368419899946977,5.418965383373238,5.4399999999999995,1.3327784510796787,1.3893080321479456,1.4012495693883493
final_joint_baseline_30mer,poly2,2,53,345.922,train,0.06699787669055125,0.06948576151680105,0.002277635834242883,0.053474566916818116,0.04607706810008083,0.008869015332569303,5.420805380731725,5.471662891718751,5.42,1.3307693450260425,1.3865928675342616,1.383845467291012
final_joint_baseline_30mer,poly2,2,54,347.305,train,0.06625913864864834,0.07099825452169936,0.003989126654445391,0.05280017785191325,0.05731052412925069,0.006940376900038181,5.455972347096387,5.524018692066935,5.524,1.3296127304653613,1.3839018853121117,1.3786781016894745
final_joint_baseline_30mer,poly2,2,55,348.693,train,0.06781889306331643,0.07311203283847892,0.0030298999778713004,0.05240103112833457,0.0515545875336028,0.010849424510473788,5.529657710307305,5.5759506438758155,5.680666666666667,1.3272872473009774,1.381239150173594,1.3712085163055518
final_joint_baseline_30mer,poly2,2,56,350.086,train,0.06953288753812341,0.06410452236834206,0.0030813800941051793,0.05211103122841918,0.05513113246994608,0.00848062866744555,5.55811461143002,5.6274140782969475,5.634,1.3251929199481436,1.3786067734775589,1.381508331058275
final_joint_baseline_30mer,poly2,2,57,351.486,train,0.06692116214343977,0.07133505325333352,0.0032880957117398537,0.05054420773370204,0.04780133100808715,0.0065281497264702195,5.524239516333541,5.6784357446024085,5.788,1.3267302453454364,1.3760032068115238,1.3662162390765338
final_joint_baseline_30mer,poly2,2,58,352.891,train,0.06838892094626532,0.07745524723265951,0.0012909897311260622,0.05107957448761141,0.048798429541093424,0.008518111141849725,5.597728058648593,5.728894573747201,5.737333333333334,1.324656527064957,1.373434433159994,1.3715049787293807
final_joint_baseline_30mer,poly2,2,59,354.301,train,0.0675585757557922,0.06213823056708022,0.002852090085603092,0.05050883437254894,0.060233728975216755,0.007861103201620645,5.6865059536159706,5.778743016582959,5.779333333333334,1.3203266723635592,1.3709026506108568,1.3809035033322932
final_joint_baseline_30mer,poly2,2,60,355.717,train,0.07113683680574062,0.06789627699148121,0.00162022318867793,0.05086545971544863,0.0596647370594284,0.009792718061264662,5.7300068296562685,5.8279671901158085,5.976666666666667,1.3184264601922309,1.368408334191179,1.3658216310682625
final_joint_baseline_30mer,poly2,2,61,357.139,train,0.07072106228744703,0.07715954219693355,0.00229083708291211,0.050381517295319735,0.06091450410533003,0.010892825767340172,5.821185622564954,5.876516115353102,5.868,1.3154275616635978,1.3659538294089955,1.3623525589321073
final_joint_baseline_30mer,poly2,2,62,358.567,train,0.07035824936969187,0.07370840106551728,0.001677918221847592,0.04962547468782648,0.053001354281927524,0.00826714514156041,5.787977355510985,5.92433796655002,5.953333333333333,1.3170019276909346,1.3635415050789108,1.365900066136918
final_joint_baseline_30mer,poly2,2,63,360.0,train,0.0710740251441126,0.07619170840837336,0.003735231469980942,0.049627178030898,0.052742987380044334,0.00808058404695964,5.94692838370565,5.9713476885417425,5.858666666666666,1.3119173353397782,1.361175381896986,1.3658132485826404
final_joint_baseline_30mer,poly2,3,0,280.0,train,0.0792940021208539,0.08000206629685878,0.0014317750999792858,0.09688902375891323,0.10450469184433867,0.009652694462044576,2.543307513198239,2.864506675633269,2.824,1.4490542803047362,1.5291911582038678,1.5312218969766478
final_joint_baseline_30mer,poly2,3,1,281.119,train,0.08074559052485394,0.0815117289090777,0.0019429555682360365,0.09748767482000696,0.09906907713240662,0.007510978645953756,2.607172003596376,2.9037909294238267,2.9293333333333336,1.4453908784431428,1.5269119461511207,1.5240401379182669
final_joint_baseline_30mer,poly2,3,2,282.243,train,0.08092750928019285,0.08222878008786283,0.0010620951206577118,0.09796463234707843,0.0990134679388315,0.006670698026101287,2.6356502293842357,2.94356390832014,3.012,1.4450302196769296,1.524608669078765,1.5274698853041262
final_joint_baseline_30mer,poly2,3,3,283.371,train,0.07839179240330421,0.07821266245407715,0.0006144443458849765,0.09731105526185022,0.08907292188542773,0.0069890187839334985,2.7111095741983076,2.9837905003423275,2.9286666666666665,1.4426351112681033,1.522283498889021,1.5182386807243589
final_joint_baseline_30mer,poly2,3,4,284.504,train,0.07796381966449929,0.07904073628928948,0.0018750032656320356,0.09555655861523873,0.09760540108043414,0.007685419377469223,2.759010247366115,3.024506336808164,3.1166666666666667,1.4411339909979202,1.5199345158459012,1.5160885022004562
final_joint_baseline_30mer,poly2,3,5,285.641,train,0.07790725860251052,0.08447006827207404,0.002024072241904382,0.09486722664903224,0.09877340982725498,0.008905075984942688,2.779320982317818,3.0656751340789112,3.063333333333333,1.4388363579313137,1.5175639541040367,1.516361740135157
final_joint_baseline_30mer,poly2,3,6,286.783,train,0.07767261905284399,0.07889306677324971,0.0012389156486057957,0.09542006295374916,0.09693552259584422,0.0071367021828836336,2.848500789588953,3.1073324157458835,3.102666666666667,1.436106212846229,1.5151699101023537,1.5154226362487466
final_joint_baseline_30mer,poly2,3,7,287.929,train,0.07830545165688639,0.07858813912952145,0.001696220780557377,0.09343635743126122,0.09819284439658987,0.009122572384963248,2.858525687576366,3.149440668860509,3.150666666666667,1.4361933836522711,1.5127546824824245,1.5115638682996093
final_joint_baseline_30mer,poly2,3,8,289.08,train,0.0782661783950401,0.08401627499464287,0.0025758269147270864,0.0918642823274694,0.09489474795971112,0.006642073743164197,2.931267722525763,3.192035228407432,3.2173333333333334,1.4333961198315441,1.5103163881103747,1.5045097589896537
final_joint_baseline_30mer,poly2,3,9,290.235,train,0.07891294441175768,0.08239761577704283,0.0015886725654090023,0.09106071470088353,0.09598394089113105,0.00877654209556345,2.993197143647555,3.235077292037579,3.309333333333334,1.430608882046017,1.5078573923617387,1.5044124427043792
final_joint_baseline_30mer,poly2,3,10,291.395,train,0.07793282951250391,0.0818847526382888,0.0016681277462969111,0.08879497592754391,0.09704127975143623,0.008599822568488279,2.9908893249878963,3.278601918387952,3.316,1.4303011384655808,1.505375837035952,1.505662708041117
final_joint_baseline_30mer,poly2,3,11,292.56,train,0.07654501042274876,0.08314744892769454,0.0023763473411402437,0.0866727974579155,0.0973325619346995,0.007114596068340359,3.0821580272955718,3.322606849801407,3.3113333333333337,1.4258314762733413,1.5028720024177349,1.5130287980070147
final_joint_baseline_30mer,poly2,3,12,293.729,train,0.07234662207323905,0.06500480447406982,0.0019715122326643647,0.0852257830696711,0.08990997136726314,0.009925795697390691,3.150122904995735,3.3670512251538844,3.3953333333333333,1.423585365887622,1.5003483587121722,1.5067550764919928
final_joint_baseline_30mer,poly2,3,13,294.903,train,0.07163979948544798,0.0724495124574556,0.002462068061627893,0.08528962686111383,0.08302461247045351,0.00889694742385565,3.19203235585679,3.4119695011612188,3.468,1.4218773193909555,1.4978030946686458,1.4932470752551477
final_joint_baseline_30mer,poly2,3,14,296.082,train,0.07134568322583489,0.0763564233884815,0.002412533021941202,0.08575408686651605,0.09297823894099151,0.00798247951459718,3.262342658551767,3.457357979888177,3.468666666666667,1.419300628344623,1.4952365716923581,1.4884064617511454
final_joint_baseline_30mer,poly2,3,15,297.266,train,0.07329989013493708,0.08012955351165302,0.002587811970932551,0.08599819937873063,0.09121318856282123,0.00785222844076507,3.298642857966203,3.503212432489275,3.489333333333334,1.4171639688431674,1.4926491805563962,1.4961067989770782
final_joint_baseline_30mer,poly2,3,16,298.454,train,0.07366113843904933,0.07531540994116447,0.0011469179432297269,0.08361371050364738,0.07465340041683284,0.009180331644023595,3.3203087177536483,3.549489011071877,3.478,1.4153553834935257,1.4900435395779903,1.4810607998816643
final_joint_baseline_30mer,poly2,3,17,299.647,train,0.0737897021625605,0.07549614705831043,0.0024707818979433993,0.0836672252940632,0.08218057515155237,0.009864664840402484,3.3892846439357265,3.596220984294393,3.562666666666667,1.4117220597375317,1.4874179188404923,1.490255195037605
final_joint_baseline_30mer,poly2,3,18,300.845,train,0.0731801436329051,0.07701391868746062,0.0017825203790687212,0.08189032048453876,0.09580345905386795,0.011766837191863133,3.41430049334901,3.643402402684315,3.603333333333333,1.4126422269680854,1.4847728019437016,1.4749589729307597
final_joint_baseline_30mer,poly2,3,19,302.047,train,0.07350748725237972,0.07632623153254608,0.000946956526229245,0.0813026846800467,0.07998530630941281,0.007807353283193251,3.484319022753994,3.6909869990609394,3.6266666666666665,1.4088618546958285,1.4821109235579322,1.4773937802922128
final_joint_baseline_30mer,poly2,3,20,303.254,train,0.07173385113552952,0.06968881614206227,0.0014470965440912362,0.08136576125943211,0.09109211683901855,0.009756160666593842,3.5339085229499503,3.739006839129649,3.681333333333333,1.406459226760602,1.4794306290930344,1.4843196406446015
final_joint_baseline_30mer,poly2,3,21,304.467,train,0.07273829678896673,0.07781441840160706,0.0017505081095704924,0.08007683043512906,0.0870273846449437,0.007618782005734836,3.6290352606219884,3.7874940924147564,3.7973333333333334,1.4036600134330308,1.4767302750412024,1.475507002938624
final_joint_baseline_30mer,poly2,3,22,305.683,train,0.07461878313911338,0.07612420371185158,0.0020205802112330295,0.07688149194506462,0.07973974073331207,0.010041638225492599,3.686256109228393,3.8363199621928183,3.8573333333333335,1.4002096648194318,1.4740171693584103,1.467755137910908
final_joint_baseline_30mer,poly2,3,23,306.905,train,0.07453243225270755,0.07498324512423954,0.0015993490740402602,0.07710192939228067,0.07374888476087295,0.00827737951604489,3.728478369873435,3.8855953014494347,3.862,1.3994710802263843,1.4712852847910236,1.4705342259633798
final_joint_baseline_30mer,poly2,3,24,308.132,train,0.07344243366691251,0.0782185486643065,0.001971501749269351,0.07549469565308678,0.07491425133922601,0.007110533940148606,3.769594917813588,3.935269941718614,3.974666666666667,1.3975494234797674,1.4685375475530054,1.4661941417966986
final_joint_baseline_30mer,poly2,3,25,309.364,train,0.07304565486350295,0.07586669318076435,0.002164010490835009,0.07282109267150678,0.07330936493189442,0.008789679189251859,3.8070892984761517,3.9853329869230496,4.024,1.3954718061855997,1.4657746944602494,1.4602931885224786
final_joint_baseline_30mer,poly2,3,26,310.6,train,0.07292829358686326,0.06982198186489194,0.0016578423981399699,0.07387175094825046,0.07007928325484533,0.008967884859070165,3.874953172188026,4.035731878881055,3.991333333333334,1.391661912809699,1.4629997487914257,1.4545736130725206
final_joint_baseline_30mer,poly2,3,27,311.842,train,0.07303697346537016,0.08102491147553013,0.0018760471562596639,0.07360622597517966,0.0649456363210687,0.009114505183260836,3.890596399013302,4.0865356149176755,4.154,1.3920757652626659,1.4602090381508703,1.4451765693148313
final_joint_baseline_30mer,poly2,3,28,313.088,train,0.07321844734004888,0.07865914792400427,0.0015353808488967672,0.07229031648327525,0.07772745661654196,0.011432825464300661,3.9656718998547618,4.137648972195458,4.090666666666667,1.3890153180179459,1.4574079154058779,1.4645986056629319
final_joint_baseline_30mer,poly2,3,29,314.34,train,0.07228473896815182,0.07237098223566403,0.0013176723835950886,0.07171664064288277,0.08479152412052075,0.01049963548416829,3.9884460658874517,4.189139662973492,4.196,1.3875389843347843,1.4545927872375475,1.4632992422950708
final_joint_baseline_30mer,poly2,3,30,315.596,train,0.07292165504025896,0.07449756499457152,0.0017775818636800555,0.07083723303927227,0.07276668082626712,0.007848702473229583,4.08785200106047,4.240910189825449,4.268000000000001,1.384418102377888,1.4517690962758412,1.4450054617905173
final_joint_baseline_30mer,poly2,3,31,316.858,train,0.07109000981875926,0.06967887284197372,0.0021820596545015386,0.06875232060162526,0.07136397320362456,0.007993111790213118,4.162689040274801,4.293026772078029,4.192666666666667,1.3802637032924852,1.4489333373482907,1.4559961340418635
final_joint_baseline_30mer,poly2,3,32,318.124,train,0.06984199572067075,0.07242489413666685,0.0026978493645800727,0.06775806549704735,0.07236813217322907,0.009587691740862398,4.1928993187634,4.345389634678782,4.367333333333334,1.378450940428177,1.4460910398260507,1.4483877518257582
final_joint_baseline_30mer,poly2,3,33,319.396,train,0.06911914999201649,0.07383265082315599,0.002339274252380729,0.0676392690366095,0.08314830486128327,0.00997395266251556,4.283916015399866,4.398063290907855,4.364,1.3766030864406695,1.4432387957524633,1.4408929079064947
final_joint_baseline_30mer,poly2,3,34,320.672,train,0.07022291057636612,0.07254847929654101,0.0023441810850553424,0.06670656045706813,0.08090281253227818,0.010544378991305815,4.286059576503677,4.450945700211291,4.421333333333333,1.374854657302226,1.4403822173307226,1.4432286612405598
final_joint_baseline_30mer,poly2,3,35,321.954,train,0.06874276741166269,0.07789949348542985,0.0021961044373705217,0.06464821859347145,0.06707132024157314,0.011176814538071822,4.3263572861193715,4.504099453398682,4.494,1.3732220845705354,1.4375180027973793,1.4348345327508412
final_joint_baseline_30mer,poly2,3,36,323.241,train,0.06955838630369038,0.07294954393170905,0.002053994248965739,0.06450809198576238,0.06859856818745194,0.008328310179528493,4.395032073449062,4.5574617317148975,4.52,1.3700644404845734,1.4346496165780942,1.4322894258148635
final_joint_baseline_30mer,poly2,3,37,324.533,train,0.07007767164709472,0.07200963440801326,0.002430989516940282,0.06545923157387529,0.06771308009055872,0.010101366438922052,4.451483072826613,4.6110100460941785,4.637333333333333,1.3685460531537685,1.4317783301725782,1.4236422584984938
final_joint_baseline_30mer,poly2,3,38,325.83,train,0.0701064089589978,0.06792560018606034,0.0018418634462740008,0.06378160011622058,0.06483849148250873,0.009666625723068197,4.488311634045692,4.6647207882912065,4.742666666666667,1.366888136833101,1.4289054630581666,1.4168453471854325
final_joint_baseline_30mer,poly2,3,39,327.132,train,0.06942817183560412,0.07255966182156592,0.0017223452453859346,0.06438709319799144,0.0676549098497739,0.00762326667589196,4.575185294049842,4.718569213388266,4.795333333333334,1.3636341314088298,1.4260323828325538,1.4218654038882819
final_joint_baseline_30mer,poly2,3,40,328.44,train,0.06895643480153123,0.073262022653685,0.0031024234259176813,0.06358671934007704,0.07148372418302894,0.007854427238464363,4.6199888477764715,4.772570666816678,4.790666666666667,1.3595889047067131,1.4231583129741545,1.4210060817194647
final_joint_baseline_30mer,poly2,3,41,329.753,train,0.0663563525964846,0.07035692413062289,0.002347124478504468,0.06215233018388913,0.0655523584192466,0.008525114844517656,4.7220001383221515,4.826656637145432,4.84,1.3558915257258317,1.4202869314827882,1.4219348886417882
final_joint_baseline_30mer,poly2,3,42,331.071,train,0.06627887784198405,0.06625800091614752,0.002099756957822982,0.06124069213244303,0.05596195994777488,0.009932581850301714,4.730136074417318,4.880798821713124,4.923333333333334,1.3539478674019712,1.417419753338593,1.4097751749800806
final_joint_baseline_30mer,poly2,3,43,332.394,train,0.06679385205790124,0.06799480046678585,0.0022029030648148566,0.06003808081543255,0.06379131340642313,0.009469517867861144,4.787296262996519,4.9349677300245265,5.014666666666667,1.352011450103533,1.4145583411987324,1.4099547396328045
final_joint_baseline_30mer,poly2,3,44,333.723,train,0.0675298796807965,0.06691567408703089,0.002970388487996447,0.060270982209312166,0.06688943695485651,0.00844598531912059,4.863467102381446,4.9891733787288,4.926666666666667,1.3487861302799726,1.4117021630589912,1.4196374405264351
final_joint_baseline_30mer,poly2,3,45,335.057,train,0.06595576112203269,0.06717472276924366,0.002752327425938571,0.05863726855294278,0.06496152687886875,0.010527706211273658,4.941125048989096,5.043342803439734,5.014000000000001,1.3481898596865658,1.408855048208354,1.4115080267773858
final_joint_baseline_30mer,poly2,3,46,336.396,train,0.06612802959912271,0.06575669881642221,0.0019121077092858322,0.059112401320281116,0.06649420937431823,0.009102095170242297,5.020747746501602,5.097442856269046,5.002,1.3457309745538302,1.4060187026671114,1.409834345741804
final_joint_baseline_30mer,poly2,3,47,337.741,train,0.06802526928794028,0.06890666030208933,0.002319124599665738,0.057614530270031314,0.06523509691633816,0.008860886334960787,5.0435716220577715,5.151479248120779,5.105333333333334,1.3444760491479961,1.4031927855746789,1.3993682753503285
final_joint_baseline_30mer,poly2,3,48,339.091,train,0.06528939318631465,0.06878076225550701,0.00259779184771778,0.05654824147695207,0.06401018896694727,0.010102497275613876,5.122854133526984,5.205375864481486,5.1579999999999995,1.341662910771536,1.4003812224064918,1.40801085726472
final_joint_baseline_30mer,poly2,3,49,340.446,train,0.06586439606325484,0.05577953922190514,0.0029871246536520802,0.055123309166778,0.05891248493350354,0.00865268379168452,5.218590209096986,5.259095920289296,5.1353333333333335,1.3391828595644897,1.3975858552819709,1.4018763448835425
final_joint_baseline_30mer,poly2,3,50,341.807,train,0.06775946358728362,0.06904468361132703,0.002432496772017253,0.05585054954615072,0.0563188799026876,0.008783353714528895,5.271444256172626,5.312640647197749,5.331333333333333,1.3372135791506743,1.3948065368742633,1.389435692674475
final_joint_baseline_30mer,poly2,3,51,343.173,train,0.0667821213022557,0.0682861024849798,0.0040445606769418324,0.05365903863726429,0.05819620107043062,0.00957127352679214,5.3073408718906325,5.365931079916477,5.139333333333333,1.3364304344011835,1.3920472683160119,1.395588031352685
final_joint_baseline_30mer,poly2,3,52,344.545,train,0.06672275811135768,0.07016363692572825,0.0032506795858013885,0.05296015444368815,0.061833708255768394,0.009940219302505559,5.368419899946977,5.418965383373238,5.4686666666666675,1.3327784510796787,1.3893080321479456,1.3859193459581058
final_joint_baseline_30mer,poly2,3,53,345.922,train,0.06699787669055125,0.06577768398217088,0.003046059585184561,0.053474566916818116,0.04674188593763874,0.008612350607204208,5.420805380731725,5.471662891718751,5.368666666666666,1.3307693450260425,1.3865928675342616,1.3795746627271366
final_joint_baseline_30mer,poly2,3,54,347.305,train,0.06625913864864834,0.0776186970343151,0.0035583996804769754,0.05280017785191325,0.05990235499539355,0.008436452637856428,5.455972347096387,5.524018692066935,5.462000000000001,1.3296127304653613,1.3839018853121117,1.3895756211918635
final_joint_baseline_30mer,poly2,3,55,348.693,train,0.06781889306331643,0.06484883412008446,0.0027344955120920684,0.05240103112833457,0.06572512275139916,0.008063707934629152,5.529657710307305,5.5759506438758155,5.450666666666667,1.3272872473009774,1.381239150173594,1.3919648239942655
final_joint_baseline_30mer,poly2,3,56,350.086,train,0.06953288753812341,0.06953572447898113,0.002320993465930403,0.05211103122841918,0.054346136323854835,0.008954234845607985,5.55811461143002,5.6274140782969475,5.7026666666666666,1.3251929199481436,1.3786067734775589,1.377936982382647
final_joint_baseline_30mer,poly2,3,57,351.486,train,0.06692116214343977,0.07378099934433194,0.0022576408307178678,0.05054420773370204,0.05508592805769574,0.005917255158702176,5.524239516333541,5.6784357446024085,5.780666666666667,1.3267302453454364,1.3760032068115238,1.3752209229137586
final_joint_baseline_30mer,poly2,3,58,352.891,train,0.06838892094626532,0.07713467843962678,0.003097185609449561,0.05107957448761141,0.059848087536810146,0.010190211185775695,5.597728058648593,5.728894573747201,5.615333333333334,1.324656527064957,1.373434433159994,1.376964271511179
final_joint_baseline_30mer,poly2,3,59,354.301,train,0.0675585757557922,0.0723801485357155,0.002163297804916328,0.05050883437254894,0.0582572850954456,0.007931722953832928,5.6865059536159706,5.778743016582959,5.748000000000001,1.3203266723635592,1.3709026506108568,1.3778683038736756
final_joint_baseline_30mer,poly2,3,60,355.717,train,0.07113683680574062,0.07325977799980095,0.003188365963690816,0.05086545971544863,0.057089820272281794,0.00759423821521274,5.7300068296562685,5.8279671901158085,5.800000000000001,1.3184264601922309,1.368408334191179,1.375625408692215
final_joint_baseline_30mer,poly2,3,61,357.139,train,0.07072106228744703,0.07363196517554615,0.003981348077205741,0.050381517295319735,0.04713610052922969,0.012046666876400085,5.821185622564954,5.876516115353102,5.930666666666667,1.3154275616635978,1.3659538294089955,1.3562150346087907
final_joint_baseline_30mer,poly2,3,62,358.567,train,0.07035824936969187,0.06976474470701842,0.0029288525713886326,0.04962547468782648,0.0550420569231699,0.007891441902056567,5.787977355510985,5.92433796655002,5.985333333333333,1.3170019276909346,1.3635415050789108,1.366275525273421
final_joint_baseline_30mer,poly2,3,63,360.0,train,0.0710740251441126,0.06972558357285485,0.0018542459609457167,0.049627178030898,0.04868868152904095,0.009847484916104689,5.94692838370565,5.9713476885417425,5.942666666666667,1.3119173353397782,1.361175381896986,1.372027382560936
final_joint_baseline_30mer,poly2,4,0,280.0,train,0.0792940021208539,0.08101337072684169,0.0009863524450130139,0.09688902375891323,0.10036845396423075,0.00655868403748926,2.543307513198239,2.864506675633269,2.8486666666666665,1.4490542803047362,1.5291911582038678,1.5269570390269656
final_joint_baseline_30mer,poly2,4,1,281.119,train,0.08074559052485394,0.07702072040964635,0.001989903316166693,0.09748767482000696,0.11505388000643307,0.00926538866512587,2.607172003596376,2.9037909294238267,2.831333333333334,1.4453908784431428,1.5269119461511207,1.5325691887295338
final_joint_baseline_30mer,poly2,4,2,282.243,train,0.08092750928019285,0.08124903812023929,0.0010527598010438913,0.09796463234707843,0.09573294476270744,0.0071665025466143275,2.6356502293842357,2.94356390832014,2.969333333333333,1.4450302196769296,1.524608669078765,1.5222347782745285
final_joint_baseline_30mer,poly2,4,3,283.371,train,0.07839179240330421,0.08716465062431752,0.002476061932403315,0.09731105526185022,0.1030511041650766,0.009710690516598779,2.7111095741983076,2.9837905003423275,3.04,1.4426351112681033,1.522283498889021,1.5252251493125382
final_joint_baseline_30mer,poly2,4,4,284.504,train,0.07796381966449929,0.07844260609699452,0.0022578994666832284,0.09555655861523873,0.09011495016767605,0.009754306458697423,2.759010247366115,3.024506336808164,3.0933333333333337,1.4411339909979202,1.5199345158459012,1.5142029434171367
final_joint_baseline_30mer,poly2,4,5,285.641,train,0.07790725860251052,0.08321523782860797,0.0031426843861179763,0.09486722664903224,0.10580811626827788,0.009440064063842714,2.779320982317818,3.0656751340789112,2.9966666666666666,1.4388363579313137,1.5175639541040367,1.5258427319015664
final_joint_baseline_30mer,poly2,4,6,286.783,train,0.07767261905284399,0.08038364112084423,0.0021486669080721006,0.09542006295374916,0.10906253707948839,0.009547243715188988,2.848500789588953,3.1073324157458835,3.0306666666666664,1.436106212846229,1.5151699101023537,1.5184433043908456
final_joint_baseline_30mer,poly2,4,7,287.929,train,0.07830545165688639,0.08157864043235762,0.0017496651175536468,0.09343635743126122,0.09860092011909657,0.006238706943871085,2.858525687576366,3.149440668860509,3.1486666666666667,1.4361933836522711,1.5127546824824245,1.5105936204967834
final_joint_baseline_30mer,poly2,4,8,289.08,train,0.0782661783950401,0.08648858184304777,0.0015084781414675546,0.0918642823274694,0.09201469086733974,0.00777537100399241,2.931267722525763,3.192035228407432,3.2553333333333336,1.4333961198315441,1.5103163881103747,1.5082715863219989
final_joint_baseline_30mer,poly2,4,9,290.235,train,0.07891294441175768,0.0783916726929751,0.0013100836365495094,0.09106071470088353,0.09302286310859822,0.011771576395096883,2.993197143647555,3.235077292037579,3.1513333333333335,1.430608882046017,1.5078573923617387,1.5043740877997283
final_joint_baseline_30mer,poly2,4,10,291.395,train,0.07793282951250391,0.08159408622381162,0.002099961953321688,0.08879497592754391,0.09355613554312907,0.008348420180604225,2.9908893249878963,3.278601918387952,3.2879999999999994,1.4303011384655808,1.505375837035952,1.5011410471249107
final_joint_baseline_30mer,poly2,4,11,292.56,train,0.07654501042274876,0.07988133698722151,0.0011503201642374733,0.0866727974579155,0.09721134505791523,0.011569420242438958,3.0821580272955718,3.322606849801407,3.4206666666666674,1.4258314762733413,1.5028720024177349,1.5045165255890935
final_joint_baseline_30mer,poly2,4,12,293.729,train,0.07234662207323905,0.07683813082652824,0.0013706705914586655,0.0852257830696711,0.08175508897381988,0.007725329217923514,3.150122904995735,3.3670512251538844,3.3566666666666665,1.423585365887622,1.5003483587121722,1.4924486869240936
final_joint_baseline_30mer,poly2,4,13,294.903,train,0.07163979948544798,0.078010941782734,0.0018123320672527757,0.08528962686111383,0.09930660790897944,0.01008297123880236,3.19203235585679,3.4119695011612188,3.3993333333333333,1.4218773193909555,1.4978030946686458,1.510347966598201
final_joint_baseline_30mer,poly2,4,14,296.082,train,0.07134568322583489,0.07676613648958383,0.0025039509536861557,0.08575408686651605,0.08757677947449621,0.011575481846639066,3.262342658551767,3.457357979888177,3.4073333333333333,1.419300628344623,1.4952365716923581,1.5008694349834446
final_joint_baseline_30mer,poly2,4,15,297.266,train,0.07329989013493708,0.08050179007994943,0.00209320791720878,0.08599819937873063,0.10229790741175565,0.010572213154003762,3.298642857966203,3.503212432489275,3.5493333333333332,1.4171639688431674,1.4926491805563962,1.490037703056668
final_joint_baseline_30mer,poly2,4,16,298.454,train,0.07366113843904933,0.07452917099472967,0.0012551647420062176,0.08361371050364738,0.09347042667960487,0.008166609784752678,3.3203087177536483,3.549489011071877,3.5853333333333333,1.4153553834935257,1.4900435395779903,1.4937896438318847
final_joint_baseline_30mer,poly2,4,17,299.647,train,0.0737897021625605,0.07824491109794451,0.0020048866773097365,0.0836672252940632,0.09017717721088372,0.006797877032855639,3.3892846439357265,3.596220984294393,3.5926666666666667,1.4117220597375317,1.4874179188404923,1.4842618375263008
final_joint_baseline_30mer,poly2,4,18,300.845,train,0.0731801436329051,0.07934218854135437,0.0021100120691420563,0.08189032048453876,0.07544953810985286,0.006629976459007991,3.41430049334901,3.643402402684315,3.6033333333333335,1.4126422269680854,1.4847728019437016,1.487077230873516
final_joint_baseline_30mer,poly2,4,19,302.047,train,0.07350748725237972,0.07849848806454074,0.0012920635730834114,0.0813026846800467,0.07704707758071057,0.012144762986042978,3.484319022753994,3.6909869990609394,3.7573333333333334,1.4088618546958285,1.4821109235579322,1.4847957597239896
final_joint_baseline_30mer,poly2,4,20,303.254,train,0.07173385113552952,0.07238057333569128,0.0009309059477916166,0.08136576125943211,0.09232769151887915,0.009187626601359097,3.5339085229499503,3.739006839129649,3.764666666666667,1.406459226760602,1.4794306290930344,1.4856387253201482
final_joint_baseline_30mer,poly2,4,21,304.467,train,0.07273829678896673,0.07241007841887508,0.001601626989465634,0.08007683043512906,0.08843354348449117,0.010754395405438495,3.6290352606219884,3.7874940924147564,3.836666666666667,1.4036600134330308,1.4767302750412024,1.4828167807457742
final_joint_baseline_30mer,poly2,4,22,305.683,train,0.07461878313911338,0.07816212848406515,0.002522298163020361,0.07688149194506462,0.0769780637270997,0.007646235391578702,3.686256109228393,3.8363199621928183,3.926,1.4002096648194318,1.4740171693584103,1.47092294183
final_joint_baseline_30mer,poly2,4,23,306.905,train,0.07453243225270755,0.0713688719174435,0.0026018266719461947,0.07710192939228067,0.09188286119244322,0.009550616039573547,3.728478369873435,3.8855953014494347,3.858,1.3994710802263843,1.4712852847910236,1.4736033342815706
final_joint_baseline_30mer,poly2,4,24,308.132,train,0.07344243366691251,0.0721344172606759,0.0027874685550406918,0.07549469565308678,0.08089267629756755,0.007826108430379345,3.769594917813588,3.935269941718614,4.016,1.3975494234797674,1.4685375475530054,1.466953122232702
final_joint_baseline_30mer,poly2,4,25,309.364,train,0.07304565486350295,0.07594705999506862,0.002476901384827695,0.07282109267150678,0.08331347041422743,0.006553169324188528,3.8070892984761517,3.9853329869230496,4.093333333333334,1.3954718061855997,1.4657746944602494,1.4708706255821202
final_joint_baseline_30mer,poly2,4,26,310.6,train,0.07292829358686326,0.0659274524681095,0.0018567084251121225,0.07387175094825046,0.0853435448110437,0.008912306667759044,3.874953172188026,4.035731878881055,3.9960000000000004,1.391661912809699,1.4629997487914257,1.474480741304551
final_joint_baseline_30mer,poly2,4,27,311.842,train,0.07303697346537016,0.07343670696873089,0.0024756007698842186,0.07360622597517966,0.07608445817678958,0.00803934327122407,3.890596399013302,4.0865356149176755,4.04,1.3920757652626659,1.4602090381508703,1.465492219801771
final_joint_baseline_30mer,poly2,4,28,313.088,train,0.07321844734004888,0.08087428718003276,0.0026949399624240583,0.07229031648327525,0.07018118949821608,0.007514851990124367,3.9656718998547618,4.137648972195458,4.148666666666667,1.3890153180179459,1.4574079154058779,1.4527257030399716
final_joint_baseline_30mer,poly2,4,29,314.34,train,0.07228473896815182,0.07899110082177381,0.0019003784180471515,0.07171664064288277,0.06842170419735405,0.009362058934105154,3.9884460658874517,4.189139662973492,4.1306666666666665,1.3875389843347843,1.4545927872375475,1.4509280239081788
final_joint_baseline_30mer,poly2,4,30,315.596,train,0.07292165504025896,0.0765064779206558,0.0024791575415422373,0.07083723303927227,0.09290980377491939,0.011021807265767267,4.08785200106047,4.240910189825449,4.194,1.384418102377888,1.4517690962758412,1.4594783373451932
final_joint_baseline_30mer,poly2,4,31,316.858,train,0.07109000981875926,0.07242063289052753,0.0031383573678149795,0.06875232060162526,0.07091643325696745,0.0092101450344175,4.162689040274801,4.293026772078029,4.268666666666666,1.3802637032924852,1.4489333373482907,1.448401124673059
final_joint_baseline_30mer,poly2,4,32,318.124,train,0.06984199572067075,0.07389512207534492,0.0017250355326761217,0.06775806549704735,0.06869069118574067,0.009415985393355145,4.1928993187634,4.345389634678782,4.392666666666667,1.378450940428177,1.4460910398260507,1.4412885253493672
final_joint_baseline_30mer,poly2,4,33,319.396,train,0.06911914999201649,0.07342344868762062,0.0024456368377984558,0.0676392690366095,0.08311854926326649,0.007660067730334947,4.283916015399866,4.398063290907855,4.367333333333333,1.3766030864406695,1.4432387957524633,1.4424845220978746
final_joint_baseline_30mer,poly2,4,34,320.672,train,0.07022291057636612,0.07011901540277843,0.0020374290846831757,0.06670656045706813,0.08039268207700766,0.010050556162005269,4.286059576503677,4.450945700211291,4.454000000000001,1.374854657302226,1.4403822173307226,1.4442824959658451
final_joint_baseline_30mer,poly2,4,35,321.954,train,0.06874276741166269,0.06884876293065359,0.0016060323718085161,0.06464821859347145,0.06710545012742455,0.008962228195673154,4.3263572861193715,4.504099453398682,4.472666666666667,1.3732220845705354,1.4375180027973793,1.4336614910611551
final_joint_baseline_30mer,poly2,4,36,323.241,train,0.06955838630369038,0.07175587321412727,0.001821306743912202,0.06450809198576238,0.07047892098307912,0.009849692175183316,4.395032073449062,4.5574617317148975,4.629333333333333,1.3700644404845734,1.4346496165780942,1.431772861945296
final_joint_baseline_30mer,poly2,4,37,324.533,train,0.07007767164709472,0.06900393008800396,0.0023586435899993086,0.06545923157387529,0.07560802688104529,0.011030468682153571,4.451483072826613,4.6110100460941785,4.54,1.3685460531537685,1.4317783301725782,1.4430083672722906
final_joint_baseline_30mer,poly2,4,38,325.83,train,0.0701064089589978,0.07543253480016049,0.0029541737705905445,0.06378160011622058,0.07194081695605822,0.009010884738632145,4.488311634045692,4.6647207882912065,4.698,1.366888136833101,1.4289054630581666,1.426146485105447
final_joint_baseline_30mer,poly2,4,39,327.132,train,0.06942817183560412,0.07313702333032862,0.0026836766823814143,0.06438709319799144,0.07703496199554175,0.010241892461375732,4.575185294049842,4.718569213388266,4.577333333333334,1.3636341314088298,1.4260323828325538,1.4373562897796701
final_joint_baseline_30mer,poly2,4,40,328.44,train,0.06895643480153123,0.07353649116898181,0.003631196778182558,0.06358671934007704,0.06494898990076384,0.0075754237696285314,4.6199888477764715,4.772570666816678,4.658,1.3595889047067131,1.4231583129741545,1.4263546754685321
final_joint_baseline_30mer,poly2,4,41,329.753,train,0.0663563525964846,0.07438575763303745,0.0021508259436624753,0.06215233018388913,0.05253203754804856,0.007148720116943192,4.7220001383221515,4.826656637145432,4.944,1.3558915257258317,1.4202869314827882,1.4052660468162737
final_joint_baseline_30mer,poly2,4,42,331.071,train,0.06627887784198405,0.0637145323100019,0.0023891251060823193,0.06124069213244303,0.06364754241656945,0.00867772676561382,4.730136074417318,4.880798821713124,4.836,1.3539478674019712,1.417419753338593,1.4204362762978926
final_joint_baseline_30mer,poly2,4,43,332.394,train,0.06679385205790124,0.07867480460648064,0.0040553825412301195,0.06003808081543255,0.0682540921674409,0.007584295804245562,4.787296262996519,4.9349677300245265,5.095333333333333,1.352011450103533,1.4145583411987324,1.41124803096253
final_joint_baseline_30mer,poly2,4,44,333.723,train,0.0675298796807965,0.07207046816508862,0.002675557650557663,0.060270982209312166,0.06241161555874743,0.008457117309708459,4.863467102381446,4.9891733787288,5.110666666666667,1.3487861302799726,1.4117021630589912,1.4055658580713042
final_joint_baseline_30mer,poly2,4,45,335.057,train,0.06595576112203269,0.07459347513413178,0.0033968229507508126,0.05863726855294278,0.057868909438595455,0.007829419850077233,4.941125048989096,5.043342803439734,5.093333333333334,1.3481898596865658,1.408855048208354,1.4002084824553174
final_joint_baseline_30mer,poly2,4,46,336.396,train,0.06612802959912271,0.06855476014747966,0.002655516217320853,0.059112401320281116,0.06745327759291073,0.010529869537367535,5.020747746501602,5.097442856269046,5.124666666666666,1.3457309745538302,1.4060187026671114,1.4042743079268232
final_joint_baseline_30mer,poly2,4,47,337.741,train,0.06802526928794028,0.07708804973181513,0.002703523681005629,0.057614530270031314,0.06347551707556888,0.010793297786005015,5.0435716220577715,5.151479248120779,5.176,1.3444760491479961,1.4031927855746789,1.4018758541319194
final_joint_baseline_30mer,poly2,4,48,339.091,train,0.06528939318631465,0.06759575871654117,0.0026298495823243524,0.05654824147695207,0.06337945801417147,0.010365455776510974,5.122854133526984,5.205375864481486,5.195333333333333,1.341662910771536,1.4003812224064918,1.397697889933967
final_joint_baseline_30mer,poly2,4,49,340.446,train,0.06586439606325484,0.0718900140556045,0.002749755203599418,0.055123309166778,0.05628443427643727,0.011419361376286427,5.218590209096986,5.259095920289296,5.3293333333333335,1.3391828595644897,1.3975858552819709,1.3818497223870767
final_joint_baseline_30mer,poly2,4,50,341.807,train,0.06775946358728362,0.0677600182647348,0.0028416871814629548,0.05585054954615072,0.057688133318908624,0.008846842949150065,5.271444256172626,5.312640647197749,5.304,1.3372135791506743,1.3948065368742633,1.4013732090813114
final_joint_baseline_30mer,poly2,4,51,343.173,train,0.0667821213022557,0.06926767917590501,0.0026020394686028687,0.05365903863726429,0.054709006398396653,0.00737018224021322,5.3073408718906325,5.365931079916477,5.386,1.3364304344011835,1.3920472683160119,1.3854070707691906
final_joint_baseline_30mer,poly2,4,52,344.545,train,0.06672275811135768,0.06990938211301191,0.0027095717002798858,0.05296015444368815,0.05776114020848744,0.00875729430476492,5.368419899946977,5.418965383373238,5.303333333333333,1.3327784510796787,1.3893080321479456,1.3913760878797468
final_joint_baseline_30mer,poly2,4,53,345.922,train,0.06699787669055125,0.07077893632910168,0.00218798643032386,0.053474566916818116,0.05918159303652133,0.010898878087369772,5.420805380731725,5.471662891718751,5.460666666666667,1.3307693450260425,1.3865928675342616,1.3917033778894166
final_joint_baseline_30mer,poly2,4,54,347.305,train,0.06625913864864834,0.06875443921454027,0.003489594250168192,0.05280017785191325,0.06074254854646757,0.009867665323510999,5.455972347096387,5.524018692066935,5.491333333333333,1.3296127304653613,1.3839018853121117,1.3724973103863658
final_joint_baseline_30mer,poly2,4,55,348.693,train,0.06781889306331643,0.06789401838311461,0.0024395292963313234,0.05240103112833457,0.05995507921390734,0.008664018960658536,5.529657710307305,5.5759506438758155,5.72,1.3272872473009774,1.381239150173594,1.3733335671334927
final_joint_baseline_30mer,poly2,4,56,350.086,train,0.06953288753812341,0.0737734254897041,0.0036225013124102875,0.05211103122841918,0.06375362957633782,0.008392805985356716,5.55811461143002,5.6274140782969475,5.48,1.3251929199481436,1.3786067734775589,1.387241778543641
final_joint_baseline_30mer,poly2,4,57,351.486,train,0.06692116214343977,0.07641422182384794,0.002738719973164494,0.05054420773370204,0.053086975840964376,0.008919624993209294,5.524239516333541,5.6784357446024085,5.742,1.3267302453454364,1.3760032068115238,1.3682318743275175
final_joint_baseline_30mer,poly2,4,58,352.891,train,0.06838892094626532,0.07436498459032828,0.0026398370275904862,0.05107957448761141,0.057224501742212344,0.008035099224149838,5.597728058648593,5.728894573747201,5.628666666666666,1.324656527064957,1.373434433159994,1.380823907944459
final_joint_baseline_30mer,poly2,4,59,354.301,train,0.0675585757557922,0.07981737057697007,0.0031117432850813996,0.05050883437254894,0.05951581220600143,0.009035942165553272,5.6865059536159706,5.778743016582959,5.730666666666667,1.3203266723635592,1.3709026506108568,1.374381611369292
final_joint_baseline_30mer,poly2,4,60,355.717,train,0.07113683680574062,0.072223473955268,0.0011683592452812397,0.05086545971544863,0.05694604491695374,0.00841624355431441,5.7300068296562685,5.8279671901158085,5.871333333333332,1.3184264601922309,1.368408334191179,1.3675977280068543
final_joint_baseline_30mer,poly2,4,61,357.139,train,0.07072106228744703,0.07256497045158496,0.0036258412215874622,0.050381517295319735,0.04819546199559792,0.009790453150866804,5.821185622564954,5.876516115353102,6.049333333333333,1.3154275616635978,1.3659538294089955,1.3514863190619204
final_joint_baseline_30mer,poly2,4,62,358.567,train,0.07035824936969187,0.07669890970467541,0.00226425573891306,0.04962547468782648,0.05205299355923676,0.008473004467131388,5.787977355510985,5.92433796655002,5.997333333333333,1.3170019276909346,1.3635415050789108,1.3635056398714824
final_joint_baseline_30mer,poly2,4,63,360.0,train,0.0710740251441126,0.07140814293146763,0.0019643790191327263,0.049627178030898,0.05352793130638166,0.006932676796576653,5.94692838370565,5.9713476885417425,5.973333333333333,1.3119173353397782,1.361175381896986,1.3654393148998112
final_joint_baseline_30mer,poly2,5,0,280.0,train,0.0792940021208539,0.0796852000630205,0.0013117564253851506,0.09688902375891323,0.09229214938918993,0.008964651128688241,2.543307513198239,2.864506675633269,2.8433333333333337,1.4490542803047362,1.5291911582038678,1.5267925803919216
final_joint_baseline_30mer,poly2,5,1,281.119,train,0.08074559052485394,0.0790680044203308,0.0026891463343563645,0.09748767482000696,0.09965088050543978,0.009727870515959119,2.607172003596376,2.9037909294238267,3.017333333333333,1.4453908784431428,1.5269119461511207,1.5157176810815978
final_joint_baseline_30mer,poly2,5,2,282.243,train,0.08092750928019285,0.08361880604387814,0.0017857927461808398,0.09796463234707843,0.1018730603314387,0.00851470301243141,2.6356502293842357,2.94356390832014,2.988666666666667,1.4450302196769296,1.524608669078765,1.522184674707431
final_joint_baseline_30mer,poly2,5,3,283.371,train,0.07839179240330421,0.08058377362588179,0.0011235422905837395,0.09731105526185022,0.10652093930224844,0.009817119003701788,2.7111095741983076,2.9837905003423275,3.042,1.4426351112681033,1.522283498889021,1.522739516079988
final_joint_baseline_30mer,poly2,5,4,284.504,train,0.07796381966449929,0.07968796936673753,0.0014878100282177556,0.09555655861523873,0.0920734716934258,0.009385314567506901,2.759010247366115,3.024506336808164,2.945333333333334,1.4411339909979202,1.5199345158459012,1.516356706858446
final_joint_baseline_30mer,poly2,5,5,285.641,train,0.07790725860251052,0.08228344855377351,0.00214838385887509,0.09486722664903224,0.10091196966132818,0.007929694590499834,2.779320982317818,3.0656751340789112,2.966666666666667,1.4388363579313137,1.5175639541040367,1.5146874847599963
final_joint_baseline_30mer,poly2,5,6,286.783,train,0.07767261905284399,0.08629100823676444,0.0024957653577984454,0.09542006295374916,0.09315512303870142,0.010477941373777187,2.848500789588953,3.1073324157458835,3.0966666666666667,1.436106212846229,1.5151699101023537,1.504986886956348
final_joint_baseline_30mer,poly2,5,7,287.929,train,0.07830545165688639,0.08320143763346474,0.0013445824679338364,0.09343635743126122,0.10011442375473517,0.009502413900588154,2.858525687576366,3.149440668860509,3.136,1.4361933836522711,1.5127546824824245,1.5251484754109332
final_joint_baseline_30mer,poly2,5,8,289.08,train,0.0782661783950401,0.08145901129654282,0.0020916622693661693,0.0918642823274694,0.08287137379350515,0.011545743531190977,2.931267722525763,3.192035228407432,3.1679999999999997,1.4333961198315441,1.5103163881103747,1.497218864695124
final_joint_baseline_30mer,poly2,5,9,290.235,train,0.07891294441175768,0.08301520372149764,0.001204800137042196,0.09106071470088353,0.09770443127995027,0.010133704087805997,2.993197143647555,3.235077292037579,3.1879999999999997,1.430608882046017,1.5078573923617387,1.5115245229555954
final_joint_baseline_30mer,poly2,5,10,291.395,train,0.07793282951250391,0.07728191913869152,0.0012685677857787576,0.08879497592754391,0.08986197075353011,0.007243533279158092,2.9908893249878963,3.278601918387952,3.292666666666667,1.4303011384655808,1.505375837035952,1.5038617568300423
final_joint_baseline_30mer,poly2,5,11,292.56,train,0.07654501042274876,0.07615241811298033,0.0014860342353289941,0.0866727974579155,0.09590955771372386,0.007420755567714628,3.0821580272955718,3.322606849801407,3.287333333333333,1.4258314762733413,1.5028720024177349,1.49761903344437
final_joint_baseline_30mer,poly2,5,12,293.729,train,0.07234662207323905,0.085371233034206,0.004059124532169813,0.0852257830696711,0.08873410535457674,0.008774010338671305,3.150122904995735,3.3670512251538844,3.3313333333333333,1.423585365887622,1.5003483587121722,1.4969723158605692
final_joint_baseline_30mer,poly2,5,13,294.903,train,0.07163979948544798,0.07071549164147661,0.0013574228359497862,0.08528962686111383,0.08271249039961215,0.009699108051702415,3.19203235585679,3.4119695011612188,3.36,1.4218773193909555,1.4978030946686458,1.4962960793784046
final_joint_baseline_30mer,poly2,5,14,296.082,train,0.07134568322583489,0.07539773348033998,0.0031513155784601383,0.08575408686651605,0.08815694662913315,0.00807195648055125,3.262342658551767,3.457357979888177,3.3493333333333335,1.419300628344623,1.4952365716923581,1.494445429043073
final_joint_baseline_30mer,poly2,5,15,297.266,train,0.07329989013493708,0.07594422779175915,0.002934265681157104,0.08599819937873063,0.0988682580486698,0.00975256306251571,3.298642857966203,3.503212432489275,3.4580000000000006,1.4171639688431674,1.4926491805563962,1.5054124899766548
final_joint_baseline_30mer,poly2,5,16,298.454,train,0.07366113843904933,0.07332752245767737,0.0026056754047855337,0.08361371050364738,0.09466201296346867,0.008022748444796486,3.3203087177536483,3.549489011071877,3.5726666666666667,1.4153553834935257,1.4900435395779903,1.4956682402562134
final_joint_baseline_30mer,poly2,5,17,299.647,train,0.0737897021625605,0.07770771040698991,0.0032795163412655927,0.0836672252940632,0.09080561281511432,0.007751633278722818,3.3892846439357265,3.596220984294393,3.588,1.4117220597375317,1.4874179188404923,1.4837029421861954
final_joint_baseline_30mer,poly2,5,18,300.845,train,0.0731801436329051,0.0740048684319598,0.0022644823805894913,0.08189032048453876,0.08433401984824564,0.009129017495819323,3.41430049334901,3.643402402684315,3.686666666666667,1.4126422269680854,1.4847728019437016,1.4765575229583279
final_joint_baseline_30mer,poly2,5,19,302.047,train,0.07350748725237972,0.07024480431285209,0.0016338294093754015,0.0813026846800467,0.08419129902103518,0.006387958740042443,3.484319022753994,3.6909869990609394,3.726,1.4088618546958285,1.4821109235579322,1.4776042510856309
final_joint_baseline_30mer,poly2,5,20,303.254,train,0.07173385113552952,0.07442659300919,0.0015051151607822417,0.08136576125943211,0.09488056041394588,0.009467587879328944,3.5339085229499503,3.739006839129649,3.724666666666667,1.406459226760602,1.4794306290930344,1.4732364492419925
final_joint_baseline_30mer,poly2,5,21,304.467,train,0.07273829678896673,0.07471921337844027,0.0020809852148052643,0.08007683043512906,0.08508763523515904,0.007889842136276408,3.6290352606219884,3.7874940924147564,3.7400000000000007,1.4036600134330308,1.4767302750412024,1.4794436585576407
final_joint_baseline_30mer,poly2,5,22,305.683,train,0.07461878313911338,0.06774536576691263,0.0018827405143739952,0.07688149194506462,0.07947880953242155,0.0068105846276590816,3.686256109228393,3.8363199621928183,3.8466666666666667,1.4002096648194318,1.4740171693584103,1.4668581661368973
final_joint_baseline_30mer,poly2,5,23,306.905,train,0.07453243225270755,0.07734018622282304,0.0018789595960162404,0.07710192939228067,0.08076261397290566,0.009497481505878095,3.728478369873435,3.8855953014494347,3.8393333333333337,1.3994710802263843,1.4712852847910236,1.460101109753848
final_joint_baseline_30mer,poly2,5,24,308.132,train,0.07344243366691251,0.07782852906055038,0.0033577077635854905,0.07549469565308678,0.07433020633718906,0.009668010531335636,3.769594917813588,3.935269941718614,4.110666666666667,1.3975494234797674,1.4685375475530054,1.4556062794147149
final_joint_baseline_30mer,poly2,5,25,309.364,train,0.07304565486350295,0.0829757872533879,0.002812836808031338,0.07282109267150678,0.07417062565480356,0.010370530611803153,3.8070892984761517,3.9853329869230496,4.0280000000000005,1.3954718061855997,1.4657746944602494,1.4641380533661752
final_joint_baseline_30mer,poly2,5,26,310.6,train,0.07292829358686326,0.07098315769510913,0.0020348958411052828,0.07387175094825046,0.0818060382746507,0.0075338595149621965,3.874953172188026,4.035731878881055,4.01,1.391661912809699,1.4629997487914257,1.459520188003295
final_joint_baseline_30mer,poly2,5,27,311.842,train,0.07303697346537016,0.07664146269661107,0.0019927797337674184,0.07360622597517966,0.07974703483320422,0.007678717799480619,3.890596399013302,4.0865356149176755,4.052,1.3920757652626659,1.4602090381508703,1.4606173898182915
final_joint_baseline_30mer,poly2,5,28,313.088,train,0.07321844734004888,0.06961415709711768,0.0014672383546818104,0.07229031648327525,0.0765550200229577,0.006247808994585765,3.9656718998547618,4.137648972195458,4.137333333333334,1.3890153180179459,1.4574079154058779,1.4623869245126833
final_joint_baseline_30mer,poly2,5,29,314.34,train,0.07228473896815182,0.08562484047839175,0.0017044626668506469,0.07171664064288277,0.07034074290766758,0.008126853122564705,3.9884460658874517,4.189139662973492,4.280666666666667,1.3875389843347843,1.4545927872375475,1.4341957022379745
final_joint_baseline_30mer,poly2,5,30,315.596,train,0.07292165504025896,0.07114149142701276,0.00223947708497746,0.07083723303927227,0.08084700298577119,0.008350054406584248,4.08785200106047,4.240910189825449,4.225333333333333,1.384418102377888,1.4517690962758412,1.4571313808564685
final_joint_baseline_30mer,poly2,5,31,316.858,train,0.07109000981875926,0.06958371629660218,0.0025933596867268294,0.06875232060162526,0.06417430675087714,0.007730803452093188,4.162689040274801,4.293026772078029,4.296666666666667,1.3802637032924852,1.4489333373482907,1.437883563400114
final_joint_baseline_30mer,poly2,5,32,318.124,train,0.06984199572067075,0.06754927582606413,0.0019502098705083727,0.06775806549704735,0.07356251681178544,0.007911320128645816,4.1928993187634,4.345389634678782,4.399333333333333,1.378450940428177,1.4460910398260507,1.4440014397012773
final_joint_baseline_30mer,poly2,5,33,319.396,train,0.06911914999201649,0.07325154909455416,0.0017564932347616247,0.0676392690366095,0.07403731470812039,0.010576050730342844,4.283916015399866,4.398063290907855,4.316,1.3766030864406695,1.4432387957524633,1.4511590619075736
final_joint_baseline_30mer,poly2,5,34,320.672,train,0.07022291057636612,0.07207473818930693,0.002864308020159425,0.06670656045706813,0.06761874390997391,0.006439082598921739,4.286059576503677,4.450945700211291,4.439333333333334,1.374854657302226,1.4403822173307226,1.4317900271614779
final_joint_baseline_30mer,poly2,5,35,321.954,train,0.06874276741166269,0.06879627479539799,0.0030758717918181015,0.06464821859347145,0.0643289315646818,0.01173489882423999,4.3263572861193715,4.504099453398682,4.456666666666667,1.3732220845705354,1.4375180027973793,1.440727386003434
final_joint_baseline_30mer,poly2,5,36,323.241,train,0.06955838630369038,0.07131700071874199,0.002019528836176406,0.06450809198576238,0.06510480642139008,0.00857614476782922,4.395032073449062,4.5574617317148975,4.454666666666666,1.3700644404845734,1.4346496165780942,1.4427209461533126
final_joint_baseline_30mer,poly2,5,37,324.533,train,0.07007767164709472,0.07016741684949124,0.0017908940180221492,0.06545923157387529,0.07503066819118687,0.00784230973534474,4.451483072826613,4.6110100460941785,4.690666666666667,1.3685460531537685,1.4317783301725782,1.4302833226364495
final_joint_baseline_30mer,poly2,5,38,325.83,train,0.0701064089589978,0.0686348098891724,0.0020089661829430436,0.06378160011622058,0.06874812515105819,0.006971114063819291,4.488311634045692,4.6647207882912065,4.656666666666666,1.366888136833101,1.4289054630581666,1.4257304329885767
final_joint_baseline_30mer,poly2,5,39,327.132,train,0.06942817183560412,0.069282523143448,0.0035051625094668862,0.06438709319799144,0.0636862915209532,0.008128778702813113,4.575185294049842,4.718569213388266,4.803333333333333,1.3636341314088298,1.4260323828325538,1.4179564759212118
final_joint_baseline_30mer,poly2,5,40,328.44,train,0.06895643480153123,0.06359874512826971,0.002319497377950807,0.06358671934007704,0.06644301312338842,0.007800932573487692,4.6199888477764715,4.772570666816678,4.7620000000000005,1.3595889047067131,1.4231583129741545,1.4240641157673453
final_joint_baseline_30mer,poly2,5,41,329.753,train,0.0663563525964846,0.06774104105410536,0.0031717339657406406,0.06215233018388913,0.07253060258376985,0.010907569738723932,4.7220001383221515,4.826656637145432,4.852,1.3558915257258317,1.4202869314827882,1.4169130160588623
final_joint_baseline_30mer,poly2,5,42,331.071,train,0.06627887784198405,0.07716858029671357,0.00247881892889519,0.06124069213244303,0.06105722785302166,0.009099940631271983,4.730136074417318,4.880798821713124,4.886666666666667,1.3539478674019712,1.417419753338593,1.411546178741766
final_joint_baseline_30mer,poly2,5,43,332.394,train,0.06679385205790124,0.07871076641471741,0.0025965009387604455,0.06003808081543255,0.06081729999830482,0.008445757790128024,4.787296262996519,4.9349677300245265,4.92,1.352011450103533,1.4145583411987324,1.4165257635435295
final_joint_baseline_30mer,poly2,5,44,333.723,train,0.0675298796807965,0.06629349616007714,0.0012777156042974242,0.060270982209312166,0.06043323455306257,0.006692380716785637,4.863467102381446,4.9891733787288,4.964,1.3487861302799726,1.4117021630589912,1.41304931216958
final_joint_baseline_30mer,poly2,5,45,335.057,train,0.06595576112203269,0.07423551522140406,0.0020159917995259333,0.05863726855294278,0.05920235590692818,0.009401568117348883,4.941125048989096,5.043342803439734,5.112,1.3481898596865658,1.408855048208354,1.3988593328821974
final_joint_baseline_30mer,poly2,5,46,336.396,train,0.06612802959912271,0.06784645290990546,0.0020639602525975727,0.059112401320281116,0.06569806145229268,0.008509165161634528,5.020747746501602,5.097442856269046,4.957333333333334,1.3457309745538302,1.4060187026671114,1.4155017949709925
final_joint_baseline_30mer,poly2,5,47,337.741,train,0.06802526928794028,0.07341158319003373,0.002981680750767467,0.057614530270031314,0.06068398336065098,0.008726714923577636,5.0435716220577715,5.151479248120779,5.300666666666667,1.3444760491479961,1.4031927855746789,1.3941787969794952
final_joint_baseline_30mer,poly2,5,48,339.091,train,0.06528939318631465,0.07720733207538848,0.003793729470097826,0.05654824147695207,0.05380079473214536,0.0087338592223468,5.122854133526984,5.205375864481486,5.3740000000000006,1.341662910771536,1.4003812224064918,1.3926091712598188
final_joint_baseline_30mer,poly2,5,49,340.446,train,0.06586439606325484,0.0651776623709539,0.0034579807460260142,0.055123309166778,0.06404073963830198,0.008366119198593468,5.218590209096986,5.259095920289296,5.233333333333334,1.3391828595644897,1.3975858552819709,1.3981376413528643
final_joint_baseline_30mer,poly2,5,50,341.807,train,0.06775946358728362,0.06545125754444567,0.002117016199492946,0.05585054954615072,0.06035092454788356,0.008655959370472557,5.271444256172626,5.312640647197749,5.319333333333333,1.3372135791506743,1.3948065368742633,1.3894836882038968
final_joint_baseline_30mer,poly2,5,51,343.173,train,0.0667821213022557,0.07239651499516953,0.0027774655578769398,0.05365903863726429,0.05579263948388752,0.007256999440753309,5.3073408718906325,5.365931079916477,5.376,1.3364304344011835,1.3920472683160119,1.3894971361436776
final_joint_baseline_30mer,poly2,5,52,344.545,train,0.06672275811135768,0.07630751732624518,0.0034672801413943273,0.05296015444368815,0.050975948581072045,0.007975052401428973,5.368419899946977,5.418965383373238,5.470666666666666,1.3327784510796787,1.3893080321479456,1.3925023447026326
final_joint_baseline_30mer,poly2,5,53,345.922,train,0.06699787669055125,0.07292241897941269,0.0027465308151940204,0.053474566916818116,0.056559321742658646,0.006142853660381774,5.420805380731725,5.471662891718751,5.420666666666667,1.3307693450260425,1.3865928675342616,1.3867330230987807
final_joint_baseline_30mer,poly2,5,54,347.305,train,0.06625913864864834,0.06948825591567565,0.003678059419667528,0.05280017785191325,0.054533490392980374,0.009105206097975549,5.455972347096387,5.524018692066935,5.454666666666666,1.3296127304653613,1.3839018853121117,1.3938844566394435
final_joint_baseline_30mer,poly2,5,55,348.693,train,0.06781889306331643,0.0784109359269576,0.0033371332015692686,0.05240103112833457,0.05493086482134074,0.007657918784617794,5.529657710307305,5.5759506438758155,5.65,1.3272872473009774,1.381239150173594,1.3723078048442818
final_joint_baseline_30mer,poly2,5,56,350.086,train,0.06953288753812341,0.0746394992797891,0.0026608712700040985,0.05211103122841918,0.05193440200768791,0.009876231468296972,5.55811461143002,5.6274140782969475,5.589333333333334,1.3251929199481436,1.3786067734775589,1.3822431994951248
final_joint_baseline_30mer,poly2,5,57,351.486,train,0.06692116214343977,0.07881928955241019,0.004011878651990717,0.05054420773370204,0.052633385307167484,0.009509403493496526,5.524239516333541,5.6784357446024085,5.655333333333333,1.3267302453454364,1.3760032068115238,1.3784034654314103
final_joint_baseline_30mer,poly2,5,58,352.891,train,0.06838892094626532,0.07422095858631397,0.0029280677459788858,0.05107957448761141,0.0499012785454659,0.008122169135473065,5.597728058648593,5.728894573747201,5.740666666666666,1.324656527064957,1.373434433159994,1.3696499846150627
final_joint_baseline_30mer,poly2,5,59,354.301,train,0.0675585757557922,0.06837565130286995,0.001188831751531276,0.05050883437254894,0.05534426182880439,0.006062271793624364,5.6865059536159706,5.778743016582959,5.771333333333333,1.3203266723635592,1.3709026506108568,1.3745349706855445
final_joint_baseline_30mer,poly2,5,60,355.717,train,0.07113683680574062,0.07358088396043772,0.0015150571367597444,0.05086545971544863,0.05146105769453227,0.008230018305089251,5.7300068296562685,5.8279671901158085,5.894,1.3184264601922309,1.368408334191179,1.3652369156692965
final_joint_baseline_30mer,poly2,5,61,357.139,train,0.07072106228744703,0.07346338774087062,0.0024289545856991616,0.050381517295319735,0.05373892368417814,0.008312578976075919,5.821185622564954,5.876516115353102,5.902666666666667,1.3154275616635978,1.3659538294089955,1.3682361936180838
final_joint_baseline_30mer,poly2,5,62,358.567,train,0.07035824936969187,0.08122673021022064,0.003668460695246973,0.04962547468782648,0.05216635809518147,0.009418678677704122,5.787977355510985,5.92433796655002,5.992666666666668,1.3170019276909346,1.3635415050789108,1.3535425545101791
final_joint_baseline_30mer,poly2,5,63,360.0,train,0.0710740251441126,0.0691635477865599,0.0011553334292465703,0.049627178030898,0.05182134106927937,0.00736385531136647,5.94692838370565,5.9713476885417425,5.956666666666667,1.3119173353397782,1.361175381896986,1.3572860103718627
final_joint_baseline_30mer,poly2,6,0,280.0,train,0.0792940021208539,0.08200454547684106,0.0026620263441472173,0.09688902375891323,0.09413258519465093,0.010030725725779123,2.543307513198239,2.864506675633269,2.862,1.4490542803047362,1.5291911582038678,1.531606305927851
final_joint_baseline_30mer,poly2,6,1,281.119,train,0.08074559052485394,0.08596618238481965,0.0021880846947009156,0.09748767482000696,0.10869943633264312,0.008713332483064986,2.607172003596376,2.9037909294238267,3.0180000000000002,1.4453908784431428,1.5269119461511207,1.5245575382550258
final_joint_baseline_30mer,poly2,6,2,282.243,train,0.08092750928019285,0.07850522243840145,0.0010135058827192003,0.09796463234707843,0.10570568703930688,0.00911388399171582,2.6356502293842357,2.94356390832014,2.938666666666667,1.4450302196769296,1.524608669078765,1.5148329968330163
final_joint_baseline_30mer,poly2,6,3,283.371,train,0.07839179240330421,0.08775720540956825,0.0013555232767174252,0.09731105526185022,0.09210541878445014,0.00749597209550474,2.7111095741983076,2.9837905003423275,3.036,1.4426351112681033,1.522283498889021,1.5128496975825123
final_joint_baseline_30mer,poly2,6,4,284.504,train,0.07796381966449929,0.08480508802603498,0.0024806636432199054,0.09555655861523873,0.10086153632941007,0.007934154105437815,2.759010247366115,3.024506336808164,3.0633333333333335,1.4411339909979202,1.5199345158459012,1.5241738732891363
final_joint_baseline_30mer,poly2,6,5,285.641,train,0.07790725860251052,0.07302250768723495,0.0021875062203071073,0.09486722664903224,0.09528723810054004,0.008950829856507532,2.779320982317818,3.0656751340789112,3.036,1.4388363579313137,1.5175639541040367,1.5087777187896294
final_joint_baseline_30mer,poly2,6,6,286.783,train,0.07767261905284399,0.07910149690600199,0.0009056068946353352,0.09542006295374916,0.09748984544344871,0.006988800229871246,2.848500789588953,3.1073324157458835,3.126,1.436106212846229,1.5151699101023537,1.5197923940015323
final_joint_baseline_30mer,poly2,6,7,287.929,train,0.07830545165688639,0.08003413488596345,0.0021501256044322895,0.09343635743126122,0.10837734882154917,0.012231055490150399,2.858525687576366,3.149440668860509,3.166666666666667,1.4361933836522711,1.5127546824824245,1.5149689586969342
final_joint_baseline_30mer,poly2,6,8,289.08,train,0.0782661783950401,0.08137233163414112,0.0012739677090912662,0.0918642823274694,0.10044877582493875,0.0075943869738838085,2.931267722525763,3.192035228407432,3.21,1.4333961198315441,1.5103163881103747,1.513720018569154
final_joint_baseline_30mer,poly2,6,9,290.235,train,0.07891294441175768,0.08642093870442172,0.0023815710576489124,0.09106071470088353,0.09608246926338479,0.010140442928512147,2.993197143647555,3.235077292037579,3.271333333333333,1.430608882046017,1.5078573923617387,1.5137800587105583
final_joint_baseline_30mer,poly2,6,10,291.395,train,0.07793282951250391,0.0795686796610024,0.0013156116134389506,0.08879497592754391,0.10140419531478873,0.009049553779300331,2.9908893249878963,3.278601918387952,3.304,1.4303011384655808,1.505375837035952,1.5127385745454345
final_joint_baseline_30mer,poly2,6,11,292.56,train,0.07654501042274876,0.08095727397427452,0.001925723788594041,0.0866727974579155,0.10343083792063301,0.008986073399273757,3.0821580272955718,3.322606849801407,3.3426666666666662,1.4258314762733413,1.5028720024177349,1.510010393238811
final_joint_baseline_30mer,poly2,6,12,293.729,train,0.07234662207323905,0.07477958523913543,0.0008952414077036956,0.0852257830696711,0.07903313841699516,0.008531166615404814,3.150122904995735,3.3670512251538844,3.3840000000000003,1.423585365887622,1.5003483587121722,1.4922935571927227
final_joint_baseline_30mer,poly2,6,13,294.903,train,0.07163979948544798,0.07016730760525075,0.0019556696064552135,0.08528962686111383,0.09313851956277358,0.008459567996505223,3.19203235585679,3.4119695011612188,3.438666666666667,1.4218773193909555,1.4978030946686458,1.491186940772217
final_joint_baseline_30mer,poly2,6,14,296.082,train,0.07134568322583489,0.07094760890172042,0.0017138085076077924,0.08575408686651605,0.0908042213287697,0.007692787417357037,3.262342658551767,3.457357979888177,3.408666666666667,1.419300628344623,1.4952365716923581,1.4978423804959617
final_joint_baseline_30mer,poly2,6,15,297.266,train,0.07329989013493708,0.07830149822500812,0.0034182709312925606,0.08599819937873063,0.0932541633149947,0.00772370420695086,3.298642857966203,3.503212432489275,3.48,1.4171639688431674,1.4926491805563962,1.490740085918438
final_joint_baseline_30mer,poly2,6,16,298.454,train,0.07366113843904933,0.06656437462300926,0.002468433630702511,0.08361371050364738,0.08312826462872035,0.009099908104773912,3.3203087177536483,3.549489011071877,3.453333333333333,1.4153553834935257,1.4900435395779903,1.49528673156488
final_joint_baseline_30mer,poly2,6,17,299.647,train,0.0737897021625605,0.07528742539529132,0.0033466487671076246,0.0836672252940632,0.09568390482883442,0.008114131902346753,3.3892846439357265,3.596220984294393,3.5433333333333334,1.4117220597375317,1.4874179188404923,1.4927450065493493
final_joint_baseline_30mer,poly2,6,18,300.845,train,0.0731801436329051,0.0761183412375976,0.0014761932616841357,0.08189032048453876,0.09251804012792991,0.008291533549790554,3.41430049334901,3.643402402684315,3.5620000000000003,1.4126422269680854,1.4847728019437016,1.4881856008557577
final_joint_baseline_30mer,poly2,6,19,302.047,train,0.07350748725237972,0.07377249817945711,0.001520372366117048,0.0813026846800467,0.08768834784391266,0.00674917197220617,3.484319022753994,3.6909869990609394,3.748666666666667,1.4088618546958285,1.4821109235579322,1.4872843520129186
final_joint_baseline_30mer,poly2,6,20,303.254,train,0.07173385113552952,0.06828360064780964,0.001834349325396185,0.08136576125943211,0.08634035017102773,0.011514293113795235,3.5339085229499503,3.739006839129649,3.7693333333333325,1.406459226760602,1.4794306290930344,1.4802562199183096
final_joint_baseline_30mer,poly2,6,21,304.467,train,0.07273829678896673,0.07753075512777917,0.0015834029870327754,0.08007683043512906,0.08768788375626767,0.008886760322555087,3.6290352606219884,3.7874940924147564,3.874666666666667,1.4036600134330308,1.4767302750412024,1.4776597499406754
final_joint_baseline_30mer,poly2,6,22,305.683,train,0.07461878313911338,0.08106643379551551,0.0024880051683598627,0.07688149194506462,0.09003489492575356,0.008475433886402657,3.686256109228393,3.8363199621928183,3.7713333333333336,1.4002096648194318,1.4740171693584103,1.4780721974840798
final_joint_baseline_30mer,poly2,6,23,306.905,train,0.07453243225270755,0.07804128755776826,0.0018270161089346656,0.07710192939228067,0.0797115540993206,0.006569641296340212,3.728478369873435,3.8855953014494347,3.8720000000000003,1.3994710802263843,1.4712852847910236,1.470801403117617
final_joint_baseline_30mer,poly2,6,24,308.132,train,0.07344243366691251,0.07688476828957994,0.0031858663070970074,0.07549469565308678,0.09023552510635363,0.008741926439711972,3.769594917813588,3.935269941718614,3.934,1.3975494234797674,1.4685375475530054,1.4734017105767805
final_joint_baseline_30mer,poly2,6,25,309.364,train,0.07304565486350295,0.0739067283975685,0.0010134930023880581,0.07282109267150678,0.07477617301781514,0.007357391912907304,3.8070892984761517,3.9853329869230496,3.9619999999999997,1.3954718061855997,1.4657746944602494,1.464967292654706
final_joint_baseline_30mer,poly2,6,26,310.6,train,0.07292829358686326,0.08087061295661571,0.003482625607952502,0.07387175094825046,0.07506879690632642,0.009640384453890734,3.874953172188026,4.035731878881055,4.044666666666667,1.391661912809699,1.4629997487914257,1.4581587192699592
final_joint_baseline_30mer,poly2,6,27,311.842,train,0.07303697346537016,0.0861713079764512,0.0026069935437141316,0.07360622597517966,0.07670934585400875,0.008507016157718737,3.890596399013302,4.0865356149176755,4.09,1.3920757652626659,1.4602090381508703,1.458804183856647
final_joint_baseline_30mer,poly2,6,28,313.088,train,0.07321844734004888,0.07072628468498589,0.002132452060208854,0.07229031648327525,0.06912815661937438,0.008179107475041471,3.9656718998547618,4.137648972195458,4.136,1.3890153180179459,1.4574079154058779,1.4488672607822493
final_joint_baseline_30mer,poly2,6,29,314.34,train,0.07228473896815182,0.07288625444779505,0.0026941548171671523,0.07171664064288277,0.08141648869090393,0.007691950611148204,3.9884460658874517,4.189139662973492,4.252,1.3875389843347843,1.4545927872375475,1.4527065406169508
final_joint_baseline_30mer,poly2,6,30,315.596,train,0.07292165504025896,0.08148470142517471,0.0026302716705318236,0.07083723303927227,0.07115212214765622,0.009193996941357972,4.08785200106047,4.240910189825449,4.19,1.384418102377888,1.4517690962758412,1.4516525724051408
final_joint_baseline_30mer,poly2,6,31,316.858,train,0.07109000981875926,0.07453183087021954,0.0034151280670079126,0.06875232060162526,0.07405741870731644,0.008311156485226859,4.162689040274801,4.293026772078029,4.2219999999999995,1.3802637032924852,1.4489333373482907,1.4531627685816828
final_joint_baseline_30mer,poly2,6,32,318.124,train,0.06984199572067075,0.07024071040783084,0.0019794831392304668,0.06775806549704735,0.06698861059575964,0.010732102242131425,4.1928993187634,4.345389634678782,4.3133333333333335,1.378450940428177,1.4460910398260507,1.4427909836098864
final_joint_baseline_30mer,poly2,6,33,319.396,train,0.06911914999201649,0.07495108154669197,0.0024931054485285214,0.0676392690366095,0.07940286964395482,0.008079618281016152,4.283916015399866,4.398063290907855,4.448,1.3766030864406695,1.4432387957524633,1.4507013494485097
final_joint_baseline_30mer,poly2,6,34,320.672,train,0.07022291057636612,0.07571294453688147,0.002638895236014983,0.06670656045706813,0.07070866727411335,0.007835387373936626,4.286059576503677,4.450945700211291,4.380000000000001,1.374854657302226,1.4403822173307226,1.4517302321438523
final_joint_baseline_30mer,poly2,6,35,321.954,train,0.06874276741166269,0.06291130326654959,0.0025794013944365366,0.06464821859347145,0.07010687129486577,0.009078412820099906,4.3263572861193715,4.504099453398682,4.466,1.3732220845705354,1.4375180027973793,1.4292898629185058
final_joint_baseline_30mer,poly2,6,36,323.241,train,0.06955838630369038,0.06868349090315179,0.003094694084153857,0.06450809198576238,0.07319504341434399,0.006381098270183808,4.395032073449062,4.5574617317148975,4.553333333333334,1.3700644404845734,1.4346496165780942,1.440927416188702
final_joint_baseline_30mer,poly2,6,37,324.533,train,0.07007767164709472,0.0692466200400183,0.002416023061110756,0.06545923157387529,0.06322705049148031,0.008000929464000862,4.451483072826613,4.6110100460941785,4.700666666666667,1.3685460531537685,1.4317783301725782,1.429954483346241
final_joint_baseline_30mer,poly2,6,38,325.83,train,0.0701064089589978,0.07478072582635754,0.0016910780039102716,0.06378160011622058,0.07088973243178061,0.007946570386301264,4.488311634045692,4.6647207882912065,4.640666666666666,1.366888136833101,1.4289054630581666,1.436721563113374
final_joint_baseline_30mer,poly2,6,39,327.132,train,0.06942817183560412,0.07409184978708805,0.002773491913121721,0.06438709319799144,0.07145736137148653,0.007158686200292131,4.575185294049842,4.718569213388266,4.722666666666667,1.3636341314088298,1.4260323828325538,1.42599382631085
final_joint_baseline_30mer,poly2,6,40,328.44,train,0.06895643480153123,0.0730470130804104,0.002053753369956215,0.06358671934007704,0.07355624956953086,0.00995939619841434,4.6199888477764715,4.772570666816678,4.7973333333333334,1.3595889047067131,1.4231583129741545,1.4179514244301776
final_joint_baseline_30mer,poly2,6,41,329.753,train,0.0663563525964846,0.06672448902764075,0.0033052239076316386,0.06215233018388913,0.06710735799829762,0.008857688885995467,4.7220001383221515,4.826656637145432,4.917333333333334,1.3558915257258317,1.4202869314827882,1.4208448580658484
final_joint_baseline_30mer,poly2,6,42,331.071,train,0.06627887784198405,0.06983684212954021,0.0013625508396054782,0.06124069213244303,0.06909217506764587,0.009002809469455274,4.730136074417318,4.880798821713124,5.032,1.3539478674019712,1.417419753338593,1.4175458592311727
final_joint_baseline_30mer,poly2,6,43,332.394,train,0.06679385205790124,0.07092927416346193,0.002893453734829958,0.06003808081543255,0.05671086039451592,0.007084378285771706,4.787296262996519,4.9349677300245265,5.002,1.352011450103533,1.4145583411987324,1.4127928001845325
final_joint_baseline_30mer,poly2,6,44,333.723,train,0.0675298796807965,0.06963088305202367,0.0027909020315596287,0.060270982209312166,0.076974521167171,0.009028027845168074,4.863467102381446,4.9891733787288,4.962666666666667,1.3487861302799726,1.4117021630589912,1.4226229602196256
final_joint_baseline_30mer,poly2,6,45,335.057,train,0.06595576112203269,0.07211964873973319,0.0019426205573900603,0.05863726855294278,0.06685042842729753,0.007553630513450023,4.941125048989096,5.043342803439734,4.9799999999999995,1.3481898596865658,1.408855048208354,1.4123597001781827
final_joint_baseline_30mer,poly2,6,46,336.396,train,0.06612802959912271,0.07456545160423493,0.003981413300340377,0.059112401320281116,0.07152631740638206,0.009224824190769036,5.020747746501602,5.097442856269046,4.963333333333333,1.3457309745538302,1.4060187026671114,1.4157736833520815
final_joint_baseline_30mer,poly2,6,47,337.741,train,0.06802526928794028,0.08501620231893886,0.003880848033551051,0.057614530270031314,0.06474833185194395,0.01015313444412476,5.0435716220577715,5.151479248120779,5.237333333333334,1.3444760491479961,1.4031927855746789,1.3999619696103427
final_joint_baseline_30mer,poly2,6,48,339.091,train,0.06528939318631465,0.06519889885621803,0.0006764541245139641,0.05654824147695207,0.0673978704441281,0.009117440458307986,5.122854133526984,5.205375864481486,5.241333333333333,1.341662910771536,1.4003812224064918,1.409899249065293
final_joint_baseline_30mer,poly2,6,49,340.446,train,0.06586439606325484,0.06829835538849063,0.0011785700336720628,0.055123309166778,0.06336719688733784,0.008260979657570182,5.218590209096986,5.259095920289296,5.3146666666666675,1.3391828595644897,1.3975858552819709,1.4039045941823485
final_joint_baseline_30mer,poly2,6,50,341.807,train,0.06775946358728362,0.07437588310589015,0.002942366266760228,0.05585054954615072,0.06265294533519268,0.009273757240702927,5.271444256172626,5.312640647197749,5.205333333333334,1.3372135791506743,1.3948065368742633,1.4059030106078283
final_joint_baseline_30mer,poly2,6,51,343.173,train,0.0667821213022557,0.0688721951624776,0.003761509657574067,0.05365903863726429,0.055921357737722624,0.006751905574944062,5.3073408718906325,5.365931079916477,5.478666666666666,1.3364304344011835,1.3920472683160119,1.3793985834325277
final_joint_baseline_30mer,poly2,6,52,344.545,train,0.06672275811135768,0.06601469199418857,0.0016828971596422417,0.05296015444368815,0.060555775791082116,0.008942100111057148,5.368419899946977,5.418965383373238,5.376,1.3327784510796787,1.3893080321479456,1.3987121816308221
final_joint_baseline_30mer,poly2,6,53,345.922,train,0.06699787669055125,0.07349099595187161,0.0033754128979384536,0.053474566916818116,0.06449709773668783,0.008634314245734942,5.420805380731725,5.471662891718751,5.452666666666667,1.3307693450260425,1.3865928675342616,1.39502672229499
final_joint_baseline_30mer,poly2,6,54,347.305,train,0.06625913864864834,0.07270081399646361,0.0026768916777693305,0.05280017785191325,0.04925881920008495,0.007802316379896997,5.455972347096387,5.524018692066935,5.488,1.3296127304653613,1.3839018853121117,1.3771157774630223
final_joint_baseline_30mer,poly2,6,55,348.693,train,0.06781889306331643,0.07325148696755801,0.002304837258650396,0.05240103112833457,0.04797310413662769,0.00809493270921477,5.529657710307305,5.5759506438758155,5.551333333333333,1.3272872473009774,1.381239150173594,1.377966804123489
final_joint_baseline_30mer,poly2,6,56,350.086,train,0.06953288753812341,0.07013425497509967,0.0023337919547082118,0.05211103122841918,0.05409259000768976,0.008180789501027512,5.55811461143002,5.6274140782969475,5.5953333333333335,1.3251929199481436,1.3786067734775589,1.3788907446126568
final_joint_baseline_30mer,poly2,6,57,351.486,train,0.06692116214343977,0.0664564189553641,0.00262359288721429,0.05054420773370204,0.060248290186494115,0.0093152103927717,5.524239516333541,5.6784357446024085,5.726,1.3267302453454364,1.3760032068115238,1.3807881082667859
final_joint_baseline_30mer,poly2,6,58,352.891,train,0.06838892094626532,0.06989683738268952,0.0029099806122342992,0.05107957448761141,0.05940027812731792,0.00889079038850773,5.597728058648593,5.728894573747201,5.565333333333333,1.324656527064957,1.373434433159994,1.3905423957540246
final_joint_baseline_30mer,poly2,6,59,354.301,train,0.0675585757557922,0.060482449036440775,0.0020827682628066406,0.05050883437254894,0.05430987595884605,0.00787996731567871,5.6865059536159706,5.778743016582959,5.694,1.3203266723635592,1.3709026506108568,1.378657091479356
final_joint_baseline_30mer,poly2,6,60,355.717,train,0.07113683680574062,0.07272340506462904,0.003313516818674941,0.05086545971544863,0.05907335907621607,0.007837182752912503,5.7300068296562685,5.8279671901158085,5.904666666666667,1.3184264601922309,1.368408334191179,1.3723355693066663
final_joint_baseline_30mer,poly2,6,61,357.139,train,0.07072106228744703,0.07674642999594361,0.0018244291228593499,0.050381517295319735,0.052202243989774924,0.005815955964956635,5.821185622564954,5.876516115353102,5.876666666666667,1.3154275616635978,1.3659538294089955,1.3619916110769923
final_joint_baseline_30mer,poly2,6,62,358.567,train,0.07035824936969187,0.06966481131520076,0.002231589036760788,0.04962547468782648,0.05893907072775234,0.007652897776226059,5.787977355510985,5.92433796655002,5.788,1.3170019276909346,1.3635415050789108,1.3756406601166047
final_joint_baseline_30mer,poly2,6,63,360.0,train,0.0710740251441126,0.0786566767781933,0.0013265622173080395,0.049627178030898,0.054023285577419304,0.008714928295357633,5.94692838370565,5.9713476885417425,6.051333333333333,1.3119173353397782,1.361175381896986,1.367310739739947
final_joint_baseline_30mer,poly2,7,0,280.0,train,0.0792940021208539,0.08245347607234628,0.0018599733839971616,0.09688902375891323,0.09952549356356621,0.0072026538410561985,2.543307513198239,2.864506675633269,2.8113333333333332,1.4490542803047362,1.5291911582038678,1.5244220171048437
final_joint_baseline_30mer,poly2,7,1,281.119,train,0.08074559052485394,0.08487333115754517,0.002385753266097559,0.09748767482000696,0.10120448142469829,0.0108169392088753,2.607172003596376,2.9037909294238267,2.9226666666666663,1.4453908784431428,1.5269119461511207,1.5205443605409545
final_joint_baseline_30mer,poly2,7,2,282.243,train,0.08092750928019285,0.08741944866107546,0.0018436201302320329,0.09796463234707843,0.10046951364703428,0.007817110760148675,2.6356502293842357,2.94356390832014,2.9353333333333333,1.4450302196769296,1.524608669078765,1.5340844630152684
final_joint_baseline_30mer,poly2,7,3,283.371,train,0.07839179240330421,0.08019476456261238,0.001879211748600193,0.09731105526185022,0.10316222213132961,0.007245974885937237,2.7111095741983076,2.9837905003423275,2.9706666666666663,1.4426351112681033,1.522283498889021,1.525672734790711
final_joint_baseline_30mer,poly2,7,4,284.504,train,0.07796381966449929,0.07772744212487662,0.0011820276499818175,0.09555655861523873,0.0911527746598143,0.008961711057325938,2.759010247366115,3.024506336808164,3.0746666666666664,1.4411339909979202,1.5199345158459012,1.5074957393865276
final_joint_baseline_30mer,poly2,7,5,285.641,train,0.07790725860251052,0.07729804743783063,0.0027703764466383137,0.09486722664903224,0.10071618491105601,0.009025765514066274,2.779320982317818,3.0656751340789112,2.9446666666666665,1.4388363579313137,1.5175639541040367,1.5249448679543725
final_joint_baseline_30mer,poly2,7,6,286.783,train,0.07767261905284399,0.07453161200600128,0.0012667883531198754,0.09542006295374916,0.10640212210993161,0.007334184097211598,2.848500789588953,3.1073324157458835,3.083333333333333,1.436106212846229,1.5151699101023537,1.5243768412010152
final_joint_baseline_30mer,poly2,7,7,287.929,train,0.07830545165688639,0.07582187863633047,0.0019326934164572308,0.09343635743126122,0.1047071609716225,0.0057850587794766786,2.858525687576366,3.149440668860509,3.108,1.4361933836522711,1.5127546824824245,1.5234076446627594
final_joint_baseline_30mer,poly2,7,8,289.08,train,0.0782661783950401,0.07841866911868861,0.001337373024319973,0.0918642823274694,0.10688858456730452,0.010058153316455957,2.931267722525763,3.192035228407432,3.178,1.4333961198315441,1.5103163881103747,1.52569072912446
final_joint_baseline_30mer,poly2,7,9,290.235,train,0.07891294441175768,0.07891567575912295,0.0015280253611637022,0.09106071470088353,0.09218974788378553,0.007230720568371063,2.993197143647555,3.235077292037579,3.244666666666667,1.430608882046017,1.5078573923617387,1.508552115867836
final_joint_baseline_30mer,poly2,7,10,291.395,train,0.07793282951250391,0.08171283110863217,0.0030630304837264335,0.08879497592754391,0.10325623279192278,0.011760838849554325,2.9908893249878963,3.278601918387952,3.202,1.4303011384655808,1.505375837035952,1.509118558452452
final_joint_baseline_30mer,poly2,7,11,292.56,train,0.07654501042274876,0.077946694893347,0.003116532298283416,0.0866727974579155,0.08963398542039609,0.007087684787326004,3.0821580272955718,3.322606849801407,3.259333333333333,1.4258314762733413,1.5028720024177349,1.5067611105554675
final_joint_baseline_30mer,poly2,7,12,293.729,train,0.07234662207323905,0.07551463007696643,0.0021003346088314095,0.0852257830696711,0.09430177374670656,0.009064520730721523,3.150122904995735,3.3670512251538844,3.4153333333333338,1.423585365887622,1.5003483587121722,1.5078154592314459
final_joint_baseline_30mer,poly2,7,13,294.903,train,0.07163979948544798,0.07140806667138062,0.0031094566634377483,0.08528962686111383,0.09530922337967893,0.007504823753076042,3.19203235585679,3.4119695011612188,3.3680000000000003,1.4218773193909555,1.4978030946686458,1.5002154340874458
final_joint_baseline_30mer,poly2,7,14,296.082,train,0.07134568322583489,0.07292507502271894,0.0038915360882619573,0.08575408686651605,0.08376473232518664,0.009760889234375975,3.262342658551767,3.457357979888177,3.433333333333334,1.419300628344623,1.4952365716923581,1.4889905210823362
final_joint_baseline_30mer,poly2,7,15,297.266,train,0.07329989013493708,0.0765283535126019,0.002422628367362777,0.08599819937873063,0.08883750738379109,0.008077451818305034,3.298642857966203,3.503212432489275,3.6133333333333333,1.4171639688431674,1.4926491805563962,1.4954775367666975
final_joint_baseline_30mer,poly2,7,16,298.454,train,0.07366113843904933,0.07392399218299649,0.0020470566553819607,0.08361371050364738,0.08743361065287306,0.006904043376312718,3.3203087177536483,3.549489011071877,3.56,1.4153553834935257,1.4900435395779903,1.493526856584622
final_joint_baseline_30mer,poly2,7,17,299.647,train,0.0737897021625605,0.08459461069988887,0.0027573502451754077,0.0836672252940632,0.08702787716756746,0.008695489155381377,3.3892846439357265,3.596220984294393,3.6973333333333334,1.4117220597375317,1.4874179188404923,1.478905901857823
final_joint_baseline_30mer,poly2,7,18,300.845,train,0.0731801436329051,0.06949853423634475,0.0028163824936185723,0.08189032048453876,0.09263956021691835,0.007718833579765441,3.41430049334901,3.643402402684315,3.5413333333333337,1.4126422269680854,1.4847728019437016,1.4991615916930126
final_joint_baseline_30mer,poly2,7,19,302.047,train,0.07350748725237972,0.07775483937635613,0.00108931922693756,0.0813026846800467,0.07782424030908122,0.007097489287178505,3.484319022753994,3.6909869990609394,3.729333333333334,1.4088618546958285,1.4821109235579322,1.4799312921176613
final_joint_baseline_30mer,poly2,7,20,303.254,train,0.07173385113552952,0.07683779062947867,0.0019201863440182786,0.08136576125943211,0.08983084170634717,0.008807582351353907,3.5339085229499503,3.739006839129649,3.6933333333333334,1.406459226760602,1.4794306290930344,1.4834473272128341
final_joint_baseline_30mer,poly2,7,21,304.467,train,0.07273829678896673,0.07358313219220215,0.001375146482363599,0.08007683043512906,0.08040126009218723,0.0070549138367165636,3.6290352606219884,3.7874940924147564,3.8386666666666667,1.4036600134330308,1.4767302750412024,1.475606968575661
final_joint_baseline_30mer,poly2,7,22,305.683,train,0.07461878313911338,0.07582215351343073,0.002708169736813785,0.07688149194506462,0.08473696809113707,0.010354702221200976,3.686256109228393,3.8363199621928183,3.82,1.4002096648194318,1.4740171693584103,1.481617206677731
final_joint_baseline_30mer,poly2,7,23,306.905,train,0.07453243225270755,0.08208160337352038,0.002977223064381765,0.07710192939228067,0.08222460917604163,0.009659208204042322,3.728478369873435,3.8855953014494347,3.946,1.3994710802263843,1.4712852847910236,1.4662143541434327
final_joint_baseline_30mer,poly2,7,24,308.132,train,0.07344243366691251,0.07978919126316864,0.0031513402820384745,0.07549469565308678,0.07435020674759472,0.007248845952101577,3.769594917813588,3.935269941718614,3.8693333333333335,1.3975494234797674,1.4685375475530054,1.466930205993418
final_joint_baseline_30mer,poly2,7,25,309.364,train,0.07304565486350295,0.07758691255431317,0.0029972176662075075,0.07282109267150678,0.08149622956401589,0.007377438347342247,3.8070892984761517,3.9853329869230496,3.896,1.3954718061855997,1.4657746944602494,1.474457250724784
final_joint_baseline_30mer,poly2,7,26,310.6,train,0.07292829358686326,0.07372769182278174,0.002513373491097496,0.07387175094825046,0.08022967951537159,0.009187950140592835,3.874953172188026,4.035731878881055,4.092666666666668,1.391661912809699,1.4629997487914257,1.4659481597671906
final_joint_baseline_30mer,poly2,7,27,311.842,train,0.07303697346537016,0.07483427167193488,0.0016587437994756752,0.07360622597517966,0.07544208641826361,0.00794681152001869,3.890596399013302,4.0865356149176755,4.122666666666667,1.3920757652626659,1.4602090381508703,1.4605459869022648
final_joint_baseline_30mer,poly2,7,28,313.088,train,0.07321844734004888,0.07590713714528874,0.0021786225612124197,0.07229031648327525,0.07878427181620799,0.010031112830362066,3.9656718998547618,4.137648972195458,4.104,1.3890153180179459,1.4574079154058779,1.450492447504655
final_joint_baseline_30mer,poly2,7,29,314.34,train,0.07228473896815182,0.08083387207902511,0.0025460817937945123,0.07171664064288277,0.08170341338832462,0.007755273142200396,3.9884460658874517,4.189139662973492,4.120666666666667,1.3875389843347843,1.4545927872375475,1.463233908482545
final_joint_baseline_30mer,poly2,7,30,315.596,train,0.07292165504025896,0.07622752710556589,0.002651854204239159,0.07083723303927227,0.0761387076320267,0.00817943980180241,4.08785200106047,4.240910189825449,4.242,1.384418102377888,1.4517690962758412,1.4533807646664842
final_joint_baseline_30mer,poly2,7,31,316.858,train,0.07109000981875926,0.07579005257050941,0.003189235948265578,0.06875232060162526,0.07067223233849623,0.007402705984234722,4.162689040274801,4.293026772078029,4.286,1.3802637032924852,1.4489333373482907,1.452564551276504
final_joint_baseline_30mer,poly2,7,32,318.124,train,0.06984199572067075,0.06791643612091527,0.0034980052335485206,0.06775806549704735,0.07254553881615891,0.007370067010973081,4.1928993187634,4.345389634678782,4.3373333333333335,1.378450940428177,1.4460910398260507,1.4490682680751528
final_joint_baseline_30mer,poly2,7,33,319.396,train,0.06911914999201649,0.07145710629271183,0.003040231729056789,0.0676392690366095,0.07124532608779695,0.011006757752678368,4.283916015399866,4.398063290907855,4.3053333333333335,1.3766030864406695,1.4432387957524633,1.4474519384132298
final_joint_baseline_30mer,poly2,7,34,320.672,train,0.07022291057636612,0.07469533122064378,0.00252424792034162,0.06670656045706813,0.06859507754026667,0.007485243689602611,4.286059576503677,4.450945700211291,4.3453333333333335,1.374854657302226,1.4403822173307226,1.4438192600993836
final_joint_baseline_30mer,poly2,7,35,321.954,train,0.06874276741166269,0.061174724677954526,0.0018438404906255944,0.06464821859347145,0.07977717039217463,0.00648164831534878,4.3263572861193715,4.504099453398682,4.437333333333333,1.3732220845705354,1.4375180027973793,1.4482172175506238
final_joint_baseline_30mer,poly2,7,36,323.241,train,0.06955838630369038,0.08020172932525257,0.004395442260615079,0.06450809198576238,0.0653416381845415,0.008976366855520734,4.395032073449062,4.5574617317148975,4.698,1.3700644404845734,1.4346496165780942,1.4262831516461998
final_joint_baseline_30mer,poly2,7,37,324.533,train,0.07007767164709472,0.07642561217860183,0.002350176386625477,0.06545923157387529,0.0644229962007088,0.010995550551024184,4.451483072826613,4.6110100460941785,4.798,1.3685460531537685,1.4317783301725782,1.4136579250455434
final_joint_baseline_30mer,poly2,7,38,325.83,train,0.0701064089589978,0.06198539903714573,0.002288550538761718,0.06378160011622058,0.07240483017827189,0.008432424396699771,4.488311634045692,4.6647207882912065,4.6386666666666665,1.366888136833101,1.4289054630581666,1.4312185136236093
final_joint_baseline_30mer,poly2,7,39,327.132,train,0.06942817183560412,0.06540649083822461,0.003278880730273071,0.06438709319799144,0.057543344037495864,0.009869018046367542,4.575185294049842,4.718569213388266,4.756666666666667,1.3636341314088298,1.4260323828325538,1.4242071428036898
final_joint_baseline_30mer,poly2,7,40,328.44,train,0.06895643480153123,0.07339928256169288,0.001973959430925469,0.06358671934007704,0.07651448455513969,0.009863807840210004,4.6199888477764715,4.772570666816678,4.640000000000001,1.3595889047067131,1.4231583129741545,1.4294490337168833
final_joint_baseline_30mer,poly2,7,41,329.753,train,0.0663563525964846,0.07375975135893828,0.004486433482361805,0.06215233018388913,0.07224341405442813,0.008863018713518352,4.7220001383221515,4.826656637145432,4.685333333333333,1.3558915257258317,1.4202869314827882,1.425115600313609
final_joint_baseline_30mer,poly2,7,42,331.071,train,0.06627887784198405,0.07436439152832974,0.0031544741343998792,0.06124069213244303,0.06536811968049555,0.009553513386088307,4.730136074417318,4.880798821713124,4.924666666666667,1.3539478674019712,1.417419753338593,1.4251140477222122
final_joint_baseline_30mer,poly2,7,43,332.394,train,0.06679385205790124,0.06734985311294338,0.002404186755589238,0.06003808081543255,0.06277329616897771,0.00927654403050015,4.787296262996519,4.9349677300245265,4.957333333333334,1.352011450103533,1.4145583411987324,1.4057539941617918
final_joint_baseline_30mer,poly2,7,44,333.723,train,0.0675298796807965,0.0674372073238075,0.0023799479816813763,0.060270982209312166,0.06483959903645135,0.008597848217894987,4.863467102381446,4.9891733787288,4.871333333333333,1.3487861302799726,1.4117021630589912,1.4213715228080694
final_joint_baseline_30mer,poly2,7,45,335.057,train,0.06595576112203269,0.06984955666011075,0.0021921798472849556,0.05863726855294278,0.06005472037614577,0.007896842907869935,4.941125048989096,5.043342803439734,5.15,1.3481898596865658,1.408855048208354,1.397439936017917
final_joint_baseline_30mer,poly2,7,46,336.396,train,0.06612802959912271,0.07464532210061359,0.003530078128204867,0.059112401320281116,0.060356298706859574,0.006941344744869861,5.020747746501602,5.097442856269046,5.196666666666666,1.3457309745538302,1.4060187026671114,1.3902958249852553
final_joint_baseline_30mer,poly2,7,47,337.741,train,0.06802526928794028,0.07480033548467638,0.0025573210994954384,0.057614530270031314,0.059422967141613325,0.006979227465790902,5.0435716220577715,5.151479248120779,5.206666666666667,1.3444760491479961,1.4031927855746789,1.4008862667500899
final_joint_baseline_30mer,poly2,7,48,339.091,train,0.06528939318631465,0.06506029968025989,0.00243684584753341,0.05654824147695207,0.05738347320711085,0.008028237855840026,5.122854133526984,5.205375864481486,5.144,1.341662910771536,1.4003812224064918,1.3982247733812694
final_joint_baseline_30mer,poly2,7,49,340.446,train,0.06586439606325484,0.07101324649916882,0.0023451937962377847,0.055123309166778,0.05923877249368241,0.006688026844663563,5.218590209096986,5.259095920289296,5.248666666666667,1.3391828595644897,1.3975858552819709,1.3967943305599464
final_joint_baseline_30mer,poly2,7,50,341.807,train,0.06775946358728362,0.07098341525352704,0.0032827615087908223,0.05585054954615072,0.056839860089231004,0.00913217582351309,5.271444256172626,5.312640647197749,5.412,1.3372135791506743,1.3948065368742633,1.3919298471583246
final_joint_baseline_30mer,poly2,7,51,343.173,train,0.0667821213022557,0.06489024191047282,0.0025739050975916995,0.05365903863726429,0.06010590774951884,0.00916141438774972,5.3073408718906325,5.365931079916477,5.370666666666667,1.3364304344011835,1.3920472683160119,1.3880006400623006
final_joint_baseline_30mer,poly2,7,52,344.545,train,0.06672275811135768,0.061961739341739534,0.0016031534045930973,0.05296015444368815,0.05042573507568296,0.0058909822481426535,5.368419899946977,5.418965383373238,5.403333333333334,1.3327784510796787,1.3893080321479456,1.3906435383362854
final_joint_baseline_30mer,poly2,7,53,345.922,train,0.06699787669055125,0.0700419145911596,0.0018392878482367029,0.053474566916818116,0.062133972057345666,0.008374970725108054,5.420805380731725,5.471662891718751,5.493333333333333,1.3307693450260425,1.3865928675342616,1.3838301939763742
final_joint_baseline_30mer,poly2,7,54,347.305,train,0.06625913864864834,0.07330220154377881,0.0031949842129840762,0.05280017785191325,0.05439155080965803,0.009672908569987312,5.455972347096387,5.524018692066935,5.634666666666666,1.3296127304653613,1.3839018853121117,1.3832016153869455
final_joint_baseline_30mer,poly2,7,55,348.693,train,0.06781889306331643,0.0744860033814291,0.0022066771763420085,0.05240103112833457,0.06127310951515583,0.00848923569816059,5.529657710307305,5.5759506438758155,5.661333333333333,1.3272872473009774,1.381239150173594,1.3798443053273255
final_joint_baseline_30mer,poly2,7,56,350.086,train,0.06953288753812341,0.06360219245305906,0.002872175261194578,0.05211103122841918,0.05810824637347431,0.009339713781765648,5.55811461143002,5.6274140782969475,5.6626666666666665,1.3251929199481436,1.3786067734775589,1.3760567506788133
final_joint_baseline_30mer,poly2,7,57,351.486,train,0.06692116214343977,0.07424064743905744,0.0024819372678705183,0.05054420773370204,0.054116486504594455,0.007797263321901355,5.524239516333541,5.6784357446024085,5.715999999999999,1.3267302453454364,1.3760032068115238,1.3778104022124824
final_joint_baseline_30mer,poly2,7,58,352.891,train,0.06838892094626532,0.07324885561797435,0.0024145245604170152,0.05107957448761141,0.052132806220240274,0.0094361281765389,5.597728058648593,5.728894573747201,5.752666666666666,1.324656527064957,1.373434433159994,1.360988770657556
final_joint_baseline_30mer,poly2,7,59,354.301,train,0.0675585757557922,0.07641823359769187,0.00360854251515182,0.05050883437254894,0.06139702875089231,0.006698774262121105,5.6865059536159706,5.778743016582959,5.542666666666667,1.3203266723635592,1.3709026506108568,1.384048198968554
final_joint_baseline_30mer,poly2,7,60,355.717,train,0.07113683680574062,0.06990031871006175,0.001966930383766692,0.05086545971544863,0.053597121758321944,0.008154612272106933,5.7300068296562685,5.8279671901158085,5.929333333333333,1.3184264601922309,1.368408334191179,1.3645407512066154
final_joint_baseline_30mer,poly2,7,61,357.139,train,0.07072106228744703,0.0768994008957517,0.003761718304709641,0.050381517295319735,0.050586460415193796,0.008876475908417229,5.821185622564954,5.876516115353102,5.721333333333333,1.3154275616635978,1.3659538294089955,1.3656055904610445
final_joint_baseline_30mer,poly2,7,62,358.567,train,0.07035824936969187,0.0797188087637439,0.0014396501664329794,0.04962547468782648,0.04748612452064959,0.009509871641235963,5.787977355510985,5.92433796655002,5.9206666666666665,1.3170019276909346,1.3635415050789108,1.3588726955121402
final_joint_baseline_30mer,poly2,7,63,360.0,train,0.0710740251441126,0.06711280683131916,0.0023940858595836246,0.049627178030898,0.051285371506569685,0.006863569403719129,5.94692838370565,5.9713476885417425,5.916666666666667,1.3119173353397782,1.361175381896986,1.3671687127837167
final_joint_baseline_30mer,poly2,8,0,280.0,train,0.0792940021208539,0.08499150811057883,0.0010312732271015586,0.09688902375891323,0.0938755024968271,0.007526438053775845,2.543307513198239,2.864506675633269,2.865333333333333,1.4490542803047362,1.5291911582038678,1.528275493173799
final_joint_baseline_30mer,poly2,8,1,281.119,train,0.08074559052485394,0.08240380592040748,0.0018845143444117239,0.09748767482000696,0.09702606742490591,0.01011142054136644,2.607172003596376,2.9037909294238267,2.9106666666666667,1.4453908784431428,1.5269119461511207,1.5310368019357656
final_joint_baseline_30mer,poly2,8,2,282.243,train,0.08092750928019285,0.08525167929962901,0.0012465561782871856,0.09796463234707843,0.09832138173753567,0.0063960282335401505,2.6356502293842357,2.94356390832014,2.9953333333333334,1.4450302196769296,1.524608669078765,1.526469258866517
final_joint_baseline_30mer,poly2,8,3,283.371,train,0.07839179240330421,0.08440402045004555,0.002238819144911803,0.09731105526185022,0.10173059292111403,0.008815573333199772,2.7111095741983076,2.9837905003423275,3.0086666666666666,1.4426351112681033,1.522283498889021,1.5240330530905961
final_joint_baseline_30mer,poly2,8,4,284.504,train,0.07796381966449929,0.07956880307697461,0.0016216941674151997,0.09555655861523873,0.1049276024463027,0.008123612577824894,2.759010247366115,3.024506336808164,3.006666666666667,1.4411339909979202,1.5199345158459012,1.5325111720118314
final_joint_baseline_30mer,poly2,8,5,285.641,train,0.07790725860251052,0.07924518966981003,0.0017615498036870738,0.09486722664903224,0.10108845131977551,0.007628640696123267,2.779320982317818,3.0656751340789112,3.0346666666666673,1.4388363579313137,1.5175639541040367,1.5209076264007653
final_joint_baseline_30mer,poly2,8,6,286.783,train,0.07767261905284399,0.08305657374409073,0.0021079508636415454,0.09542006295374916,0.09547390120753182,0.007399792028864617,2.848500789588953,3.1073324157458835,3.13,1.436106212846229,1.5151699101023537,1.5162398657298004
final_joint_baseline_30mer,poly2,8,7,287.929,train,0.07830545165688639,0.07727653181406255,0.0009561486086395797,0.09343635743126122,0.10345159658864982,0.009286119784677577,2.858525687576366,3.149440668860509,3.0953333333333335,1.4361933836522711,1.5127546824824245,1.5165765566874674
final_joint_baseline_30mer,poly2,8,8,289.08,train,0.0782661783950401,0.08905917913430794,0.0034058160023824457,0.0918642823274694,0.09854908401903173,0.009136025749340155,2.931267722525763,3.192035228407432,3.195333333333333,1.4333961198315441,1.5103163881103747,1.5000405488308248
final_joint_baseline_30mer,poly2,8,9,290.235,train,0.07891294441175768,0.07634660331126691,0.002043918292068222,0.09106071470088353,0.09695707419688185,0.007845928900575578,2.993197143647555,3.235077292037579,3.2813333333333334,1.430608882046017,1.5078573923617387,1.508243750893149
final_joint_baseline_30mer,poly2,8,10,291.395,train,0.07793282951250391,0.07755871227217359,0.0014768271140037882,0.08879497592754391,0.09492061069581834,0.010997575301062379,2.9908893249878963,3.278601918387952,3.3133333333333335,1.4303011384655808,1.505375837035952,1.492463158968428
final_joint_baseline_30mer,poly2,8,11,292.56,train,0.07654501042274876,0.07695402505678733,0.001667753086295874,0.0866727974579155,0.10059483339793987,0.007862474460465061,3.0821580272955718,3.322606849801407,3.276,1.4258314762733413,1.5028720024177349,1.5078928849855444
final_joint_baseline_30mer,poly2,8,12,293.729,train,0.07234662207323905,0.0717114591202596,0.0014133914286869774,0.0852257830696711,0.09338933546504835,0.010149234105505073,3.150122904995735,3.3670512251538844,3.418,1.423585365887622,1.5003483587121722,1.5047717598385102
final_joint_baseline_30mer,poly2,8,13,294.903,train,0.07163979948544798,0.07773112628886379,0.003381548560335081,0.08528962686111383,0.0835141009432292,0.008397483190705768,3.19203235585679,3.4119695011612188,3.3560000000000008,1.4218773193909555,1.4978030946686458,1.4973025703725895
final_joint_baseline_30mer,poly2,8,14,296.082,train,0.07134568322583489,0.07429988014444683,0.0022039111781318845,0.08575408686651605,0.08276842540348278,0.007520725822715818,3.262342658551767,3.457357979888177,3.490666666666667,1.419300628344623,1.4952365716923581,1.49403684593551
final_joint_baseline_30mer,poly2,8,15,297.266,train,0.07329989013493708,0.07444615744648879,0.0012318587816670798,0.08599819937873063,0.0903659773726882,0.010935892528113226,3.298642857966203,3.503212432489275,3.5353333333333334,1.4171639688431674,1.4926491805563962,1.4927953258826983
final_joint_baseline_30mer,poly2,8,16,298.454,train,0.07366113843904933,0.07376177695056738,0.002599058634509787,0.08361371050364738,0.08353544910918814,0.0072644505915253925,3.3203087177536483,3.549489011071877,3.479333333333334,1.4153553834935257,1.4900435395779903,1.493576457029255
final_joint_baseline_30mer,poly2,8,17,299.647,train,0.0737897021625605,0.08130995836976115,0.002489123429638007,0.0836672252940632,0.08618797993329178,0.008884299068376133,3.3892846439357265,3.596220984294393,3.6453333333333333,1.4117220597375317,1.4874179188404923,1.4764163328623647
final_joint_baseline_30mer,poly2,8,18,300.845,train,0.0731801436329051,0.07533428352333535,0.001323196062279389,0.08189032048453876,0.08724131544261489,0.009012902901660985,3.41430049334901,3.643402402684315,3.6679999999999997,1.4126422269680854,1.4847728019437016,1.483682695722225
final_joint_baseline_30mer,poly2,8,19,302.047,train,0.07350748725237972,0.08160771074891864,0.003036991140878532,0.0813026846800467,0.07996224141858807,0.009180394000887587,3.484319022753994,3.6909869990609394,3.686666666666667,1.4088618546958285,1.4821109235579322,1.471916005766026
final_joint_baseline_30mer,poly2,8,20,303.254,train,0.07173385113552952,0.07682004907886804,0.0014499080501737586,0.08136576125943211,0.08783437586602798,0.007812958473921747,3.5339085229499503,3.739006839129649,3.8280000000000003,1.406459226760602,1.4794306290930344,1.482245221806803
final_joint_baseline_30mer,poly2,8,21,304.467,train,0.07273829678896673,0.07592818220539818,0.002136091408187781,0.08007683043512906,0.09858763833956222,0.011124805721593025,3.6290352606219884,3.7874940924147564,3.8733333333333335,1.4036600134330308,1.4767302750412024,1.4710192198576997
final_joint_baseline_30mer,poly2,8,22,305.683,train,0.07461878313911338,0.07681337422393834,0.0013130055300747952,0.07688149194506462,0.08058392806681795,0.007807705500269878,3.686256109228393,3.8363199621928183,3.8133333333333335,1.4002096648194318,1.4740171693584103,1.4685594929651054
final_joint_baseline_30mer,poly2,8,23,306.905,train,0.07453243225270755,0.07206870898651516,0.0014342964436468901,0.07710192939228067,0.07514775311256282,0.008817678964456779,3.728478369873435,3.8855953014494347,3.862,1.3994710802263843,1.4712852847910236,1.464919677854711
final_joint_baseline_30mer,poly2,8,24,308.132,train,0.07344243366691251,0.07404136321822982,0.0014985664125399783,0.07549469565308678,0.0791574725091136,0.007392799136888402,3.769594917813588,3.935269941718614,3.9353333333333333,1.3975494234797674,1.4685375475530054,1.469305857936253
final_joint_baseline_30mer,poly2,8,25,309.364,train,0.07304565486350295,0.07737242578281944,0.0012759738259248015,0.07282109267150678,0.07061104051108057,0.008145302337004317,3.8070892984761517,3.9853329869230496,3.9466666666666668,1.3954718061855997,1.4657746944602494,1.4702576833163081
final_joint_baseline_30mer,poly2,8,26,310.6,train,0.07292829358686326,0.06809326342741137,0.002833278021364841,0.07387175094825046,0.08193281622993166,0.008992812522050656,3.874953172188026,4.035731878881055,4.0713333333333335,1.391661912809699,1.4629997487914257,1.45804767830059
final_joint_baseline_30mer,poly2,8,27,311.842,train,0.07303697346537016,0.07725431738399413,0.0033452603620795903,0.07360622597517966,0.08451652195132134,0.008094263318264868,3.890596399013302,4.0865356149176755,3.965333333333334,1.3920757652626659,1.4602090381508703,1.4658677790028172
final_joint_baseline_30mer,poly2,8,28,313.088,train,0.07321844734004888,0.07637784979000094,0.002794023554915377,0.07229031648327525,0.0884371280112976,0.009258100470389285,3.9656718998547618,4.137648972195458,4.0326666666666675,1.3890153180179459,1.4574079154058779,1.4722973644560227
final_joint_baseline_30mer,poly2,8,29,314.34,train,0.07228473896815182,0.07393058088599595,0.001718304772043296,0.07171664064288277,0.07943192233290805,0.007094178263795949,3.9884460658874517,4.189139662973492,4.241333333333333,1.3875389843347843,1.4545927872375475,1.4486054043183376
final_joint_baseline_30mer,poly2,8,30,315.596,train,0.07292165504025896,0.08107533822345347,0.00268893826005346,0.07083723303927227,0.07826897612059339,0.005962268031949516,4.08785200106047,4.240910189825449,4.260666666666667,1.384418102377888,1.4517690962758412,1.4490284007233787
final_joint_baseline_30mer,poly2,8,31,316.858,train,0.07109000981875926,0.07060055999306797,0.0017496838261324699,0.06875232060162526,0.08301515917225483,0.008475319702819034,4.162689040274801,4.293026772078029,4.3133333333333335,1.3802637032924852,1.4489333373482907,1.4641153613991567
final_joint_baseline_30mer,poly2,8,32,318.124,train,0.06984199572067075,0.08018240643071274,0.0020639391597694753,0.06775806549704735,0.06464998977493965,0.007963580590451528,4.1928993187634,4.345389634678782,4.434,1.378450940428177,1.4460910398260507,1.4358475121689664
final_joint_baseline_30mer,poly2,8,33,319.396,train,0.06911914999201649,0.07119302621711894,0.0019559406622231983,0.0676392690366095,0.06992492635598752,0.009609321863613483,4.283916015399866,4.398063290907855,4.5,1.3766030864406695,1.4432387957524633,1.4331503616792471
final_joint_baseline_30mer,poly2,8,34,320.672,train,0.07022291057636612,0.07415021413604697,0.0025419218800584115,0.06670656045706813,0.06739036026961338,0.008115529659658243,4.286059576503677,4.450945700211291,4.4079999999999995,1.374854657302226,1.4403822173307226,1.4365359739172532
final_joint_baseline_30mer,poly2,8,35,321.954,train,0.06874276741166269,0.07379244947329386,0.0022960794587291704,0.06464821859347145,0.07095726425246124,0.007936272421287409,4.3263572861193715,4.504099453398682,4.558,1.3732220845705354,1.4375180027973793,1.4427108512581464
final_joint_baseline_30mer,poly2,8,36,323.241,train,0.06955838630369038,0.08076389907817846,0.002287167678471233,0.06450809198576238,0.06372410452428943,0.008085680581813748,4.395032073449062,4.5574617317148975,4.522666666666667,1.3700644404845734,1.4346496165780942,1.4295072787102494
final_joint_baseline_30mer,poly2,8,37,324.533,train,0.07007767164709472,0.06773963232397423,0.0018476245737189324,0.06545923157387529,0.06510228378045999,0.008431846320394093,4.451483072826613,4.6110100460941785,4.658,1.3685460531537685,1.4317783301725782,1.4238954616489492
final_joint_baseline_30mer,poly2,8,38,325.83,train,0.0701064089589978,0.07731144762245162,0.0028352340027465225,0.06378160011622058,0.06643108590023622,0.00820133459273679,4.488311634045692,4.6647207882912065,4.786666666666666,1.366888136833101,1.4289054630581666,1.4187286440113678
final_joint_baseline_30mer,poly2,8,39,327.132,train,0.06942817183560412,0.06919255215227757,0.0027492672874318844,0.06438709319799144,0.07037851509541698,0.008784950218958972,4.575185294049842,4.718569213388266,4.530666666666667,1.3636341314088298,1.4260323828325538,1.4364228679250117
final_joint_baseline_30mer,poly2,8,40,328.44,train,0.06895643480153123,0.0700074729541708,0.0021546548783694533,0.06358671934007704,0.06226579106583542,0.007190756198993876,4.6199888477764715,4.772570666816678,4.720666666666666,1.3595889047067131,1.4231583129741545,1.4119394058425778
final_joint_baseline_30mer,poly2,8,41,329.753,train,0.0663563525964846,0.0792452114119199,0.0035009528095255567,0.06215233018388913,0.06545795654218019,0.008980715492981165,4.7220001383221515,4.826656637145432,4.877333333333333,1.3558915257258317,1.4202869314827882,1.4107361706128385
final_joint_baseline_30mer,poly2,8,42,331.071,train,0.06627887784198405,0.07692582295019397,0.004084486467219547,0.06124069213244303,0.0716139887724593,0.00875855465581068,4.730136074417318,4.880798821713124,4.752,1.3539478674019712,1.417419753338593,1.4141244597428517
final_joint_baseline_30mer,poly2,8,43,332.394,train,0.06679385205790124,0.06913271423002046,0.00228657249715145,0.06003808081543255,0.07559608017321193,0.00902117140574521,4.787296262996519,4.9349677300245265,4.795333333333334,1.352011450103533,1.4145583411987324,1.4184576375795848
final_joint_baseline_30mer,poly2,8,44,333.723,train,0.0675298796807965,0.07109952000509803,0.0023957730452776943,0.060270982209312166,0.0626271901123806,0.007676926915749387,4.863467102381446,4.9891733787288,4.97,1.3487861302799726,1.4117021630589912,1.4079521964439174
final_joint_baseline_30mer,poly2,8,45,335.057,train,0.06595576112203269,0.06523080861532393,0.002465852457202629,0.05863726855294278,0.07271349249583808,0.008872499409999127,4.941125048989096,5.043342803439734,5.008666666666667,1.3481898596865658,1.408855048208354,1.419467852340086
final_joint_baseline_30mer,poly2,8,46,336.396,train,0.06612802959912271,0.07416033265673365,0.0028711432775589815,0.059112401320281116,0.062494815675366744,0.008570990804231265,5.020747746501602,5.097442856269046,4.991333333333334,1.3457309745538302,1.4060187026671114,1.4146653661875055
final_joint_baseline_30mer,poly2,8,47,337.741,train,0.06802526928794028,0.0697878809512922,0.002170051634408453,0.057614530270031314,0.05888222899124464,0.00760445402376996,5.0435716220577715,5.151479248120779,5.104666666666667,1.3444760491479961,1.4031927855746789,1.3998878762137297
final_joint_baseline_30mer,poly2,8,48,339.091,train,0.06528939318631465,0.06993263673065786,0.0036429639294830703,0.05654824147695207,0.05441024440374826,0.008383129112059184,5.122854133526984,5.205375864481486,5.248666666666667,1.341662910771536,1.4003812224064918,1.393978340127289
final_joint_baseline_30mer,poly2,8,49,340.446,train,0.06586439606325484,0.07935708524438498,0.003464716875517738,0.055123309166778,0.05840642941803567,0.009267852176866837,5.218590209096986,5.259095920289296,5.341333333333333,1.3391828595644897,1.3975858552819709,1.3978023802916022
final_joint_baseline_30mer,poly2,8,50,341.807,train,0.06775946358728362,0.06800239072133739,0.0029797237124037554,0.05585054954615072,0.051879021764978335,0.008412080089165021,5.271444256172626,5.312640647197749,5.400666666666667,1.3372135791506743,1.3948065368742633,1.3787343046096776
final_joint_baseline_30mer,poly2,8,51,343.173,train,0.0667821213022557,0.07585982249814599,0.003276603479073898,0.05365903863726429,0.06656126108512239,0.008530378659479913,5.3073408718906325,5.365931079916477,5.25,1.3364304344011835,1.3920472683160119,1.4034031081294809
final_joint_baseline_30mer,poly2,8,52,344.545,train,0.06672275811135768,0.0749571175712642,0.002019714808597039,0.05296015444368815,0.056202069875804284,0.008744993310819885,5.368419899946977,5.418965383373238,5.432666666666666,1.3327784510796787,1.3893080321479456,1.3784061912286045
final_joint_baseline_30mer,poly2,8,53,345.922,train,0.06699787669055125,0.0707128921062591,0.0024031356414663295,0.053474566916818116,0.0595946036548058,0.007717464672504368,5.420805380731725,5.471662891718751,5.3533333333333335,1.3307693450260425,1.3865928675342616,1.3929859839910705
final_joint_baseline_30mer,poly2,8,54,347.305,train,0.06625913864864834,0.07002063231865957,0.002238686497066843,0.05280017785191325,0.05583266619074036,0.00875651501000857,5.455972347096387,5.524018692066935,5.49,1.3296127304653613,1.3839018853121117,1.3894756634338
final_joint_baseline_30mer,poly2,8,55,348.693,train,0.06781889306331643,0.06704830655680413,0.0022718871031691735,0.05240103112833457,0.062471786806513774,0.009808512601161634,5.529657710307305,5.5759506438758155,5.573333333333334,1.3272872473009774,1.381239150173594,1.39159783879339
final_joint_baseline_30mer,poly2,8,56,350.086,train,0.06953288753812341,0.06977776660082124,0.0035326020921235893,0.05211103122841918,0.04910741765439472,0.009180401586166018,5.55811461143002,5.6274140782969475,5.849333333333334,1.3251929199481436,1.3786067734775589,1.3743516857691507
final_joint_baseline_30mer,poly2,8,57,351.486,train,0.06692116214343977,0.06579915290272764,0.001646886809713271,0.05054420773370204,0.05991517242593619,0.009347023893604874,5.524239516333541,5.6784357446024085,5.669333333333333,1.3267302453454364,1.3760032068115238,1.3841350979251485
final_joint_baseline_30mer,poly2,8,58,352.891,train,0.06838892094626532,0.06890824587544299,0.0016246836375254422,0.05107957448761141,0.052841780330879294,0.010204485191269538,5.597728058648593,5.728894573747201,5.810666666666666,1.324656527064957,1.373434433159994,1.3638363589928566
final_joint_baseline_30mer,poly2,8,59,354.301,train,0.0675585757557922,0.06993467465183321,0.001774153579350234,0.05050883437254894,0.05150163812612658,0.009000295107994893,5.6865059536159706,5.778743016582959,5.82,1.3203266723635592,1.3709026506108568,1.3731215369206686
final_joint_baseline_30mer,poly2,8,60,355.717,train,0.07113683680574062,0.07513632515926953,0.002167066527945445,0.05086545971544863,0.05204781669555371,0.00661985498013114,5.7300068296562685,5.8279671901158085,5.767333333333333,1.3184264601922309,1.368408334191179,1.3696618129300948
final_joint_baseline_30mer,poly2,8,61,357.139,train,0.07072106228744703,0.07142784017184876,0.002034406507583048,0.050381517295319735,0.05064163505222915,0.0076840062601195806,5.821185622564954,5.876516115353102,5.906000000000001,1.3154275616635978,1.3659538294089955,1.36293976570637
final_joint_baseline_30mer,poly2,8,62,358.567,train,0.07035824936969187,0.08043557678549512,0.001857923002617038,0.04962547468782648,0.05083658053256296,0.008474377716890767,5.787977355510985,5.92433796655002,5.917333333333334,1.3170019276909346,1.3635415050789108,1.3675548025755075
final_joint_baseline_30mer,poly2,8,63,360.0,train,0.0710740251441126,0.06787056608528194,0.002789644785806022,0.049627178030898,0.052580058341697114,0.008485737717320415,5.94692838370565,5.9713476885417425,5.9,1.3119173353397782,1.361175381896986,1.3623925554991358
final_joint_baseline_30mer,poly2,9,0,280.0,train,0.0792940021208539,0.08377196449921268,0.001957750223046068,0.09688902375891323,0.10148157019239715,0.008173753908654177,2.543307513198239,2.864506675633269,2.9513333333333334,1.4490542803047362,1.5291911582038678,1.5358949410933482
final_joint_baseline_30mer,poly2,9,1,281.119,train,0.08074559052485394,0.08247667753976937,0.0009528796918504545,0.09748767482000696,0.1080026610119016,0.008278934339531674,2.607172003596376,2.9037909294238267,2.902,1.4453908784431428,1.5269119461511207,1.5299564763911564
final_joint_baseline_30mer,poly2,9,2,282.243,train,0.08092750928019285,0.0810011701097258,0.0028739058556815074,0.09796463234707843,0.1039634890180757,0.007276414838111613,2.6356502293842357,2.94356390832014,2.929333333333333,1.4450302196769296,1.524608669078765,1.5155155637537039
final_joint_baseline_30mer,poly2,9,3,283.371,train,0.07839179240330421,0.08206150356121047,0.002475829508126636,0.09731105526185022,0.09603749102809614,0.009689243576297855,2.7111095741983076,2.9837905003423275,3.0046666666666666,1.4426351112681033,1.522283498889021,1.517163565257648
final_joint_baseline_30mer,poly2,9,4,284.504,train,0.07796381966449929,0.07944589794231699,0.001488361890768681,0.09555655861523873,0.09037799021389803,0.0076083355443084325,2.759010247366115,3.024506336808164,3.0493333333333332,1.4411339909979202,1.5199345158459012,1.5120733439382406
final_joint_baseline_30mer,poly2,9,5,285.641,train,0.07790725860251052,0.0765674585330249,0.0016044922467636459,0.09486722664903224,0.08968983143198564,0.009146385079766131,2.779320982317818,3.0656751340789112,3.094666666666667,1.4388363579313137,1.5175639541040367,1.504028102230098
final_joint_baseline_30mer,poly2,9,6,286.783,train,0.07767261905284399,0.07879994108785625,0.0013720429607921936,0.09542006295374916,0.09965251247739118,0.006922955540572479,2.848500789588953,3.1073324157458835,3.1346666666666665,1.436106212846229,1.5151699101023537,1.5107493527253095
final_joint_baseline_30mer,poly2,9,7,287.929,train,0.07830545165688639,0.07769273241846827,0.0011042969689709224,0.09343635743126122,0.09997603160178134,0.007538858442409674,2.858525687576366,3.149440668860509,3.195333333333333,1.4361933836522711,1.5127546824824245,1.5166729457482702
final_joint_baseline_30mer,poly2,9,8,289.08,train,0.0782661783950401,0.07748668791747247,0.001582940011399129,0.0918642823274694,0.09942150277907866,0.01038369580911342,2.931267722525763,3.192035228407432,3.2059999999999995,1.4333961198315441,1.5103163881103747,1.513371767348356
final_joint_baseline_30mer,poly2,9,9,290.235,train,0.07891294441175768,0.08313316249681646,0.001333741609777468,0.09106071470088353,0.1010594855557943,0.01040245041443329,2.993197143647555,3.235077292037579,3.299333333333334,1.430608882046017,1.5078573923617387,1.5067862151151146
final_joint_baseline_30mer,poly2,9,10,291.395,train,0.07793282951250391,0.08442992263163286,0.0019634205628736657,0.08879497592754391,0.0977164252867363,0.008682919836915156,2.9908893249878963,3.278601918387952,3.314,1.4303011384655808,1.505375837035952,1.5087486402612842
final_joint_baseline_30mer,poly2,9,11,292.56,train,0.07654501042274876,0.08167340033610096,0.0012752427681558026,0.0866727974579155,0.1006846472833962,0.010355333536828224,3.0821580272955718,3.322606849801407,3.322,1.4258314762733413,1.5028720024177349,1.508629938425667
final_joint_baseline_30mer,poly2,9,12,293.729,train,0.07234662207323905,0.08024469413324684,0.0020145219628870817,0.0852257830696711,0.09202440332080743,0.008802204606138078,3.150122904995735,3.3670512251538844,3.432666666666667,1.423585365887622,1.5003483587121722,1.498754001999712
final_joint_baseline_30mer,poly2,9,13,294.903,train,0.07163979948544798,0.07541870991914545,0.0014047447753251677,0.08528962686111383,0.08671303491681434,0.005684604553485692,3.19203235585679,3.4119695011612188,3.487333333333333,1.4218773193909555,1.4978030946686458,1.5026509019350627
final_joint_baseline_30mer,poly2,9,14,296.082,train,0.07134568322583489,0.07294421493835934,0.002590250314284893,0.08575408686651605,0.08328096570164635,0.0073239814453414705,3.262342658551767,3.457357979888177,3.4946666666666664,1.419300628344623,1.4952365716923581,1.4892319708932165
final_joint_baseline_30mer,poly2,9,15,297.266,train,0.07329989013493708,0.07641834837057326,0.0014960449299700222,0.08599819937873063,0.10499496054794533,0.010888896148808322,3.298642857966203,3.503212432489275,3.440666666666667,1.4171639688431674,1.4926491805563962,1.4966992302481044
final_joint_baseline_30mer,poly2,9,16,298.454,train,0.07366113843904933,0.07131584538982168,0.0013077888922195244,0.08361371050364738,0.07757616880047757,0.008054575770712887,3.3203087177536483,3.549489011071877,3.544666666666667,1.4153553834935257,1.4900435395779903,1.4891943920931063
final_joint_baseline_30mer,poly2,9,17,299.647,train,0.0737897021625605,0.07895624724507838,0.0016137135306443866,0.0836672252940632,0.09085319815036541,0.008094476583403929,3.3892846439357265,3.596220984294393,3.6493333333333338,1.4117220597375317,1.4874179188404923,1.486998766612602
final_joint_baseline_30mer,poly2,9,18,300.845,train,0.0731801436329051,0.07481978057624668,0.0010332415837690859,0.08189032048453876,0.07871679316478251,0.0069379419090961885,3.41430049334901,3.643402402684315,3.660666666666667,1.4126422269680854,1.4847728019437016,1.4757607357856175
final_joint_baseline_30mer,poly2,9,19,302.047,train,0.07350748725237972,0.07390992889465209,0.0011175899874621726,0.0813026846800467,0.09107407766915795,0.009363939946578574,3.484319022753994,3.6909869990609394,3.711333333333333,1.4088618546958285,1.4821109235579322,1.4898361012994281
final_joint_baseline_30mer,poly2,9,20,303.254,train,0.07173385113552952,0.07290613400888153,0.0035509101785822493,0.08136576125943211,0.07344729381396736,0.009897362137384163,3.5339085229499503,3.739006839129649,3.6580000000000004,1.406459226760602,1.4794306290930344,1.46827582902502
final_joint_baseline_30mer,poly2,9,21,304.467,train,0.07273829678896673,0.07599687786668197,0.001454422006963183,0.08007683043512906,0.09088221168791372,0.008351981939497119,3.6290352606219884,3.7874940924147564,3.8026666666666666,1.4036600134330308,1.4767302750412024,1.4812435812076294
final_joint_baseline_30mer,poly2,9,22,305.683,train,0.07461878313911338,0.07488068636041541,0.002684746856564003,0.07688149194506462,0.07548314857410633,0.007619103384733577,3.686256109228393,3.8363199621928183,3.7853333333333334,1.4002096648194318,1.4740171693584103,1.4672018074389819
final_joint_baseline_30mer,poly2,9,23,306.905,train,0.07453243225270755,0.07392452144470996,0.0021243175827850434,0.07710192939228067,0.07524895424932375,0.0104700028198325,3.728478369873435,3.8855953014494347,3.804,1.3994710802263843,1.4712852847910236,1.4734005340259266
final_joint_baseline_30mer,poly2,9,24,308.132,train,0.07344243366691251,0.07354886170376833,0.0012669373457856454,0.07549469565308678,0.0715690596270791,0.005967803551559285,3.769594917813588,3.935269941718614,3.926,1.3975494234797674,1.4685375475530054,1.46789966160445
final_joint_baseline_30mer,poly2,9,25,309.364,train,0.07304565486350295,0.07887751033450453,0.0016350906219547454,0.07282109267150678,0.07919548166076677,0.008208595042171401,3.8070892984761517,3.9853329869230496,3.9793333333333334,1.3954718061855997,1.4657746944602494,1.4657380529484452
final_joint_baseline_30mer,poly2,9,26,310.6,train,0.07292829358686326,0.07499114077445522,0.0023924901759328774,0.07387175094825046,0.08215421221771876,0.01169189021730614,3.874953172188026,4.035731878881055,3.857333333333334,1.391661912809699,1.4629997487914257,1.4620454371549114
final_joint_baseline_30mer,poly2,9,27,311.842,train,0.07303697346537016,0.07266098326674549,0.0013557249691682279,0.07360622597517966,0.0841945579543408,0.008092331583195184,3.890596399013302,4.0865356149176755,3.976,1.3920757652626659,1.4602090381508703,1.4666235566167298
final_joint_baseline_30mer,poly2,9,28,313.088,train,0.07321844734004888,0.07891429026551713,0.003575292737579967,0.07229031648327525,0.07969312588557799,0.006940563723138152,3.9656718998547618,4.137648972195458,4.156666666666667,1.3890153180179459,1.4574079154058779,1.4614759695333923
final_joint_baseline_30mer,poly2,9,29,314.34,train,0.07228473896815182,0.06849957268020418,0.0035974441840847986,0.07171664064288277,0.0835059766729415,0.008497847313978839,3.9884460658874517,4.189139662973492,4.109999999999999,1.3875389843347843,1.4545927872375475,1.4577259266989557
final_joint_baseline_30mer,poly2,9,30,315.596,train,0.07292165504025896,0.07555668909086012,0.0020790192507668557,0.07083723303927227,0.0700461657293372,0.009800999882449602,4.08785200106047,4.240910189825449,4.292,1.384418102377888,1.4517690962758412,1.4447643446787832
final_joint_baseline_30mer,poly2,9,31,316.858,train,0.07109000981875926,0.06708969924842682,0.0018114005575361942,0.06875232060162526,0.07145515935650248,0.012345553552135336,4.162689040274801,4.293026772078029,4.3580000000000005,1.3802637032924852,1.4489333373482907,1.4414977808592027
final_joint_baseline_30mer,poly2,9,32,318.124,train,0.06984199572067075,0.07166453701766731,0.0013615035211971397,0.06775806549704735,0.0764293802158956,0.007522888780540856,4.1928993187634,4.345389634678782,4.453333333333333,1.378450940428177,1.4460910398260507,1.4492903386252987
final_joint_baseline_30mer,poly2,9,33,319.396,train,0.06911914999201649,0.07071893307274353,0.0022566649354412577,0.0676392690366095,0.0724060241484584,0.00948116242448982,4.283916015399866,4.398063290907855,4.46,1.3766030864406695,1.4432387957524633,1.4439341521717766
final_joint_baseline_30mer,poly2,9,34,320.672,train,0.07022291057636612,0.06881561216505704,0.0027732689889530303,0.06670656045706813,0.0665841498815238,0.008548221767069535,4.286059576503677,4.450945700211291,4.355333333333333,1.374854657302226,1.4403822173307226,1.4444695956191116
final_joint_baseline_30mer,poly2,9,35,321.954,train,0.06874276741166269,0.07321209109225658,0.0015146716242438697,0.06464821859347145,0.06535728684305922,0.006169334121422971,4.3263572861193715,4.504099453398682,4.5120000000000005,1.3732220845705354,1.4375180027973793,1.4259657642026213
final_joint_baseline_30mer,poly2,9,36,323.241,train,0.06955838630369038,0.06826098057448544,0.0019691113656379365,0.06450809198576238,0.06971158523121705,0.007977837161945467,4.395032073449062,4.5574617317148975,4.646000000000001,1.3700644404845734,1.4346496165780942,1.435846896775082
final_joint_baseline_30mer,poly2,9,37,324.533,train,0.07007767164709472,0.07494352994826188,0.0018100126409763865,0.06545923157387529,0.07306548413893907,0.010203820273154484,4.451483072826613,4.6110100460941785,4.532666666666667,1.3685460531537685,1.4317783301725782,1.439388463132861
final_joint_baseline_30mer,poly2,9,38,325.83,train,0.0701064089589978,0.07905858293271373,0.0036970221075304345,0.06378160011622058,0.06344960736459798,0.0074587995993522106,4.488311634045692,4.6647207882912065,4.604000000000001,1.366888136833101,1.4289054630581666,1.4230707465090964
final_joint_baseline_30mer,poly2,9,39,327.132,train,0.06942817183560412,0.0726368465837842,0.0025484352409059735,0.06438709319799144,0.06798395645900682,0.01379880967873529,4.575185294049842,4.718569213388266,4.840666666666667,1.3636341314088298,1.4260323828325538,1.4108749623755739
final_joint_baseline_30mer,poly2,9,40,328.44,train,0.06895643480153123,0.08019709746583,0.002663309032052044,0.06358671934007704,0.06933173239561902,0.007874526846224781,4.6199888477764715,4.772570666816678,4.866666666666667,1.3595889047067131,1.4231583129741545,1.4128085094878562
final_joint_baseline_30mer,poly2,9,41,329.753,train,0.0663563525964846,0.06757804669058362,0.0025135628287491756,0.06215233018388913,0.06572460625811204,0.008737558760815424,4.7220001383221515,4.826656637145432,4.887333333333333,1.3558915257258317,1.4202869314827882,1.4180940770908816
final_joint_baseline_30mer,poly2,9,42,331.071,train,0.06627887784198405,0.06350254443608894,0.002293394835345762,0.06124069213244303,0.0605504508689929,0.007706164210630399,4.730136074417318,4.880798821713124,4.914000000000001,1.3539478674019712,1.417419753338593,1.4106023076313887
final_joint_baseline_30mer,poly2,9,43,332.394,train,0.06679385205790124,0.07311555425908926,0.0028557616178594976,0.06003808081543255,0.07366233937797431,0.008973890471287467,4.787296262996519,4.9349677300245265,4.75,1.352011450103533,1.4145583411987324,1.4225145830075598
final_joint_baseline_30mer,poly2,9,44,333.723,train,0.0675298796807965,0.06985916295153939,0.002017103793695003,0.060270982209312166,0.05873000962199053,0.009130159772268867,4.863467102381446,4.9891733787288,5.046666666666667,1.3487861302799726,1.4117021630589912,1.406472160406452
final_joint_baseline_30mer,poly2,9,45,335.057,train,0.06595576112203269,0.0662237380065519,0.002252005405197705,0.05863726855294278,0.06991218182833488,0.008455976454757111,4.941125048989096,5.043342803439734,4.967333333333333,1.3481898596865658,1.408855048208354,1.4177932357117793
final_joint_baseline_30mer,poly2,9,46,336.396,train,0.06612802959912271,0.06462937007700395,0.002008115548833081,0.059112401320281116,0.05866867071135713,0.009889507724759734,5.020747746501602,5.097442856269046,5.213333333333333,1.3457309745538302,1.4060187026671114,1.3939307257909295
final_joint_baseline_30mer,poly2,9,47,337.741,train,0.06802526928794028,0.06969500330983153,0.003033047600161736,0.057614530270031314,0.06363596329540422,0.010007544522773523,5.0435716220577715,5.151479248120779,5.043333333333333,1.3444760491479961,1.4031927855746789,1.4108451905400243
final_joint_baseline_30mer,poly2,9,48,339.091,train,0.06528939318631465,0.06682734883992252,0.0019874033834644356,0.05654824147695207,0.06099828424975923,0.008879138780884248,5.122854133526984,5.205375864481486,5.1419999999999995,1.341662910771536,1.4003812224064918,1.405193302817996
final_joint_baseline_30mer,poly2,9,49,340.446,train,0.06586439606325484,0.07200126228755095,0.002353124975907681,0.055123309166778,0.06409887551951979,0.008107567743968872,5.218590209096986,5.259095920289296,5.216666666666667,1.3391828595644897,1.3975858552819709,1.40994553913006
final_joint_baseline_30mer,poly2,9,50,341.807,train,0.06775946358728362,0.06532080936981503,0.0031765941634388814,0.05585054954615072,0.05437160367771393,0.007142098552309753,5.271444256172626,5.312640647197749,5.198,1.3372135791506743,1.3948065368742633,1.3933360118612856
final_joint_baseline_30mer,poly2,9,51,343.173,train,0.0667821213022557,0.06392787547384998,0.002890631725336938,0.05365903863726429,0.05286877321517245,0.0072885933538391345,5.3073408718906325,5.365931079916477,5.508000000000001,1.3364304344011835,1.3920472683160119,1.3872107874900557
final_joint_baseline_30mer,poly2,9,52,344.545,train,0.06672275811135768,0.07734033454263517,0.003078157515772017,0.05296015444368815,0.054051925157643885,0.006769277250897673,5.368419899946977,5.418965383373238,5.431333333333333,1.3327784510796787,1.3893080321479456,1.3781798278995452
final_joint_baseline_30mer,poly2,9,53,345.922,train,0.06699787669055125,0.06261707308430202,0.001599670112471232,0.053474566916818116,0.06526739353943106,0.009097806897440512,5.420805380731725,5.471662891718751,5.436666666666667,1.3307693450260425,1.3865928675342616,1.397067889556682
final_joint_baseline_30mer,poly2,9,54,347.305,train,0.06625913864864834,0.06463050061900823,0.0022552705128195136,0.05280017785191325,0.050199013583663944,0.008667559927484832,5.455972347096387,5.524018692066935,5.47,1.3296127304653613,1.3839018853121117,1.3903344979159122
final_joint_baseline_30mer,poly2,9,55,348.693,train,0.06781889306331643,0.07792977659867298,0.003401065179133607,0.05240103112833457,0.05504151742579054,0.010547169949537156,5.529657710307305,5.5759506438758155,5.624666666666667,1.3272872473009774,1.381239150173594,1.3797856205516488
final_joint_baseline_30mer,poly2,9,56,350.086,train,0.06953288753812341,0.07610566413078729,0.0016502673118838928,0.05211103122841918,0.04702905784976461,0.009148225834062326,5.55811461143002,5.6274140782969475,5.689333333333334,1.3251929199481436,1.3786067734775589,1.363047856377228
final_joint_baseline_30mer,poly2,9,57,351.486,train,0.06692116214343977,0.07226536578019727,0.0017714298238580791,0.05054420773370204,0.04852680092162437,0.00826107874944711,5.524239516333541,5.6784357446024085,5.761333333333333,1.3267302453454364,1.3760032068115238,1.3622379820824473
final_joint_baseline_30mer,poly2,9,58,352.891,train,0.06838892094626532,0.070549354040616,0.0020353971960203384,0.05107957448761141,0.05766003170623825,0.006813969886187458,5.597728058648593,5.728894573747201,5.731999999999999,1.324656527064957,1.373434433159994,1.3710882491905283
final_joint_baseline_30mer,poly2,9,59,354.301,train,0.0675585757557922,0.06743013363893614,0.0022012603016426445,0.05050883437254894,0.05847383979539052,0.007727040592869031,5.6865059536159706,5.778743016582959,5.763333333333334,1.3203266723635592,1.3709026506108568,1.3770999040673244
final_joint_baseline_30mer,poly2,9,60,355.717,train,0.07113683680574062,0.07725587549238494,0.0024498484199014306,0.05086545971544863,0.05624203672140083,0.011529700695694863,5.7300068296562685,5.8279671901158085,5.830666666666667,1.3184264601922309,1.368408334191179,1.3661203447395156
final_joint_baseline_30mer,poly2,9,61,357.139,train,0.07072106228744703,0.07287963682271364,0.0020324257889454004,0.050381517295319735,0.052180202324264936,0.009032820407551781,5.821185622564954,5.876516115353102,5.902666666666667,1.3154275616635978,1.3659538294089955,1.364238184748911
final_joint_baseline_30mer,poly2,9,62,358.567,train,0.07035824936969187,0.07784217619232006,0.0016799578658334008,0.04962547468782648,0.054123628486884026,0.007877234056429306,5.787977355510985,5.92433796655002,5.961333333333334,1.3170019276909346,1.3635415050789108,1.3646721890904758
final_joint_baseline_30mer,poly2,9,63,360.0,train,0.0710740251441126,0.07417647045918277,0.002185995713230624,0.049627178030898,0.04993240588163533,0.009085598305607966,5.94692838370565,5.9713476885417425,6.064666666666667,1.3119173353397782,1.361175381896986,1.3563338157537665
final_joint_baseline_30mer,poly2,10,0,280.0,train,0.0792940021208539,0.08103561763131156,0.00074646591353787,0.09688902375891323,0.10061129607032249,0.008026773068097248,2.543307513198239,2.864506675633269,2.825333333333333,1.4490542803047362,1.5291911582038678,1.5251992672608206
final_joint_baseline_30mer,poly2,10,1,281.119,train,0.08074559052485394,0.08297647085908968,0.0010871867949697107,0.09748767482000696,0.1015834461402551,0.008556852545784574,2.607172003596376,2.9037909294238267,2.9366666666666665,1.4453908784431428,1.5269119461511207,1.5252144202651006
final_joint_baseline_30mer,poly2,10,2,282.243,train,0.08092750928019285,0.08547448471317323,0.001696655155692903,0.09796463234707843,0.10154843140731731,0.007468121711098417,2.6356502293842357,2.94356390832014,3.008,1.4450302196769296,1.524608669078765,1.5290354020324233
final_joint_baseline_30mer,poly2,10,3,283.371,train,0.07839179240330421,0.08145768582018345,0.002248393310156767,0.09731105526185022,0.10388375577244865,0.006686864722695241,2.7111095741983076,2.9837905003423275,2.996,1.4426351112681033,1.522283498889021,1.5244442880960227
final_joint_baseline_30mer,poly2,10,4,284.504,train,0.07796381966449929,0.07964193172802941,0.0013579900794682953,0.09555655861523873,0.09821701983947316,0.009385222264634908,2.759010247366115,3.024506336808164,3.0313333333333334,1.4411339909979202,1.5199345158459012,1.5061646241416358
final_joint_baseline_30mer,poly2,10,5,285.641,train,0.07790725860251052,0.07675262659096445,0.0015298522172808374,0.09486722664903224,0.10454748818621218,0.01060347754003648,2.779320982317818,3.0656751340789112,3.0506666666666664,1.4388363579313137,1.5175639541040367,1.514708572594604
final_joint_baseline_30mer,poly2,10,6,286.783,train,0.07767261905284399,0.0761217688007541,0.0010571005937657625,0.09542006295374916,0.10040482193308875,0.008155804761469886,2.848500789588953,3.1073324157458835,3.072666666666666,1.436106212846229,1.5151699101023537,1.5186301161107973
final_joint_baseline_30mer,poly2,10,7,287.929,train,0.07830545165688639,0.08008815124928521,0.001021933692685373,0.09343635743126122,0.09917823450088306,0.008650705632510311,2.858525687576366,3.149440668860509,3.168,1.4361933836522711,1.5127546824824245,1.516724311273009
final_joint_baseline_30mer,poly2,10,8,289.08,train,0.0782661783950401,0.08064469870252786,0.0013600458185969498,0.0918642823274694,0.08742617927382737,0.008764308448822911,2.931267722525763,3.192035228407432,3.302666666666667,1.4333961198315441,1.5103163881103747,1.4927424549999317
final_joint_baseline_30mer,poly2,10,9,290.235,train,0.07891294441175768,0.08581145261519899,0.002563495734364634,0.09106071470088353,0.09864078756400574,0.0095522289036502,2.993197143647555,3.235077292037579,3.248,1.430608882046017,1.5078573923617387,1.4987727548743084
final_joint_baseline_30mer,poly2,10,10,291.395,train,0.07793282951250391,0.08015209029377075,0.0016985771490661966,0.08879497592754391,0.09537755608182921,0.009384122866609867,2.9908893249878963,3.278601918387952,3.242,1.4303011384655808,1.505375837035952,1.5106752291560006
final_joint_baseline_30mer,poly2,10,11,292.56,train,0.07654501042274876,0.07512615686398579,0.0016741232576101483,0.0866727974579155,0.08829087912466083,0.009012532773312782,3.0821580272955718,3.322606849801407,3.4046666666666665,1.4258314762733413,1.5028720024177349,1.4925982765106378
final_joint_baseline_30mer,poly2,10,12,293.729,train,0.07234662207323905,0.08206488446000867,0.0026046360621809006,0.0852257830696711,0.08705989391017904,0.006751848122772753,3.150122904995735,3.3670512251538844,3.464666666666667,1.423585365887622,1.5003483587121722,1.5029652407017102
final_joint_baseline_30mer,poly2,10,13,294.903,train,0.07163979948544798,0.06874973052490645,0.0015369873090764446,0.08528962686111383,0.08760663801015853,0.009938316851577787,3.19203235585679,3.4119695011612188,3.3386666666666667,1.4218773193909555,1.4978030946686458,1.5011985346121957
final_joint_baseline_30mer,poly2,10,14,296.082,train,0.07134568322583489,0.07525088632964208,0.0025723856576751495,0.08575408686651605,0.08929406594351731,0.0087137744818156,3.262342658551767,3.457357979888177,3.4553333333333334,1.419300628344623,1.4952365716923581,1.4927899741936268
final_joint_baseline_30mer,poly2,10,15,297.266,train,0.07329989013493708,0.07470260993364249,0.0010923581381964943,0.08599819937873063,0.08938217288093683,0.0072074018775333815,3.298642857966203,3.503212432489275,3.565333333333334,1.4171639688431674,1.4926491805563962,1.4942956683478976
final_joint_baseline_30mer,poly2,10,16,298.454,train,0.07366113843904933,0.0736501712769709,0.0023946215137346082,0.08361371050364738,0.09352271513560986,0.008917542979227103,3.3203087177536483,3.549489011071877,3.466666666666667,1.4153553834935257,1.4900435395779903,1.4905618438418988
final_joint_baseline_30mer,poly2,10,17,299.647,train,0.0737897021625605,0.07454245683663367,0.0018364488677984872,0.0836672252940632,0.09243391683384439,0.007170081612429872,3.3892846439357265,3.596220984294393,3.6560000000000006,1.4117220597375317,1.4874179188404923,1.4865986127282542
final_joint_baseline_30mer,poly2,10,18,300.845,train,0.0731801436329051,0.07632591011109366,0.0020511407348654228,0.08189032048453876,0.07646652791048844,0.011332811193943339,3.41430049334901,3.643402402684315,3.658666666666667,1.4126422269680854,1.4847728019437016,1.4714863012194013
final_joint_baseline_30mer,poly2,10,19,302.047,train,0.07350748725237972,0.07912735388045866,0.0025804727513175424,0.0813026846800467,0.08624626474224548,0.009450622816547724,3.484319022753994,3.6909869990609394,3.71,1.4088618546958285,1.4821109235579322,1.4788799131894756
final_joint_baseline_30mer,poly2,10,20,303.254,train,0.07173385113552952,0.07528444459902206,0.002383886071180643,0.08136576125943211,0.09236757988564036,0.008806223684027269,3.5339085229499503,3.739006839129649,3.7813333333333334,1.406459226760602,1.4794306290930344,1.484243145311818
final_joint_baseline_30mer,poly2,10,21,304.467,train,0.07273829678896673,0.07329352566684523,0.0010208883801752053,0.08007683043512906,0.0810735662975663,0.009368081562386306,3.6290352606219884,3.7874940924147564,3.7993333333333332,1.4036600134330308,1.4767302750412024,1.4786462673515084
final_joint_baseline_30mer,poly2,10,22,305.683,train,0.07461878313911338,0.07899260394149009,0.0021482477103499783,0.07688149194506462,0.07832944691347483,0.00819283367756928,3.686256109228393,3.8363199621928183,4.001333333333333,1.4002096648194318,1.4740171693584103,1.4684880197537113
final_joint_baseline_30mer,poly2,10,23,306.905,train,0.07453243225270755,0.0702507097682147,0.0019094656302486644,0.07710192939228067,0.08405228568015236,0.007322103606819412,3.728478369873435,3.8855953014494347,3.8693333333333326,1.3994710802263843,1.4712852847910236,1.4824987518285628
final_joint_baseline_30mer,poly2,10,24,308.132,train,0.07344243366691251,0.06782015609544284,0.002392246857818254,0.07549469565308678,0.08126692921953811,0.00832988525054209,3.769594917813588,3.935269941718614,3.948666666666667,1.3975494234797674,1.4685375475530054,1.4598981869398586
final_joint_baseline_30mer,poly2,10,25,309.364,train,0.07304565486350295,0.07846770743148589,0.002110939693713485,0.07282109267150678,0.07771176772067015,0.007181809380566418,3.8070892984761517,3.9853329869230496,3.895333333333334,1.3954718061855997,1.4657746944602494,1.4680173122894966
final_joint_baseline_30mer,poly2,10,26,310.6,train,0.07292829358686326,0.07751747901567932,0.001338793138641999,0.07387175094825046,0.08574348683569522,0.01042540633825328,3.874953172188026,4.035731878881055,4.088,1.391661912809699,1.4629997487914257,1.4692051943648379
final_joint_baseline_30mer,poly2,10,27,311.842,train,0.07303697346537016,0.07514545826195711,0.001864541036170723,0.07360622597517966,0.08119450378284952,0.008975084086282295,3.890596399013302,4.0865356149176755,4.096,1.3920757652626659,1.4602090381508703,1.4506493342512614
final_joint_baseline_30mer,poly2,10,28,313.088,train,0.07321844734004888,0.07364481517760893,0.000997863965758552,0.07229031648327525,0.0853404700964368,0.008502574960707871,3.9656718998547618,4.137648972195458,4.072666666666667,1.3890153180179459,1.4574079154058779,1.4822184092566226
final_joint_baseline_30mer,poly2,10,29,314.34,train,0.07228473896815182,0.07540090308110393,0.0020334678520258632,0.07171664064288277,0.07281515438098853,0.00899342070312047,3.9884460658874517,4.189139662973492,4.148666666666666,1.3875389843347843,1.4545927872375475,1.454370993907347
final_joint_baseline_30mer,poly2,10,30,315.596,train,0.07292165504025896,0.07874804737406926,0.001581509727019102,0.07083723303927227,0.06408715445956702,0.010183475257107279,4.08785200106047,4.240910189825449,4.319333333333334,1.384418102377888,1.4517690962758412,1.4463964723444271
final_joint_baseline_30mer,poly2,10,31,316.858,train,0.07109000981875926,0.07693336732809358,0.0034132437768753035,0.06875232060162526,0.07374340912683401,0.008696938194401566,4.162689040274801,4.293026772078029,4.216666666666667,1.3802637032924852,1.4489333373482907,1.4490392638896488
final_joint_baseline_30mer,poly2,10,32,318.124,train,0.06984199572067075,0.07434575425475062,0.0016736339674147394,0.06775806549704735,0.07696639048802965,0.006661422398384888,4.1928993187634,4.345389634678782,4.340000000000001,1.378450940428177,1.4460910398260507,1.4493911273856923
final_joint_baseline_30mer,poly2,10,33,319.396,train,0.06911914999201649,0.06827635969632698,0.002266485483267939,0.0676392690366095,0.06576708855544516,0.01008790415129351,4.283916015399866,4.398063290907855,4.355333333333334,1.3766030864406695,1.4432387957524633,1.4410842475453407
final_joint_baseline_30mer,poly2,10,34,320.672,train,0.07022291057636612,0.07079961557080686,0.0017888142257390471,0.06670656045706813,0.06849746114786717,0.008685356494625363,4.286059576503677,4.450945700211291,4.445333333333333,1.374854657302226,1.4403822173307226,1.443596681051587
final_joint_baseline_30mer,poly2,10,35,321.954,train,0.06874276741166269,0.07362623667807344,0.0026073471688425236,0.06464821859347145,0.0694570610692947,0.008561585820911188,4.3263572861193715,4.504099453398682,4.486,1.3732220845705354,1.4375180027973793,1.441558543368425
final_joint_baseline_30mer,poly2,10,36,323.241,train,0.06955838630369038,0.06581220302387461,0.002610828673491499,0.06450809198576238,0.06389341237792197,0.00865254555672018,4.395032073449062,4.5574617317148975,4.599333333333334,1.3700644404845734,1.4346496165780942,1.430636256266618
final_joint_baseline_30mer,poly2,10,37,324.533,train,0.07007767164709472,0.07294705361353898,0.00114023949208409,0.06545923157387529,0.06295243162322872,0.008056103158533105,4.451483072826613,4.6110100460941785,4.638,1.3685460531537685,1.4317783301725782,1.4215343397624696
final_joint_baseline_30mer,poly2,10,38,325.83,train,0.0701064089589978,0.07646244924975823,0.0027378280895324404,0.06378160011622058,0.06607769589515418,0.010944906846200232,4.488311634045692,4.6647207882912065,4.781333333333333,1.366888136833101,1.4289054630581666,1.4279669812815086
final_joint_baseline_30mer,poly2,10,39,327.132,train,0.06942817183560412,0.08215773664089812,0.002760060953490946,0.06438709319799144,0.07719582315834767,0.009865749369837494,4.575185294049842,4.718569213388266,4.704000000000001,1.3636341314088298,1.4260323828325538,1.4309023064961033
final_joint_baseline_30mer,poly2,10,40,328.44,train,0.06895643480153123,0.0733669144632256,0.002857355099917736,0.06358671934007704,0.06606960065162812,0.007265426822792954,4.6199888477764715,4.772570666816678,4.808,1.3595889047067131,1.4231583129741545,1.4242696589594637
final_joint_baseline_30mer,poly2,10,41,329.753,train,0.0663563525964846,0.07879645594712915,0.0031437427080553103,0.06215233018388913,0.05806227751865699,0.008969550812731552,4.7220001383221515,4.826656637145432,4.764666666666667,1.3558915257258317,1.4202869314827882,1.4152344144267053
final_joint_baseline_30mer,poly2,10,42,331.071,train,0.06627887784198405,0.07124996039123711,0.0033997808093450457,0.06124069213244303,0.06419456467197977,0.008551665050555064,4.730136074417318,4.880798821713124,5.065333333333332,1.3539478674019712,1.417419753338593,1.4052649650041071
final_joint_baseline_30mer,poly2,10,43,332.394,train,0.06679385205790124,0.07943863336047043,0.004266899142946869,0.06003808081543255,0.06362370555697684,0.008807088895210998,4.787296262996519,4.9349677300245265,4.987333333333334,1.352011450103533,1.4145583411987324,1.4103266066267373
final_joint_baseline_30mer,poly2,10,44,333.723,train,0.0675298796807965,0.07392748017654291,0.0026042471907483968,0.060270982209312166,0.058753461321788214,0.008304891453452814,4.863467102381446,4.9891733787288,5.016666666666667,1.3487861302799726,1.4117021630589912,1.4044707378616814
final_joint_baseline_30mer,poly2,10,45,335.057,train,0.06595576112203269,0.07257221202445074,0.003149383720318377,0.05863726855294278,0.06254309649110566,0.007920816941092177,4.941125048989096,5.043342803439734,5.139333333333333,1.3481898596865658,1.408855048208354,1.407313498628639
final_joint_baseline_30mer,poly2,10,46,336.396,train,0.06612802959912271,0.06989440501279591,0.0014954167736369846,0.059112401320281116,0.06498304341995066,0.006984693932624264,5.020747746501602,5.097442856269046,5.204666666666667,1.3457309745538302,1.4060187026671114,1.3987047924368152
final_joint_baseline_30mer,poly2,10,47,337.741,train,0.06802526928794028,0.07006713647557121,0.004602662143393799,0.057614530270031314,0.05721331867972611,0.009096354875281676,5.0435716220577715,5.151479248120779,5.132000000000001,1.3444760491479961,1.4031927855746789,1.4006208464818126
final_joint_baseline_30mer,poly2,10,48,339.091,train,0.06528939318631465,0.07111958476753434,0.003827090521343276,0.05654824147695207,0.05790855300087008,0.008641507763182083,5.122854133526984,5.205375864481486,5.189333333333334,1.341662910771536,1.4003812224064918,1.398224895524835
final_joint_baseline_30mer,poly2,10,49,340.446,train,0.06586439606325484,0.05811213396189672,0.003534040745429787,0.055123309166778,0.06604265566611689,0.012169396763028025,5.218590209096986,5.259095920289296,5.177333333333333,1.3391828595644897,1.3975858552819709,1.4052573874240992
final_joint_baseline_30mer,poly2,10,50,341.807,train,0.06775946358728362,0.07046687373444033,0.0016591943888831836,0.05585054954615072,0.05717637858941771,0.007925487657272256,5.271444256172626,5.312640647197749,5.387333333333333,1.3372135791506743,1.3948065368742633,1.395822710931995
final_joint_baseline_30mer,poly2,10,51,343.173,train,0.0667821213022557,0.07263241514479912,0.001989766368693447,0.05365903863726429,0.05869982443280321,0.008107773832661272,5.3073408718906325,5.365931079916477,5.362,1.3364304344011835,1.3920472683160119,1.3837253341806153
final_joint_baseline_30mer,poly2,10,52,344.545,train,0.06672275811135768,0.07332827917727694,0.002677685017685127,0.05296015444368815,0.05630277572733646,0.008658887314371175,5.368419899946977,5.418965383373238,5.486666666666666,1.3327784510796787,1.3893080321479456,1.379466694220827
final_joint_baseline_30mer,poly2,10,53,345.922,train,0.06699787669055125,0.06704260829703294,0.0020988464497409716,0.053474566916818116,0.055667088366686684,0.010954909172926564,5.420805380731725,5.471662891718751,5.525333333333333,1.3307693450260425,1.3865928675342616,1.3815519894640422
final_joint_baseline_30mer,poly2,10,54,347.305,train,0.06625913864864834,0.06735883904786269,0.0015616116098873213,0.05280017785191325,0.060050584780906094,0.01076601411031359,5.455972347096387,5.524018692066935,5.608666666666666,1.3296127304653613,1.3839018853121117,1.3816160649570237
final_joint_baseline_30mer,poly2,10,55,348.693,train,0.06781889306331643,0.0668320549661448,0.0014260902069891464,0.05240103112833457,0.052857992276156326,0.007684312509622976,5.529657710307305,5.5759506438758155,5.546,1.3272872473009774,1.381239150173594,1.3798119080219626
final_joint_baseline_30mer,poly2,10,56,350.086,train,0.06953288753812341,0.07084069423424941,0.0024811093987679514,0.05211103122841918,0.05848708903310296,0.008633613041036475,5.55811461143002,5.6274140782969475,5.489333333333333,1.3251929199481436,1.3786067734775589,1.393749859938417
final_joint_baseline_30mer,poly2,10,57,351.486,train,0.06692116214343977,0.06703113402929464,0.0020830842533890535,0.05054420773370204,0.05934914774692686,0.006708423067471435,5.524239516333541,5.6784357446024085,5.570000000000001,1.3267302453454364,1.3760032068115238,1.3866028491389193
final_joint_baseline_30mer,poly2,10,58,352.891,train,0.06838892094626532,0.07119908878803433,0.0016028476972494814,0.05107957448761141,0.05015743727653718,0.0074550883998595625,5.597728058648593,5.728894573747201,5.734,1.324656527064957,1.373434433159994,1.3658050713658771
final_joint_baseline_30mer,poly2,10,59,354.301,train,0.0675585757557922,0.07019462332442816,0.0032351787118410002,0.05050883437254894,0.057350350993269385,0.008846575197475975,5.6865059536159706,5.778743016582959,5.782,1.3203266723635592,1.3709026506108568,1.3690299989704053
final_joint_baseline_30mer,poly2,10,60,355.717,train,0.07113683680574062,0.07025176678482359,0.002427400572219199,0.05086545971544863,0.06039040209127047,0.008045652726759146,5.7300068296562685,5.8279671901158085,5.868666666666667,1.3184264601922309,1.368408334191179,1.371670303689591
final_joint_baseline_30mer,poly2,10,61,357.139,train,0.07072106228744703,0.08235623394560934,0.002636890686907467,0.050381517295319735,0.05066235068107867,0.00841911816967911,5.821185622564954,5.876516115353102,5.843333333333333,1.3154275616635978,1.3659538294089955,1.3619100514716243
final_joint_baseline_30mer,poly2,10,62,358.567,train,0.07035824936969187,0.07655683488532378,0.00232075343682719,0.04962547468782648,0.06040129524074413,0.008518265674943022,5.787977355510985,5.92433796655002,5.818666666666667,1.3170019276909346,1.3635415050789108,1.3797639443153464
final_joint_baseline_30mer,poly2,10,63,360.0,train,0.0710740251441126,0.07312946286163226,0.0018026749790735833,0.049627178030898,0.052926785160700186,0.008238949110389783,5.94692838370565,5.9713476885417425,6.069333333333335,1.3119173353397782,1.361175381896986,1.3526141310846906
final_joint_baseline_30mer,poly3,1,0,280.0,train,0.07960774851668467,0.07847886423498504,0.001912428699497275,0.09618586450889802,0.10274983347300659,0.010818544278459921,2.543307513198239,2.8907320954271354,2.894,1.4490542803047362,1.5276691316658786,1.521681437630079
final_joint_baseline_30mer,poly3,1,1,281.119,train,0.08102763109019206,0.0840559790842383,0.002635871273857909,0.09687315464994416,0.10115861474176538,0.008056414504188657,2.607172003596376,2.9262834901513846,2.985333333333334,1.4453908784431428,1.525608859092994,1.5249463447343927
final_joint_baseline_30mer,poly3,1,2,282.243,train,0.08118613568514388,0.08204552466503122,0.0018640932658735574,0.09745895725931526,0.11267943969061069,0.010695605385989595,2.6356502293842357,2.9624659422978574,2.9346666666666668,1.4450302196769296,1.5235155499376236,1.5200988385889393
final_joint_baseline_30mer,poly3,1,3,283.371,train,0.07859379238172665,0.08231087897842933,0.0019155565376411557,0.0968950901666219,0.09832085194050447,0.010600157234801334,2.7111095741983076,2.9992522517663414,2.965333333333333,1.4426351112681033,1.521390949246928,1.5254289433080035
final_joint_baseline_30mer,poly3,1,4,284.504,train,0.0781251967624064,0.08019668658163898,0.002604655538709877,0.09523151615395659,0.1061514475667717,0.008430066142810002,2.759010247366115,3.036679659424288,2.97,1.4411339909979202,1.519233081368652,1.5300752208570438
final_joint_baseline_30mer,poly3,1,5,285.641,train,0.07803697203278752,0.07768736987318757,0.0014527722770408752,0.09462469763429071,0.09836080218341693,0.0105858418848335,2.779320982317818,3.0747193626932887,3.046666666666667,1.4388363579313137,1.517043785672452,1.5205394184259489
final_joint_baseline_30mer,poly3,1,6,286.783,train,0.07774926837651874,0.07914718931159943,0.00366427076718725,0.09525594175913439,0.11039972423505415,0.00805631825860563,2.848500789588953,3.113408613949569,3.0433333333333334,1.436106212846229,1.5148211005904912,1.5297759301173988
final_joint_baseline_30mer,poly3,1,7,287.929,train,0.07835369143227422,0.08242674451968182,0.0017301446589821975,0.09335039408206874,0.08921863877049634,0.00791838829976852,2.858525687576366,3.152716856512628,3.2233333333333336,1.4361933836522711,1.5125669673858009,1.5046348097531985
final_joint_baseline_30mer,poly3,1,8,289.08,train,0.07827487314899773,0.08018235513447694,0.002898820679206668,0.0918471659414146,0.1069608066279138,0.007703054939557153,2.931267722525763,3.1926811949955023,3.0966666666666667,1.4333961198315441,1.5102794475146823,1.5211246983136495
final_joint_baseline_30mer,poly3,1,9,290.235,train,0.07888828144957756,0.07881229631131138,0.003582930673429301,0.09110861342368654,0.10071508419005056,0.009679537028744911,2.993197143647555,3.2332691517731043,3.174666666666667,1.430608882046017,1.5079605922972612,1.5036529512909844
final_joint_baseline_30mer,poly3,1,10,291.395,train,0.07787139890465619,0.08286025271935629,0.001417164982117517,0.08890023612246575,0.09755331706245934,0.009329658872451414,2.9908893249878963,3.2745175018343518,3.2846666666666664,1.4303011384655808,1.505608496174534,1.51800696164404
final_joint_baseline_30mer,poly3,1,11,292.56,train,0.07645855475934318,0.08064227000875693,0.0013886000494800644,0.08683555028151521,0.08852165330516364,0.007892547597200263,3.0821580272955718,3.316427844742056,3.3633333333333333,1.4258314762733413,1.5032232721336085,1.501876927498913
final_joint_baseline_30mer,poly3,1,12,293.729,train,0.07225676053415717,0.08074197873391765,0.0016906342733557127,0.08543596497502091,0.08642893720450348,0.009810130058711154,3.150122904995735,3.3589644680772093,3.4466666666666668,1.423585365887622,1.5008071536967753,1.4921323734089433
final_joint_baseline_30mer,poly3,1,13,294.903,train,0.07151652354078708,0.07745811978386061,0.0017113691609098444,0.08554200863866218,0.08547471044287784,0.005321965202076092,3.19203235585679,3.402163251621225,3.43,1.4218773193909555,1.4983583063628303,1.4989227269393475
final_joint_baseline_30mer,poly3,1,14,296.082,train,0.07121443358175958,0.07392595057797326,0.0018712664799664688,0.08604696800382884,0.08108943134827346,0.00862817810438014,3.262342658551767,3.4460234712687203,3.4779999999999998,1.419300628344623,1.4958769831121257,1.4789917213296755
final_joint_baseline_30mer,poly3,1,15,297.266,train,0.07314629969321702,0.07840933934820296,0.0023007277151010364,0.08632268496190805,0.10317253682639871,0.009856833490697102,3.298642857966203,3.490543501724176,3.489333333333333,1.4171639688431674,1.4933634899648525,1.5010847381259822
final_joint_baseline_30mer,poly3,1,16,298.454,train,0.07347420784071822,0.07601579774384566,0.001971766114397387,0.08396405615701927,0.08737723480973522,0.010337557693172423,3.3203087177536483,3.5356825577650244,3.484,1.4153553834935257,1.4908203386878944,1.4916603866519502
final_joint_baseline_30mer,poly3,1,17,299.647,train,0.07360068919066917,0.07849582663489096,0.0016978173090014853,0.08404730038618125,0.08802939446532942,0.009656930146493858,3.3892846439357265,3.5814744266990974,3.6526666666666667,1.4117220597375317,1.4882458359503676,1.4836587553358753
final_joint_baseline_30mer,poly3,1,18,300.845,train,0.07296279796108267,0.07806212994081684,0.0020406733066010967,0.08227162690564555,0.08184817628131587,0.008376540356346478,3.41430049334901,3.6279143825388958,3.7560000000000002,1.4126422269680854,1.4856404652421613,1.47589310486999
final_joint_baseline_30mer,poly3,1,19,302.047,train,0.07330498326968256,0.07535650353997897,0.0017117162233622305,0.08169930301457115,0.08451651238737973,0.012225489922569072,3.484319022753994,3.6749571901242515,3.6846666666666668,1.4088618546958285,1.4830069754539095,1.4871059452004798
final_joint_baseline_30mer,poly3,1,20,303.254,train,0.07151656472121404,0.07447814010567345,0.0018923959484009687,0.08177012754281189,0.08230890140422348,0.00844454470032074,3.5339085229499503,3.722634267923225,3.7706666666666666,1.406459226760602,1.4803438185685729,1.4761687164036434
final_joint_baseline_30mer,poly3,1,21,304.467,train,0.07255898813805582,0.07448155859137731,0.000979301388942529,0.08048661466249438,0.0905548772999695,0.007614650036985176,3.6290352606219884,3.7709771356390958,3.808,1.4036600134330308,1.4776494586056188,1.4839028240637653
final_joint_baseline_30mer,poly3,1,22,305.683,train,0.07444576674151204,0.08347457117139735,0.0023960496059637,0.07729306730839194,0.08446693125057916,0.007028025647989121,3.686256109228393,3.8198557675322675,3.777333333333334,1.4002096648194318,1.4749313509825925,1.4740223284331981
final_joint_baseline_30mer,poly3,1,23,306.905,train,0.07434221022842324,0.07828252823114677,0.0014307543957920174,0.07749370036610623,0.07658497099855001,0.009087515395078825,3.728478369873435,3.8693787708939587,3.897333333333333,1.3994710802263843,1.4721836626475258,1.4603459904214242
final_joint_baseline_30mer,poly3,1,24,308.132,train,0.07325560646884163,0.07483394593710223,0.0014656928359526795,0.07587486915189029,0.0815244689164206,0.008634295899563386,3.769594917813588,3.9194930228111327,3.8633333333333333,1.3975494234797674,1.4694095600303543,1.471983338120989
final_joint_baseline_30mer,poly3,1,25,309.364,train,0.0728620873853653,0.07156885662529813,0.0025020990288758737,0.07318306520137528,0.08014254042260907,0.006721928646992581,3.8070892984761517,3.970183707804239,3.914666666666667,1.3954718061855997,1.4666100712609063,1.4730362693059733
final_joint_baseline_30mer,poly3,1,26,310.6,train,0.07275213208592295,0.06501637825166928,0.002003325158483968,0.07421900944073034,0.07975171763757366,0.009032994775375135,3.874953172188026,4.021392622492673,3.9626666666666663,1.391661912809699,1.463788606366009,1.4513694429690964
final_joint_baseline_30mer,poly3,1,27,311.842,train,0.07287102931478484,0.07624761752799458,0.0010736249425623919,0.07391568164794923,0.07885347887384553,0.007571417399664682,3.890596399013302,4.073184087433354,4.1,1.3920757652626659,1.4609418199257553,1.4589143615032887
final_joint_baseline_30mer,poly3,1,28,313.088,train,0.07307459134607056,0.07852595970282715,0.0019415875262005352,0.0725741401516075,0.07714613404836673,0.008555321695606652,3.9656718998547618,4.125454161260285,4.1306666666666665,1.3890153180179459,1.4580756173982523,1.4576188093287157
final_joint_baseline_30mer,poly3,1,29,314.34,train,0.0721378507066105,0.08204081629930418,0.0033123239838125694,0.07196327446036224,0.07505487499882023,0.006964703620672094,3.9884460658874517,4.1782640466331475,4.140666666666668,1.3875389843347843,1.4551868279338152,1.4603212382075559
final_joint_baseline_30mer,poly3,1,30,315.596,train,0.07280353303939488,0.07324984363540551,0.0011811090687076442,0.07105219289751391,0.07880483847335,0.007130776623886657,4.08785200106047,4.231504474081742,4.254,1.384418102377888,1.4522816055656975,1.4659303163184765
final_joint_baseline_30mer,poly3,1,31,316.858,train,0.07101144534907541,0.07816805151201678,0.002279412549085231,0.06893293625526299,0.0691540527224568,0.008367825744637616,4.162689040274801,4.285232934044447,4.3100000000000005,1.3802637032924852,1.4493569807171705,1.4384727880655082
final_joint_baseline_30mer,poly3,1,32,318.124,train,0.06977651869479341,0.073651977430826,0.0020022281187048654,0.06789636072182662,0.06751184078551786,0.007256974454385997,4.1928993187634,4.339334564745625,4.252000000000001,1.378450940428177,1.4464193626140902,1.4385642114294286
final_joint_baseline_30mer,poly3,1,33,319.396,train,0.06907718566521572,0.06652318710251563,0.0026540208070978473,0.06773355200301304,0.06956328302079198,0.008493700299757887,4.283916015399866,4.393862517356366,4.384,1.3766030864406695,1.443466010453056,1.4489915663929338
final_joint_baseline_30mer,poly3,1,34,320.672,train,0.07019502062976023,0.06582992518015424,0.0021529442633482047,0.06675595688789115,0.07254922918733084,0.008658221847677273,4.286059576503677,4.448696096489567,4.373333333333333,1.374854657302226,1.4405035934172141,1.4325742943579864
final_joint_baseline_30mer,poly3,1,35,321.954,train,0.06874012587153966,0.07651997092056836,0.0040812167276158655,0.06465284333390012,0.06807249035960913,0.010158589926183244,4.3263572861193715,4.503883461482701,4.600666666666667,1.3732220845705354,1.437529627398915,1.4337891249730477
final_joint_baseline_30mer,poly3,1,36,323.241,train,0.0695816707688635,0.080270914224022,0.0038010137749311984,0.06446805797065588,0.0801781127964028,0.007654844606920256,4.395032073449062,4.559340977779676,4.617333333333333,1.3700644404845734,1.4345487301722288,1.440193079853678
final_joint_baseline_30mer,poly3,1,37,324.533,train,0.07012601926009812,0.07188127662043317,0.0014375320860000626,0.06537506384592728,0.06643144103011825,0.00793015879007164,4.451483072826613,4.61502493387819,4.684666666666667,1.3685460531537685,1.4315633361318731,1.424349503990376
final_joint_baseline_30mer,poly3,1,38,325.83,train,0.07018012899675913,0.06844837224532659,0.0011315317334074653,0.06365576494770092,0.06704040973267741,0.008542038670142426,4.488311634045692,4.670888515901341,4.642,1.366888136833101,1.4285760214316052,1.4335328648701924
final_joint_baseline_30mer,poly3,1,39,327.132,train,0.06952167678746976,0.07156987330940107,0.0027421885508593703,0.06421521166949097,0.06298461093993882,0.008295757220015963,4.575185294049842,4.726881712302292,4.757333333333333,1.3636341314088298,1.4255895068177107,1.4160932142969647
final_joint_baseline_30mer,poly3,1,40,328.44,train,0.06908019338408175,0.06947570270719071,0.0023041631778518063,0.06336740717384368,0.0666905028352085,0.008982654683570974,4.6199888477764715,4.782994056868733,4.760666666666666,1.3595889047067131,1.422604384433151,1.4282456689907468
final_joint_baseline_30mer,poly3,1,41,329.753,train,0.0664754128930712,0.06185163214305264,0.004431944584331108,0.06188790596120365,0.06800882119291082,0.007578081027491541,4.7220001383221515,4.8391257083445485,4.786666666666667,1.3558915257258317,1.4196259768561827,1.4194947596832796
final_joint_baseline_30mer,poly3,1,42,331.071,train,0.0664275471497366,0.07450174290919168,0.0017851630506934262,0.06094112062462253,0.06975638283953704,0.00978248436678366,4.730136074417318,4.895216418662221,4.8853333333333335,1.3539478674019712,1.4166574590220602,1.4130583129861194
final_joint_baseline_30mer,poly3,1,43,332.394,train,0.06695777327651294,0.07124142116588368,0.0010046108210828109,0.05970513714215935,0.06000793665035897,0.00709777107562334,4.787296262996519,4.951202423441126,4.942666666666667,1.352011450103533,1.4137021583032467,1.4120340550267612
final_joint_baseline_30mer,poly3,1,44,333.723,train,0.06770943703177609,0.07048222702614243,0.002768108101774064,0.05990309767071001,0.06592800272056656,0.008244039589637916,4.863467102381446,5.007058255780175,5.1226666666666665,1.3487861302799726,1.410761353739982,1.3985726041795015
final_joint_baseline_30mer,poly3,1,45,335.057,train,0.06613312489392302,0.07497271751248177,0.0027092908342235393,0.05825528036154087,0.06546971266038346,0.00839333182348284,4.941125048989096,5.06267037057772,5.094666666666667,1.3481898596865658,1.4078409303071655,1.4076758648335166
final_joint_baseline_30mer,poly3,1,46,336.396,train,0.06632069195573623,0.06420371458191076,0.0017139336990841469,0.05870894659026584,0.059953838468207496,0.0073093964209248055,5.020747746501602,5.1179640213637985,5.128,1.3457309745538302,1.4049446826556702,1.4143597439427316
final_joint_baseline_30mer,poly3,1,47,337.741,train,0.06824445214705137,0.07008950381261918,0.0018872822644004092,0.05720114229152697,0.061281389570388936,0.00848752466740628,5.0435716220577715,5.172901404928419,5.227333333333334,1.3444760491479961,1.4020744388493043,1.3978882238782018
final_joint_baseline_30mer,poly3,1,48,339.091,train,0.0654829663259321,0.06144745940313379,0.0024882287391982923,0.05612564196601336,0.060196753377324275,0.006055060685624351,5.122854133526984,5.227358786726123,5.221333333333334,1.341662910771536,1.3992364808486015,1.392179623314262
final_joint_baseline_30mer,poly3,1,49,340.446,train,0.06603177563354892,0.07402215163237123,0.0022113225871797926,0.05470001116466832,0.062127503320352176,0.008335753733840472,5.218590209096986,5.28125029300335,5.408666666666667,1.3391828595644897,1.3964350620318924,1.3963461765398593
final_joint_baseline_30mer,poly3,1,50,341.807,train,0.06794815575631129,0.0671406886589056,0.0019659217913129416,0.05543760185447794,0.0648570241401349,0.008820736666836908,5.271444256172626,5.334525261542923,5.258666666666667,1.3372135791506743,1.3936725705743844,1.3947879248283273
final_joint_baseline_30mer,poly3,1,51,343.173,train,0.06696035022582326,0.06720119823365239,0.0030764597918693974,0.053275541005680396,0.05872168800896934,0.008361241472267683,5.3073408718906325,5.387050429071055,5.388,1.3364304344011835,1.3909556396989444,1.3884103606221192
final_joint_baseline_30mer,poly3,1,52,344.545,train,0.06687626678796514,0.06798838400098728,0.0019226937730644315,0.052598045131262344,0.05197908309245009,0.009714939134815874,5.368419899946977,5.43876643558556,5.477333333333334,1.3327784510796787,1.388287031206366,1.3841691563207235
final_joint_baseline_30mer,poly3,1,53,345.922,train,0.0671382212736292,0.07427304261980236,0.00292010961420291,0.053152767678202054,0.06553621472161747,0.010768494935771207,5.420805380731725,5.489534270187159,5.446,1.3307693450260425,1.385673578650538,1.3893279660493536
final_joint_baseline_30mer,poly3,1,54,347.305,train,0.06638249390847542,0.07194761555245416,0.002589641717862804,0.05253626633172468,0.053796334306164664,0.008886563500333323,5.455972347096387,5.539286016389356,5.656666666666666,1.3296127304653613,1.3831184081996617,1.3769226430478139
final_joint_baseline_30mer,poly3,1,55,348.693,train,0.06791132296933851,0.07316829037215672,0.0023973602363606436,0.05219523535811318,0.05086976321168133,0.009928008354284482,5.529657710307305,5.58787769163668,5.7620000000000005,1.3272872473009774,1.3806285155685636,1.3590182785713694
final_joint_baseline_30mer,poly3,1,56,350.086,train,0.06959488828595685,0.06870718728237815,0.0021177436774429013,0.05197827020302845,0.055202046769082753,0.00888288280138171,5.55811461143002,5.635199731032171,5.689333333333334,1.3251929199481436,1.3782090824635265,1.3733719698770133
final_joint_baseline_30mer,poly3,1,57,351.486,train,0.06694613987326532,0.074781655902827,0.0020135578365255216,0.050500922182948056,0.056192805211948596,0.00807536259539652,5.524239516333541,5.681204472636297,5.533333333333333,1.3267302453454364,1.3758620990834534,1.3877518885298015
final_joint_baseline_30mer,poly3,1,58,352.891,train,0.06835905317876259,0.06464536088487838,0.0023706600305637305,0.05112952148537577,0.056028891254437246,0.010581879202226363,5.597728058648593,5.725707825743901,5.616,1.324656527064957,1.3735964867064572,1.374465946073199
final_joint_baseline_30mer,poly3,1,59,354.301,train,0.06747390157226338,0.06646641744747979,0.001996985668342686,0.05067290298669325,0.06156104945589265,0.007642044859393325,5.6865059536159706,5.768592556539499,5.8420000000000005,1.3203266723635592,1.3714177121409905,1.3775934754508452
final_joint_baseline_30mer,poly3,1,60,355.717,train,0.07097492425813878,0.07482497472275954,0.0032116586651341353,0.0511530705511334,0.0570043070548846,0.008134487851168826,5.7300068296562685,5.809767971801614,5.893333333333333,1.3184264601922309,1.3693298696066951,1.36515930879726
final_joint_baseline_30mer,poly3,1,61,357.139,train,0.07049659276153594,0.06885367119117078,0.0025868421265464,0.05081974384994157,0.05410243354513825,0.009838244856200842,5.821185622564954,5.8491091295158615,5.876666666666667,1.3154275616635978,1.3673387715226037,1.3613640516056433
final_joint_baseline_30mer,poly3,1,62,358.567,train,0.06998006921572836,0.06625161640898775,0.0021908249122521636,0.05018454705538057,0.05642137067127218,0.006609684754615465,5.787977355510985,5.886489479682061,5.774,1.3170019276909346,1.3654502895496101,1.3731147359225688
final_joint_baseline_30mer,poly3,1,63,360.0,train,0.07072309658702479,0.06949026961954478,0.0019487738450725289,0.05041887641684743,0.05460329584519114,0.00789030062872532,5.94692838370565,5.921757454399173,5.8933333333333335,1.3119173353397782,1.3636715392096037,1.3671217394437212
final_joint_baseline_30mer,poly3,2,0,280.0,train,0.07960774851668467,0.08194636129234038,0.001354108418218944,0.09618586450889802,0.11383320655347393,0.01066275653015725,2.543307513198239,2.8907320954271354,2.878,1.4490542803047362,1.5276691316658786,1.5327839722802823
final_joint_baseline_30mer,poly3,2,1,281.119,train,0.08102763109019206,0.08130549595224296,0.0007760746943920722,0.09687315464994416,0.08951454492587269,0.009420598731261096,2.607172003596376,2.9262834901513846,2.953333333333333,1.4453908784431428,1.525608859092994,1.519785343748679
final_joint_baseline_30mer,poly3,2,2,282.243,train,0.08118613568514388,0.08603173602427983,0.002515093885938186,0.09745895725931526,0.10660094590190611,0.007282121277565829,2.6356502293842357,2.9624659422978574,2.9273333333333333,1.4450302196769296,1.5235155499376236,1.5191300396197598
final_joint_baseline_30mer,poly3,2,3,283.371,train,0.07859379238172665,0.07737251797794936,0.001809380076169132,0.0968950901666219,0.09679260772350345,0.007457313848355192,2.7111095741983076,2.9992522517663414,3.0686666666666667,1.4426351112681033,1.521390949246928,1.5191095382998263
final_joint_baseline_30mer,poly3,2,4,284.504,train,0.0781251967624064,0.07616515712517921,0.001213465479654524,0.09523151615395659,0.11266961672244136,0.007946874340107525,2.759010247366115,3.036679659424288,3.0126666666666675,1.4411339909979202,1.519233081368652,1.5263938360794382
final_joint_baseline_30mer,poly3,2,5,285.641,train,0.07803697203278752,0.08199116442452781,0.0021688441058002506,0.09462469763429071,0.09767374665666577,0.010143435355973037,2.779320982317818,3.0747193626932887,3.0693333333333332,1.4388363579313137,1.517043785672452,1.5084282372715
final_joint_baseline_30mer,poly3,2,6,286.783,train,0.07774926837651874,0.07754468539110068,0.0016031773537886857,0.09525594175913439,0.09862417720267147,0.008888634308958997,2.848500789588953,3.113408613949569,3.017333333333333,1.436106212846229,1.5148211005904912,1.5205594845229287
final_joint_baseline_30mer,poly3,2,7,287.929,train,0.07835369143227422,0.0775994943652068,0.001302779779317519,0.09335039408206874,0.10345435993624609,0.007795994478198585,2.858525687576366,3.152716856512628,3.1673333333333336,1.4361933836522711,1.5125669673858009,1.5086347764607355
final_joint_baseline_30mer,poly3,2,8,289.08,train,0.07827487314899773,0.07857252732781785,0.002061499335912721,0.0918471659414146,0.10073326221748859,0.00881095876568672,2.931267722525763,3.1926811949955023,3.2199999999999998,1.4333961198315441,1.5102794475146823,1.515841904581435
final_joint_baseline_30mer,poly3,2,9,290.235,train,0.07888828144957756,0.08531945181922967,0.0019837922347978277,0.09110861342368654,0.09426439970803045,0.008623192455557864,2.993197143647555,3.2332691517731043,3.2959999999999994,1.430608882046017,1.5079605922972612,1.5080323238946456
final_joint_baseline_30mer,poly3,2,10,291.395,train,0.07787139890465619,0.08451568825829436,0.001695147199624263,0.08890023612246575,0.09465524581012921,0.007662403056193093,2.9908893249878963,3.2745175018343518,3.24,1.4303011384655808,1.505608496174534,1.5086664421447025
final_joint_baseline_30mer,poly3,2,11,292.56,train,0.07645855475934318,0.07577234376710526,0.001808224729890845,0.08683555028151521,0.0877460138415757,0.008042547436722091,3.0821580272955718,3.316427844742056,3.2853333333333334,1.4258314762733413,1.5032232721336085,1.5048662835686253
final_joint_baseline_30mer,poly3,2,12,293.729,train,0.07225676053415717,0.07349776930687994,0.00162365923407091,0.08543596497502091,0.0888214376160203,0.0053515175733382225,3.150122904995735,3.3589644680772093,3.352,1.423585365887622,1.5008071536967753,1.5034877244747495
final_joint_baseline_30mer,poly3,2,13,294.903,train,0.07151652354078708,0.06934473234754607,0.0018627183380327584,0.08554200863866218,0.10455192662661875,0.008641655361869005,3.19203235585679,3.402163251621225,3.3853333333333335,1.4218773193909555,1.4983583063628303,1.5165620621380251
final_joint_baseline_30mer,poly3,2,14,296.082,train,0.07121443358175958,0.07408241029487786,0.0016349058147991885,0.08604696800382884,0.08763948014624809,0.00562208084469714,3.262342658551767,3.4460234712687203,3.538666666666667,1.419300628344623,1.4958769831121257,1.4924099506943045
final_joint_baseline_30mer,poly3,2,15,297.266,train,0.07314629969321702,0.07147846072739478,0.0019873540378499165,0.08632268496190805,0.09144581397562401,0.008944298350992051,3.298642857966203,3.490543501724176,3.471333333333334,1.4171639688431674,1.4933634899648525,1.4931096360428056
final_joint_baseline_30mer,poly3,2,16,298.454,train,0.07347420784071822,0.08106890496150716,0.002280743565479756,0.08396405615701927,0.08953323840082794,0.009271837451864166,3.3203087177536483,3.5356825577650244,3.5646666666666667,1.4153553834935257,1.4908203386878944,1.4879277011307983
final_joint_baseline_30mer,poly3,2,17,299.647,train,0.07360068919066917,0.08765650036145473,0.004517409268028413,0.08404730038618125,0.09184138842522754,0.009918174286189378,3.3892846439357265,3.5814744266990974,3.5540000000000003,1.4117220597375317,1.4882458359503676,1.4834812295294013
final_joint_baseline_30mer,poly3,2,18,300.845,train,0.07296279796108267,0.07665469560188347,0.001048038736860108,0.08227162690564555,0.07728226240372671,0.007530838500676125,3.41430049334901,3.6279143825388958,3.6686666666666667,1.4126422269680854,1.4856404652421613,1.485208041131776
final_joint_baseline_30mer,poly3,2,19,302.047,train,0.07330498326968256,0.07734468647773096,0.0012943294614957213,0.08169930301457115,0.09108954433219461,0.011618551750550068,3.484319022753994,3.6749571901242515,3.6386666666666665,1.4088618546958285,1.4830069754539095,1.4771843355266583
final_joint_baseline_30mer,poly3,2,20,303.254,train,0.07151656472121404,0.07328093675640884,0.0025500874198440995,0.08177012754281189,0.08623885610829832,0.00649088217310199,3.5339085229499503,3.722634267923225,3.6639999999999997,1.406459226760602,1.4803438185685729,1.4846019655218283
final_joint_baseline_30mer,poly3,2,21,304.467,train,0.07255898813805582,0.0714050453978336,0.002115419189510283,0.08048661466249438,0.08849047264446672,0.007609048919861749,3.6290352606219884,3.7709771356390958,3.878,1.4036600134330308,1.4776494586056188,1.474667298659917
final_joint_baseline_30mer,poly3,2,22,305.683,train,0.07444576674151204,0.07309569775374133,0.001889030017186803,0.07729306730839194,0.08928626970677121,0.00896469815776897,3.686256109228393,3.8198557675322675,3.857333333333333,1.4002096648194318,1.4749313509825925,1.4758778447001204
final_joint_baseline_30mer,poly3,2,23,306.905,train,0.07434221022842324,0.08552420571929654,0.0030108021833702716,0.07749370036610623,0.08986070896005896,0.007643481010546033,3.728478369873435,3.8693787708939587,3.936,1.3994710802263843,1.4721836626475258,1.4693809741088386
final_joint_baseline_30mer,poly3,2,24,308.132,train,0.07325560646884163,0.07774903127739986,0.0014007801940124325,0.07587486915189029,0.07541735569730254,0.008802089091320436,3.769594917813588,3.9194930228111327,3.99,1.3975494234797674,1.4694095600303543,1.4626690391859016
final_joint_baseline_30mer,poly3,2,25,309.364,train,0.0728620873853653,0.07811848474650307,0.0033762871221105434,0.07318306520137528,0.07954509782135674,0.0074498569607896175,3.8070892984761517,3.970183707804239,3.8400000000000003,1.3954718061855997,1.4666100712609063,1.479771463065453
final_joint_baseline_30mer,poly3,2,26,310.6,train,0.07275213208592295,0.07821838724821042,0.003105317255247214,0.07421900944073034,0.07870148122125925,0.007558984715782939,3.874953172188026,4.021392622492673,3.9386666666666663,1.391661912809699,1.463788606366009,1.4647683886941874
final_joint_baseline_30mer,poly3,2,27,311.842,train,0.07287102931478484,0.07187583930055008,0.0042015308223289725,0.07391568164794923,0.07549202942804445,0.0071929338367829705,3.890596399013302,4.073184087433354,4.021333333333333,1.3920757652626659,1.4609418199257553,1.4665121174562128
final_joint_baseline_30mer,poly3,2,28,313.088,train,0.07307459134607056,0.07920817807241069,0.0012731689456910522,0.0725741401516075,0.07241964064482476,0.008722749318328189,3.9656718998547618,4.125454161260285,4.159333333333333,1.3890153180179459,1.4580756173982523,1.4572298721074155
final_joint_baseline_30mer,poly3,2,29,314.34,train,0.0721378507066105,0.07200830895971376,0.0016559140880799857,0.07196327446036224,0.07983202781283906,0.01018844052997201,3.9884460658874517,4.1782640466331475,4.159333333333334,1.3875389843347843,1.4551868279338152,1.465602798512049
final_joint_baseline_30mer,poly3,2,30,315.596,train,0.07280353303939488,0.08425457613421257,0.0019094752247812304,0.07105219289751391,0.07240158619291114,0.009550133869739671,4.08785200106047,4.231504474081742,4.180000000000001,1.384418102377888,1.4522816055656975,1.4580384275703142
final_joint_baseline_30mer,poly3,2,31,316.858,train,0.07101144534907541,0.07859396023249995,0.0027294136777090095,0.06893293625526299,0.06735838512737281,0.006579726731542271,4.162689040274801,4.285232934044447,4.244666666666667,1.3802637032924852,1.4493569807171705,1.4420270670287398
final_joint_baseline_30mer,poly3,2,32,318.124,train,0.06977651869479341,0.06916344975896044,0.0017395204743997585,0.06789636072182662,0.07599317826114069,0.007806196866748429,4.1928993187634,4.339334564745625,4.348666666666667,1.378450940428177,1.4464193626140902,1.4596067919322893
final_joint_baseline_30mer,poly3,2,33,319.396,train,0.06907718566521572,0.07572057496299223,0.001988240179722302,0.06773355200301304,0.07070976569636739,0.008059360535130424,4.283916015399866,4.393862517356366,4.330666666666667,1.3766030864406695,1.443466010453056,1.4438806533207618
final_joint_baseline_30mer,poly3,2,34,320.672,train,0.07019502062976023,0.07550233147802957,0.002323463330999996,0.06675595688789115,0.07110901854736038,0.009428340709693596,4.286059576503677,4.448696096489567,4.5793333333333335,1.374854657302226,1.4405035934172141,1.4326703748504912
final_joint_baseline_30mer,poly3,2,35,321.954,train,0.06874012587153966,0.07157624141551183,0.0011595524085499923,0.06465284333390012,0.06820122320049044,0.007315755938272947,4.3263572861193715,4.503883461482701,4.563333333333334,1.3732220845705354,1.437529627398915,1.4378402651398785
final_joint_baseline_30mer,poly3,2,36,323.241,train,0.0695816707688635,0.068361818879892,0.0017526155950643922,0.06446805797065588,0.06190930687697013,0.007559984369324627,4.395032073449062,4.559340977779676,4.461333333333334,1.3700644404845734,1.4345487301722288,1.428243327504366
final_joint_baseline_30mer,poly3,2,37,324.533,train,0.07012601926009812,0.06757753797912877,0.0022140251853231194,0.06537506384592728,0.07211517534310216,0.009069387760482705,4.451483072826613,4.61502493387819,4.599333333333334,1.3685460531537685,1.4315633361318731,1.43855767093053
final_joint_baseline_30mer,poly3,2,38,325.83,train,0.07018012899675913,0.07770807680059097,0.0037730588280568437,0.06365576494770092,0.06576088873247515,0.007604727980611121,4.488311634045692,4.670888515901341,4.733333333333333,1.366888136833101,1.4285760214316052,1.4224236031561832
final_joint_baseline_30mer,poly3,2,39,327.132,train,0.06952167678746976,0.06816970673535086,0.0019497815963909386,0.06421521166949097,0.07558763785236575,0.006406036504929579,4.575185294049842,4.726881712302292,4.704666666666666,1.3636341314088298,1.4255895068177107,1.4335119302653236
final_joint_baseline_30mer,poly3,2,40,328.44,train,0.06908019338408175,0.07221487389722468,0.00231363872722539,0.06336740717384368,0.07053049396599217,0.009259672264080154,4.6199888477764715,4.782994056868733,4.661333333333333,1.3595889047067131,1.422604384433151,1.4296658450584503
final_joint_baseline_30mer,poly3,2,41,329.753,train,0.0664754128930712,0.06710783501444742,0.0026007636153912994,0.06188790596120365,0.06986686380363996,0.006931096673625134,4.7220001383221515,4.8391257083445485,4.946,1.3558915257258317,1.4196259768561827,1.4205279950046084
final_joint_baseline_30mer,poly3,2,42,331.071,train,0.0664275471497366,0.0721477180296606,0.001441738336395,0.06094112062462253,0.06265888502386732,0.009341014851662232,4.730136074417318,4.895216418662221,5.006,1.3539478674019712,1.4166574590220602,1.410141067347522
final_joint_baseline_30mer,poly3,2,43,332.394,train,0.06695777327651294,0.07697847775209243,0.0021425572307514616,0.05970513714215935,0.06788215086916824,0.00932541981827241,4.787296262996519,4.951202423441126,4.972000000000001,1.352011450103533,1.4137021583032467,1.4164006398436138
final_joint_baseline_30mer,poly3,2,44,333.723,train,0.06770943703177609,0.07197900770873954,0.002114419031550366,0.05990309767071001,0.07385238934523239,0.010062758566901116,4.863467102381446,5.007058255780175,4.977333333333332,1.3487861302799726,1.410761353739982,1.4173738915564784
final_joint_baseline_30mer,poly3,2,45,335.057,train,0.06613312489392302,0.07462170489968253,0.0019290640750556079,0.05825528036154087,0.06370643329683237,0.008055901553029038,4.941125048989096,5.06267037057772,5.065333333333333,1.3481898596865658,1.4078409303071655,1.409431552666038
final_joint_baseline_30mer,poly3,2,46,336.396,train,0.06632069195573623,0.06456821394739232,0.0016946578050944378,0.05870894659026584,0.06566977016008826,0.007895003131105029,5.020747746501602,5.1179640213637985,5.064666666666667,1.3457309745538302,1.4049446826556702,1.4126881417822394
final_joint_baseline_30mer,poly3,2,47,337.741,train,0.06824445214705137,0.06566557529858505,0.00304489408423247,0.05720114229152697,0.05417214474571817,0.00828249226568615,5.0435716220577715,5.172901404928419,5.155333333333335,1.3444760491479961,1.4020744388493043,1.4033498626472876
final_joint_baseline_30mer,poly3,2,48,339.091,train,0.0654829663259321,0.06393416176890507,0.0032942540875619,0.05612564196601336,0.059353066542889396,0.008457309570107787,5.122854133526984,5.227358786726123,5.132666666666667,1.341662910771536,1.3992364808486015,1.397587530008743
final_joint_baseline_30mer,poly3,2,49,340.446,train,0.06603177563354892,0.05879536593412141,0.0019929056785337514,0.05470001116466832,0.06517571258959665,0.010743036564123076,5.218590209096986,5.28125029300335,5.244666666666667,1.3391828595644897,1.3964350620318924,1.39617326429998
final_joint_baseline_30mer,poly3,2,50,341.807,train,0.06794815575631129,0.06584874895903983,0.00187563278182533,0.05543760185447794,0.052722095213780046,0.007791031005630861,5.271444256172626,5.334525261542923,5.37,1.3372135791506743,1.3936725705743844,1.3850669340231958
final_joint_baseline_30mer,poly3,2,51,343.173,train,0.06696035022582326,0.07158134150980608,0.0024694632972786443,0.053275541005680396,0.05919134779655023,0.008951845591765772,5.3073408718906325,5.387050429071055,5.4846666666666675,1.3364304344011835,1.3909556396989444,1.3908350288820537
final_joint_baseline_30mer,poly3,2,52,344.545,train,0.06687626678796514,0.06980188858166902,0.0016803266771224109,0.052598045131262344,0.06372339964081822,0.009567038765525643,5.368419899946977,5.43876643558556,5.426666666666667,1.3327784510796787,1.388287031206366,1.3963127946187575
final_joint_baseline_30mer,poly3,2,53,345.922,train,0.0671382212736292,0.07606015787493875,0.0036118213498989326,0.053152767678202054,0.05897698912903458,0.007900516501900316,5.420805380731725,5.489534270187159,5.354666666666667,1.3307693450260425,1.385673578650538,1.3876973742153433
final_joint_baseline_30mer,poly3,2,54,347.305,train,0.06638249390847542,0.06940253641924907,0.0010907356559388397,0.05253626633172468,0.05283585189632298,0.007353032888285116,5.455972347096387,5.539286016389356,5.544666666666666,1.3296127304653613,1.3831184081996617,1.3790907995288428
final_joint_baseline_30mer,poly3,2,55,348.693,train,0.06791132296933851,0.0701101977328549,0.002725799184674143,0.05219523535811318,0.05660694313614334,0.008579784018715116,5.529657710307305,5.58787769163668,5.649333333333334,1.3272872473009774,1.3806285155685636,1.370530648544337
final_joint_baseline_30mer,poly3,2,56,350.086,train,0.06959488828595685,0.07424796993998008,0.002913421469817776,0.05197827020302845,0.06426399409405487,0.010748954096243473,5.55811461143002,5.635199731032171,5.589333333333333,1.3251929199481436,1.3782090824635265,1.3835374591281855
final_joint_baseline_30mer,poly3,2,57,351.486,train,0.06694613987326532,0.073172937573013,0.0022915982682254997,0.050500922182948056,0.05065518046312341,0.008666757459684033,5.524239516333541,5.681204472636297,5.711333333333333,1.3267302453454364,1.3758620990834534,1.3687163663263844
final_joint_baseline_30mer,poly3,2,58,352.891,train,0.06835905317876259,0.07411595397653398,0.0018607624891013056,0.05112952148537577,0.05243623517380469,0.009750817441815298,5.597728058648593,5.725707825743901,5.754,1.324656527064957,1.3735964867064572,1.3732707705263327
final_joint_baseline_30mer,poly3,2,59,354.301,train,0.06747390157226338,0.0721175815319533,0.003264190400249837,0.05067290298669325,0.046682909716140336,0.010207670738408808,5.6865059536159706,5.768592556539499,5.819333333333334,1.3203266723635592,1.3714177121409905,1.3667614156682022
final_joint_baseline_30mer,poly3,2,60,355.717,train,0.07097492425813878,0.07280265582023007,0.0015072192789966307,0.0511530705511334,0.05123848979282619,0.00795486371007367,5.7300068296562685,5.809767971801614,5.819333333333334,1.3184264601922309,1.3693298696066951,1.3723615906467908
final_joint_baseline_30mer,poly3,2,61,357.139,train,0.07049659276153594,0.07675375523305925,0.003155237555349036,0.05081974384994157,0.05335460134233262,0.01003804830509502,5.821185622564954,5.8491091295158615,5.83,1.3154275616635978,1.3673387715226037,1.3667652169065967
final_joint_baseline_30mer,poly3,2,62,358.567,train,0.06998006921572836,0.07546210807591142,0.0021837189327287257,0.05018454705538057,0.057808525665837746,0.007985876588814219,5.787977355510985,5.886489479682061,5.903333333333333,1.3170019276909346,1.3654502895496101,1.3579017314565105
final_joint_baseline_30mer,poly3,2,63,360.0,train,0.07072309658702479,0.07295262702868265,0.0016745048332239565,0.05041887641684743,0.048530193563569225,0.009435469300236234,5.94692838370565,5.921757454399173,5.984,1.3119173353397782,1.3636715392096037,1.3642648880982973
final_joint_baseline_30mer,poly3,3,0,280.0,train,0.07960774851668467,0.08246314539492812,0.000889567019156821,0.09618586450889802,0.10648231237339675,0.007887763156909092,2.543307513198239,2.8907320954271354,2.848666666666667,1.4490542803047362,1.5276691316658786,1.5260901144070171
final_joint_baseline_30mer,poly3,3,1,281.119,train,0.08102763109019206,0.07659473205270832,0.0016811702254715122,0.09687315464994416,0.09767772251425713,0.007733288580447164,2.607172003596376,2.9262834901513846,2.9133333333333336,1.4453908784431428,1.525608859092994,1.5224314511790857
final_joint_baseline_30mer,poly3,3,2,282.243,train,0.08118613568514388,0.07780854961255654,0.0021441635310136924,0.09745895725931526,0.1009848163189406,0.007862573034681191,2.6356502293842357,2.9624659422978574,2.9333333333333336,1.4450302196769296,1.5235155499376236,1.5191310323721297
final_joint_baseline_30mer,poly3,3,3,283.371,train,0.07859379238172665,0.08634741839009041,0.0023637897150884588,0.0968950901666219,0.09930461050953672,0.009107493058604055,2.7111095741983076,2.9992522517663414,3.0873333333333335,1.4426351112681033,1.521390949246928,1.5095056883308993
final_joint_baseline_30mer,poly3,3,4,284.504,train,0.0781251967624064,0.08451939322065023,0.0021753252095695493,0.09523151615395659,0.09889484617805351,0.006647806597324521,2.759010247366115,3.036679659424288,3.030666666666667,1.4411339909979202,1.519233081368652,1.5196176961181176
final_joint_baseline_30mer,poly3,3,5,285.641,train,0.07803697203278752,0.08053010591292956,0.0019154595959211583,0.09462469763429071,0.10834486410506104,0.007989347373230392,2.779320982317818,3.0747193626932887,3.0473333333333334,1.4388363579313137,1.517043785672452,1.5274242207416298
final_joint_baseline_30mer,poly3,3,6,286.783,train,0.07774926837651874,0.07863258894620355,0.0018249459159847528,0.09525594175913439,0.09687486316971511,0.010928611954976408,2.848500789588953,3.113408613949569,3.056,1.436106212846229,1.5148211005904912,1.5122437340379222
final_joint_baseline_30mer,poly3,3,7,287.929,train,0.07835369143227422,0.07964866292393294,0.0011311525288616284,0.09335039408206874,0.09729727625464064,0.009826836240683905,2.858525687576366,3.152716856512628,3.175333333333333,1.4361933836522711,1.5125669673858009,1.5051697922174239
final_joint_baseline_30mer,poly3,3,8,289.08,train,0.07827487314899773,0.07588732813093603,0.0021602516538117653,0.0918471659414146,0.093865155841108,0.008045695510545731,2.931267722525763,3.1926811949955023,3.1140000000000008,1.4333961198315441,1.5102794475146823,1.514200279597394
final_joint_baseline_30mer,poly3,3,9,290.235,train,0.07888828144957756,0.0780062550950914,0.0013336342678334264,0.09110861342368654,0.10771160351083774,0.0095655511138018,2.993197143647555,3.2332691517731043,3.1866666666666665,1.430608882046017,1.5079605922972612,1.5242482903503842
final_joint_baseline_30mer,poly3,3,10,291.395,train,0.07787139890465619,0.08295434702345583,0.002332647274727841,0.08890023612246575,0.10169991448699478,0.009777585628256492,2.9908893249878963,3.2745175018343518,3.3033333333333332,1.4303011384655808,1.505608496174534,1.5065733021445649
final_joint_baseline_30mer,poly3,3,11,292.56,train,0.07645855475934318,0.07905178677164096,0.0016824441566758498,0.08683555028151521,0.09835229611290715,0.010861876391549313,3.0821580272955718,3.316427844742056,3.2973333333333334,1.4258314762733413,1.5032232721336085,1.50260163525547
final_joint_baseline_30mer,poly3,3,12,293.729,train,0.07225676053415717,0.07261917924023784,0.0011466094309673454,0.08543596497502091,0.09004932296030098,0.010203736745529993,3.150122904995735,3.3589644680772093,3.397333333333333,1.423585365887622,1.5008071536967753,1.503063515981287
final_joint_baseline_30mer,poly3,3,13,294.903,train,0.07151652354078708,0.07401695002209403,0.0013686129387729213,0.08554200863866218,0.09215758793503881,0.009807416311302199,3.19203235585679,3.402163251621225,3.354,1.4218773193909555,1.4983583063628303,1.5110020044666799
final_joint_baseline_30mer,poly3,3,14,296.082,train,0.07121443358175958,0.07642985539591021,0.0017623201189349875,0.08604696800382884,0.08535828765708892,0.009634690256982398,3.262342658551767,3.4460234712687203,3.471333333333334,1.419300628344623,1.4958769831121257,1.4908940427175876
final_joint_baseline_30mer,poly3,3,15,297.266,train,0.07314629969321702,0.07818604873463647,0.0029637560819105175,0.08632268496190805,0.09520346639704944,0.007219193229918229,3.298642857966203,3.490543501724176,3.5593333333333335,1.4171639688431674,1.4933634899648525,1.4939510611335796
final_joint_baseline_30mer,poly3,3,16,298.454,train,0.07347420784071822,0.07682964887022606,0.0019705123233274033,0.08396405615701927,0.08500453650187179,0.008135474598990668,3.3203087177536483,3.5356825577650244,3.541333333333333,1.4153553834935257,1.4908203386878944,1.4801694643483483
final_joint_baseline_30mer,poly3,3,17,299.647,train,0.07360068919066917,0.07696797411186351,0.0012258500814251038,0.08404730038618125,0.09216789368428102,0.008541558951922188,3.3892846439357265,3.5814744266990974,3.635333333333334,1.4117220597375317,1.4882458359503676,1.4829401324012115
final_joint_baseline_30mer,poly3,3,18,300.845,train,0.07296279796108267,0.0756894293707999,0.0017028635992686356,0.08227162690564555,0.08516169119714838,0.008112466612247045,3.41430049334901,3.6279143825388958,3.7226666666666666,1.4126422269680854,1.4856404652421613,1.4810209433634922
final_joint_baseline_30mer,poly3,3,19,302.047,train,0.07330498326968256,0.07541867625125608,0.0029725757450424313,0.08169930301457115,0.09649375421129572,0.011095245773857102,3.484319022753994,3.6749571901242515,3.6366666666666667,1.4088618546958285,1.4830069754539095,1.48115063681064
final_joint_baseline_30mer,poly3,3,20,303.254,train,0.07151656472121404,0.06890204518597695,0.001927906148967714,0.08177012754281189,0.09088588009484343,0.00900662444862324,3.5339085229499503,3.722634267923225,3.7246666666666663,1.406459226760602,1.4803438185685729,1.4757558182516344
final_joint_baseline_30mer,poly3,3,21,304.467,train,0.07255898813805582,0.07217504852143569,0.0025891562432911537,0.08048661466249438,0.08287207694117091,0.010906044447972593,3.6290352606219884,3.7709771356390958,3.8440000000000003,1.4036600134330308,1.4776494586056188,1.4817960237083632
final_joint_baseline_30mer,poly3,3,22,305.683,train,0.07444576674151204,0.07746459120693605,0.0033911116504744855,0.07729306730839194,0.07783686703163387,0.007648277421650978,3.686256109228393,3.8198557675322675,3.982,1.4002096648194318,1.4749313509825925,1.4626974584597308
final_joint_baseline_30mer,poly3,3,23,306.905,train,0.07434221022842324,0.07860558657222652,0.002130383803396596,0.07749370036610623,0.0723640559315096,0.008249451876535712,3.728478369873435,3.8693787708939587,3.968,1.3994710802263843,1.4721836626475258,1.4632099020284324
final_joint_baseline_30mer,poly3,3,24,308.132,train,0.07325560646884163,0.076408802183362,0.0026560876600057095,0.07587486915189029,0.07638600966542164,0.007868022133496168,3.769594917813588,3.9194930228111327,4.0120000000000005,1.3975494234797674,1.4694095600303543,1.469156259985541
final_joint_baseline_30mer,poly3,3,25,309.364,train,0.0728620873853653,0.07189605335788499,0.0022869420546228407,0.07318306520137528,0.07879879193381614,0.007216953554409799,3.8070892984761517,3.970183707804239,3.9000000000000004,1.3954718061855997,1.4666100712609063,1.4682912018171188
final_joint_baseline_30mer,poly3,3,26,310.6,train,0.07275213208592295,0.07397893622956962,0.0012493505788322222,0.07421900944073034,0.07950756186059697,0.009285174016956933,3.874953172188026,4.021392622492673,4.007333333333333,1.391661912809699,1.463788606366009,1.4663672153465437
final_joint_baseline_30mer,poly3,3,27,311.842,train,0.07287102931478484,0.07614359157276737,0.001759465733035902,0.07391568164794923,0.07789581289306668,0.00804666532401109,3.890596399013302,4.073184087433354,4.065333333333333,1.3920757652626659,1.4609418199257553,1.4636297933801
final_joint_baseline_30mer,poly3,3,28,313.088,train,0.07307459134607056,0.07216533920356996,0.0027477083799409543,0.0725741401516075,0.07705824738121635,0.008646671291571241,3.9656718998547618,4.125454161260285,4.118666666666667,1.3890153180179459,1.4580756173982523,1.454577143688582
final_joint_baseline_30mer,poly3,3,29,314.34,train,0.0721378507066105,0.07136150153181033,0.0017789833215960758,0.07196327446036224,0.07091357158759795,0.010650826105306214,3.9884460658874517,4.1782640466331475,4.157333333333333,1.3875389843347843,1.4551868279338152,1.45442882613587
final_joint_baseline_30mer,poly3,3,30,315.596,train,0.07280353303939488,0.07302134403403034,0.0014077581210460255,0.07105219289751391,0.08008859311210247,0.010130677617177529,4.08785200106047,4.231504474081742,4.185333333333334,1.384418102377888,1.4522816055656975,1.4467171907418783
final_joint_baseline_30mer,poly3,3,31,316.858,train,0.07101144534907541,0.0682979855112232,0.002022273754851931,0.06893293625526299,0.06946776633937594,0.006830042602425677,4.162689040274801,4.285232934044447,4.284666666666666,1.3802637032924852,1.4493569807171705,1.4456952445295732
final_joint_baseline_30mer,poly3,3,32,318.124,train,0.06977651869479341,0.06746664116469325,0.0029197835331461006,0.06789636072182662,0.07620205210706016,0.007750256785800718,4.1928993187634,4.339334564745625,4.233333333333333,1.378450940428177,1.4464193626140902,1.4550553593367241
final_joint_baseline_30mer,poly3,3,33,319.396,train,0.06907718566521572,0.07436548325524427,0.0017492083872989546,0.06773355200301304,0.06617807916144473,0.007518851405078669,4.283916015399866,4.393862517356366,4.470666666666666,1.3766030864406695,1.443466010453056,1.4446972662212805
final_joint_baseline_30mer,poly3,3,34,320.672,train,0.07019502062976023,0.07051940898873074,0.001554449024650683,0.06675595688789115,0.0626782802025609,0.009363380566843622,4.286059576503677,4.448696096489567,4.426666666666667,1.374854657302226,1.4405035934172141,1.4412757099013855
final_joint_baseline_30mer,poly3,3,35,321.954,train,0.06874012587153966,0.07137625471839325,0.001755204154132666,0.06465284333390012,0.07314348718937103,0.009055660808450171,4.3263572861193715,4.503883461482701,4.557333333333333,1.3732220845705354,1.437529627398915,1.43472133409158
final_joint_baseline_30mer,poly3,3,36,323.241,train,0.0695816707688635,0.0661982824828272,0.0027193931083711945,0.06446805797065588,0.05789408777055005,0.008592089877805,4.395032073449062,4.559340977779676,4.610666666666667,1.3700644404845734,1.4345487301722288,1.4228290703828426
final_joint_baseline_30mer,poly3,3,37,324.533,train,0.07012601926009812,0.07867797665285384,0.0022738310159352744,0.06537506384592728,0.06776640366749713,0.007870499150673548,4.451483072826613,4.61502493387819,4.663333333333333,1.3685460531537685,1.4315633361318731,1.4328426640803702
final_joint_baseline_30mer,poly3,3,38,325.83,train,0.07018012899675913,0.07466916459358734,0.0018084069819721436,0.06365576494770092,0.0645254683769219,0.00828552730925697,4.488311634045692,4.670888515901341,4.652666666666666,1.366888136833101,1.4285760214316052,1.4352265148486458
final_joint_baseline_30mer,poly3,3,39,327.132,train,0.06952167678746976,0.07398041361146324,0.0030236442586826693,0.06421521166949097,0.06584127860249774,0.007624552404055079,4.575185294049842,4.726881712302292,4.6259999999999994,1.3636341314088298,1.4255895068177107,1.4297755652045563
final_joint_baseline_30mer,poly3,3,40,328.44,train,0.06908019338408175,0.07876301100256794,0.0027971287061196873,0.06336740717384368,0.06464993227701452,0.006326703682108397,4.6199888477764715,4.782994056868733,4.838,1.3595889047067131,1.422604384433151,1.417205355509199
final_joint_baseline_30mer,poly3,3,41,329.753,train,0.0664754128930712,0.06378198388798698,0.00191131574717193,0.06188790596120365,0.06830195195029089,0.009535625649311517,4.7220001383221515,4.8391257083445485,4.788,1.3558915257258317,1.4196259768561827,1.4148594383548048
final_joint_baseline_30mer,poly3,3,42,331.071,train,0.0664275471497366,0.07316964715486274,0.002477049161915752,0.06094112062462253,0.060463256922762845,0.008714430962819195,4.730136074417318,4.895216418662221,4.8580000000000005,1.3539478674019712,1.4166574590220602,1.4202487361654323
final_joint_baseline_30mer,poly3,3,43,332.394,train,0.06695777327651294,0.06508124167260584,0.0027996903163455076,0.05970513714215935,0.07293233054205073,0.007837089099726306,4.787296262996519,4.951202423441126,4.981999999999999,1.352011450103533,1.4137021583032467,1.4175079171951677
final_joint_baseline_30mer,poly3,3,44,333.723,train,0.06770943703177609,0.06767844472198153,0.001775353974740165,0.05990309767071001,0.06875723464154837,0.009651684716938051,4.863467102381446,5.007058255780175,4.934666666666667,1.3487861302799726,1.410761353739982,1.4100588271374987
final_joint_baseline_30mer,poly3,3,45,335.057,train,0.06613312489392302,0.06917809223423316,0.0019773346626475443,0.05825528036154087,0.05246068595894785,0.007663988224098505,4.941125048989096,5.06267037057772,5.116,1.3481898596865658,1.4078409303071655,1.4030958470670059
final_joint_baseline_30mer,poly3,3,46,336.396,train,0.06632069195573623,0.07669992006149867,0.003874802469647402,0.05870894659026584,0.0663694338843136,0.009028206351029683,5.020747746501602,5.1179640213637985,5.084000000000001,1.3457309745538302,1.4049446826556702,1.4027420668677513
final_joint_baseline_30mer,poly3,3,47,337.741,train,0.06824445214705137,0.07046079618792143,0.001737274071250041,0.05720114229152697,0.06369673442952303,0.007509571297044902,5.0435716220577715,5.172901404928419,5.2026666666666666,1.3444760491479961,1.4020744388493043,1.4091244596904646
final_joint_baseline_30mer,poly3,3,48,339.091,train,0.0654829663259321,0.07444725762895246,0.00388613490326885,0.05612564196601336,0.05752640958951234,0.009205794416219642,5.122854133526984,5.227358786726123,5.3053333333333335,1.341662910771536,1.3992364808486015,1.3876166554693359
final_joint_baseline_30mer,poly3,3,49,340.446,train,0.06603177563354892,0.07367854984277378,0.0020871262560778654,0.05470001116466832,0.05606481702492576,0.008774904753006994,5.218590209096986,5.28125029300335,5.373333333333333,1.3391828595644897,1.3964350620318924,1.3815084323603024
final_joint_baseline_30mer,poly3,3,50,341.807,train,0.06794815575631129,0.07409688090621581,0.002920118339922179,0.05543760185447794,0.05875075400544917,0.009853803329596553,5.271444256172626,5.334525261542923,5.386000000000001,1.3372135791506743,1.3936725705743844,1.3923465277840665
final_joint_baseline_30mer,poly3,3,51,343.173,train,0.06696035022582326,0.06726915313008401,0.003117521273367442,0.053275541005680396,0.06070158605505727,0.007447956285616411,5.3073408718906325,5.387050429071055,5.338000000000001,1.3364304344011835,1.3909556396989444,1.3979897038121132
final_joint_baseline_30mer,poly3,3,52,344.545,train,0.06687626678796514,0.07187585347754295,0.0025448528485808595,0.052598045131262344,0.049893246485983145,0.007829592759884239,5.368419899946977,5.43876643558556,5.392666666666667,1.3327784510796787,1.388287031206366,1.3854587272069252
final_joint_baseline_30mer,poly3,3,53,345.922,train,0.0671382212736292,0.06550259536851,0.0018437614376240474,0.053152767678202054,0.05458526472426614,0.007900549470484493,5.420805380731725,5.489534270187159,5.492666666666667,1.3307693450260425,1.385673578650538,1.3786694108953765
final_joint_baseline_30mer,poly3,3,54,347.305,train,0.06638249390847542,0.07327608608232629,0.0027912514162067364,0.05253626633172468,0.05790094275377991,0.007405495641414983,5.455972347096387,5.539286016389356,5.439333333333334,1.3296127304653613,1.3831184081996617,1.3877050343017
final_joint_baseline_30mer,poly3,3,55,348.693,train,0.06791132296933851,0.07591472952668396,0.003069960208392079,0.05219523535811318,0.053684901705029056,0.00737349317697795,5.529657710307305,5.58787769163668,5.656666666666666,1.3272872473009774,1.3806285155685636,1.3794638737000322
final_joint_baseline_30mer,poly3,3,56,350.086,train,0.06959488828595685,0.07057250685327346,0.0025621227492616263,0.05197827020302845,0.05747495697676009,0.009599809130255505,5.55811461143002,5.635199731032171,5.592666666666666,1.3251929199481436,1.3782090824635265,1.387335507760666
final_joint_baseline_30mer,poly3,3,57,351.486,train,0.06694613987326532,0.07402486735768964,0.0037912716457854283,0.050500922182948056,0.05897333604685516,0.007254420827826227,5.524239516333541,5.681204472636297,5.697333333333333,1.3267302453454364,1.3758620990834534,1.3715476467528516
final_joint_baseline_30mer,poly3,3,58,352.891,train,0.06835905317876259,0.07807795575516209,0.003896394156936101,0.05112952148537577,0.0635125091227921,0.010018780196288084,5.597728058648593,5.725707825743901,5.747333333333334,1.324656527064957,1.3735964867064572,1.3787564712659814
final_joint_baseline_30mer,poly3,3,59,354.301,train,0.06747390157226338,0.07083637717557113,0.0017902037963639286,0.05067290298669325,0.05213505342482626,0.008220245239357743,5.6865059536159706,5.768592556539499,5.793333333333333,1.3203266723635592,1.3714177121409905,1.3673395798015853
final_joint_baseline_30mer,poly3,3,60,355.717,train,0.07097492425813878,0.07154589945124516,0.00182592783964846,0.0511530705511334,0.05900387852973747,0.007829205502707173,5.7300068296562685,5.809767971801614,5.818666666666667,1.3184264601922309,1.3693298696066951,1.362190764997127
final_joint_baseline_30mer,poly3,3,61,357.139,train,0.07049659276153594,0.07484007723189233,0.0019069652449066707,0.05081974384994157,0.05318276383777107,0.008487800750718037,5.821185622564954,5.8491091295158615,5.897333333333334,1.3154275616635978,1.3673387715226037,1.367486453698283
final_joint_baseline_30mer,poly3,3,62,358.567,train,0.06998006921572836,0.07718245494274314,0.0020238490039840786,0.05018454705538057,0.05630595187682936,0.0082564494411935,5.787977355510985,5.886489479682061,5.926,1.3170019276909346,1.3654502895496101,1.3649370866110118
final_joint_baseline_30mer,poly3,3,63,360.0,train,0.07072309658702479,0.07725883113521342,0.004107541318402992,0.05041887641684743,0.05356022778871998,0.007557173931081679,5.94692838370565,5.921757454399173,5.986000000000001,1.3119173353397782,1.3636715392096037,1.3626326777836266
final_joint_baseline_30mer,poly3,4,0,280.0,train,0.07960774851668467,0.08050282494687108,0.0020249096762686007,0.09618586450889802,0.10272994097780126,0.0077424074582721665,2.543307513198239,2.8907320954271354,2.812,1.4490542803047362,1.5276691316658786,1.5188403516109572
final_joint_baseline_30mer,poly3,4,1,281.119,train,0.08102763109019206,0.08424179726518692,0.0015047331427728964,0.09687315464994416,0.11314168564497909,0.00968124663934923,2.607172003596376,2.9262834901513846,2.9366666666666665,1.4453908784431428,1.525608859092994,1.5308040827166103
final_joint_baseline_30mer,poly3,4,2,282.243,train,0.08118613568514388,0.08026742740088617,0.0016203279735090004,0.09745895725931526,0.09795358376608379,0.009611942720499936,2.6356502293842357,2.9624659422978574,2.9786666666666664,1.4450302196769296,1.5235155499376236,1.523866337498638
final_joint_baseline_30mer,poly3,4,3,283.371,train,0.07859379238172665,0.07991288806555562,0.0012122161143822351,0.0968950901666219,0.09898446085172052,0.008859039454314968,2.7111095741983076,2.9992522517663414,3.026,1.4426351112681033,1.521390949246928,1.5239406144861578
final_joint_baseline_30mer,poly3,4,4,284.504,train,0.0781251967624064,0.08148412207878857,0.0025583210854677233,0.09523151615395659,0.0985170900595965,0.006719405152001392,2.759010247366115,3.036679659424288,3.0113333333333334,1.4411339909979202,1.519233081368652,1.5170323015952076
final_joint_baseline_30mer,poly3,4,5,285.641,train,0.07803697203278752,0.08310667845352886,0.0015223387575170144,0.09462469763429071,0.10093631904150946,0.00840972503329826,2.779320982317818,3.0747193626932887,3.1446666666666667,1.4388363579313137,1.517043785672452,1.52356985585382
final_joint_baseline_30mer,poly3,4,6,286.783,train,0.07774926837651874,0.0833112934408875,0.001626885614218325,0.09525594175913439,0.08862957459192547,0.01069695804622867,2.848500789588953,3.113408613949569,3.0986666666666665,1.436106212846229,1.5148211005904912,1.4886421269116112
final_joint_baseline_30mer,poly3,4,7,287.929,train,0.07835369143227422,0.07665873554310441,0.0012148875101280494,0.09335039408206874,0.09258650859942738,0.007002396244896913,2.858525687576366,3.152716856512628,3.1206666666666667,1.4361933836522711,1.5125669673858009,1.5131917629306368
final_joint_baseline_30mer,poly3,4,8,289.08,train,0.07827487314899773,0.08386370995797815,0.0019202782020673042,0.0918471659414146,0.09463779033572425,0.008092646382426856,2.931267722525763,3.1926811949955023,3.1806666666666668,1.4333961198315441,1.5102794475146823,1.5119729646546878
final_joint_baseline_30mer,poly3,4,9,290.235,train,0.07888828144957756,0.0762767970431381,0.0015388755717198606,0.09110861342368654,0.08296278901010273,0.007677146724221084,2.993197143647555,3.2332691517731043,3.235333333333333,1.430608882046017,1.5079605922972612,1.4999648487196555
final_joint_baseline_30mer,poly3,4,10,291.395,train,0.07787139890465619,0.08277196067573868,0.0028965389363112687,0.08890023612246575,0.08872821745687318,0.007274439166337361,2.9908893249878963,3.2745175018343518,3.3226666666666667,1.4303011384655808,1.505608496174534,1.5052323952195978
final_joint_baseline_30mer,poly3,4,11,292.56,train,0.07645855475934318,0.07574861513004782,0.0007697889981927955,0.08683555028151521,0.08864811507406303,0.00941630908860452,3.0821580272955718,3.316427844742056,3.3200000000000003,1.4258314762733413,1.5032232721336085,1.5035256410181197
final_joint_baseline_30mer,poly3,4,12,293.729,train,0.07225676053415717,0.07280645884227482,0.0007586194257505562,0.08543596497502091,0.09196299245620211,0.008497929672266915,3.150122904995735,3.3589644680772093,3.3180000000000005,1.423585365887622,1.5008071536967753,1.505911902683784
final_joint_baseline_30mer,poly3,4,13,294.903,train,0.07151652354078708,0.0769046953822213,0.002045785898508899,0.08554200863866218,0.08746191008830374,0.007506806010475329,3.19203235585679,3.402163251621225,3.4833333333333334,1.4218773193909555,1.4983583063628303,1.4857966520819255
final_joint_baseline_30mer,poly3,4,14,296.082,train,0.07121443358175958,0.07253040274102192,0.002179008320801444,0.08604696800382884,0.10577546409964284,0.010023577360330868,3.262342658551767,3.4460234712687203,3.3166666666666664,1.419300628344623,1.4958769831121257,1.5088107466067768
final_joint_baseline_30mer,poly3,4,15,297.266,train,0.07314629969321702,0.07559926209804659,0.001449702326011085,0.08632268496190805,0.07596207189190353,0.00756461959005204,3.298642857966203,3.490543501724176,3.6033333333333335,1.4171639688431674,1.4933634899648525,1.4744677224910407
final_joint_baseline_30mer,poly3,4,16,298.454,train,0.07347420784071822,0.07480233150695823,0.002400981329726404,0.08396405615701927,0.08824738166375815,0.006780373647939669,3.3203087177536483,3.5356825577650244,3.566,1.4153553834935257,1.4908203386878944,1.4838311162715558
final_joint_baseline_30mer,poly3,4,17,299.647,train,0.07360068919066917,0.07701320521392674,0.0014438534172934012,0.08404730038618125,0.09584638429610293,0.007362964866713457,3.3892846439357265,3.5814744266990974,3.596,1.4117220597375317,1.4882458359503676,1.4991795602451556
final_joint_baseline_30mer,poly3,4,18,300.845,train,0.07296279796108267,0.0791824746826103,0.0038500352957814513,0.08227162690564555,0.08437991651706338,0.006436370854886891,3.41430049334901,3.6279143825388958,3.5753333333333335,1.4126422269680854,1.4856404652421613,1.4881151342252779
final_joint_baseline_30mer,poly3,4,19,302.047,train,0.07330498326968256,0.07500393020843678,0.0018652834572797793,0.08169930301457115,0.08697594557120097,0.007200174756270885,3.484319022753994,3.6749571901242515,3.592666666666667,1.4088618546958285,1.4830069754539095,1.4776865875793688
final_joint_baseline_30mer,poly3,4,20,303.254,train,0.07151656472121404,0.08238866020468578,0.0021645799962273123,0.08177012754281189,0.09129825935980469,0.00905240343319915,3.5339085229499503,3.722634267923225,3.7940000000000005,1.406459226760602,1.4803438185685729,1.4780435037894302
final_joint_baseline_30mer,poly3,4,21,304.467,train,0.07255898813805582,0.07265566601249647,0.001929911459148218,0.08048661466249438,0.09043782780408335,0.009051953267241555,3.6290352606219884,3.7709771356390958,3.703333333333334,1.4036600134330308,1.4776494586056188,1.4893278920015778
final_joint_baseline_30mer,poly3,4,22,305.683,train,0.07444576674151204,0.08455137953467393,0.00203605002358319,0.07729306730839194,0.08947863228883635,0.0076026137995968066,3.686256109228393,3.8198557675322675,3.8753333333333333,1.4002096648194318,1.4749313509825925,1.476145112320996
final_joint_baseline_30mer,poly3,4,23,306.905,train,0.07434221022842324,0.07564279679778302,0.0016776081732389268,0.07749370036610623,0.07958600812825503,0.008327858898520248,3.728478369873435,3.8693787708939587,3.8406666666666665,1.3994710802263843,1.4721836626475258,1.470652138101054
final_joint_baseline_30mer,poly3,4,24,308.132,train,0.07325560646884163,0.07278063647249633,0.0021978927736147113,0.07587486915189029,0.08847761064131852,0.008193344527673563,3.769594917813588,3.9194930228111327,3.797333333333334,1.3975494234797674,1.4694095600303543,1.4782464358095098
final_joint_baseline_30mer,poly3,4,25,309.364,train,0.0728620873853653,0.06953673151651556,0.001694117914349823,0.07318306520137528,0.07931341793893643,0.007058838280914208,3.8070892984761517,3.970183707804239,4.057333333333333,1.3954718061855997,1.4666100712609063,1.4639252544342436
final_joint_baseline_30mer,poly3,4,26,310.6,train,0.07275213208592295,0.0864384634147465,0.0022930511205001784,0.07421900944073034,0.08523013588805112,0.00880519606116143,3.874953172188026,4.021392622492673,4.038666666666667,1.391661912809699,1.463788606366009,1.459505810360103
final_joint_baseline_30mer,poly3,4,27,311.842,train,0.07287102931478484,0.07478262528726995,0.0026899877952140955,0.07391568164794923,0.08481000918902802,0.00986866213291059,3.890596399013302,4.073184087433354,4.069333333333334,1.3920757652626659,1.4609418199257553,1.4689702633392083
final_joint_baseline_30mer,poly3,4,28,313.088,train,0.07307459134607056,0.0776428824202417,0.001879390025940497,0.0725741401516075,0.07114995865490512,0.00779699745691439,3.9656718998547618,4.125454161260285,4.164666666666667,1.3890153180179459,1.4580756173982523,1.4589912085115901
final_joint_baseline_30mer,poly3,4,29,314.34,train,0.0721378507066105,0.07894580154765803,0.0020329785090850796,0.07196327446036224,0.07238307578184115,0.009881897027498603,3.9884460658874517,4.1782640466331475,4.182,1.3875389843347843,1.4551868279338152,1.444253782180124
final_joint_baseline_30mer,poly3,4,30,315.596,train,0.07280353303939488,0.07461663871149299,0.0018089701189887189,0.07105219289751391,0.07783923430444054,0.006573427443105123,4.08785200106047,4.231504474081742,4.278666666666666,1.384418102377888,1.4522816055656975,1.4555381314804827
final_joint_baseline_30mer,poly3,4,31,316.858,train,0.07101144534907541,0.07542742449350714,0.0015218053474275078,0.06893293625526299,0.06799736043958261,0.006518336552861104,4.162689040274801,4.285232934044447,4.309333333333333,1.3802637032924852,1.4493569807171705,1.4417594133442848
final_joint_baseline_30mer,poly3,4,32,318.124,train,0.06977651869479341,0.07743495861102945,0.0030652861756539944,0.06789636072182662,0.07146599305326616,0.0067229621699194725,4.1928993187634,4.339334564745625,4.274666666666667,1.378450940428177,1.4464193626140902,1.4521419974666028
final_joint_baseline_30mer,poly3,4,33,319.396,train,0.06907718566521572,0.07031900662840121,0.0014409871960925007,0.06773355200301304,0.07301797539960614,0.00788914946805279,4.283916015399866,4.393862517356366,4.258666666666667,1.3766030864406695,1.443466010453056,1.4457662150817998
final_joint_baseline_30mer,poly3,4,34,320.672,train,0.07019502062976023,0.06876172474578132,0.0021939391096291866,0.06675595688789115,0.07244662398510066,0.007945077325918195,4.286059576503677,4.448696096489567,4.4879999999999995,1.374854657302226,1.4405035934172141,1.4492640220166315
final_joint_baseline_30mer,poly3,4,35,321.954,train,0.06874012587153966,0.06958350812112052,0.0015586838699325574,0.06465284333390012,0.0829994010687437,0.009592165398503232,4.3263572861193715,4.503883461482701,4.4719999999999995,1.3732220845705354,1.437529627398915,1.4434939821179755
final_joint_baseline_30mer,poly3,4,36,323.241,train,0.0695816707688635,0.07439698533065693,0.0027534435100101937,0.06446805797065588,0.06853468567928381,0.010016676860513536,4.395032073449062,4.559340977779676,4.629333333333333,1.3700644404845734,1.4345487301722288,1.4378889224726281
final_joint_baseline_30mer,poly3,4,37,324.533,train,0.07012601926009812,0.07143293510732127,0.002098342017705911,0.06537506384592728,0.07186501185180716,0.008841704457247399,4.451483072826613,4.61502493387819,4.560666666666666,1.3685460531537685,1.4315633361318731,1.4392217836687928
final_joint_baseline_30mer,poly3,4,38,325.83,train,0.07018012899675913,0.06726179050287244,0.001804933139197436,0.06365576494770092,0.06450938196383382,0.0073437269573353335,4.488311634045692,4.670888515901341,4.633333333333333,1.366888136833101,1.4285760214316052,1.414469943853444
final_joint_baseline_30mer,poly3,4,39,327.132,train,0.06952167678746976,0.07041937479688118,0.0012245910978663343,0.06421521166949097,0.05591590864809223,0.00703123173045947,4.575185294049842,4.726881712302292,4.694,1.3636341314088298,1.4255895068177107,1.418709659870033
final_joint_baseline_30mer,poly3,4,40,328.44,train,0.06908019338408175,0.07526661869290599,0.0018803914198958476,0.06336740717384368,0.06494307300198456,0.009010434482155272,4.6199888477764715,4.782994056868733,4.8693333333333335,1.3595889047067131,1.422604384433151,1.413725790401364
final_joint_baseline_30mer,poly3,4,41,329.753,train,0.0664754128930712,0.06840328297629643,0.002644183440426369,0.06188790596120365,0.05657701607900102,0.008106595232975591,4.7220001383221515,4.8391257083445485,4.883333333333333,1.3558915257258317,1.4196259768561827,1.4179240001412043
final_joint_baseline_30mer,poly3,4,42,331.071,train,0.0664275471497366,0.06527149124985472,0.002686247687820051,0.06094112062462253,0.06680292686815534,0.009292875186444425,4.730136074417318,4.895216418662221,4.886666666666667,1.3539478674019712,1.4166574590220602,1.4194256300674724
final_joint_baseline_30mer,poly3,4,43,332.394,train,0.06695777327651294,0.06676989246092749,0.002463356882830483,0.05970513714215935,0.06339220484709251,0.009223576663146727,4.787296262996519,4.951202423441126,4.952,1.352011450103533,1.4137021583032467,1.41693135069308
final_joint_baseline_30mer,poly3,4,44,333.723,train,0.06770943703177609,0.07132664450937845,0.0024118387611093747,0.05990309767071001,0.06169152658238532,0.006774450176601249,4.863467102381446,5.007058255780175,5.122,1.3487861302799726,1.410761353739982,1.4061814332744136
final_joint_baseline_30mer,poly3,4,45,335.057,train,0.06613312489392302,0.07256131458473661,0.0026342050623835546,0.05825528036154087,0.05716275092278447,0.00696680363607317,4.941125048989096,5.06267037057772,5.067333333333333,1.3481898596865658,1.4078409303071655,1.404505928895792
final_joint_baseline_30mer,poly3,4,46,336.396,train,0.06632069195573623,0.06898145678235995,0.0019482618791481494,0.05870894659026584,0.06855783469882314,0.009158571145738505,5.020747746501602,5.1179640213637985,5.126666666666667,1.3457309745538302,1.4049446826556702,1.3939063702060646
final_joint_baseline_30mer,poly3,4,47,337.741,train,0.06824445214705137,0.07270106378521607,0.0027275983113464993,0.05720114229152697,0.06386201994023588,0.006553372921294036,5.0435716220577715,5.172901404928419,5.1593333333333335,1.3444760491479961,1.4020744388493043,1.4005053520367066
final_joint_baseline_30mer,poly3,4,48,339.091,train,0.0654829663259321,0.06969491499385264,0.0019672295599722912,0.05612564196601336,0.054958357799484964,0.009280325425573416,5.122854133526984,5.227358786726123,5.278666666666666,1.341662910771536,1.3992364808486015,1.398706983494633
final_joint_baseline_30mer,poly3,4,49,340.446,train,0.06603177563354892,0.06977281178615374,0.0015008341383376997,0.05470001116466832,0.05214641811005002,0.007826394342340429,5.218590209096986,5.28125029300335,5.252666666666666,1.3391828595644897,1.3964350620318924,1.3896664586047875
final_joint_baseline_30mer,poly3,4,50,341.807,train,0.06794815575631129,0.0636301417925142,0.00320848340133335,0.05543760185447794,0.06545968757807842,0.008353143332289974,5.271444256172626,5.334525261542923,5.165333333333333,1.3372135791506743,1.3936725705743844,1.4136754225871848
final_joint_baseline_30mer,poly3,4,51,343.173,train,0.06696035022582326,0.06507384188246312,0.001977246816685049,0.053275541005680396,0.06794479754908977,0.0088972835453716,5.3073408718906325,5.387050429071055,5.328,1.3364304344011835,1.3909556396989444,1.4029944491666533
final_joint_baseline_30mer,poly3,4,52,344.545,train,0.06687626678796514,0.07012000766982661,0.002362260216012011,0.052598045131262344,0.055000169489923145,0.007728984491766722,5.368419899946977,5.43876643558556,5.366666666666667,1.3327784510796787,1.388287031206366,1.3894016387685009
final_joint_baseline_30mer,poly3,4,53,345.922,train,0.0671382212736292,0.07635446630648066,0.004058500663231329,0.053152767678202054,0.052420075932577595,0.006190492451888142,5.420805380731725,5.489534270187159,5.434666666666667,1.3307693450260425,1.385673578650538,1.3837217350891708
final_joint_baseline_30mer,poly3,4,54,347.305,train,0.06638249390847542,0.07587241763092845,0.0038838803172544837,0.05253626633172468,0.059826705854741404,0.0071593952324331455,5.455972347096387,5.539286016389356,5.528666666666666,1.3296127304653613,1.3831184081996617,1.384237492148864
final_joint_baseline_30mer,poly3,4,55,348.693,train,0.06791132296933851,0.07469717690897629,0.0023231371848305375,0.05219523535811318,0.059070509605111524,0.008432097147821602,5.529657710307305,5.58787769163668,5.47,1.3272872473009774,1.3806285155685636,1.3871730039918924
final_joint_baseline_30mer,poly3,4,56,350.086,train,0.06959488828595685,0.07576574055655044,0.0030609437377440074,0.05197827020302845,0.05302549301585523,0.009957790642759477,5.55811461143002,5.635199731032171,5.544666666666666,1.3251929199481436,1.3782090824635265,1.3778419015364767
final_joint_baseline_30mer,poly3,4,57,351.486,train,0.06694613987326532,0.06853780988903786,0.0024924951945956026,0.050500922182948056,0.05204770517554971,0.009203303425568616,5.524239516333541,5.681204472636297,5.707333333333333,1.3267302453454364,1.3758620990834534,1.3680983833514277
final_joint_baseline_30mer,poly3,4,58,352.891,train,0.06835905317876259,0.06521586564157748,0.0011033365228454326,0.05112952148537577,0.05093452421910426,0.00795188284886809,5.597728058648593,5.725707825743901,5.707333333333333,1.324656527064957,1.3735964867064572,1.3702974701489787
final_joint_baseline_30mer,poly3,4,59,354.301,train,0.06747390157226338,0.06858069716417506,0.00330823500921194,0.05067290298669325,0.059096676482220875,0.008153434630044688,5.6865059536159706,5.768592556539499,5.639333333333333,1.3203266723635592,1.3714177121409905,1.3757126457423152
final_joint_baseline_30mer,poly3,4,60,355.717,train,0.07097492425813878,0.06674200788252756,0.002078660837517955,0.0511530705511334,0.04229220638888109,0.008150382394591892,5.7300068296562685,5.809767971801614,5.932,1.3184264601922309,1.3693298696066951,1.3570938172079279
final_joint_baseline_30mer,poly3,4,61,357.139,train,0.07049659276153594,0.07680676014646365,0.0026396729078268684,0.05081974384994157,0.05547129984916181,0.007809122682084742,5.821185622564954,5.8491091295158615,5.8580000000000005,1.3154275616635978,1.3673387715226037,1.3732702299544624
final_joint_baseline_30mer,poly3,4,62,358.567,train,0.06998006921572836,0.0662135250209396,0.0027457612298389753,0.05018454705538057,0.05756351677368625,0.0077857317761378005,5.787977355510985,5.886489479682061,5.888,1.3170019276909346,1.3654502895496101,1.372333296510802
final_joint_baseline_30mer,poly3,4,63,360.0,train,0.07072309658702479,0.07460874433183909,0.0016023076155588535,0.05041887641684743,0.046360963737684086,0.009583274999883682,5.94692838370565,5.921757454399173,5.933333333333334,1.3119173353397782,1.3636715392096037,1.3608132317583925
final_joint_baseline_30mer,poly3,5,0,280.0,train,0.07960774851668467,0.0837141545301181,0.0012643246452753109,0.09618586450889802,0.09916724931611544,0.0074319304032658415,2.543307513198239,2.8907320954271354,2.884666666666667,1.4490542803047362,1.5276691316658786,1.5281293797061468
final_joint_baseline_30mer,poly3,5,1,281.119,train,0.08102763109019206,0.0840155556653329,0.0021284574899977883,0.09687315464994416,0.11321990750295383,0.008244535658273704,2.607172003596376,2.9262834901513846,3.058666666666667,1.4453908784431428,1.525608859092994,1.5191427454210154
final_joint_baseline_30mer,poly3,5,2,282.243,train,0.08118613568514388,0.08299592115557539,0.001278114874801234,0.09745895725931526,0.10910234389701043,0.0070057970471338726,2.6356502293842357,2.9624659422978574,2.9779999999999998,1.4450302196769296,1.5235155499376236,1.5306372606408227
final_joint_baseline_30mer,poly3,5,3,283.371,train,0.07859379238172665,0.0773380548519994,0.0008960631809098601,0.0968950901666219,0.1032685167348546,0.007455687061580244,2.7111095741983076,2.9992522517663414,2.994666666666667,1.4426351112681033,1.521390949246928,1.526688781567473
final_joint_baseline_30mer,poly3,5,4,284.504,train,0.0781251967624064,0.08058791164801625,0.0025458674237588247,0.09523151615395659,0.09961608920190256,0.00840361501503466,2.759010247366115,3.036679659424288,2.985333333333334,1.4411339909979202,1.519233081368652,1.5178050126021039
final_joint_baseline_30mer,poly3,5,5,285.641,train,0.07803697203278752,0.08349429114747034,0.0023678626726868672,0.09462469763429071,0.09378551344037399,0.006939295553242598,2.779320982317818,3.0747193626932887,3.074666666666667,1.4388363579313137,1.517043785672452,1.5140797825245826
final_joint_baseline_30mer,poly3,5,6,286.783,train,0.07774926837651874,0.08152098886048997,0.0019653269726856775,0.09525594175913439,0.09755859410891413,0.0065928550399778196,2.848500789588953,3.113408613949569,3.042,1.436106212846229,1.5148211005904912,1.518881844100871
final_joint_baseline_30mer,poly3,5,7,287.929,train,0.07835369143227422,0.08083379863870362,0.00259315924179918,0.09335039408206874,0.08842134085766508,0.009666250218810872,2.858525687576366,3.152716856512628,3.1733333333333333,1.4361933836522711,1.5125669673858009,1.509026312306267
final_joint_baseline_30mer,poly3,5,8,289.08,train,0.07827487314899773,0.07915355683090415,0.0007959294070650808,0.0918471659414146,0.09177325364288663,0.008923165399231707,2.931267722525763,3.1926811949955023,3.198,1.4333961198315441,1.5102794475146823,1.5060169874685683
final_joint_baseline_30mer,poly3,5,9,290.235,train,0.07888828144957756,0.08062634322835123,0.001999353743439938,0.09110861342368654,0.09350999182279776,0.008736915779911177,2.993197143647555,3.2332691517731043,3.184,1.430608882046017,1.5079605922972612,1.508756148259715
final_joint_baseline_30mer,poly3,5,10,291.395,train,0.07787139890465619,0.07955395256656045,0.0018669577440441612,0.08890023612246575,0.09726409294446939,0.008845958560496492,2.9908893249878963,3.2745175018343518,3.3306666666666667,1.4303011384655808,1.505608496174534,1.5038559719041438
final_joint_baseline_30mer,poly3,5,11,292.56,train,0.07645855475934318,0.07587456338766141,0.001385268808872474,0.08683555028151521,0.08024359297031416,0.009419461320341624,3.0821580272955718,3.316427844742056,3.2786666666666666,1.4258314762733413,1.5032232721336085,1.5005585032508826
final_joint_baseline_30mer,poly3,5,12,293.729,train,0.07225676053415717,0.07944673935220713,0.0024962611998139666,0.08543596497502091,0.0893444851116019,0.006992263218804572,3.150122904995735,3.3589644680772093,3.3166666666666664,1.423585365887622,1.5008071536967753,1.500510716299998
final_joint_baseline_30mer,poly3,5,13,294.903,train,0.07151652354078708,0.06887050924015461,0.001063254282976061,0.08554200863866218,0.09656490535709994,0.007067338876767731,3.19203235585679,3.402163251621225,3.3706666666666667,1.4218773193909555,1.4983583063628303,1.5086552518577783
final_joint_baseline_30mer,poly3,5,14,296.082,train,0.07121443358175958,0.06643228786406416,0.0015669769560884258,0.08604696800382884,0.10190276013034152,0.00899126734955834,3.262342658551767,3.4460234712687203,3.4073333333333338,1.419300628344623,1.4958769831121257,1.5139505441341194
final_joint_baseline_30mer,poly3,5,15,297.266,train,0.07314629969321702,0.07302355113683978,0.0015941328572949168,0.08632268496190805,0.09241019748945348,0.00827734682469096,3.298642857966203,3.490543501724176,3.4966666666666666,1.4171639688431674,1.4933634899648525,1.491787995673718
final_joint_baseline_30mer,poly3,5,16,298.454,train,0.07347420784071822,0.0753458763770907,0.0019179713166920256,0.08396405615701927,0.09323345374978814,0.007175577499723576,3.3203087177536483,3.5356825577650244,3.592666666666667,1.4153553834935257,1.4908203386878944,1.4979646925411512
final_joint_baseline_30mer,poly3,5,17,299.647,train,0.07360068919066917,0.07903513248439903,0.0035408160779982338,0.08404730038618125,0.09002031763795931,0.008560318285277153,3.3892846439357265,3.5814744266990974,3.5773333333333333,1.4117220597375317,1.4882458359503676,1.4883307849400544
final_joint_baseline_30mer,poly3,5,18,300.845,train,0.07296279796108267,0.08067273249730328,0.002048188845794823,0.08227162690564555,0.08136232469395177,0.011530172471284522,3.41430049334901,3.6279143825388958,3.67,1.4126422269680854,1.4856404652421613,1.4865917622400873
final_joint_baseline_30mer,poly3,5,19,302.047,train,0.07330498326968256,0.0781187582967377,0.0019990709462531673,0.08169930301457115,0.09121984567567312,0.006646287767574722,3.484319022753994,3.6749571901242515,3.6400000000000006,1.4088618546958285,1.4830069754539095,1.490638083353412
final_joint_baseline_30mer,poly3,5,20,303.254,train,0.07151656472121404,0.0756439627308135,0.0016581820492504605,0.08177012754281189,0.08095735588120374,0.009650244064005527,3.5339085229499503,3.722634267923225,3.788666666666667,1.406459226760602,1.4803438185685729,1.4735875621522043
final_joint_baseline_30mer,poly3,5,21,304.467,train,0.07255898813805582,0.08260486990464087,0.0019138399967110324,0.08048661466249438,0.08054760673529249,0.007962561780119061,3.6290352606219884,3.7709771356390958,3.82,1.4036600134330308,1.4776494586056188,1.475651050083722
final_joint_baseline_30mer,poly3,5,22,305.683,train,0.07444576674151204,0.07620514158613728,0.0012339558138204118,0.07729306730839194,0.08030029768377325,0.008254328042788936,3.686256109228393,3.8198557675322675,3.848,1.4002096648194318,1.4749313509825925,1.474147368922036
final_joint_baseline_30mer,poly3,5,23,306.905,train,0.07434221022842324,0.07402976317201854,0.0012349875931683277,0.07749370036610623,0.07641036830488705,0.009523593996725317,3.728478369873435,3.8693787708939587,3.9153333333333338,1.3994710802263843,1.4721836626475258,1.472251152848913
final_joint_baseline_30mer,poly3,5,24,308.132,train,0.07325560646884163,0.0741965027899494,0.0018807680758962505,0.07587486915189029,0.07827882119595612,0.008966306855986692,3.769594917813588,3.9194930228111327,3.963333333333334,1.3975494234797674,1.4694095600303543,1.4660885210300663
final_joint_baseline_30mer,poly3,5,25,309.364,train,0.0728620873853653,0.07541551064840488,0.0017655828343568236,0.07318306520137528,0.08192874560678866,0.0066033558426173145,3.8070892984761517,3.970183707804239,3.9913333333333334,1.3954718061855997,1.4666100712609063,1.4664713582001312
final_joint_baseline_30mer,poly3,5,26,310.6,train,0.07275213208592295,0.0673013006146357,0.0020714844178664994,0.07421900944073034,0.08458385720064034,0.007128645998286559,3.874953172188026,4.021392622492673,3.981333333333333,1.391661912809699,1.463788606366009,1.470556659339661
final_joint_baseline_30mer,poly3,5,27,311.842,train,0.07287102931478484,0.07819490037881668,0.0025711939994277127,0.07391568164794923,0.07862728806518181,0.009947596394019976,3.890596399013302,4.073184087433354,4.08,1.3920757652626659,1.4609418199257553,1.452994066499004
final_joint_baseline_30mer,poly3,5,28,313.088,train,0.07307459134607056,0.08192313882171046,0.0031063757684149304,0.0725741401516075,0.08118661083338774,0.006987613156205561,3.9656718998547618,4.125454161260285,4.183999999999999,1.3890153180179459,1.4580756173982523,1.4574876874499312
final_joint_baseline_30mer,poly3,5,29,314.34,train,0.0721378507066105,0.07613381815081337,0.0018234850662272942,0.07196327446036224,0.0771898257644156,0.009561274113361778,3.9884460658874517,4.1782640466331475,4.227333333333333,1.3875389843347843,1.4551868279338152,1.4547225468380067
final_joint_baseline_30mer,poly3,5,30,315.596,train,0.07280353303939488,0.07710234853380005,0.0015278799883018924,0.07105219289751391,0.06962665281833698,0.008435450374405807,4.08785200106047,4.231504474081742,4.320666666666667,1.384418102377888,1.4522816055656975,1.4468950607242184
final_joint_baseline_30mer,poly3,5,31,316.858,train,0.07101144534907541,0.08075690912475736,0.0025996898777103546,0.06893293625526299,0.07567652706884845,0.009502611171173337,4.162689040274801,4.285232934044447,4.236666666666668,1.3802637032924852,1.4493569807171705,1.4519478604606397
final_joint_baseline_30mer,poly3,5,32,318.124,train,0.06977651869479341,0.07569912918632253,0.002856044071808443,0.06789636072182662,0.07586027024427772,0.0073868974585435945,4.1928993187634,4.339334564745625,4.312666666666667,1.378450940428177,1.4464193626140902,1.4544836321929835
final_joint_baseline_30mer,poly3,5,33,319.396,train,0.06907718566521572,0.07096670195908804,0.0024741197925395664,0.06773355200301304,0.07635302026337748,0.008558568518368354,4.283916015399866,4.393862517356366,4.4193333333333324,1.3766030864406695,1.443466010453056,1.4438759330973117
final_joint_baseline_30mer,poly3,5,34,320.672,train,0.07019502062976023,0.07424986296390572,0.0016128652640872492,0.06675595688789115,0.07024088390310794,0.00814964284400428,4.286059576503677,4.448696096489567,4.478666666666666,1.374854657302226,1.4405035934172141,1.4409092459755022
final_joint_baseline_30mer,poly3,5,35,321.954,train,0.06874012587153966,0.07936223360423054,0.0016586719413197344,0.06465284333390012,0.07095103962670961,0.008649042974875941,4.3263572861193715,4.503883461482701,4.502666666666666,1.3732220845705354,1.437529627398915,1.4405431940447133
final_joint_baseline_30mer,poly3,5,36,323.241,train,0.0695816707688635,0.07032045343727673,0.0016232338263983538,0.06446805797065588,0.06827864389204767,0.008354374188316235,4.395032073449062,4.559340977779676,4.486000000000001,1.3700644404845734,1.4345487301722288,1.432459673825651
final_joint_baseline_30mer,poly3,5,37,324.533,train,0.07012601926009812,0.0697633929720186,0.00260994766700166,0.06537506384592728,0.07030509214774872,0.006743027039859807,4.451483072826613,4.61502493387819,4.559333333333333,1.3685460531537685,1.4315633361318731,1.4251074836407587
final_joint_baseline_30mer,poly3,5,38,325.83,train,0.07018012899675913,0.07214677368381049,0.0017473892610709752,0.06365576494770092,0.07591427073253537,0.007327529521716307,4.488311634045692,4.670888515901341,4.645333333333333,1.366888136833101,1.4285760214316052,1.4442074495911754
final_joint_baseline_30mer,poly3,5,39,327.132,train,0.06952167678746976,0.06944859572210842,0.001386149111036733,0.06421521166949097,0.06950956154227476,0.008386151495273532,4.575185294049842,4.726881712302292,4.676666666666667,1.3636341314088298,1.4255895068177107,1.4229423243670318
final_joint_baseline_30mer,poly3,5,40,328.44,train,0.06908019338408175,0.06677467999664635,0.0030564824127467622,0.06336740717384368,0.06394734645388378,0.0069235727348524075,4.6199888477764715,4.782994056868733,4.844666666666667,1.3595889047067131,1.422604384433151,1.4182513619377795
final_joint_baseline_30mer,poly3,5,41,329.753,train,0.0664754128930712,0.07605466709029801,0.0027537207780866844,0.06188790596120365,0.06466242335332174,0.009493306302076966,4.7220001383221515,4.8391257083445485,4.8486666666666665,1.3558915257258317,1.4196259768561827,1.415624986103354
final_joint_baseline_30mer,poly3,5,42,331.071,train,0.0664275471497366,0.06863536378693827,0.003365832983907641,0.06094112062462253,0.06437933691014497,0.00547635885712095,4.730136074417318,4.895216418662221,4.8740000000000006,1.3539478674019712,1.4166574590220602,1.4196472584185376
final_joint_baseline_30mer,poly3,5,43,332.394,train,0.06695777327651294,0.06886427111141569,0.0025357136315313855,0.05970513714215935,0.06373693302835823,0.00833318580603294,4.787296262996519,4.951202423441126,5.062666666666667,1.352011450103533,1.4137021583032467,1.4116214389554036
final_joint_baseline_30mer,poly3,5,44,333.723,train,0.06770943703177609,0.06810201378734125,0.0019254487780735502,0.05990309767071001,0.07445141825060836,0.008088952942205397,4.863467102381446,5.007058255780175,4.987333333333334,1.3487861302799726,1.410761353739982,1.418272337260742
final_joint_baseline_30mer,poly3,5,45,335.057,train,0.06613312489392302,0.0681929816310839,0.0030967978629037403,0.05825528036154087,0.06107488098572821,0.007399691244312782,4.941125048989096,5.06267037057772,4.988666666666667,1.3481898596865658,1.4078409303071655,1.4038598680230838
final_joint_baseline_30mer,poly3,5,46,336.396,train,0.06632069195573623,0.0735094960153784,0.0017739978532465479,0.05870894659026584,0.057334954008868816,0.008044972355126502,5.020747746501602,5.1179640213637985,5.176,1.3457309745538302,1.4049446826556702,1.401764313689233
final_joint_baseline_30mer,poly3,5,47,337.741,train,0.06824445214705137,0.06624486087785862,0.0024185787829982272,0.05720114229152697,0.06691812757952774,0.008989541220554955,5.0435716220577715,5.172901404928419,5.144666666666666,1.3444760491479961,1.4020744388493043,1.4081546536219123
final_joint_baseline_30mer,poly3,5,48,339.091,train,0.0654829663259321,0.06326932451086593,0.003236527511248928,0.05612564196601336,0.06097914367277914,0.00838211289139088,5.122854133526984,5.227358786726123,5.302666666666666,1.341662910771536,1.3992364808486015,1.3936435049758606
final_joint_baseline_30mer,poly3,5,49,340.446,train,0.06603177563354892,0.06395590885476533,0.0023721917817069033,0.05470001116466832,0.06171197276462557,0.009312678955027697,5.218590209096986,5.28125029300335,5.314666666666666,1.3391828595644897,1.3964350620318924,1.3917576064113915
final_joint_baseline_30mer,poly3,5,50,341.807,train,0.06794815575631129,0.07526034160816134,0.0031320907455077472,0.05543760185447794,0.05272650425306723,0.009262022796506194,5.271444256172626,5.334525261542923,5.318666666666667,1.3372135791506743,1.3936725705743844,1.3835760491624374
final_joint_baseline_30mer,poly3,5,51,343.173,train,0.06696035022582326,0.06764631170103516,0.0026795131249993517,0.053275541005680396,0.06238719723083208,0.007582106082615156,5.3073408718906325,5.387050429071055,5.332,1.3364304344011835,1.3909556396989444,1.390994556579786
final_joint_baseline_30mer,poly3,5,52,344.545,train,0.06687626678796514,0.06329045101302859,0.0030453106143694445,0.052598045131262344,0.06370398808404282,0.00926381265382916,5.368419899946977,5.43876643558556,5.476666666666667,1.3327784510796787,1.388287031206366,1.3937453356936804
final_joint_baseline_30mer,poly3,5,53,345.922,train,0.0671382212736292,0.07224035647164362,0.0032074968916274336,0.053152767678202054,0.055593211774260326,0.01023258313136486,5.420805380731725,5.489534270187159,5.450666666666667,1.3307693450260425,1.385673578650538,1.3841558569739139
final_joint_baseline_30mer,poly3,5,54,347.305,train,0.06638249390847542,0.06778125447107035,0.002866939196345997,0.05253626633172468,0.06654675390691948,0.010188032668360117,5.455972347096387,5.539286016389356,5.451333333333333,1.3296127304653613,1.3831184081996617,1.3903357119982727
final_joint_baseline_30mer,poly3,5,55,348.693,train,0.06791132296933851,0.06831274418914164,0.0012908177058743207,0.05219523535811318,0.05099323392738577,0.007889675158838882,5.529657710307305,5.58787769163668,5.666666666666667,1.3272872473009774,1.3806285155685636,1.3740078746835487
final_joint_baseline_30mer,poly3,5,56,350.086,train,0.06959488828595685,0.06584587290216201,0.002540376890535003,0.05197827020302845,0.054460136928812894,0.007705717991560571,5.55811461143002,5.635199731032171,5.642666666666667,1.3251929199481436,1.3782090824635265,1.3751164063570789
final_joint_baseline_30mer,poly3,5,57,351.486,train,0.06694613987326532,0.07005069467713641,0.0023513467119084166,0.050500922182948056,0.06018792192144891,0.00904721990230127,5.524239516333541,5.681204472636297,5.647333333333334,1.3267302453454364,1.3758620990834534,1.3736345396933554
final_joint_baseline_30mer,poly3,5,58,352.891,train,0.06835905317876259,0.07398288754858245,0.00273645791608806,0.05112952148537577,0.05789261109364691,0.008914497404705424,5.597728058648593,5.725707825743901,5.6946666666666665,1.324656527064957,1.3735964867064572,1.3757443144206176
final_joint_baseline_30mer,poly3,5,59,354.301,train,0.06747390157226338,0.0676783777266992,0.0024474624997181775,0.05067290298669325,0.06324047100104369,0.009266565431080346,5.6865059536159706,5.768592556539499,5.728,1.3203266723635592,1.3714177121409905,1.3817985784250697
final_joint_baseline_30mer,poly3,5,60,355.717,train,0.07097492425813878,0.07400952619696226,0.002015199966752755,0.0511530705511334,0.055954261566245694,0.007645500422283914,5.7300068296562685,5.809767971801614,5.852,1.3184264601922309,1.3693298696066951,1.3660679606094948
final_joint_baseline_30mer,poly3,5,61,357.139,train,0.07049659276153594,0.07978434050290396,0.002625241017487523,0.05081974384994157,0.04880088439836536,0.008121942307599926,5.821185622564954,5.8491091295158615,5.816666666666666,1.3154275616635978,1.3673387715226037,1.3635600743896346
final_joint_baseline_30mer,poly3,5,62,358.567,train,0.06998006921572836,0.06797643493881607,0.0027297246254359285,0.05018454705538057,0.05730721647502152,0.009730682323972378,5.787977355510985,5.886489479682061,5.954000000000001,1.3170019276909346,1.3654502895496101,1.3630791380500484
final_joint_baseline_30mer,poly3,5,63,360.0,train,0.07072309658702479,0.06591995695259126,0.002722135476647315,0.05041887641684743,0.045013690756103626,0.010050359260400335,5.94692838370565,5.921757454399173,5.926,1.3119173353397782,1.3636715392096037,1.3534217881686184
final_joint_baseline_30mer,poly3,6,0,280.0,train,0.07960774851668467,0.08133140347328444,0.0015813844715566053,0.09618586450889802,0.09336598401010829,0.008281301479703436,2.543307513198239,2.8907320954271354,2.9133333333333336,1.4490542803047362,1.5276691316658786,1.522687457439302
final_joint_baseline_30mer,poly3,6,1,281.119,train,0.08102763109019206,0.08628917309724592,0.001280484588465061,0.09687315464994416,0.1104063428232754,0.008797993353543736,2.607172003596376,2.9262834901513846,2.9793333333333334,1.4453908784431428,1.525608859092994,1.5205483950617662
final_joint_baseline_30mer,poly3,6,2,282.243,train,0.08118613568514388,0.0832351746984926,0.0016988059659237954,0.09745895725931526,0.1006051944333804,0.009558842837211486,2.6356502293842357,2.9624659422978574,2.980666666666667,1.4450302196769296,1.5235155499376236,1.5109096728194977
final_joint_baseline_30mer,poly3,6,3,283.371,train,0.07859379238172665,0.08051870403684414,0.002057883005432892,0.0968950901666219,0.10261788917378523,0.007935639756116756,2.7111095741983076,2.9992522517663414,2.972666666666667,1.4426351112681033,1.521390949246928,1.5207811195163372
final_joint_baseline_30mer,poly3,6,4,284.504,train,0.0781251967624064,0.07978979749737806,0.0019456536052071547,0.09523151615395659,0.1050713078243306,0.0072397517362683406,2.759010247366115,3.036679659424288,3.042666666666667,1.4411339909979202,1.519233081368652,1.5179399834223979
final_joint_baseline_30mer,poly3,6,5,285.641,train,0.07803697203278752,0.07451130384441329,0.0011355637840050432,0.09462469763429071,0.09530425411296603,0.009926602995162048,2.779320982317818,3.0747193626932887,3.1246666666666667,1.4388363579313137,1.517043785672452,1.51525229511343
final_joint_baseline_30mer,poly3,6,6,286.783,train,0.07774926837651874,0.08200177088158818,0.0020376495185881237,0.09525594175913439,0.10236211740820224,0.008737522313520686,2.848500789588953,3.113408613949569,3.1306666666666665,1.436106212846229,1.5148211005904912,1.511190543379008
final_joint_baseline_30mer,poly3,6,7,287.929,train,0.07835369143227422,0.07991116131325034,0.0021487459776420585,0.09335039408206874,0.0935261684379279,0.007919670981029744,2.858525687576366,3.152716856512628,3.2466666666666666,1.4361933836522711,1.5125669673858009,1.5047801147464286
final_joint_baseline_30mer,poly3,6,8,289.08,train,0.07827487314899773,0.08659408505630312,0.002164091279789669,0.0918471659414146,0.09817778970505098,0.0067001422853302335,2.931267722525763,3.1926811949955023,3.2153333333333336,1.4333961198315441,1.5102794475146823,1.517158722118807
final_joint_baseline_30mer,poly3,6,9,290.235,train,0.07888828144957756,0.0785029161368663,0.0018305535708400653,0.09110861342368654,0.09710718537977892,0.008395488238426497,2.993197143647555,3.2332691517731043,3.2126666666666672,1.430608882046017,1.5079605922972612,1.5082623357343241
final_joint_baseline_30mer,poly3,6,10,291.395,train,0.07787139890465619,0.07784001003926322,0.001937148485359256,0.08890023612246575,0.10377984773845012,0.008362334081183302,2.9908893249878963,3.2745175018343518,3.214666666666667,1.4303011384655808,1.505608496174534,1.5141172230587636
final_joint_baseline_30mer,poly3,6,11,292.56,train,0.07645855475934318,0.07813843148335364,0.0012796593475879066,0.08683555028151521,0.08283171473038954,0.007868820440854124,3.0821580272955718,3.316427844742056,3.3080000000000003,1.4258314762733413,1.5032232721336085,1.503366061315302
final_joint_baseline_30mer,poly3,6,12,293.729,train,0.07225676053415717,0.07249409952917743,0.002208603845531968,0.08543596497502091,0.08650285688599346,0.010313455736935633,3.150122904995735,3.3589644680772093,3.3086666666666664,1.423585365887622,1.5008071536967753,1.4893660191502551
final_joint_baseline_30mer,poly3,6,13,294.903,train,0.07151652354078708,0.07022511494138435,0.0018721158831280773,0.08554200863866218,0.08926539766966426,0.008758956195277392,3.19203235585679,3.402163251621225,3.4073333333333338,1.4218773193909555,1.4983583063628303,1.5000140489115463
final_joint_baseline_30mer,poly3,6,14,296.082,train,0.07121443358175958,0.070802572621806,0.0009527117693259708,0.08604696800382884,0.09302502858586634,0.00857417596813906,3.262342658551767,3.4460234712687203,3.4133333333333336,1.419300628344623,1.4958769831121257,1.50454907484088
final_joint_baseline_30mer,poly3,6,15,297.266,train,0.07314629969321702,0.06905131722288146,0.003207092567106158,0.08632268496190805,0.09178052166397807,0.006687247917166593,3.298642857966203,3.490543501724176,3.4686666666666666,1.4171639688431674,1.4933634899648525,1.5003418524241385
final_joint_baseline_30mer,poly3,6,16,298.454,train,0.07347420784071822,0.07719551122759291,0.0014929282291103857,0.08396405615701927,0.09611360422958642,0.006370104060672004,3.3203087177536483,3.5356825577650244,3.655333333333333,1.4153553834935257,1.4908203386878944,1.4908350073146068
final_joint_baseline_30mer,poly3,6,17,299.647,train,0.07360068919066917,0.073795717770152,0.003269971493922887,0.08404730038618125,0.08982032866118528,0.007052922027103661,3.3892846439357265,3.5814744266990974,3.513333333333333,1.4117220597375317,1.4882458359503676,1.4906863668994585
final_joint_baseline_30mer,poly3,6,18,300.845,train,0.07296279796108267,0.07840046631738881,0.002127753215756172,0.08227162690564555,0.0863436838277705,0.009132544830093115,3.41430049334901,3.6279143825388958,3.7093333333333334,1.4126422269680854,1.4856404652421613,1.4794012053169445
final_joint_baseline_30mer,poly3,6,19,302.047,train,0.07330498326968256,0.06922330914471429,0.0023172890568850003,0.08169930301457115,0.08421840791034496,0.008519682713367815,3.484319022753994,3.6749571901242515,3.740000000000001,1.4088618546958285,1.4830069754539095,1.476308778337069
final_joint_baseline_30mer,poly3,6,20,303.254,train,0.07151656472121404,0.07766561273102483,0.002608692821785244,0.08177012754281189,0.08404547849093372,0.008452582058341014,3.5339085229499503,3.722634267923225,3.7073333333333336,1.406459226760602,1.4803438185685729,1.4789740744620021
final_joint_baseline_30mer,poly3,6,21,304.467,train,0.07255898813805582,0.07598748679121817,0.0019347587057149864,0.08048661466249438,0.09352264556540901,0.009644698718241515,3.6290352606219884,3.7709771356390958,3.742666666666667,1.4036600134330308,1.4776494586056188,1.4898967378586474
final_joint_baseline_30mer,poly3,6,22,305.683,train,0.07444576674151204,0.07735191073571093,0.0013999641255107616,0.07729306730839194,0.0817370079851722,0.005810259505771725,3.686256109228393,3.8198557675322675,3.876,1.4002096648194318,1.4749313509825925,1.4747541616380837
final_joint_baseline_30mer,poly3,6,23,306.905,train,0.07434221022842324,0.07368253924748679,0.002565495590772274,0.07749370036610623,0.08386921148580073,0.006079186045903944,3.728478369873435,3.8693787708939587,3.8073333333333332,1.3994710802263843,1.4721836626475258,1.4798075834152769
final_joint_baseline_30mer,poly3,6,24,308.132,train,0.07325560646884163,0.07519649417797575,0.001937536234527438,0.07587486915189029,0.07846733981973493,0.00742600588496066,3.769594917813588,3.9194930228111327,3.9939999999999998,1.3975494234797674,1.4694095600303543,1.4624933102343611
final_joint_baseline_30mer,poly3,6,25,309.364,train,0.0728620873853653,0.07464653671892961,0.0019225888193894268,0.07318306520137528,0.07954708190732027,0.008109970653207123,3.8070892984761517,3.970183707804239,4.053333333333333,1.3954718061855997,1.4666100712609063,1.4595994856545853
final_joint_baseline_30mer,poly3,6,26,310.6,train,0.07275213208592295,0.07026320714370608,0.0012379453801282633,0.07421900944073034,0.07304076306135845,0.0070804786483962935,3.874953172188026,4.021392622492673,3.9606666666666666,1.391661912809699,1.463788606366009,1.4714538322735287
final_joint_baseline_30mer,poly3,6,27,311.842,train,0.07287102931478484,0.06899840313713233,0.0014591707663484952,0.07391568164794923,0.08698831776359923,0.009246963885895968,3.890596399013302,4.073184087433354,4.050000000000001,1.3920757652626659,1.4609418199257553,1.4694558130991946
final_joint_baseline_30mer,poly3,6,28,313.088,train,0.07307459134607056,0.06970611272817258,0.002365229815734583,0.0725741401516075,0.08048403455824929,0.008232633094770172,3.9656718998547618,4.125454161260285,4.224,1.3890153180179459,1.4580756173982523,1.464984456841739
final_joint_baseline_30mer,poly3,6,29,314.34,train,0.0721378507066105,0.07237155434495603,0.0019265126781483656,0.07196327446036224,0.06647849606098166,0.0072098254743094715,3.9884460658874517,4.1782640466331475,4.129333333333333,1.3875389843347843,1.4551868279338152,1.448237019076573
final_joint_baseline_30mer,poly3,6,30,315.596,train,0.07280353303939488,0.07184081772522832,0.0008487797677067701,0.07105219289751391,0.07326020412926901,0.009827600396942457,4.08785200106047,4.231504474081742,4.302,1.384418102377888,1.4522816055656975,1.4462423925344923
final_joint_baseline_30mer,poly3,6,31,316.858,train,0.07101144534907541,0.07972002758894244,0.002441120092434886,0.06893293625526299,0.07529611226181374,0.007836711253667765,4.162689040274801,4.285232934044447,4.274666666666667,1.3802637032924852,1.4493569807171705,1.4497907227197986
final_joint_baseline_30mer,poly3,6,32,318.124,train,0.06977651869479341,0.06766314988291978,0.002779693026833156,0.06789636072182662,0.06889281778482152,0.008782327957830592,4.1928993187634,4.339334564745625,4.198,1.378450940428177,1.4464193626140902,1.462411169434111
final_joint_baseline_30mer,poly3,6,33,319.396,train,0.06907718566521572,0.07417317033772175,0.002199421268067597,0.06773355200301304,0.06744623336465602,0.007360766282479317,4.283916015399866,4.393862517356366,4.387333333333333,1.3766030864406695,1.443466010453056,1.4347445557558847
final_joint_baseline_30mer,poly3,6,34,320.672,train,0.07019502062976023,0.07855330556566488,0.004007205021405012,0.06675595688789115,0.07019045411654216,0.007200518960445247,4.286059576503677,4.448696096489567,4.526,1.374854657302226,1.4405035934172141,1.4398013478108151
final_joint_baseline_30mer,poly3,6,35,321.954,train,0.06874012587153966,0.06916781170085592,0.0019465061003194578,0.06465284333390012,0.07083775627587671,0.008377493593779352,4.3263572861193715,4.503883461482701,4.402666666666667,1.3732220845705354,1.437529627398915,1.4441898482158315
final_joint_baseline_30mer,poly3,6,36,323.241,train,0.0695816707688635,0.07206948439992929,0.002286182941210019,0.06446805797065588,0.07257779835994174,0.006922845636861901,4.395032073449062,4.559340977779676,4.637333333333333,1.3700644404845734,1.4345487301722288,1.436383061087376
final_joint_baseline_30mer,poly3,6,37,324.533,train,0.07012601926009812,0.07771674585913804,0.0025885068564604112,0.06537506384592728,0.07239329100071296,0.00809449852837029,4.451483072826613,4.61502493387819,4.545999999999999,1.3685460531537685,1.4315633361318731,1.4363186056407056
final_joint_baseline_30mer,poly3,6,38,325.83,train,0.07018012899675913,0.07051355798296982,0.0015564328388795283,0.06365576494770092,0.06800383944263261,0.005908443696726329,4.488311634045692,4.670888515901341,4.666666666666666,1.366888136833101,1.4285760214316052,1.4261293798151327
final_joint_baseline_30mer,poly3,6,39,327.132,train,0.06952167678746976,0.07785036684815785,0.0020709447721784374,0.06421521166949097,0.07124245537890429,0.008652974558609099,4.575185294049842,4.726881712302292,4.781999999999999,1.3636341314088298,1.4255895068177107,1.4226363064564154
final_joint_baseline_30mer,poly3,6,40,328.44,train,0.06908019338408175,0.0755593887905665,0.0014089082813146547,0.06336740717384368,0.07246296218953366,0.008522612447540061,4.6199888477764715,4.782994056868733,4.712666666666667,1.3595889047067131,1.422604384433151,1.431169792452875
final_joint_baseline_30mer,poly3,6,41,329.753,train,0.0664754128930712,0.06839670942831974,0.00120177332620677,0.06188790596120365,0.06501839066982071,0.008119094566987516,4.7220001383221515,4.8391257083445485,4.808,1.3558915257258317,1.4196259768561827,1.4215480041631576
final_joint_baseline_30mer,poly3,6,42,331.071,train,0.0664275471497366,0.07948171534886153,0.003724115017122889,0.06094112062462253,0.06431411249216556,0.006899421911384053,4.730136074417318,4.895216418662221,4.832000000000001,1.3539478674019712,1.4166574590220602,1.4188827158483732
final_joint_baseline_30mer,poly3,6,43,332.394,train,0.06695777327651294,0.07169207546690455,0.003034689273062374,0.05970513714215935,0.06858533115246032,0.006857417251089314,4.787296262996519,4.951202423441126,4.864666666666667,1.352011450103533,1.4137021583032467,1.4193302436399442
final_joint_baseline_30mer,poly3,6,44,333.723,train,0.06770943703177609,0.07420758417916942,0.003570640493380811,0.05990309767071001,0.0646141974089678,0.008621625811182258,4.863467102381446,5.007058255780175,4.947333333333333,1.3487861302799726,1.410761353739982,1.4132269857384534
final_joint_baseline_30mer,poly3,6,45,335.057,train,0.06613312489392302,0.06810496565364557,0.0032373238269200666,0.05825528036154087,0.05988085757781393,0.006515631140180285,4.941125048989096,5.06267037057772,5.258666666666667,1.3481898596865658,1.4078409303071655,1.3946528750179872
final_joint_baseline_30mer,poly3,6,46,336.396,train,0.06632069195573623,0.07619749235782373,0.0029948226637340376,0.05870894659026584,0.0626469450256036,0.009099920646655935,5.020747746501602,5.1179640213637985,5.088000000000001,1.3457309745538302,1.4049446826556702,1.4095633056624628
final_joint_baseline_30mer,poly3,6,47,337.741,train,0.06824445214705137,0.07604661180376175,0.002562720696448091,0.05720114229152697,0.06784276355566493,0.009742527542301597,5.0435716220577715,5.172901404928419,5.115333333333334,1.3444760491479961,1.4020744388493043,1.4005841106139365
final_joint_baseline_30mer,poly3,6,48,339.091,train,0.0654829663259321,0.06502647740767822,0.002684119738966145,0.05612564196601336,0.06213734827282251,0.008000667708469581,5.122854133526984,5.227358786726123,5.234,1.341662910771536,1.3992364808486015,1.3991121152194967
final_joint_baseline_30mer,poly3,6,49,340.446,train,0.06603177563354892,0.06973005540601718,0.0014737557260514024,0.05470001116466832,0.06742834091805056,0.005926717582757768,5.218590209096986,5.28125029300335,5.344000000000001,1.3391828595644897,1.3964350620318924,1.4007142797807326
final_joint_baseline_30mer,poly3,6,50,341.807,train,0.06794815575631129,0.0665886662575921,0.0029942680867466476,0.05543760185447794,0.055117412104308164,0.00809411471860324,5.271444256172626,5.334525261542923,5.4479999999999995,1.3372135791506743,1.3936725705743844,1.3904309361847869
final_joint_baseline_30mer,poly3,6,51,343.173,train,0.06696035022582326,0.06536935761110474,0.002969552788799036,0.053275541005680396,0.04860141175766903,0.006951015407987854,5.3073408718906325,5.387050429071055,5.348,1.3364304344011835,1.3909556396989444,1.3875002519957065
final_joint_baseline_30mer,poly3,6,52,344.545,train,0.06687626678796514,0.07268948063334016,0.002531803548692004,0.052598045131262344,0.05588331158466691,0.010365932311442219,5.368419899946977,5.43876643558556,5.281333333333333,1.3327784510796787,1.388287031206366,1.3879243699945
final_joint_baseline_30mer,poly3,6,53,345.922,train,0.0671382212736292,0.06929076982131846,0.001992260700761821,0.053152767678202054,0.05375468679150351,0.007941939098517228,5.420805380731725,5.489534270187159,5.544666666666667,1.3307693450260425,1.385673578650538,1.3826088179477853
final_joint_baseline_30mer,poly3,6,54,347.305,train,0.06638249390847542,0.07816100491334839,0.0034441469763738662,0.05253626633172468,0.06041780555895549,0.009271050297230438,5.455972347096387,5.539286016389356,5.442,1.3296127304653613,1.3831184081996617,1.3886917866150181
final_joint_baseline_30mer,poly3,6,55,348.693,train,0.06791132296933851,0.0771169690334856,0.001657578798448963,0.05219523535811318,0.05977306836999573,0.005219177485661892,5.529657710307305,5.58787769163668,5.54,1.3272872473009774,1.3806285155685636,1.3787970201731128
final_joint_baseline_30mer,poly3,6,56,350.086,train,0.06959488828595685,0.06815787825760408,0.0024137640964714416,0.05197827020302845,0.056238580091393334,0.006534736694129435,5.55811461143002,5.635199731032171,5.7,1.3251929199481436,1.3782090824635265,1.37525860613944
final_joint_baseline_30mer,poly3,6,57,351.486,train,0.06694613987326532,0.07515547332771352,0.0017643322051977945,0.050500922182948056,0.05048725031343436,0.008996340402517022,5.524239516333541,5.681204472636297,5.714,1.3267302453454364,1.3758620990834534,1.382123881874878
final_joint_baseline_30mer,poly3,6,58,352.891,train,0.06835905317876259,0.07609090696065643,0.003096073495478906,0.05112952148537577,0.050602754738884426,0.007487456824589697,5.597728058648593,5.725707825743901,5.7540000000000004,1.324656527064957,1.3735964867064572,1.3734633466620916
final_joint_baseline_30mer,poly3,6,59,354.301,train,0.06747390157226338,0.06987274499271943,0.001715143680855423,0.05067290298669325,0.06224056801036275,0.008944579893773529,5.6865059536159706,5.768592556539499,5.745333333333333,1.3203266723635592,1.3714177121409905,1.3903677401359484
final_joint_baseline_30mer,poly3,6,60,355.717,train,0.07097492425813878,0.07028245390224253,0.0024467171983134127,0.0511530705511334,0.05287172582654136,0.007129376054269634,5.7300068296562685,5.809767971801614,5.739333333333334,1.3184264601922309,1.3693298696066951,1.3730414707797807
final_joint_baseline_30mer,poly3,6,61,357.139,train,0.07049659276153594,0.0784908560228691,0.001705412418879387,0.05081974384994157,0.05529950283372079,0.007674347145454192,5.821185622564954,5.8491091295158615,5.883333333333333,1.3154275616635978,1.3673387715226037,1.3656240268451736
final_joint_baseline_30mer,poly3,6,62,358.567,train,0.06998006921572836,0.07986371612417201,0.002987431775947873,0.05018454705538057,0.052524925376309636,0.007410238512231439,5.787977355510985,5.886489479682061,6.022666666666667,1.3170019276909346,1.3654502895496101,1.3628323605416353
final_joint_baseline_30mer,poly3,6,63,360.0,train,0.07072309658702479,0.07333443278005397,0.0026661502595661858,0.05041887641684743,0.05111216799485985,0.010308738744141926,5.94692838370565,5.921757454399173,5.879333333333333,1.3119173353397782,1.3636715392096037,1.3572766620257954
final_joint_baseline_30mer,poly3,7,0,280.0,train,0.07960774851668467,0.0859833307577541,0.0019674104595737507,0.09618586450889802,0.10267244145265908,0.009379929841798086,2.543307513198239,2.8907320954271354,2.9453333333333336,1.4490542803047362,1.5276691316658786,1.5224976994862645
final_joint_baseline_30mer,poly3,7,1,281.119,train,0.08102763109019206,0.08042653782119491,0.0007574109483874279,0.09687315464994416,0.0965389844180376,0.006835405047577658,2.607172003596376,2.9262834901513846,2.892,1.4453908784431428,1.525608859092994,1.5262073977096873
final_joint_baseline_30mer,poly3,7,2,282.243,train,0.08118613568514388,0.08369925231638452,0.000756427826566699,0.09745895725931526,0.10103178899197884,0.010297116921614257,2.6356502293842357,2.9624659422978574,2.966,1.4450302196769296,1.5235155499376236,1.5099428952906067
final_joint_baseline_30mer,poly3,7,3,283.371,train,0.07859379238172665,0.07806722084128705,0.001174079263536537,0.0968950901666219,0.10152123404354021,0.00978163366998616,2.7111095741983076,2.9992522517663414,2.9833333333333334,1.4426351112681033,1.521390949246928,1.510621981827693
final_joint_baseline_30mer,poly3,7,4,284.504,train,0.0781251967624064,0.08099153875899948,0.002364001360224838,0.09523151615395659,0.09873093815477413,0.012121275900815269,2.759010247366115,3.036679659424288,3.0693333333333337,1.4411339909979202,1.519233081368652,1.5108820570531638
final_joint_baseline_30mer,poly3,7,5,285.641,train,0.07803697203278752,0.08145625492803656,0.0010819282384683755,0.09462469763429071,0.09505218736535444,0.009485063398269206,2.779320982317818,3.0747193626932887,3.106666666666667,1.4388363579313137,1.517043785672452,1.5130281789075024
final_joint_baseline_30mer,poly3,7,6,286.783,train,0.07774926837651874,0.08084686685682112,0.0018192646417637397,0.09525594175913439,0.10759990664645153,0.01050264662209858,2.848500789588953,3.113408613949569,3.2299999999999995,1.436106212846229,1.5148211005904912,1.5150052228265598
final_joint_baseline_30mer,poly3,7,7,287.929,train,0.07835369143227422,0.08128446416832347,0.001552089773425461,0.09335039408206874,0.10091470087170686,0.008814112323970896,2.858525687576366,3.152716856512628,3.182,1.4361933836522711,1.5125669673858009,1.5109317416946615
final_joint_baseline_30mer,poly3,7,8,289.08,train,0.07827487314899773,0.08641197598115405,0.0025357296869208197,0.0918471659414146,0.10234904934262411,0.010499532129462245,2.931267722525763,3.1926811949955023,3.213333333333333,1.4333961198315441,1.5102794475146823,1.5140120469331755
final_joint_baseline_30mer,poly3,7,9,290.235,train,0.07888828144957756,0.08148054656967905,0.002300582340510694,0.09110861342368654,0.09249859866344848,0.011497497239188886,2.993197143647555,3.2332691517731043,3.2993333333333332,1.430608882046017,1.5079605922972612,1.5014362723094241
final_joint_baseline_30mer,poly3,7,10,291.395,train,0.07787139890465619,0.07888192921578419,0.001078969791708882,0.08890023612246575,0.09367091884400511,0.007797739533301455,2.9908893249878963,3.2745175018343518,3.275333333333333,1.4303011384655808,1.505608496174534,1.5046984406243988
final_joint_baseline_30mer,poly3,7,11,292.56,train,0.07645855475934318,0.07581634973167191,0.002097923068385703,0.08683555028151521,0.09940606008545598,0.012714370201065354,3.0821580272955718,3.316427844742056,3.360666666666667,1.4258314762733413,1.5032232721336085,1.5051884281045294
final_joint_baseline_30mer,poly3,7,12,293.729,train,0.07225676053415717,0.07692039470715399,0.002045629475927549,0.08543596497502091,0.09512836533916685,0.007574694848803282,3.150122904995735,3.3589644680772093,3.328666666666667,1.423585365887622,1.5008071536967753,1.5000064781664388
final_joint_baseline_30mer,poly3,7,13,294.903,train,0.07151652354078708,0.07624433838455744,0.0020887724021776246,0.08554200863866218,0.0916734792545354,0.008020730814107715,3.19203235585679,3.402163251621225,3.4640000000000004,1.4218773193909555,1.4983583063628303,1.4890895777727933
final_joint_baseline_30mer,poly3,7,14,296.082,train,0.07121443358175958,0.07556692349344599,0.0010188358416353424,0.08604696800382884,0.08946050599729742,0.007562600535207997,3.262342658551767,3.4460234712687203,3.496000000000001,1.419300628344623,1.4958769831121257,1.484568352399342
final_joint_baseline_30mer,poly3,7,15,297.266,train,0.07314629969321702,0.07426008140474163,0.0013557158941780356,0.08632268496190805,0.09623511567578746,0.008533574943805241,3.298642857966203,3.490543501724176,3.4546666666666663,1.4171639688431674,1.4933634899648525,1.5036035118591533
final_joint_baseline_30mer,poly3,7,16,298.454,train,0.07347420784071822,0.06982403027579066,0.00252475924048305,0.08396405615701927,0.09518372001599759,0.009728210327284766,3.3203087177536483,3.5356825577650244,3.5026666666666673,1.4153553834935257,1.4908203386878944,1.4973805013300683
final_joint_baseline_30mer,poly3,7,17,299.647,train,0.07360068919066917,0.07177879276163064,0.0019756696587225828,0.08404730038618125,0.09194006753820064,0.00848069793618473,3.3892846439357265,3.5814744266990974,3.658666666666667,1.4117220597375317,1.4882458359503676,1.485477097312855
final_joint_baseline_30mer,poly3,7,18,300.845,train,0.07296279796108267,0.07539335250692211,0.0015680960702504393,0.08227162690564555,0.09812308619910662,0.01144564175546628,3.41430049334901,3.6279143825388958,3.608,1.4126422269680854,1.4856404652421613,1.4914221563842758
final_joint_baseline_30mer,poly3,7,19,302.047,train,0.07330498326968256,0.0735286093816867,0.002327041886633448,0.08169930301457115,0.08045979937704979,0.0077237540992752774,3.484319022753994,3.6749571901242515,3.6573333333333333,1.4088618546958285,1.4830069754539095,1.4866105834247714
final_joint_baseline_30mer,poly3,7,20,303.254,train,0.07151656472121404,0.06729598940252607,0.002375521828995977,0.08177012754281189,0.08289143514967143,0.009043979239679863,3.5339085229499503,3.722634267923225,3.7526666666666664,1.406459226760602,1.4803438185685729,1.478736905000892
final_joint_baseline_30mer,poly3,7,21,304.467,train,0.07255898813805582,0.08313354986997917,0.0025716085796330095,0.08048661466249438,0.08883128280901063,0.007806116344322645,3.6290352606219884,3.7709771356390958,3.8453333333333335,1.4036600134330308,1.4776494586056188,1.4772667642162818
final_joint_baseline_30mer,poly3,7,22,305.683,train,0.07444576674151204,0.07321045732676021,0.0036289131505666903,0.07729306730839194,0.08135884331298157,0.007004575456069789,3.686256109228393,3.8198557675322675,3.783333333333333,1.4002096648194318,1.4749313509825925,1.4858996778806628
final_joint_baseline_30mer,poly3,7,23,306.905,train,0.07434221022842324,0.07904794576840785,0.0021547899722359357,0.07749370036610623,0.08657150751005141,0.008530299777194047,3.728478369873435,3.8693787708939587,3.8420000000000005,1.3994710802263843,1.4721836626475258,1.4765304060516522
final_joint_baseline_30mer,poly3,7,24,308.132,train,0.07325560646884163,0.07448064541791659,0.0022821399676058746,0.07587486915189029,0.07145214958082198,0.008596467168411866,3.769594917813588,3.9194930228111327,3.998666666666667,1.3975494234797674,1.4694095600303543,1.4596860444697217
final_joint_baseline_30mer,poly3,7,25,309.364,train,0.0728620873853653,0.07572028676258892,0.0017718500631693393,0.07318306520137528,0.08070668765620158,0.008358364226109647,3.8070892984761517,3.970183707804239,3.9833333333333334,1.3954718061855997,1.4666100712609063,1.4737072510903393
final_joint_baseline_30mer,poly3,7,26,310.6,train,0.07275213208592295,0.06880208726981757,0.0023438424143754156,0.07421900944073034,0.07133177947543351,0.006637608352678622,3.874953172188026,4.021392622492673,4.134666666666667,1.391661912809699,1.463788606366009,1.4551360480488145
final_joint_baseline_30mer,poly3,7,27,311.842,train,0.07287102931478484,0.07263300622544006,0.0025226452992643837,0.07391568164794923,0.07035709009165768,0.009222092979819354,3.890596399013302,4.073184087433354,4.02,1.3920757652626659,1.4609418199257553,1.4612927404505585
final_joint_baseline_30mer,poly3,7,28,313.088,train,0.07307459134607056,0.0723464695296768,0.0012172855838493736,0.0725741401516075,0.08519694993672317,0.010130786525820992,3.9656718998547618,4.125454161260285,4.0873333333333335,1.3890153180179459,1.4580756173982523,1.464677942654669
final_joint_baseline_30mer,poly3,7,29,314.34,train,0.0721378507066105,0.07228452109400903,0.0018800975289274392,0.07196327446036224,0.07895574388123448,0.007490501137981003,3.9884460658874517,4.1782640466331475,4.133333333333334,1.3875389843347843,1.4551868279338152,1.4482917549304322
final_joint_baseline_30mer,poly3,7,30,315.596,train,0.07280353303939488,0.07782399429300099,0.002330842596016099,0.07105219289751391,0.0738158431208071,0.006477025620533379,4.08785200106047,4.231504474081742,4.214666666666667,1.384418102377888,1.4522816055656975,1.4545529895183298
final_joint_baseline_30mer,poly3,7,31,316.858,train,0.07101144534907541,0.0776618423514972,0.002089933963015299,0.06893293625526299,0.06707584297180369,0.008558048873060917,4.162689040274801,4.285232934044447,4.193333333333333,1.3802637032924852,1.4493569807171705,1.452533310672736
final_joint_baseline_30mer,poly3,7,32,318.124,train,0.06977651869479341,0.069829584242169,0.0024934937770150238,0.06789636072182662,0.07662375886299366,0.009278513648267005,4.1928993187634,4.339334564745625,4.350666666666667,1.378450940428177,1.4464193626140902,1.450516403443179
final_joint_baseline_30mer,poly3,7,33,319.396,train,0.06907718566521572,0.07061859228925065,0.001513302961595824,0.06773355200301304,0.07397293457684137,0.008567137412597282,4.283916015399866,4.393862517356366,4.5200000000000005,1.3766030864406695,1.443466010453056,1.4427602877966743
final_joint_baseline_30mer,poly3,7,34,320.672,train,0.07019502062976023,0.07202019395838796,0.0028501378614129258,0.06675595688789115,0.07777229249689244,0.008439696989466835,4.286059576503677,4.448696096489567,4.365333333333333,1.374854657302226,1.4405035934172141,1.4405345188016143
final_joint_baseline_30mer,poly3,7,35,321.954,train,0.06874012587153966,0.0737179887165965,0.0037949241336092034,0.06465284333390012,0.07529862555844652,0.007105617769143199,4.3263572861193715,4.503883461482701,4.252666666666666,1.3732220845705354,1.437529627398915,1.4478282150067432
final_joint_baseline_30mer,poly3,7,36,323.241,train,0.0695816707688635,0.06860565768253096,0.0031949214586897813,0.06446805797065588,0.07685390278835136,0.008188801966833392,4.395032073449062,4.559340977779676,4.5440000000000005,1.3700644404845734,1.4345487301722288,1.4371353332960282
final_joint_baseline_30mer,poly3,7,37,324.533,train,0.07012601926009812,0.0715072558675039,0.0025361863490251327,0.06537506384592728,0.08262720281278285,0.008998356527333313,4.451483072826613,4.61502493387819,4.505333333333334,1.3685460531537685,1.4315633361318731,1.4384678025796291
final_joint_baseline_30mer,poly3,7,38,325.83,train,0.07018012899675913,0.07582389177927473,0.001951532396902141,0.06365576494770092,0.07698805411595344,0.010244565328356877,4.488311634045692,4.670888515901341,4.799333333333333,1.366888136833101,1.4285760214316052,1.427092533659344
final_joint_baseline_30mer,poly3,7,39,327.132,train,0.06952167678746976,0.07403528355776183,0.0014636600415859258,0.06421521166949097,0.06668176187610207,0.009049658527282765,4.575185294049842,4.726881712302292,4.708,1.3636341314088298,1.4255895068177107,1.428429765915862
final_joint_baseline_30mer,poly3,7,40,328.44,train,0.06908019338408175,0.07008225947792626,0.002114898964102683,0.06336740717384368,0.06775410255582322,0.00800646943579093,4.6199888477764715,4.782994056868733,4.720666666666666,1.3595889047067131,1.422604384433151,1.4244770465146623
final_joint_baseline_30mer,poly3,7,41,329.753,train,0.0664754128930712,0.06468622458354331,0.0025524146745485223,0.06188790596120365,0.06408943018163224,0.005905259983742483,4.7220001383221515,4.8391257083445485,4.835333333333333,1.3558915257258317,1.4196259768561827,1.418438629936604
final_joint_baseline_30mer,poly3,7,42,331.071,train,0.0664275471497366,0.06988279634838242,0.004088514217656214,0.06094112062462253,0.06853522946541382,0.008142232018328865,4.730136074417318,4.895216418662221,4.854666666666667,1.3539478674019712,1.4166574590220602,1.4235088951795558
final_joint_baseline_30mer,poly3,7,43,332.394,train,0.06695777327651294,0.07024225738817894,0.0020543406953149428,0.05970513714215935,0.06478321379228538,0.008830300671294127,4.787296262996519,4.951202423441126,4.997333333333334,1.352011450103533,1.4137021583032467,1.4114703429530624
final_joint_baseline_30mer,poly3,7,44,333.723,train,0.06770943703177609,0.08040036912198315,0.004165549750876928,0.05990309767071001,0.06609208424720144,0.008683908197787568,4.863467102381446,5.007058255780175,4.9079999999999995,1.3487861302799726,1.410761353739982,1.427767592139
final_joint_baseline_30mer,poly3,7,45,335.057,train,0.06613312489392302,0.07354341030536073,0.002036301727132617,0.05825528036154087,0.07383415657174194,0.010960478977280093,4.941125048989096,5.06267037057772,5.08,1.3481898596865658,1.4078409303071655,1.4038407606527272
final_joint_baseline_30mer,poly3,7,46,336.396,train,0.06632069195573623,0.07340166120626747,0.002172576727799647,0.05870894659026584,0.05675757615807832,0.008588451258624008,5.020747746501602,5.1179640213637985,5.164,1.3457309745538302,1.4049446826556702,1.398587803358922
final_joint_baseline_30mer,poly3,7,47,337.741,train,0.06824445214705137,0.064606815274304,0.002470144665228216,0.05720114229152697,0.060948505737362754,0.00948968317525336,5.0435716220577715,5.172901404928419,5.187333333333334,1.3444760491479961,1.4020744388493043,1.396723130075826
final_joint_baseline_30mer,poly3,7,48,339.091,train,0.0654829663259321,0.06893317617460878,0.0019604022840524595,0.05612564196601336,0.05765800247575424,0.008340778687604727,5.122854133526984,5.227358786726123,5.332,1.341662910771536,1.3992364808486015,1.3913551285487706
final_joint_baseline_30mer,poly3,7,49,340.446,train,0.06603177563354892,0.07935239100591931,0.0022809432801208997,0.05470001116466832,0.057478064338511874,0.007422328883721503,5.218590209096986,5.28125029300335,5.263999999999999,1.3391828595644897,1.3964350620318924,1.395397387309779
final_joint_baseline_30mer,poly3,7,50,341.807,train,0.06794815575631129,0.06836015485451571,0.004017461147651814,0.05543760185447794,0.06749911407144127,0.00805984326825444,5.271444256172626,5.334525261542923,5.312,1.3372135791506743,1.3936725705743844,1.3933678616044585
final_joint_baseline_30mer,poly3,7,51,343.173,train,0.06696035022582326,0.06249149980493375,0.0014429045080240266,0.053275541005680396,0.05322217930790202,0.008024305789558515,5.3073408718906325,5.387050429071055,5.409999999999999,1.3364304344011835,1.3909556396989444,1.3895407810074907
final_joint_baseline_30mer,poly3,7,52,344.545,train,0.06687626678796514,0.08017774986101081,0.00424089967333789,0.052598045131262344,0.0553779805345153,0.0069837451459950186,5.368419899946977,5.43876643558556,5.530666666666668,1.3327784510796787,1.388287031206366,1.3906200548447556
final_joint_baseline_30mer,poly3,7,53,345.922,train,0.0671382212736292,0.06679515037982953,0.0033842751403116603,0.053152767678202054,0.05957610987739828,0.010643999414033569,5.420805380731725,5.489534270187159,5.522666666666668,1.3307693450260425,1.385673578650538,1.3812927506328834
final_joint_baseline_30mer,poly3,7,54,347.305,train,0.06638249390847542,0.06835436323392712,0.0022911061097820426,0.05253626633172468,0.049645524254573845,0.008663857447375103,5.455972347096387,5.539286016389356,5.654,1.3296127304653613,1.3831184081996617,1.3684370787166766
final_joint_baseline_30mer,poly3,7,55,348.693,train,0.06791132296933851,0.06673480197294471,0.002291979628393493,0.05219523535811318,0.05878908184749239,0.010765235058590762,5.529657710307305,5.58787769163668,5.650666666666666,1.3272872473009774,1.3806285155685636,1.378943083238111
final_joint_baseline_30mer,poly3,7,56,350.086,train,0.06959488828595685,0.0719433826877531,0.003507272922387381,0.05197827020302845,0.05361069738855714,0.0075731249192718605,5.55811461143002,5.635199731032171,5.701333333333334,1.3251929199481436,1.3782090824635265,1.3670180883633323
final_joint_baseline_30mer,poly3,7,57,351.486,train,0.06694613987326532,0.07006123050235648,0.003360341291167002,0.050500922182948056,0.06288035435516887,0.009262593372200555,5.524239516333541,5.681204472636297,5.664000000000001,1.3267302453454364,1.3758620990834534,1.3766639997848489
final_joint_baseline_30mer,poly3,7,58,352.891,train,0.06835905317876259,0.07595453922979406,0.0042218612172350385,0.05112952148537577,0.0594907095892086,0.008680069712923413,5.597728058648593,5.725707825743901,5.698666666666667,1.324656527064957,1.3735964867064572,1.3761275637785915
final_joint_baseline_30mer,poly3,7,59,354.301,train,0.06747390157226338,0.06798515479259448,0.002531740745863622,0.05067290298669325,0.06002091928952204,0.00880234087166619,5.6865059536159706,5.768592556539499,5.673333333333334,1.3203266723635592,1.3714177121409905,1.3728094572974008
final_joint_baseline_30mer,poly3,7,60,355.717,train,0.07097492425813878,0.07798973156192038,0.003353548580713253,0.0511530705511334,0.05437119538263933,0.010130068576229433,5.7300068296562685,5.809767971801614,5.912000000000001,1.3184264601922309,1.3693298696066951,1.3665745972765055
final_joint_baseline_30mer,poly3,7,61,357.139,train,0.07049659276153594,0.07368747749253104,0.0019372516850920854,0.05081974384994157,0.04922861649412681,0.009288031669900571,5.821185622564954,5.8491091295158615,5.9013333333333335,1.3154275616635978,1.3673387715226037,1.3645717791046892
final_joint_baseline_30mer,poly3,7,62,358.567,train,0.06998006921572836,0.06962731620200453,0.0023890717227120343,0.05018454705538057,0.04849071833351909,0.009088342915438676,5.787977355510985,5.886489479682061,5.8580000000000005,1.3170019276909346,1.3654502895496101,1.361329851398564
final_joint_baseline_30mer,poly3,7,63,360.0,train,0.07072309658702479,0.07506557485516473,0.0022038585392794565,0.05041887641684743,0.06233834047726877,0.009245423456892894,5.94692838370565,5.921757454399173,5.85,1.3119173353397782,1.3636715392096037,1.363702614701201
final_joint_baseline_30mer,poly3,8,0,280.0,train,0.07960774851668467,0.08040208879123524,0.002130958126291933,0.09618586450889802,0.09617223964086627,0.008500865161383177,2.543307513198239,2.8907320954271354,2.8373333333333335,1.4490542803047362,1.5276691316658786,1.535694090204093
final_joint_baseline_30mer,poly3,8,1,281.119,train,0.08102763109019206,0.07728286923502956,0.00189211543236693,0.09687315464994416,0.10851483222920819,0.01060326542700749,2.607172003596376,2.9262834901513846,2.8106666666666666,1.4453908784431428,1.525608859092994,1.5358677194095023
final_joint_baseline_30mer,poly3,8,2,282.243,train,0.08118613568514388,0.08068933476855147,0.0016737260164108405,0.09745895725931526,0.10030253233405093,0.008655156116680655,2.6356502293842357,2.9624659422978574,3.0366666666666675,1.4450302196769296,1.5235155499376236,1.5229592626732809
final_joint_baseline_30mer,poly3,8,3,283.371,train,0.07859379238172665,0.0846637399806756,0.0018310136621083402,0.0968950901666219,0.10618611005895592,0.010647893018099604,2.7111095741983076,2.9992522517663414,2.9920000000000004,1.4426351112681033,1.521390949246928,1.5176091500835498
final_joint_baseline_30mer,poly3,8,4,284.504,train,0.0781251967624064,0.08221127789662264,0.0019669209707037696,0.09523151615395659,0.1069930768630826,0.006907483902416678,2.759010247366115,3.036679659424288,3.026666666666667,1.4411339909979202,1.519233081368652,1.5317699891543772
final_joint_baseline_30mer,poly3,8,5,285.641,train,0.07803697203278752,0.08164130930677471,0.0011178109493402903,0.09462469763429071,0.09242001263217249,0.009774785187832103,2.779320982317818,3.0747193626932887,3.068666666666667,1.4388363579313137,1.517043785672452,1.510155943623517
final_joint_baseline_30mer,poly3,8,6,286.783,train,0.07774926837651874,0.07544215042210024,0.0014887966236747396,0.09525594175913439,0.10541875476549148,0.008915521392648309,2.848500789588953,3.113408613949569,3.1246666666666667,1.436106212846229,1.5148211005904912,1.5207483257069048
final_joint_baseline_30mer,poly3,8,7,287.929,train,0.07835369143227422,0.08109698272374304,0.0018334756248984934,0.09335039408206874,0.09065605146382358,0.008648369346299837,2.858525687576366,3.152716856512628,3.067333333333333,1.4361933836522711,1.5125669673858009,1.5104514810738237
final_joint_baseline_30mer,poly3,8,8,289.08,train,0.07827487314899773,0.08268905782093892,0.0023621434412927074,0.0918471659414146,0.08874811668069055,0.007242591659844028,2.931267722525763,3.1926811949955023,3.219333333333333,1.4333961198315441,1.5102794475146823,1.5122059379806916
final_joint_baseline_30mer,poly3,8,9,290.235,train,0.07888828144957756,0.08136220680187757,0.0011407633343962368,0.09110861342368654,0.09821713723180961,0.010797029289845496,2.993197143647555,3.2332691517731043,3.2386666666666666,1.430608882046017,1.5079605922972612,1.515663119058352
final_joint_baseline_30mer,poly3,8,10,291.395,train,0.07787139890465619,0.07690020730598704,0.0011265231320538717,0.08890023612246575,0.10340407360264105,0.008289863219436923,2.9908893249878963,3.2745175018343518,3.1973333333333334,1.4303011384655808,1.505608496174534,1.5097130268087828
final_joint_baseline_30mer,poly3,8,11,292.56,train,0.07645855475934318,0.07860214981552507,0.0023689913974648093,0.08683555028151521,0.09296696119459721,0.007508955456364748,3.0821580272955718,3.316427844742056,3.344666666666667,1.4258314762733413,1.5032232721336085,1.5076159426966953
final_joint_baseline_30mer,poly3,8,12,293.729,train,0.07225676053415717,0.076679517583468,0.002304641856923546,0.08543596497502091,0.08765349678365683,0.00757087779305777,3.150122904995735,3.3589644680772093,3.3026666666666666,1.423585365887622,1.5008071536967753,1.5021995116128015
final_joint_baseline_30mer,poly3,8,13,294.903,train,0.07151652354078708,0.07292478163353446,0.0019389990314803702,0.08554200863866218,0.0758870614259587,0.007762982631331859,3.19203235585679,3.402163251621225,3.432666666666667,1.4218773193909555,1.4983583063628303,1.4850404203764187
final_joint_baseline_30mer,poly3,8,14,296.082,train,0.07121443358175958,0.0720500772868367,0.0011220166775092798,0.08604696800382884,0.08019725902694694,0.008561631203366553,3.262342658551767,3.4460234712687203,3.427333333333334,1.419300628344623,1.4958769831121257,1.4977621615710965
final_joint_baseline_30mer,poly3,8,15,297.266,train,0.07314629969321702,0.0781440423295939,0.0018045734541843595,0.08632268496190805,0.09197831325006135,0.00747607598643806,3.298642857966203,3.490543501724176,3.4640000000000004,1.4171639688431674,1.4933634899648525,1.4987328897354524
final_joint_baseline_30mer,poly3,8,16,298.454,train,0.07347420784071822,0.07886516482766953,0.0015625424039010954,0.08396405615701927,0.0870686254153925,0.008052962953825207,3.3203087177536483,3.5356825577650244,3.526666666666667,1.4153553834935257,1.4908203386878944,1.4904988025595676
final_joint_baseline_30mer,poly3,8,17,299.647,train,0.07360068919066917,0.07557355127194508,0.0011547715112988524,0.08404730038618125,0.0954086021804993,0.009199319800140139,3.3892846439357265,3.5814744266990974,3.5700000000000003,1.4117220597375317,1.4882458359503676,1.483404440351822
final_joint_baseline_30mer,poly3,8,18,300.845,train,0.07296279796108267,0.07052881319396995,0.0017868785576189302,0.08227162690564555,0.08630460395199518,0.008161629919556823,3.41430049334901,3.6279143825388958,3.686666666666667,1.4126422269680854,1.4856404652421613,1.4906454040132364
final_joint_baseline_30mer,poly3,8,19,302.047,train,0.07330498326968256,0.07091845164649209,0.0015812059104146586,0.08169930301457115,0.0842741792353105,0.008794813434079726,3.484319022753994,3.6749571901242515,3.7499999999999996,1.4088618546958285,1.4830069754539095,1.485120251759646
final_joint_baseline_30mer,poly3,8,20,303.254,train,0.07151656472121404,0.07298794637536121,0.0030535343676291256,0.08177012754281189,0.08708530197916609,0.005746593003632518,3.5339085229499503,3.722634267923225,3.684,1.406459226760602,1.4803438185685729,1.4781188161742338
final_joint_baseline_30mer,poly3,8,21,304.467,train,0.07255898813805582,0.07797248810472054,0.0028016283826296944,0.08048661466249438,0.08259923360323951,0.009077348281347684,3.6290352606219884,3.7709771356390958,3.783333333333333,1.4036600134330308,1.4776494586056188,1.4810094436685979
final_joint_baseline_30mer,poly3,8,22,305.683,train,0.07444576674151204,0.06886826565209615,0.0019075560523839586,0.07729306730839194,0.07461580778058145,0.00800996555254755,3.686256109228393,3.8198557675322675,3.8226666666666667,1.4002096648194318,1.4749313509825925,1.4688445788844509
final_joint_baseline_30mer,poly3,8,23,306.905,train,0.07434221022842324,0.08062844030194102,0.002537764604768032,0.07749370036610623,0.07811667136354494,0.007900424181115345,3.728478369873435,3.8693787708939587,3.8720000000000003,1.3994710802263843,1.4721836626475258,1.4649805646446712
final_joint_baseline_30mer,poly3,8,24,308.132,train,0.07325560646884163,0.07377483133833972,0.0017160142016993426,0.07587486915189029,0.08749084998838337,0.010484643917762574,3.769594917813588,3.9194930228111327,3.923333333333334,1.3975494234797674,1.4694095600303543,1.4744705173297452
final_joint_baseline_30mer,poly3,8,25,309.364,train,0.0728620873853653,0.07917132495983353,0.002655915329762921,0.07318306520137528,0.08795898166785529,0.0074113074597403645,3.8070892984761517,3.970183707804239,3.9193333333333333,1.3954718061855997,1.4666100712609063,1.4756580702865922
final_joint_baseline_30mer,poly3,8,26,310.6,train,0.07275213208592295,0.08047422269526192,0.003343544365464023,0.07421900944073034,0.08633288841433147,0.00985777648309531,3.874953172188026,4.021392622492673,3.902,1.391661912809699,1.463788606366009,1.4660442958414257
final_joint_baseline_30mer,poly3,8,27,311.842,train,0.07287102931478484,0.0662304310610429,0.0021246815817214893,0.07391568164794923,0.07535670563044947,0.007778893095209559,3.890596399013302,4.073184087433354,4.058666666666667,1.3920757652626659,1.4609418199257553,1.4500421706386022
final_joint_baseline_30mer,poly3,8,28,313.088,train,0.07307459134607056,0.08091881196764467,0.001590213705828254,0.0725741401516075,0.07524933280425089,0.007599712886783462,3.9656718998547618,4.125454161260285,4.176,1.3890153180179459,1.4580756173982523,1.4532654254239015
final_joint_baseline_30mer,poly3,8,29,314.34,train,0.0721378507066105,0.07768341663885277,0.0011617563908504782,0.07196327446036224,0.06684390396307024,0.008042065048536237,3.9884460658874517,4.1782640466331475,4.147333333333333,1.3875389843347843,1.4551868279338152,1.447725398329835
final_joint_baseline_30mer,poly3,8,30,315.596,train,0.07280353303939488,0.07239584696946175,0.0017555316133297963,0.07105219289751391,0.08347977609177841,0.008258343925858478,4.08785200106047,4.231504474081742,4.265333333333333,1.384418102377888,1.4522816055656975,1.4567148128909144
final_joint_baseline_30mer,poly3,8,31,316.858,train,0.07101144534907541,0.07104459993550825,0.001830528118271311,0.06893293625526299,0.06916189515340285,0.008130354915020916,4.162689040274801,4.285232934044447,4.175333333333333,1.3802637032924852,1.4493569807171705,1.453183231398468
final_joint_baseline_30mer,poly3,8,32,318.124,train,0.06977651869479341,0.06947250237923815,0.0022980307710834397,0.06789636072182662,0.07454361541722981,0.007528948134592628,4.1928993187634,4.339334564745625,4.226666666666667,1.378450940428177,1.4464193626140902,1.455457865260931
final_joint_baseline_30mer,poly3,8,33,319.396,train,0.06907718566521572,0.07252505822058569,0.0022596443606407867,0.06773355200301304,0.068913338107008,0.00903473337890874,4.283916015399866,4.393862517356366,4.450000000000001,1.3766030864406695,1.443466010453056,1.445374644230513
final_joint_baseline_30mer,poly3,8,34,320.672,train,0.07019502062976023,0.07453800095026193,0.0021978961414715727,0.06675595688789115,0.0708638946388583,0.006176805036590854,4.286059576503677,4.448696096489567,4.392666666666667,1.374854657302226,1.4405035934172141,1.448995269255425
final_joint_baseline_30mer,poly3,8,35,321.954,train,0.06874012587153966,0.0717369130911039,0.001992929887674384,0.06465284333390012,0.06916252122327438,0.00697379274908555,4.3263572861193715,4.503883461482701,4.5986666666666665,1.3732220845705354,1.437529627398915,1.4246741205107274
final_joint_baseline_30mer,poly3,8,36,323.241,train,0.0695816707688635,0.06846423226245106,0.0020336363674515793,0.06446805797065588,0.07607104982591587,0.00921191177512218,4.395032073449062,4.559340977779676,4.5600000000000005,1.3700644404845734,1.4345487301722288,1.4385363442060661
final_joint_baseline_30mer,poly3,8,37,324.533,train,0.07012601926009812,0.06634573862861282,0.0028136425892663166,0.06537506384592728,0.06728544807559295,0.006895184638322608,4.451483072826613,4.61502493387819,4.549333333333333,1.3685460531537685,1.4315633361318731,1.4319045653498435
final_joint_baseline_30mer,poly3,8,38,325.83,train,0.07018012899675913,0.07008056691684789,0.00283579547462431,0.06365576494770092,0.06250231296800782,0.008308695268982643,4.488311634045692,4.670888515901341,4.584666666666666,1.366888136833101,1.4285760214316052,1.4365643428737482
final_joint_baseline_30mer,poly3,8,39,327.132,train,0.06952167678746976,0.07058344512788571,0.0007389507109608355,0.06421521166949097,0.06562009844986666,0.011528586594914386,4.575185294049842,4.726881712302292,4.731333333333334,1.3636341314088298,1.4255895068177107,1.4088920262112374
final_joint_baseline_30mer,poly3,8,40,328.44,train,0.06908019338408175,0.07022939538061465,0.0013009105433575351,0.06336740717384368,0.0643741428080129,0.006908253444133929,4.6199888477764715,4.782994056868733,4.748666666666667,1.3595889047067131,1.422604384433151,1.423272173806416
final_joint_baseline_30mer,poly3,8,41,329.753,train,0.0664754128930712,0.06722451000338475,0.002330956881210814,0.06188790596120365,0.0788676926646427,0.008361474917829445,4.7220001383221515,4.8391257083445485,4.729333333333333,1.3558915257258317,1.4196259768561827,1.4258679583836447
final_joint_baseline_30mer,poly3,8,42,331.071,train,0.0664275471497366,0.06718693297225051,0.0017684236922010437,0.06094112062462253,0.060399591880535744,0.00962525935708477,4.730136074417318,4.895216418662221,4.984,1.3539478674019712,1.4166574590220602,1.4061155975602553
final_joint_baseline_30mer,poly3,8,43,332.394,train,0.06695777327651294,0.08001552131591333,0.0025693468755407568,0.05970513714215935,0.0594896090263268,0.009759616419470991,4.787296262996519,4.951202423441126,4.9399999999999995,1.352011450103533,1.4137021583032467,1.4088880117297093
final_joint_baseline_30mer,poly3,8,44,333.723,train,0.06770943703177609,0.06433640818735037,0.0028635289972645133,0.05990309767071001,0.07237986090331819,0.0062843185947083135,4.863467102381446,5.007058255780175,5.030666666666667,1.3487861302799726,1.410761353739982,1.415164234308441
final_joint_baseline_30mer,poly3,8,45,335.057,train,0.06613312489392302,0.07141000078523665,0.002647074542824131,0.05825528036154087,0.06378780777348962,0.008789061304101169,4.941125048989096,5.06267037057772,5.0600000000000005,1.3481898596865658,1.4078409303071655,1.407330428021442
final_joint_baseline_30mer,poly3,8,46,336.396,train,0.06632069195573623,0.07314443069562508,0.00213344208729915,0.05870894659026584,0.07017014124161794,0.007605378655242101,5.020747746501602,5.1179640213637985,5.161333333333333,1.3457309745538302,1.4049446826556702,1.4177283578818225
final_joint_baseline_30mer,poly3,8,47,337.741,train,0.06824445214705137,0.07361113201725983,0.0024172140114628723,0.05720114229152697,0.05411412037786646,0.008141379821264144,5.0435716220577715,5.172901404928419,5.172000000000001,1.3444760491479961,1.4020744388493043,1.3993492268935688
final_joint_baseline_30mer,poly3,8,48,339.091,train,0.0654829663259321,0.06234791732613938,0.0018712551382893956,0.05612564196601336,0.05688736262130704,0.00893842146875936,5.122854133526984,5.227358786726123,5.258666666666667,1.341662910771536,1.3992364808486015,1.4049811014365794
final_joint_baseline_30mer,poly3,8,49,340.446,train,0.06603177563354892,0.06586244359266767,0.0032165586803036524,0.05470001116466832,0.0670873161581843,0.007393213138597574,5.218590209096986,5.28125029300335,5.241333333333333,1.3391828595644897,1.3964350620318924,1.406744996117665
final_joint_baseline_30mer,poly3,8,50,341.807,train,0.06794815575631129,0.06796681125256693,0.0020668657315920293,0.05543760185447794,0.0610194025188667,0.007965703781667761,5.271444256172626,5.334525261542923,5.244,1.3372135791506743,1.3936725705743844,1.401089738586946
final_joint_baseline_30mer,poly3,8,51,343.173,train,0.06696035022582326,0.06788085712998398,0.002178207486013062,0.053275541005680396,0.072595480484136,0.008889337654519295,5.3073408718906325,5.387050429071055,5.2780000000000005,1.3364304344011835,1.3909556396989444,1.4000363882473548
final_joint_baseline_30mer,poly3,8,52,344.545,train,0.06687626678796514,0.07511595901436686,0.0023317484861555314,0.052598045131262344,0.05314074391888959,0.005602210639109994,5.368419899946977,5.43876643558556,5.493333333333333,1.3327784510796787,1.388287031206366,1.38244447861901
final_joint_baseline_30mer,poly3,8,53,345.922,train,0.0671382212736292,0.06644579961130401,0.0016917205379709745,0.053152767678202054,0.060816743886453,0.008255955226638856,5.420805380731725,5.489534270187159,5.550666666666666,1.3307693450260425,1.385673578650538,1.3939325943367125
final_joint_baseline_30mer,poly3,8,54,347.305,train,0.06638249390847542,0.06468179566423671,0.0019165478393452736,0.05253626633172468,0.05560588755220906,0.007915572345357176,5.455972347096387,5.539286016389356,5.566666666666666,1.3296127304653613,1.3831184081996617,1.3894990543266026
final_joint_baseline_30mer,poly3,8,55,348.693,train,0.06791132296933851,0.06443884500338766,0.00316878125834483,0.05219523535811318,0.06697586486089813,0.010310756579693322,5.529657710307305,5.58787769163668,5.596,1.3272872473009774,1.3806285155685636,1.3864422957065536
final_joint_baseline_30mer,poly3,8,56,350.086,train,0.06959488828595685,0.07561626715195838,0.0025356844350710693,0.05197827020302845,0.059949269780768207,0.009269063111726093,5.55811461143002,5.635199731032171,5.567333333333334,1.3251929199481436,1.3782090824635265,1.3851281444432908
final_joint_baseline_30mer,poly3,8,57,351.486,train,0.06694613987326532,0.07755752794581804,0.0037720417662293936,0.050500922182948056,0.054165191941864255,0.008668623387699522,5.524239516333541,5.681204472636297,5.771333333333333,1.3267302453454364,1.3758620990834534,1.3651421165837099
final_joint_baseline_30mer,poly3,8,58,352.891,train,0.06835905317876259,0.07585303434665559,0.00247524318931932,0.05112952148537577,0.05356851985693176,0.009723358436769785,5.597728058648593,5.725707825743901,5.674666666666667,1.324656527064957,1.3735964867064572,1.3695332150397577
final_joint_baseline_30mer,poly3,8,59,354.301,train,0.06747390157226338,0.0743765803133102,0.0028220400678066336,0.05067290298669325,0.056107150214348755,0.009174895545880862,5.6865059536159706,5.768592556539499,5.7973333333333334,1.3203266723635592,1.3714177121409905,1.3670299517677351
final_joint_baseline_30mer,poly3,8,60,355.717,train,0.07097492425813878,0.0885635229196361,0.0065340781513490605,0.0511530705511334,0.04994801751597656,0.007822854383658314,5.7300068296562685,5.809767971801614,6.011333333333335,1.3184264601922309,1.3693298696066951,1.3641462563335338
final_joint_baseline_30mer,poly3,8,61,357.139,train,0.07049659276153594,0.07159419048656424,0.0013368867706786947,0.05081974384994157,0.05291520308685987,0.00825188754394463,5.821185622564954,5.8491091295158615,5.8919999999999995,1.3154275616635978,1.3673387715226037,1.3660210102273813
final_joint_baseline_30mer,poly3,8,62,358.567,train,0.06998006921572836,0.08083541147490869,0.004492674971890343,0.05018454705538057,0.04360575730602664,0.00770056936439629,5.787977355510985,5.886489479682061,6.138,1.3170019276909346,1.3654502895496101,1.3456993577328296
final_joint_baseline_30mer,poly3,8,63,360.0,train,0.07072309658702479,0.06903783619435865,0.002430611606892827,0.05041887641684743,0.05357392026190817,0.007671305324643156,5.94692838370565,5.921757454399173,5.953333333333333,1.3119173353397782,1.3636715392096037,1.3612274294564948
final_joint_baseline_30mer,poly3,9,0,280.0,train,0.07960774851668467,0.07879066936305058,0.0019484284672051564,0.09618586450889802,0.10190718301262618,0.010675808576749019,2.543307513198239,2.8907320954271354,2.8520000000000003,1.4490542803047362,1.5276691316658786,1.5251851089204669
final_joint_baseline_30mer,poly3,9,1,281.119,train,0.08102763109019206,0.08113970380823753,0.001970360371785065,0.09687315464994416,0.09374387164004422,0.011814059946088364,2.607172003596376,2.9262834901513846,2.9446666666666665,1.4453908784431428,1.525608859092994,1.513551430913447
final_joint_baseline_30mer,poly3,9,2,282.243,train,0.08118613568514388,0.08257229370094371,0.00201590050063386,0.09745895725931526,0.10467030454093809,0.007823935485962934,2.6356502293842357,2.9624659422978574,2.9960000000000004,1.4450302196769296,1.5235155499376236,1.5157008503089395
final_joint_baseline_30mer,poly3,9,3,283.371,train,0.07859379238172665,0.08439808489553938,0.0008620651719579604,0.0968950901666219,0.09083834166691787,0.008914371904273695,2.7111095741983076,2.9992522517663414,3.012,1.4426351112681033,1.521390949246928,1.515334042152651
final_joint_baseline_30mer,poly3,9,4,284.504,train,0.0781251967624064,0.0803086442871925,0.0018571141835102018,0.09523151615395659,0.09448424764734215,0.010267715266238847,2.759010247366115,3.036679659424288,3.0326666666666666,1.4411339909979202,1.519233081368652,1.5229446377790774
final_joint_baseline_30mer,poly3,9,5,285.641,train,0.07803697203278752,0.07636451690410942,0.00227049192941918,0.09462469763429071,0.09519931874001583,0.011287882273699416,2.779320982317818,3.0747193626932887,3.033333333333333,1.4388363579313137,1.517043785672452,1.5027888338067488
final_joint_baseline_30mer,poly3,9,6,286.783,train,0.07774926837651874,0.07738293322879666,0.0017205250730488216,0.09525594175913439,0.10317974755648335,0.011309658071491317,2.848500789588953,3.113408613949569,3.002666666666667,1.436106212846229,1.5148211005904912,1.517404149252073
final_joint_baseline_30mer,poly3,9,7,287.929,train,0.07835369143227422,0.08454026613993187,0.0022723668923653097,0.09335039408206874,0.10641714106733569,0.011566166117410553,2.858525687576366,3.152716856512628,3.194,1.4361933836522711,1.5125669673858009,1.5105355820251725
final_joint_baseline_30mer,poly3,9,8,289.08,train,0.07827487314899773,0.08330973674806967,0.002177625310124689,0.0918471659414146,0.08631082520156971,0.008737573639118739,2.931267722525763,3.1926811949955023,3.243333333333333,1.4333961198315441,1.5102794475146823,1.498150968206994
final_joint_baseline_30mer,poly3,9,9,290.235,train,0.07888828144957756,0.08217159997129475,0.0015715753119336523,0.09110861342368654,0.09622711499521325,0.009360201119142653,2.993197143647555,3.2332691517731043,3.190666666666667,1.430608882046017,1.5079605922972612,1.5074322529009825
final_joint_baseline_30mer,poly3,9,10,291.395,train,0.07787139890465619,0.07866594625622067,0.0009874552262843334,0.08890023612246575,0.10220865592479003,0.0078512064300403,2.9908893249878963,3.2745175018343518,3.2706666666666666,1.4303011384655808,1.505608496174534,1.509043096722246
final_joint_baseline_30mer,poly3,9,11,292.56,train,0.07645855475934318,0.07269053097259975,0.001373325697094536,0.08683555028151521,0.09111517207836921,0.008771426825246464,3.0821580272955718,3.316427844742056,3.208666666666667,1.4258314762733413,1.5032232721336085,1.506095224632705
final_joint_baseline_30mer,poly3,9,12,293.729,train,0.07225676053415717,0.07187280575492984,0.0009761554696875242,0.08543596497502091,0.08780403388953131,0.006922131865159677,3.150122904995735,3.3589644680772093,3.360666666666667,1.423585365887622,1.5008071536967753,1.501206250923761
final_joint_baseline_30mer,poly3,9,13,294.903,train,0.07151652354078708,0.0732469197982118,0.0021901631884229562,0.08554200863866218,0.08486619853667601,0.00893556192208875,3.19203235585679,3.402163251621225,3.428,1.4218773193909555,1.4983583063628303,1.496740456248958
final_joint_baseline_30mer,poly3,9,14,296.082,train,0.07121443358175958,0.079266314796377,0.0027365127417404403,0.08604696800382884,0.0785041557971182,0.009266729631593501,3.262342658551767,3.4460234712687203,3.526,1.419300628344623,1.4958769831121257,1.4793616202025544
final_joint_baseline_30mer,poly3,9,15,297.266,train,0.07314629969321702,0.07955528774564774,0.0024985115622371376,0.08632268496190805,0.09728040774679222,0.007986786613763144,3.298642857966203,3.490543501724176,3.4413333333333336,1.4171639688431674,1.4933634899648525,1.5035797887366833
final_joint_baseline_30mer,poly3,9,16,298.454,train,0.07347420784071822,0.07577723995019389,0.002381451468163389,0.08396405615701927,0.0897639286515996,0.0106295190439636,3.3203087177536483,3.5356825577650244,3.48,1.4153553834935257,1.4908203386878944,1.4934384936652272
final_joint_baseline_30mer,poly3,9,17,299.647,train,0.07360068919066917,0.07869127955111642,0.0022814788339354797,0.08404730038618125,0.09511196424633028,0.010426428247544837,3.3892846439357265,3.5814744266990974,3.574,1.4117220597375317,1.4882458359503676,1.4874593155293805
final_joint_baseline_30mer,poly3,9,18,300.845,train,0.07296279796108267,0.07541273843979611,0.0008230431552481807,0.08227162690564555,0.0862235067037562,0.007073319491065568,3.41430049334901,3.6279143825388958,3.6533333333333333,1.4126422269680854,1.4856404652421613,1.48800497976626
final_joint_baseline_30mer,poly3,9,19,302.047,train,0.07330498326968256,0.07707650081220463,0.001344818319059849,0.08169930301457115,0.07929865230558078,0.010151169495537838,3.484319022753994,3.6749571901242515,3.668,1.4088618546958285,1.4830069754539095,1.481396848387155
final_joint_baseline_30mer,poly3,9,20,303.254,train,0.07151656472121404,0.07331017472811706,0.0020693624515527847,0.08177012754281189,0.0861759221847512,0.007711191830475646,3.5339085229499503,3.722634267923225,3.7826666666666666,1.406459226760602,1.4803438185685729,1.4800804899819766
final_joint_baseline_30mer,poly3,9,21,304.467,train,0.07255898813805582,0.08087137874880049,0.0027724174707535955,0.08048661466249438,0.08776875473298995,0.007554858627354658,3.6290352606219884,3.7709771356390958,3.8313333333333333,1.4036600134330308,1.4776494586056188,1.479805175479599
final_joint_baseline_30mer,poly3,9,22,305.683,train,0.07444576674151204,0.06948496602397086,0.002810372713718051,0.07729306730839194,0.08661649576179448,0.009641661911321046,3.686256109228393,3.8198557675322675,3.7520000000000007,1.4002096648194318,1.4749313509825925,1.4855635792707957
final_joint_baseline_30mer,poly3,9,23,306.905,train,0.07434221022842324,0.07534518119239253,0.0012328106090905028,0.07749370036610623,0.08995060130140062,0.011476389326229821,3.728478369873435,3.8693787708939587,3.8193333333333332,1.3994710802263843,1.4721836626475258,1.4889089728093559
final_joint_baseline_30mer,poly3,9,24,308.132,train,0.07325560646884163,0.08114111480513092,0.0034485385716141346,0.07587486915189029,0.0840097356447873,0.009097792403584857,3.769594917813588,3.9194930228111327,3.912,1.3975494234797674,1.4694095600303543,1.4644657678843611
final_joint_baseline_30mer,poly3,9,25,309.364,train,0.0728620873853653,0.0771765984350448,0.002152912363669936,0.07318306520137528,0.083713029396361,0.009522360363601759,3.8070892984761517,3.970183707804239,3.8766666666666665,1.3954718061855997,1.4666100712609063,1.4612496666591803
final_joint_baseline_30mer,poly3,9,26,310.6,train,0.07275213208592295,0.08639320391498234,0.003597464495228029,0.07421900944073034,0.0789207590712048,0.007226810190321202,3.874953172188026,4.021392622492673,4.106,1.391661912809699,1.463788606366009,1.466433295798529
final_joint_baseline_30mer,poly3,9,27,311.842,train,0.07287102931478484,0.07378927337005736,0.002192879194104567,0.07391568164794923,0.08384401428113672,0.009896726145824894,3.890596399013302,4.073184087433354,4.083333333333334,1.3920757652626659,1.4609418199257553,1.4683950960935328
final_joint_baseline_30mer,poly3,9,28,313.088,train,0.07307459134607056,0.07132571483822758,0.001504369315776247,0.0725741401516075,0.06979085144020701,0.0070979252071481525,3.9656718998547618,4.125454161260285,4.21,1.3890153180179459,1.4580756173982523,1.4511192281763825
final_joint_baseline_30mer,poly3,9,29,314.34,train,0.0721378507066105,0.07832541451928642,0.0023844959908058015,0.07196327446036224,0.07715319853335076,0.007945960331807469,3.9884460658874517,4.1782640466331475,4.1339999999999995,1.3875389843347843,1.4551868279338152,1.4633224709927108
final_joint_baseline_30mer,poly3,9,30,315.596,train,0.07280353303939488,0.0721104095974848,0.0023598931475650496,0.07105219289751391,0.07201235259911726,0.009417920268609763,4.08785200106047,4.231504474081742,4.212666666666667,1.384418102377888,1.4522816055656975,1.4484276896593933
final_joint_baseline_30mer,poly3,9,31,316.858,train,0.07101144534907541,0.06814041249755519,0.003061680298208965,0.06893293625526299,0.07190094078206498,0.010729459017821307,4.162689040274801,4.285232934044447,4.171333333333333,1.3802637032924852,1.4493569807171705,1.4543185877507345
final_joint_baseline_30mer,poly3,9,32,318.124,train,0.06977651869479341,0.07108916326714318,0.0015908614499191792,0.06789636072182662,0.07180307033270632,0.009237354930696582,4.1928993187634,4.339334564745625,4.362666666666667,1.378450940428177,1.4464193626140902,1.4400359975795993
final_joint_baseline_30mer,poly3,9,33,319.396,train,0.06907718566521572,0.06783716091721644,0.0031432618360151448,0.06773355200301304,0.08060577705963443,0.007850654785127918,4.283916015399866,4.393862517356366,4.432,1.3766030864406695,1.443466010453056,1.4436086890167297
final_joint_baseline_30mer,poly3,9,34,320.672,train,0.07019502062976023,0.07332541874581405,0.0019033272141897662,0.06675595688789115,0.08215433878491736,0.012535724304900797,4.286059576503677,4.448696096489567,4.339333333333334,1.374854657302226,1.4405035934172141,1.449389096797515
final_joint_baseline_30mer,poly3,9,35,321.954,train,0.06874012587153966,0.0747144242052412,0.0017177067596844176,0.06465284333390012,0.06089562201476214,0.00877445446502129,4.3263572861193715,4.503883461482701,4.572666666666667,1.3732220845705354,1.437529627398915,1.4327961461542849
final_joint_baseline_30mer,poly3,9,36,323.241,train,0.0695816707688635,0.06863345831906742,0.00142506470667701,0.06446805797065588,0.0752055096375758,0.009677887216588677,4.395032073449062,4.559340977779676,4.612000000000001,1.3700644404845734,1.4345487301722288,1.440477400024101
final_joint_baseline_30mer,poly3,9,37,324.533,train,0.07012601926009812,0.07439720889396728,0.0015906437605964754,0.06537506384592728,0.0739981602570575,0.009424636514915916,4.451483072826613,4.61502493387819,4.6146666666666665,1.3685460531537685,1.4315633361318731,1.4386305885874013
final_joint_baseline_30mer,poly3,9,38,325.83,train,0.07018012899675913,0.06565833868848706,0.0024713128884437784,0.06365576494770092,0.06522586757941105,0.0071972420650091035,4.488311634045692,4.670888515901341,4.634666666666668,1.366888136833101,1.4285760214316052,1.4265951754861388
final_joint_baseline_30mer,poly3,9,39,327.132,train,0.06952167678746976,0.0692106751685343,0.002310722809367975,0.06421521166949097,0.06684066344245605,0.010239188313837286,4.575185294049842,4.726881712302292,4.758000000000001,1.3636341314088298,1.4255895068177107,1.4215572309532742
final_joint_baseline_30mer,poly3,9,40,328.44,train,0.06908019338408175,0.0670167551059839,0.0029596966148813545,0.06336740717384368,0.06787262201080085,0.010557133981247373,4.6199888477764715,4.782994056868733,4.843333333333334,1.3595889047067131,1.422604384433151,1.4091773370737903
final_joint_baseline_30mer,poly3,9,41,329.753,train,0.0664754128930712,0.07753099606318106,0.0020874642046112583,0.06188790596120365,0.07276922012262446,0.009750455192429352,4.7220001383221515,4.8391257083445485,4.787333333333334,1.3558915257258317,1.4196259768561827,1.4249338441831103
final_joint_baseline_30mer,poly3,9,42,331.071,train,0.0664275471497366,0.06022273305760858,0.003752033632457085,0.06094112062462253,0.06969288993535658,0.011688959783304642,4.730136074417318,4.895216418662221,4.850666666666667,1.3539478674019712,1.4166574590220602,1.4169141153750027
final_joint_baseline_30mer,poly3,9,43,332.394,train,0.06695777327651294,0.0655775063150015,0.0016691785376245624,0.05970513714215935,0.07185980109376464,0.009782044489741414,4.787296262996519,4.951202423441126,4.933333333333334,1.352011450103533,1.4137021583032467,1.4227092986347416
final_joint_baseline_30mer,poly3,9,44,333.723,train,0.06770943703177609,0.0753793756649489,0.003689278849055814,0.05990309767071001,0.057836703489833344,0.010388653959687801,4.863467102381446,5.007058255780175,5.019333333333334,1.3487861302799726,1.410761353739982,1.4076670010825878
final_joint_baseline_30mer,poly3,9,45,335.057,train,0.06613312489392302,0.06296072949633157,0.0016139396871229787,0.05825528036154087,0.06392577548994541,0.008946919590636353,4.941125048989096,5.06267037057772,5.016,1.3481898596865658,1.4078409303071655,1.4001239411693653
final_joint_baseline_30mer,poly3,9,46,336.396,train,0.06632069195573623,0.06808332414101376,0.0020351267985703105,0.05870894659026584,0.06875219025423421,0.009591610866145007,5.020747746501602,5.1179640213637985,5.164666666666667,1.3457309745538302,1.4049446826556702,1.4106515594780455
final_joint_baseline_30mer,poly3,9,47,337.741,train,0.06824445214705137,0.074096681974276,0.0030166507514551265,0.05720114229152697,0.0643066389534622,0.00802631511165176,5.0435716220577715,5.172901404928419,5.0600000000000005,1.3444760491479961,1.4020744388493043,1.4023816865516858
final_joint_baseline_30mer,poly3,9,48,339.091,train,0.0654829663259321,0.06621724360247044,0.0033515392557525382,0.05612564196601336,0.06977030922271235,0.008558180052973516,5.122854133526984,5.227358786726123,5.138,1.341662910771536,1.3992364808486015,1.405790136173357
final_joint_baseline_30mer,poly3,9,49,340.446,train,0.06603177563354892,0.06138109310507109,0.0027466073778337078,0.05470001116466832,0.05541802648488484,0.011334622741936036,5.218590209096986,5.28125029300335,5.241333333333333,1.3391828595644897,1.3964350620318924,1.3963477425142936
final_joint_baseline_30mer,poly3,9,50,341.807,train,0.06794815575631129,0.07244514267386018,0.0026767014854145706,0.05543760185447794,0.06277445368728672,0.008962718193686665,5.271444256172626,5.334525261542923,5.317333333333333,1.3372135791506743,1.3936725705743844,1.3933252784149566
final_joint_baseline_30mer,poly3,9,51,343.173,train,0.06696035022582326,0.07466204721209088,0.001958526576767314,0.053275541005680396,0.057547579253231146,0.00893462624858498,5.3073408718906325,5.387050429071055,5.408666666666668,1.3364304344011835,1.3909556396989444,1.377789982499261
final_joint_baseline_30mer,poly3,9,52,344.545,train,0.06687626678796514,0.07386668176333697,0.0018682200373572825,0.052598045131262344,0.05143083261167147,0.009967015124272626,5.368419899946977,5.43876643558556,5.582000000000001,1.3327784510796787,1.388287031206366,1.3805736825452257
final_joint_baseline_30mer,poly3,9,53,345.922,train,0.0671382212736292,0.06487064193997134,0.0017130956943024517,0.053152767678202054,0.061627978786409215,0.007018171725197053,5.420805380731725,5.489534270187159,5.466,1.3307693450260425,1.385673578650538,1.3922406398427756
final_joint_baseline_30mer,poly3,9,54,347.305,train,0.06638249390847542,0.0684356867750858,0.001955561879437946,0.05253626633172468,0.062237037330589204,0.008190444378425407,5.455972347096387,5.539286016389356,5.492,1.3296127304653613,1.3831184081996617,1.388888087896984
final_joint_baseline_30mer,poly3,9,55,348.693,train,0.06791132296933851,0.07974877132905636,0.0036742219890693473,0.05219523535811318,0.053679710453870016,0.008647551148499463,5.529657710307305,5.58787769163668,5.569333333333334,1.3272872473009774,1.3806285155685636,1.3779181488156758
final_joint_baseline_30mer,poly3,9,56,350.086,train,0.06959488828595685,0.06794672657187671,0.0022667452678866813,0.05197827020302845,0.05528371920819455,0.009072108174027566,5.55811461143002,5.635199731032171,5.618666666666667,1.3251929199481436,1.3782090824635265,1.3812403131276025
final_joint_baseline_30mer,poly3,9,57,351.486,train,0.06694613987326532,0.06931247334858634,0.0012114272475622083,0.050500922182948056,0.04835936349168025,0.0071449568979282925,5.524239516333541,5.681204472636297,5.614000000000001,1.3267302453454364,1.3758620990834534,1.370298526087096
final_joint_baseline_30mer,poly3,9,58,352.891,train,0.06835905317876259,0.07475580710127397,0.0030851553863694824,0.05112952148537577,0.05823328254396393,0.010084691541996656,5.597728058648593,5.725707825743901,5.721333333333333,1.324656527064957,1.3735964867064572,1.3732988309191507
final_joint_baseline_30mer,poly3,9,59,354.301,train,0.06747390157226338,0.06911160797634595,0.0018376910154551903,0.05067290298669325,0.054154729709195465,0.009954731794324871,5.6865059536159706,5.768592556539499,5.75,1.3203266723635592,1.3714177121409905,1.3658548501737695
final_joint_baseline_30mer,poly3,9,60,355.717,train,0.07097492425813878,0.07292553313047621,0.0024022090256334942,0.0511530705511334,0.05485522825787285,0.008098476430211792,5.7300068296562685,5.809767971801614,5.878666666666667,1.3184264601922309,1.3693298696066951,1.373120883119271
final_joint_baseline_30mer,poly3,9,61,357.139,train,0.07049659276153594,0.0703877484782882,0.001980583072968216,0.05081974384994157,0.052216132434283226,0.00653764543516954,5.821185622564954,5.8491091295158615,5.765333333333333,1.3154275616635978,1.3673387715226037,1.3713798534203496
final_joint_baseline_30mer,poly3,9,62,358.567,train,0.06998006921572836,0.07775984183393891,0.0034768231784995194,0.05018454705538057,0.05001089586946597,0.00918743443906191,5.787977355510985,5.886489479682061,5.792666666666666,1.3170019276909346,1.3654502895496101,1.3623845968260702
final_joint_baseline_30mer,poly3,9,63,360.0,train,0.07072309658702479,0.0694197088792168,0.0015940954651629117,0.05041887641684743,0.048689453348738296,0.00873200319191831,5.94692838370565,5.921757454399173,5.974,1.3119173353397782,1.3636715392096037,1.3563106200264896
final_joint_baseline_30mer,poly3,10,0,280.0,train,0.07960774851668467,0.08314615993554443,0.0018805290152793816,0.09618586450889802,0.11310947209875824,0.008066029429723127,2.543307513198239,2.8907320954271354,2.8486666666666665,1.449054280304736,1.5276691316658786,1.5369561831727938
final_joint_baseline_30mer,poly3,10,1,281.119,train,0.08102763109019206,0.08292094984804936,0.002596283492215691,0.09687315464994414,0.12085980701170203,0.009713878511514527,2.607172003596376,2.9262834901513846,2.7633333333333336,1.4453908784431424,1.5256088590929942,1.5501245016826224
final_joint_baseline_30mer,poly3,10,2,282.243,train,0.08118613568514388,0.0786369076820575,0.0030124146669449226,0.09745895725931528,0.10536352999022963,0.005967637018463586,2.6356502293842357,2.9624659422978574,2.912666666666667,1.44503021967693,1.5235155499376236,1.5299009034697444
final_joint_baseline_30mer,poly3,10,3,283.371,train,0.07859379238172665,0.0787374145671454,0.0011946240629712264,0.0968950901666219,0.10319618437760583,0.006878613076113144,2.7111095741983076,2.9992522517663414,3.011333333333333,1.4426351112681035,1.521390949246928,1.5198096192942745
final_joint_baseline_30mer,poly3,10,4,284.504,train,0.0781251967624064,0.07729156244396568,0.0015379907906325142,0.09523151615395659,0.10456257259547802,0.007730481584863407,2.759010247366115,3.036679659424288,2.9606666666666666,1.4411339909979206,1.519233081368652,1.522696358668175
final_joint_baseline_30mer,poly3,10,5,285.641,train,0.07803697203278752,0.08146006053656102,0.0008816869693451431,0.09462469763429071,0.09655973886818138,0.007676024471107257,2.779320982317818,3.0747193626932887,3.1353333333333335,1.4388363579313135,1.5170437856724517,1.5188503715103043
final_joint_baseline_30mer,poly3,10,6,286.783,train,0.07774926837651874,0.07816455408617316,0.0011955794207948744,0.0952559417591344,0.09404539013319853,0.008292594777832295,2.848500789588953,3.113408613949569,3.084,1.436106212846229,1.514821100590491,1.5046046804468625
final_joint_baseline_30mer,poly3,10,7,287.929,train,0.07835369143227422,0.07912504427962572,0.0016654409523534498,0.09335039408206877,0.08963982848315452,0.009394096188220385,2.858525687576366,3.152716856512628,3.078666666666667,1.4361933836522713,1.5125669673858009,1.5068866075587963
final_joint_baseline_30mer,poly3,10,8,289.08,train,0.07827487314899773,0.07630397664931098,0.0029664982428493766,0.0918471659414146,0.10199099628081863,0.006064398833044599,2.931267722525763,3.1926811949955023,3.224666666666667,1.4333961198315444,1.5102794475146823,1.512214932419877
final_joint_baseline_30mer,poly3,10,9,290.235,train,0.07888828144957756,0.08036269967910847,0.0006596217870366353,0.09110861342368651,0.10149818070309394,0.00680087186659556,2.993197143647555,3.2332691517731043,3.226666666666667,1.430608882046017,1.5079605922972612,1.5189973532696737
final_joint_baseline_30mer,poly3,10,10,291.395,train,0.07787139890465619,0.08404597978180414,0.0017407099197880684,0.08890023612246575,0.09182474000393417,0.007768639311791455,2.9908893249878963,3.2745175018343518,3.3346666666666667,1.4303011384655804,1.5056084961745337,1.5015251792426207
final_joint_baseline_30mer,poly3,10,11,292.56,train,0.07645855475934318,0.0869683999012269,0.0027136167581455536,0.08683555028151524,0.10151627155346532,0.011669089184185976,3.0821580272955718,3.316427844742056,3.332666666666667,1.4258314762733413,1.5032232721336083,1.503202419648976
final_joint_baseline_30mer,poly3,10,12,293.729,train,0.07225676053415717,0.07374128147115608,0.0024758255028520196,0.08543596497502091,0.08721816036591151,0.005623636927216905,3.150122904995735,3.3589644680772093,3.366000000000001,1.4235853658876223,1.5008071536967753,1.5060067980134282
final_joint_baseline_30mer,poly3,10,13,294.903,train,0.07151652354078708,0.07203476625391997,0.0006385549413539967,0.08554200863866218,0.08661113410387652,0.006039183933357204,3.19203235585679,3.402163251621225,3.340666666666667,1.4218773193909557,1.4983583063628305,1.4967488795923702
final_joint_baseline_30mer,poly3,10,14,296.082,train,0.07121443358175958,0.07384282722908161,0.0005925994494457656,0.08604696800382881,0.09356489252186503,0.008731487768512621,3.262342658551767,3.4460234712687203,3.437333333333333,1.419300628344623,1.495876983112126,1.4992580614429283
final_joint_baseline_30mer,poly3,10,15,297.266,train,0.07314629969321702,0.0707410432203444,0.0023008829137654858,0.08632268496190804,0.09170266854108751,0.007319454678716415,3.298642857966203,3.490543501724176,3.4653333333333336,1.4171639688431672,1.4933634899648527,1.5082399147577163
final_joint_baseline_30mer,poly3,10,16,298.454,train,0.07347420784071822,0.07821709150352806,0.001695708394787102,0.08396405615701927,0.10739280418447877,0.008887462116430945,3.3203087177536483,3.5356825577650244,3.5066666666666664,1.415355383493526,1.4908203386878944,1.5047631993107315
final_joint_baseline_30mer,poly3,10,17,299.647,train,0.07360068919066917,0.07842172530572314,0.001165981538813288,0.08404730038618125,0.0850739694661708,0.006812914214388826,3.3892846439357265,3.5814744266990974,3.638666666666667,1.4117220597375317,1.4882458359503676,1.4845891260728914
final_joint_baseline_30mer,poly3,10,18,300.845,train,0.07296279796108267,0.07659879188242173,0.0022057587231996225,0.08227162690564555,0.09602683113567942,0.009610196176740035,3.41430049334901,3.6279143825388958,3.543333333333333,1.4126422269680852,1.4856404652421613,1.4970405483375253
final_joint_baseline_30mer,poly3,10,19,302.047,train,0.07330498326968256,0.07195071808515605,0.0020753377825402943,0.08169930301457115,0.08246267178641126,0.007529576820405097,3.484319022753994,3.6749571901242515,3.6020000000000003,1.4088618546958285,1.4830069754539097,1.4814115818680886
final_joint_baseline_30mer,poly3,10,20,303.254,train,0.07151656472121404,0.07643202123953322,0.0024379317900297915,0.08177012754281188,0.08384514021816464,0.00903675881966403,3.5339085229499503,3.722634267923225,3.778666666666667,1.4064592267606022,1.4803438185685729,1.481558308946032
final_joint_baseline_30mer,poly3,10,21,304.467,train,0.07255898813805582,0.07049207257101137,0.0027959067783717515,0.08048661466249438,0.08847771176312333,0.006599042096598484,3.6290352606219884,3.7709771356390958,3.7013333333333334,1.4036600134330308,1.4776494586056188,1.47806844992063
final_joint_baseline_30mer,poly3,10,22,305.683,train,0.07444576674151204,0.08197424861542014,0.002257990908617387,0.077293067308392,0.08791774270078595,0.007508127758234121,3.686256109228393,3.8198557675322675,3.760666666666667,1.400209664819432,1.4749313509825928,1.4838063461109106
final_joint_baseline_30mer,poly3,10,23,306.905,train,0.07434221022842324,0.08152735601485632,0.0016212801391997716,0.07749370036610617,0.06653175379860372,0.00861561293499152,3.728478369873435,3.8693787708939587,3.9193333333333333,1.3994710802263846,1.472183662647526,1.4541445972526088
final_joint_baseline_30mer,poly3,10,24,308.132,train,0.07325560646884163,0.08397765462182175,0.0028950284890610525,0.07587486915189029,0.07478117532483772,0.00633507039296999,3.769594917813588,3.9194930228111327,3.9499999999999997,1.3975494234797678,1.4694095600303543,1.4632208775928703
final_joint_baseline_30mer,poly3,10,25,309.364,train,0.0728620873853653,0.07450230155485509,0.0036232688040489036,0.07318306520137527,0.08365526448511887,0.00928068797543682,3.8070892984761517,3.970183707804239,3.779333333333333,1.3954718061855997,1.4666100712609063,1.4694467223374998
final_joint_baseline_30mer,poly3,10,26,310.6,train,0.07275213208592295,0.07155331138123744,0.0013531916571427505,0.07421900944073034,0.08112066051494649,0.006612739149398337,3.874953172188026,4.021392622492673,4.093999999999999,1.3916619128096992,1.463788606366009,1.4714825624547228
final_joint_baseline_30mer,poly3,10,27,311.842,train,0.07287102931478484,0.07347131413642251,0.0016766858557176936,0.07391568164794923,0.08822723941463123,0.006387252403733514,3.890596399013302,4.073184087433354,3.9693333333333336,1.392075765262666,1.4609418199257558,1.4732269553599755
final_joint_baseline_30mer,poly3,10,28,313.088,train,0.07307459134607056,0.08187132297155686,0.0023364926238162147,0.0725741401516075,0.07365884886625679,0.00588446085210753,3.9656718998547618,4.125454161260285,4.076666666666666,1.3890153180179456,1.458075617398252,1.4595364865083096
final_joint_baseline_30mer,poly3,10,29,314.34,train,0.0721378507066105,0.07460975790862291,0.0015110846130048274,0.07196327446036226,0.07481759572549931,0.007344446812348095,3.9884460658874517,4.1782640466331475,4.1626666666666665,1.3875389843347845,1.4551868279338156,1.4536033983989296
final_joint_baseline_30mer,poly3,10,30,315.596,train,0.07280353303939488,0.07185529542922187,0.0025262792502272215,0.07105219289751391,0.07439354502657738,0.006638702673896418,4.08785200106047,4.231504474081742,4.138,1.3844181023778879,1.4522816055656975,1.4466106928859843
final_joint_baseline_30mer,poly3,10,31,316.858,train,0.07101144534907541,0.06686476385091414,0.0024379502579283405,0.06893293625526299,0.07846129365158297,0.007748558462971143,4.162689040274801,4.285232934044447,4.227333333333334,1.3802637032924852,1.4493569807171705,1.462551768704321
final_joint_baseline_30mer,poly3,10,32,318.124,train,0.06977651869479341,0.07254335434609291,0.0022128080431182374,0.06789636072182663,0.057997025583249776,0.00613414061430693,4.1928993187634,4.339334564745625,4.447333333333333,1.3784509404281768,1.44641936261409,1.4286172153445929
final_joint_baseline_30mer,poly3,10,33,319.396,train,0.06907718566521572,0.06506885142004569,0.0015999009105943439,0.06773355200301301,0.08506644074967765,0.01043126532210915,4.283916015399866,4.393862517356366,4.266666666666667,1.3766030864406693,1.443466010453056,1.4640020221344927
final_joint_baseline_30mer,poly3,10,34,320.672,train,0.07019502062976023,0.06810418576980526,0.001582274212895531,0.06675595688789115,0.0772354166646958,0.006429463570429607,4.286059576503677,4.448696096489567,4.362666666666668,1.374854657302226,1.4405035934172141,1.4443286054559752
final_joint_baseline_30mer,poly3,10,35,321.954,train,0.06874012587153966,0.07047562777302094,0.0027082383984412513,0.06465284333390012,0.07042756387949582,0.008186693069599956,4.3263572861193715,4.503883461482701,4.496,1.3732220845705354,1.437529627398915,1.4341091140493003
final_joint_baseline_30mer,poly3,10,36,323.241,train,0.0695816707688635,0.07146400253025763,0.0016392999630810805,0.06446805797065593,0.07720116292680917,0.008394716896726736,4.395032073449062,4.559340977779676,4.491333333333333,1.3700644404845734,1.434548730172229,1.4437260608948912
final_joint_baseline_30mer,poly3,10,37,324.533,train,0.07012601926009812,0.07402488218174293,0.0012081595611713805,0.06537506384592731,0.06763481780270097,0.00714272899029219,4.451483072826613,4.61502493387819,4.654,1.3685460531537683,1.4315633361318731,1.4321549098607353
final_joint_baseline_30mer,poly3,10,38,325.83,train,0.07018012899675913,0.07476709569453135,0.001109263825080943,0.06365576494770094,0.06362241853039577,0.005896096000756502,4.488311634045692,4.670888515901341,4.6659999999999995,1.3668881368331007,1.4285760214316052,1.428159532731469
final_joint_baseline_30mer,poly3,10,39,327.132,train,0.06952167678746976,0.07085983525749577,0.002611555584433668,0.06421521166949097,0.07503237723371825,0.006431365793860436,4.575185294049842,4.726881712302292,4.752666666666666,1.3636341314088298,1.4255895068177105,1.4262017122260602
final_joint_baseline_30mer,poly3,10,40,328.44,train,0.06908019338408175,0.07684929925288995,0.0015147243956784469,0.06336740717384368,0.07550292983762415,0.008124510850819371,4.6199888477764715,4.782994056868733,4.732,1.3595889047067131,1.4226043844331508,1.427734428034505
final_joint_baseline_30mer,poly3,10,41,329.753,train,0.0664754128930712,0.06884439695987861,0.0024168406546949,0.06188790596120363,0.06060531262851589,0.008077712759165004,4.7220001383221515,4.8391257083445485,4.916,1.355891525725832,1.4196259768561827,1.4190501644597828
final_joint_baseline_30mer,poly3,10,42,331.071,train,0.0664275471497366,0.07263988521702047,0.0021275668253517843,0.060941120624622536,0.06647997893485288,0.007637684166480235,4.730136074417318,4.895216418662221,4.920666666666667,1.3539478674019714,1.4166574590220604,1.414388446368228
final_joint_baseline_30mer,poly3,10,43,332.394,train,0.06695777327651294,0.06781661929729034,0.003320107215688637,0.05970513714215935,0.05809127485534644,0.00649377322560029,4.787296262996519,4.951202423441126,5.056,1.352011450103533,1.4137021583032467,1.4075256865844517
final_joint_baseline_30mer,poly3,10,44,333.723,train,0.06770943703177609,0.06567878849553174,0.0026616393529687553,0.05990309767071001,0.06631562613524813,0.006947307464791078,4.863467102381446,5.007058255780175,4.961333333333334,1.3487861302799726,1.410761353739982,1.4151687887485225
final_joint_baseline_30mer,poly3,10,45,335.057,train,0.06613312489392302,0.07154214418390503,0.001467788038532523,0.05825528036154087,0.06628455904388417,0.00502611771547364,4.941125048989096,5.06267037057772,5.036,1.3481898596865658,1.4078409303071657,1.414989823009309
final_joint_baseline_30mer,poly3,10,46,336.396,train,0.06632069195573623,0.06858005197140943,0.002300263387159969,0.05870894659026585,0.06257710669398373,0.007664243876514066,5.020747746501602,5.1179640213637985,5.212666666666667,1.3457309745538302,1.40494468265567,1.4034019455698887
final_joint_baseline_30mer,poly3,10,47,337.741,train,0.06824445214705137,0.07470386100886373,0.003402954915276947,0.057201142291527,0.05855956119993793,0.010623872193361155,5.0435716220577715,5.172901404928419,5.150666666666667,1.344476049147996,1.402074438849304,1.4033692124170247
final_joint_baseline_30mer,poly3,10,48,339.091,train,0.0654829663259321,0.06411767681784278,0.002770945658304263,0.05612564196601336,0.061574403006337854,0.007031172037261961,5.122854133526984,5.227358786726123,5.186,1.341662910771536,1.3992364808486015,1.407068844868983
final_joint_baseline_30mer,poly3,10,49,340.446,train,0.06603177563354892,0.07278525538529718,0.0018016612608049844,0.05470001116466832,0.05928448561733085,0.005806163646261484,5.218590209096986,5.28125029300335,5.3,1.3391828595644897,1.3964350620318922,1.397060753544605
final_joint_baseline_30mer,poly3,10,50,341.807,train,0.06794815575631129,0.0682105657136058,0.0018926025943653392,0.05543760185447794,0.06085848251392362,0.006220858630556648,5.271444256172626,5.334525261542923,5.465333333333334,1.3372135791506745,1.3936725705743847,1.386024418684108
final_joint_baseline_30mer,poly3,10,51,343.173,train,0.06696035022582326,0.07391479348121209,0.002471648034763924,0.053275541005680396,0.05659618345794619,0.007578266011908206,5.3073408718906325,5.387050429071055,5.408,1.3364304344011837,1.3909556396989444,1.39233336489695
final_joint_baseline_30mer,poly3,10,52,344.545,train,0.06687626678796514,0.06670823749380606,0.0026333694511137327,0.052598045131262344,0.05992341648456656,0.008203846483268246,5.368419899946977,5.43876643558556,5.490666666666667,1.3327784510796787,1.388287031206366,1.3886976327722744
final_joint_baseline_30mer,poly3,10,53,345.922,train,0.0671382212736292,0.07119603320959125,0.0020915263108264547,0.053152767678202074,0.056450108931219184,0.007053536545497228,5.420805380731725,5.489534270187159,5.514666666666667,1.3307693450260425,1.3856735786505376,1.3792934256000289
final_joint_baseline_30mer,poly3,10,54,347.305,train,0.06638249390847542,0.07014845841475736,0.002652601747260789,0.052536266331724694,0.048305445964640495,0.006978590679738221,5.455972347096387,5.539286016389356,5.491333333333333,1.3296127304653615,1.3831184081996615,1.3823105565227816
final_joint_baseline_30mer,poly3,10,55,348.693,train,0.06791132296933851,0.07992040613084342,0.0037743374785442715,0.0521952353581132,0.05252168009140323,0.005548278545986149,5.529657710307305,5.58787769163668,5.6259999999999994,1.3272872473009774,1.3806285155685636,1.3767992393457575
final_joint_baseline_30mer,poly3,10,56,350.086,train,0.06959488828595685,0.06696235834599146,0.002601114389954969,0.051978270203028434,0.054842992361903056,0.00827332819983637,5.55811461143002,5.635199731032171,5.715999999999999,1.3251929199481436,1.3782090824635265,1.3700511080334443
final_joint_baseline_30mer,poly3,10,57,351.486,train,0.06694613987326532,0.06755330354716568,0.002571470932612854,0.050500922182948056,0.05546949597301095,0.008541235254230506,5.524239516333541,5.681204472636297,5.633333333333333,1.3267302453454366,1.3758620990834536,1.3917312166040667
final_joint_baseline_30mer,poly3,10,58,352.891,train,0.06835905317876259,0.06660373783255932,0.00239386239292617,0.05112952148537575,0.05674142453059318,0.006893069449287452,5.597728058648593,5.725707825743901,5.6513333333333335,1.324656527064957,1.3735964867064572,1.3795707580710228
final_joint_baseline_30mer,poly3,10,59,354.301,train,0.06747390157226338,0.08128233955460012,0.0026056392728241555,0.05067290298669327,0.05460371887043265,0.007686368748524261,5.6865059536159706,5.768592556539499,5.804666666666667,1.3203266723635592,1.3714177121409907,1.3684389745914392
final_joint_baseline_30mer,poly3,10,60,355.717,train,0.07097492425813878,0.08071748634022294,0.0023066759754596378,0.0511530705511334,0.053436833777120225,0.008199584132052759,5.7300068296562685,5.809767971801614,5.959333333333333,1.318426460192231,1.369329869606695,1.366157346093227
final_joint_baseline_30mer,poly3,10,61,357.139,train,0.07049659276153594,0.06910797987803868,0.003369153360479938,0.050819743849941534,0.05804491228037266,0.008028871699221413,5.821185622564954,5.8491091295158615,5.8966666666666665,1.315427561663598,1.3673387715226037,1.3672964289226917
final_joint_baseline_30mer,poly3,10,62,358.567,train,0.06998006921572836,0.07156069164367226,0.0027474213383865886,0.05018454705538057,0.059380877221519086,0.007609163840601276,5.787977355510985,5.886489479682061,5.762666666666667,1.3170019276909346,1.3654502895496101,1.3739296549450897
final_joint_baseline_30mer,poly3,10,63,360.0,train,0.07072309658702479,0.08977523414321227,0.003936023080503634,0.05041887641684746,0.04714109709747215,0.006856760707330871,5.94692838370565,5.921757454399173,5.972666666666667,1.3119173353397784,1.3636715392096037,1.3551873044755274
final_joint_baseline_30mer,heat_capacity,1,0,280.0,train,0.07915837558511513,0.07961021015243964,0.0014759776567065813,0.0972299790081889,0.10371673117612693,0.009907581215266806,2.543307513198239,2.851975281180152,2.8939999999999997,1.4490542803047362,1.529919098724467,1.5305691491698097
final_joint_baseline_30mer,heat_capacity,1,1,281.119,train,0.08062485521134706,0.08242982886567503,0.0016730638244361242,0.0977753216735503,0.09686258914936688,0.008885761642434969,2.607172003596376,2.893388196544971,2.8826666666666667,1.4453908784431428,1.5275150862183025,1.5281665626430476
final_joint_baseline_30mer,heat_capacity,1,2,282.243,train,0.08081922907743672,0.07922103929942337,0.0010957901690801775,0.09819100845008029,0.09294866262902249,0.006835163748701271,2.6356502293842357,2.9351870754598304,2.9206666666666674,1.4450302196769296,1.5250934183884581,1.5310104712579284
final_joint_baseline_30mer,heat_capacity,1,3,283.371,train,0.07831126214749168,0.08177520225183812,0.0013847837303621803,0.09748620244438555,0.11509483438780299,0.008853397008276228,2.7111095741983076,2.977332624823042,2.958666666666667,1.4426351112681033,1.5226564799172086,1.5325169672795087
final_joint_baseline_30mer,heat_capacity,1,4,284.504,train,0.07790432579725046,0.07323867820527652,0.00214512858703695,0.09568139558939504,0.09542647291630232,0.010765985118120701,2.759010247366115,3.0198599387988843,2.9006666666666665,1.4411339909979202,1.520202349754297,1.5190385077092095
final_joint_baseline_30mer,heat_capacity,1,5,285.641,train,0.07786591724428614,0.08395033841234305,0.0026617953565077333,0.09494657883560004,0.10545738040361224,0.00787045718892736,2.779320982317818,3.0627290510950322,3.076666666666667,1.4388363579313137,1.5177334422392628,1.5218331707257873
final_joint_baseline_30mer,heat_capacity,1,6,286.783,train,0.07765575074517216,0.08016652959312008,0.0011344046600291877,0.09545682484419357,0.10606272078767105,0.008504350434362123,2.848500789588953,3.1059750635203383,3.1246666666666663,1.436106212846229,1.5152478436425363,1.5203186346194988
final_joint_baseline_30mer,heat_capacity,1,7,287.929,train,0.07830716067518587,0.07747776488500865,0.0013401350185641243,0.09343329257397895,0.096277446387969,0.008944903307142663,2.858525687576366,3.1495573361617417,3.2053333333333334,1.4361933836522711,1.5127479973253137,1.506897594630165
final_joint_baseline_30mer,heat_capacity,1,8,289.08,train,0.07828607016386649,0.07837382845639106,0.0010755848530361889,0.09182519166101949,0.09247716344682752,0.00977850762945302,2.931267722525763,3.19351094948745,3.163333333333333,1.4333961198315441,1.5102319983571406,1.4963258759281195
final_joint_baseline_30mer,heat_capacity,1,9,290.235,train,0.07895028207892574,0.0788380761337681,0.0007875441987268604,0.09098885117633301,0.10104100330749316,0.008770344226557036,2.993197143647555,3.2377945901645218,3.232,1.430608882046017,1.5077023184238376,1.5110563879833478
final_joint_baseline_30mer,heat_capacity,1,10,291.395,train,0.07799127612177659,0.07700887883972134,0.0018930874153174682,0.08869627454824781,0.09932450168282966,0.007174390413315215,2.9908893249878963,3.2824432872834812,3.222666666666667,1.4303011384655808,1.5051570628878896,1.5134130280316678
final_joint_baseline_30mer,heat_capacity,1,11,292.56,train,0.0766139840543459,0.07413724937459382,0.0020608281852225177,0.08654564493056316,0.08254720100889948,0.007012861322605347,3.0821580272955718,3.3274537617914763,3.3526666666666665,1.4258314762733413,1.502596531367855,1.5011699544733497
final_joint_baseline_30mer,heat_capacity,1,12,293.729,train,0.07241208695092481,0.0712201254326125,0.002305261885064724,0.08507754755422983,0.09920091410968937,0.010333511359209794,3.150122904995735,3.3727836857072284,3.338,1.423585365887622,1.5000232370317792,1.5069888956575281
final_joint_baseline_30mer,heat_capacity,1,13,294.903,train,0.07172375607281287,0.07213626573251387,0.0015857605416693863,0.08512339268219914,0.07675345832105901,0.00787317916504859,3.19203235585679,3.418467946006934,3.480666666666667,1.4218773193909555,1.4974353039581625,1.4917727568333294
final_joint_baseline_30mer,heat_capacity,1,14,296.082,train,0.07143120678575877,0.07251232929017258,0.004306041605974587,0.08557072648768546,0.09718137457783532,0.009163278824577108,3.262342658551767,3.4645026547326028,3.4233333333333333,1.419300628344623,1.4948330631638043,1.5077249981876182
final_joint_baseline_30mer,heat_capacity,1,15,297.266,train,0.07339606138345231,0.08099651892459425,0.002358201831499211,0.08580320019059429,0.09531886027149172,0.00994764104633968,3.298642857966203,3.5108837083334157,3.444,1.4171639688431674,1.492216856614352,1.495767701840899
final_joint_baseline_30mer,heat_capacity,1,16,298.454,train,0.07377399233505924,0.07019067305654082,0.0016890475231079566,0.08341038526627517,0.09516466211162611,0.009876189750102078,3.3203087177536483,3.557567427516244,3.4913333333333334,1.4153553834935257,1.4895892500718033,1.4991346758241124
final_joint_baseline_30mer,heat_capacity,1,17,299.647,train,0.07390064196211112,0.08105913879717867,0.0019940256787644274,0.08345338648482645,0.09345735245959898,0.007949716067796413,3.3892846439357265,3.6045883894833235,3.566666666666667,1.4117220597375317,1.4869483982328342,1.4904597737525056
final_joint_baseline_30mer,heat_capacity,1,18,300.845,train,0.07330382333720814,0.074245924061658,0.001072518350900928,0.0816820202136706,0.0899122132720094,0.008004313516490006,3.41430049334901,3.651941833501334,3.7006666666666668,1.4126422269680854,1.4842946754098993,1.4905454500061257
final_joint_baseline_30mer,heat_capacity,1,19,302.047,train,0.07361998935154002,0.0688088834600987,0.0024539906383227628,0.08109195317364797,0.08127363808010175,0.008291746829016757,3.484319022753994,3.6995830797304228,3.6953333333333336,1.4088618546958285,1.4816306839184787,1.477231433823174
final_joint_baseline_30mer,heat_capacity,1,20,303.254,train,0.07185103127422188,0.07176063091092819,0.0021671282761742154,0.08115680593785536,0.08172486216990982,0.008379743956505885,3.5339085229499503,3.747546386655312,3.7033333333333336,1.406459226760602,1.4789546051406508,1.4803524454198995
final_joint_baseline_30mer,heat_capacity,1,21,304.467,train,0.07283286520548934,0.07779009892901365,0.002298814304205638,0.07987099972632136,0.0830701536278949,0.009925659547446026,3.6290352606219884,3.7958661836512655,3.7846666666666664,1.4036600134330308,1.4762646284468983,1.472666641380454
final_joint_baseline_30mer,heat_capacity,1,22,305.683,train,0.07470725032282585,0.07027813765618604,0.0012981457427578623,0.07668086257693768,0.08975753543655837,0.007046201231950523,3.686256109228393,3.8444171297455134,3.7960000000000003,1.4002096648194318,1.4735678255645788,1.4771479044567202
final_joint_baseline_30mer,heat_capacity,1,23,306.905,train,0.07462600540516388,0.08724775402865503,0.002986782514404757,0.07691712663122052,0.08736918844812058,0.007622660119636808,3.728478369873435,3.8933129273494576,3.9619999999999997,1.3994710802263843,1.4708579730765896,1.4679684129211497
final_joint_baseline_30mer,heat_capacity,1,24,308.132,train,0.07353081067049343,0.08217058630926981,0.0024567179719263126,0.07532179259111284,0.08032636954333394,0.00861359580643659,3.769594917813588,3.9425075010860304,3.953333333333333,1.3975494234797674,1.468137729960765,1.4752501561735993
final_joint_baseline_30mer,heat_capacity,1,25,309.364,train,0.07312866246791228,0.07706697643948077,0.0033432423767263382,0.07266324180044026,0.07846603992014115,0.008662181328665898,3.8070892984761517,3.9919944030319954,3.902,1.3954718061855997,1.4654075488277691,1.4671921447154184
final_joint_baseline_30mer,heat_capacity,1,26,310.6,train,0.07300381082296259,0.07008772803459928,0.0021261760004817574,0.07372765951394618,0.08060155867133845,0.008691009651209431,3.874953172188026,4.041726658950705,4.080666666666667,1.391661912809699,1.462670107647586,1.4591310336164023
final_joint_baseline_30mer,heat_capacity,1,27,311.842,train,0.07310361208136232,0.08514471551837693,0.0030724890096205633,0.07348559011490827,0.0706958643198935,0.009026593825128448,3.890596399013302,4.09177778049906,4.209333333333333,1.3920757652626659,1.459921451922046,1.4513371747338062
final_joint_baseline_30mer,heat_capacity,1,28,313.088,train,0.07327156094553774,0.07334618958831615,0.0023403937320347875,0.0721882977608787,0.07241958826446204,0.006028053137279887,3.9656718998547618,4.1420599536555365,4.142,1.3890153180179459,1.4571664936478297,1.4502024831813176
final_joint_baseline_30mer,heat_capacity,1,29,314.34,train,0.0723328252702906,0.08016297956271597,0.0023686085314371863,0.07163755996682533,0.07774387243111593,0.008576908394237042,3.9884460658874517,4.192646396908451,4.136666666666668,1.3875389843347843,1.4544013083067766,1.4684082056684318
final_joint_baseline_30mer,heat_capacity,1,30,315.596,train,0.07295395594510796,0.07293717142270945,0.0026205996212431727,0.07077948750771726,0.07519557459335757,0.00809671843433413,4.08785200106047,4.243448549885683,4.182,1.384418102377888,1.4516308213585971,1.4624632672877702
final_joint_baseline_30mer,heat_capacity,1,31,316.858,train,0.07110545290832117,0.0655662042967986,0.002583022347074041,0.06871739331729629,0.07284747546778464,0.009224967128871182,4.162689040274801,4.294539276371508,4.189333333333334,1.3802637032924852,1.448851141028871,1.4564334848081149
final_joint_baseline_30mer,heat_capacity,1,32,318.124,train,0.06984678940874367,0.08048625528725575,0.0028869810741535655,0.0677480485678632,0.07049330595165981,0.008719699591394268,4.1928993187634,4.345829313112248,4.356666666666667,1.378450940428177,1.4460672028082935,1.4498320393210056
final_joint_baseline_30mer,heat_capacity,1,33,319.396,train,0.06911240299456009,0.07159998130591283,0.003278682853020825,0.06765433480076047,0.06881383664388434,0.008523256378322974,4.283916015399866,4.397391107594109,4.525333333333334,1.3766030864406695,1.443275150363703,1.4281363422802626
final_joint_baseline_30mer,heat_capacity,1,34,320.672,train,0.07020044856342646,0.07384146304347472,0.0017414249195854528,0.06674631817186485,0.076517605071597,0.0078179037309917,4.286059576503677,4.4491347416305995,4.332666666666666,1.374854657302226,1.4404799255790373,1.4517864599812824
final_joint_baseline_30mer,heat_capacity,1,35,321.954,train,0.0687065829876656,0.06447016764283019,0.0026178165769067075,0.06471182500810305,0.0656847341101658,0.009172179047610309,4.3263572861193715,4.501132185109514,4.666666666666667,1.3732220845705354,1.4376777101787406,1.42849551647539
final_joint_baseline_30mer,heat_capacity,1,36,323.241,train,0.06950754209232,0.07502873713080488,0.001528773029183569,0.06459625717743733,0.06484925645671971,0.008833614713835258,4.395032073449062,4.553333476012342,4.516,1.3700644404845734,1.4348712707241866,1.430696406390134
final_joint_baseline_30mer,heat_capacity,1,37,324.533,train,0.070014671535146,0.07626175073185425,0.003475520034951749,0.0655703736267819,0.07610289342034203,0.01014227483563467,4.451483072826613,4.605728918776624,4.597333333333333,1.3685460531537685,1.4320611910814534,1.4437097928839127
final_joint_baseline_30mer,heat_capacity,1,38,325.83,train,0.07003072915887026,0.0707479499643158,0.001692027152377529,0.06391313244974717,0.07378281182433027,0.006599040703867802,4.488311634045692,4.658308539496778,4.647333333333333,1.366888136833101,1.4292480650831427,1.434723590603939
final_joint_baseline_30mer,heat_capacity,1,39,327.132,train,0.06934512095981468,0.07738039782882966,0.003045873066558673,0.06454335805337233,0.07181909768946804,0.008914069044821147,4.575185294049842,4.711062086455055,4.768,1.3636341314088298,1.4264324962874726,1.4252155568809872
final_joint_baseline_30mer,heat_capacity,1,40,328.44,train,0.06885678385891977,0.07265497274775422,0.003705075839122649,0.06376804296738038,0.05918577501812605,0.009387772451867615,4.6199888477764715,4.7640195007737764,4.798,1.3595889047067131,1.4236129456710456,1.4225117159435676
final_joint_baseline_30mer,heat_capacity,1,41,329.753,train,0.0662678413522016,0.06419612127126664,0.002146943434171912,0.06235617533528267,0.06855133024694002,0.00956687893186135,4.7220001383221515,4.81712942470663,4.8580000000000005,1.3558915257258317,1.4207922024992636,1.4272693523776008
final_joint_baseline_30mer,heat_capacity,1,42,331.071,train,0.06617443088688255,0.06484509648489391,0.0027230609035750067,0.061459409478188974,0.06743815860971891,0.009835818941515587,4.730136074417318,4.8703807562316594,4.978,1.3539478674019712,1.4179708991239686,1.4005416854387782
final_joint_baseline_30mer,heat_capacity,1,43,332.394,train,0.0666841989529278,0.07148272522294,0.002202339719245456,0.06027052613754266,0.05962581329266811,0.011032111928882843,4.787296262996519,4.92376212178664,4.852666666666666,1.352011450103533,1.4151496764514215,1.419772820502717
final_joint_baseline_30mer,heat_capacity,1,44,333.723,train,0.0674145745398553,0.06526909486010753,0.002586654276739652,0.06051819630002456,0.07049069501337728,0.009883135469975001,4.863467102381446,4.9773021309635155,4.9479999999999995,1.3487861302799726,1.4123270641598413,1.4209133154400493
final_joint_baseline_30mer,heat_capacity,1,45,335.057,train,0.0658463462467006,0.07150247180787468,0.0020637750535931303,0.05888556845009678,0.06332389877676702,0.008183826474244173,4.941125048989096,5.030948473631404,5.021333333333334,1.3481898596865658,1.4095058570755246,1.411309656739824
final_joint_baseline_30mer,heat_capacity,1,46,336.396,train,0.06601286641653209,0.0685805375739568,0.0026223310449242088,0.05936670959798708,0.06494547084959335,0.008176563803042365,5.020747746501602,5.084688955453732,5.013999999999999,1.3457309745538302,1.4066867208718201,1.4122297494774294
final_joint_baseline_30mer,heat_capacity,1,47,337.741,train,0.06789760068043654,0.07726651375019322,0.0027975958945518596,0.057867729387231184,0.05541625234847012,0.009155982598307917,5.0435716220577715,5.138551124171488,5.244666666666667,1.3444760491479961,1.4038682377998086,1.3928927596887055
final_joint_baseline_30mer,heat_capacity,1,48,339.091,train,0.06518057772042003,0.06580580260718352,0.0016600558961530805,0.05679989828899671,0.062040618704245626,0.007670141910084865,5.122854133526984,5.19248207402433,5.1866666666666665,1.341662910771536,1.4010531986458123,1.4015448294959294
final_joint_baseline_30mer,heat_capacity,1,49,340.446,train,0.06577355410807836,0.06425921299802066,0.0016031103578942356,0.0553682422451751,0.05847156594068435,0.009949680364789725,5.218590209096986,5.246468828938065,5.178,1.3391828595644897,1.3982422901234302,1.398973458269085
final_joint_baseline_30mer,heat_capacity,1,50,341.807,train,0.0676591882328683,0.07448784495798862,0.002439890719978288,0.056082326079853494,0.06026720840805855,0.008402457162624683,5.271444256172626,5.300537839465588,5.355333333333334,1.3372135791506743,1.3954341470309926,1.3977294523141588
final_joint_baseline_30mer,heat_capacity,1,51,343.173,train,0.06669040944496199,0.06699021163408046,0.0025154070595493194,0.05386719427654339,0.05957092053745616,0.006891512207206427,5.3073408718906325,5.354635731524207,5.214666666666666,1.3364304344011835,1.3926315480982863,1.3959674885324311
final_joint_baseline_30mer,heat_capacity,1,52,344.545,train,0.0666468162551561,0.06920589881416576,0.0023535306513341485,0.05314881872140256,0.04776212796657647,0.008596687184314066,5.368419899946977,5.408788202147058,5.505333333333333,1.3327784510796787,1.3898331632844911,1.3829265735503338
final_joint_baseline_30mer,heat_capacity,1,53,345.922,train,0.06693157375335551,0.07518166081391708,0.0021302610665213965,0.05363353500886126,0.057657578301954074,0.007702212331528899,5.420805380731725,5.462941635762408,5.376666666666667,1.3307693450260425,1.3870417589727504,1.398209450667097
final_joint_baseline_30mer,heat_capacity,1,54,347.305,train,0.06620484623079685,0.06277108445352833,0.0020486213046931982,0.052920693581645015,0.05666446824975245,0.0072252183070092915,5.455972347096387,5.5171209701372455,5.479333333333333,1.3296127304653613,1.3842560398414865,1.3791191034533712
final_joint_baseline_30mer,heat_capacity,1,55,348.693,train,0.06778335018713133,0.07140014649668844,0.0037784249861391762,0.05248239528621573,0.06445195958430865,0.009348325813653965,5.529657710307305,5.5712724182906,5.4093333333333335,1.3272872473009774,1.381478755951334,1.3974449354663006
final_joint_baseline_30mer,heat_capacity,1,56,350.086,train,0.06951687823546349,0.07149792330069296,0.0020098131494104845,0.052145858436183384,0.0584883026361924,0.009620419829207603,5.55811461143002,5.625381402271361,5.535333333333334,1.3251929199481436,1.378710626248471,1.3766417366382893
final_joint_baseline_30mer,heat_capacity,1,57,351.486,train,0.06693083982802757,0.07249381356037393,0.0022822551768511366,0.05052739320876207,0.05844918328672839,0.008365614887318091,5.524239516333541,5.6795103044440385,5.750000000000001,1.3267302453454364,1.375948439903088,1.3794017454972758
final_joint_baseline_30mer,heat_capacity,1,58,352.891,train,0.06843302646154956,0.06651092630610432,0.003411141797163062,0.051006656026652046,0.05451908460534022,0.007674358275754269,5.597728058648593,5.733566279093631,5.637333333333334,1.324656527064957,1.3731969095250112,1.374487944131159
final_joint_baseline_30mer,heat_capacity,1,59,354.301,train,0.06763335344241451,0.07064132186679783,0.001482123458873684,0.05036811316744172,0.058001513483538145,0.009648503993554458,5.6865059536159706,5.787534182857739,5.754666666666666,1.3203266723635592,1.370456759957742,1.3757756363503175
final_joint_baseline_30mer,heat_capacity,1,60,355.717,train,0.0712601906934574,0.08644141438659268,0.003539990016362924,0.05065611266136685,0.05102239013350993,0.007818291897371503,5.7300068296562685,5.841436685203297,5.874,1.3184264601922309,1.3677267958065509,1.3679845428280062
final_joint_baseline_30mer,heat_capacity,1,61,357.139,train,0.07088156769135,0.07715582159938895,0.002415727348477367,0.050088941189161934,0.05627324487885599,0.007793505662850398,5.821185622564954,5.895257694127772,5.989333333333333,1.3154275616635978,1.3650077890966237,1.3673529673337346
final_joint_baseline_30mer,heat_capacity,1,62,358.567,train,0.07061688934926166,0.07603995779620884,0.0025275326094619894,0.04927408494637022,0.05466226702784467,0.006993274210466297,5.787977355510985,5.948980939326281,6.0793333333333335,1.3170019276909346,1.362300512820004,1.3637666075286285
final_joint_baseline_30mer,heat_capacity,1,63,360.0,train,0.0713152621514703,0.07731810106792214,0.002340186694263573,0.04914938155408606,0.05430909118998693,0.006680510562785552,5.94692838370565,6.002552722863716,6.070666666666666,1.3119173353397782,1.3596076109803998,1.35897514838402
final_joint_baseline_30mer,heat_capacity,2,0,280.0,train,0.07915837558511513,0.07532101926396959,0.001638102442041311,0.0972299790081889,0.1039427251799802,0.009019568307273546,2.543307513198239,2.851975281180152,2.8153333333333332,1.4490542803047362,1.529919098724467,1.5389473360225945
final_joint_baseline_30mer,heat_capacity,2,1,281.119,train,0.08062485521134706,0.08397430352333965,0.0023530741010261433,0.0977753216735503,0.09899680954142698,0.009856817446549523,2.607172003596376,2.893388196544971,2.8579999999999997,1.4453908784431428,1.5275150862183025,1.5207711610083274
final_joint_baseline_30mer,heat_capacity,2,2,282.243,train,0.08081922907743672,0.08943914330124843,0.0029271013160110694,0.09819100845008029,0.10590381628546658,0.01105546995312523,2.6356502293842357,2.9351870754598304,2.8833333333333333,1.4450302196769296,1.5250934183884581,1.5305933323043956
final_joint_baseline_30mer,heat_capacity,2,3,283.371,train,0.07831126214749168,0.07745515349620631,0.0008589128902958618,0.09748620244438555,0.08858433176666604,0.011565169461336332,2.7111095741983076,2.977332624823042,3.0406666666666666,1.4426351112681033,1.5226564799172086,1.5122937767975797
final_joint_baseline_30mer,heat_capacity,2,4,284.504,train,0.07790432579725046,0.0774114866053058,0.0014722609079299643,0.09568139558939504,0.09857788216699126,0.008000269008979228,2.759010247366115,3.0198599387988843,2.9593333333333334,1.4411339909979202,1.520202349754297,1.5221800978905649
final_joint_baseline_30mer,heat_capacity,2,5,285.641,train,0.07786591724428614,0.08019498753786058,0.0016444723607000784,0.09494657883560004,0.10492751734237879,0.010081682972881173,2.779320982317818,3.0627290510950322,2.9433333333333334,1.4388363579313137,1.5177334422392628,1.5229029462528754
final_joint_baseline_30mer,heat_capacity,2,6,286.783,train,0.07765575074517216,0.08290339580560571,0.0015086722007286756,0.09545682484419357,0.0990908583021557,0.009614839680658491,2.848500789588953,3.1059750635203383,3.142666666666667,1.436106212846229,1.5152478436425363,1.5137163207981488
final_joint_baseline_30mer,heat_capacity,2,7,287.929,train,0.07830716067518587,0.07723564736653094,0.0018370510005340473,0.09343329257397895,0.09122463990391877,0.009640759741634478,2.858525687576366,3.1495573361617417,3.0613333333333337,1.4361933836522711,1.5127479973253137,1.5167906327167875
final_joint_baseline_30mer,heat_capacity,2,8,289.08,train,0.07828607016386649,0.08020335734787921,0.0018481324815913915,0.09182519166101949,0.09353120709176392,0.009060238827296575,2.931267722525763,3.19351094948745,3.2880000000000003,1.4333961198315441,1.5102319983571406,1.505597595184763
final_joint_baseline_30mer,heat_capacity,2,9,290.235,train,0.07895028207892574,0.0788996335697066,0.0013546325187988686,0.09098885117633301,0.09311468744937569,0.0074473929674246445,2.993197143647555,3.2377945901645218,3.2220000000000004,1.430608882046017,1.5077023184238376,1.5064269655244351
final_joint_baseline_30mer,heat_capacity,2,10,291.395,train,0.07799127612177659,0.08481540592200135,0.0013087877680043908,0.08869627454824781,0.09026365437174552,0.009018820859283287,2.9908893249878963,3.2824432872834812,3.3193333333333332,1.4303011384655808,1.5051570628878896,1.497865750072264
final_joint_baseline_30mer,heat_capacity,2,11,292.56,train,0.0766139840543459,0.08131827254983824,0.0019398390891376838,0.08654564493056316,0.09483786956401205,0.008171780822422776,3.0821580272955718,3.3274537617914763,3.385333333333333,1.4258314762733413,1.502596531367855,1.4999803871066053
final_joint_baseline_30mer,heat_capacity,2,12,293.729,train,0.07241208695092481,0.07719557896713128,0.0023518533621496385,0.08507754755422983,0.087267400631941,0.010582511211876113,3.150122904995735,3.3727836857072284,3.324,1.423585365887622,1.5000232370317792,1.5012838132337734
final_joint_baseline_30mer,heat_capacity,2,13,294.903,train,0.07172375607281287,0.07933748228049126,0.0031396025537904493,0.08512339268219914,0.08194439941015186,0.008574787555549548,3.19203235585679,3.418467946006934,3.592,1.4218773193909555,1.4974353039581625,1.484473180094885
final_joint_baseline_30mer,heat_capacity,2,14,296.082,train,0.07143120678575877,0.07626758587825183,0.0017608061845889333,0.08557072648768546,0.0792743797134978,0.00963081495216805,3.262342658551767,3.4645026547326028,3.472666666666667,1.419300628344623,1.4948330631638043,1.477868075171881
final_joint_baseline_30mer,heat_capacity,2,15,297.266,train,0.07339606138345231,0.07373291965533359,0.00148096735275408,0.08580320019059429,0.08499264561550117,0.008391221385348393,3.298642857966203,3.5108837083334157,3.546666666666667,1.4171639688431674,1.492216856614352,1.4891556898467306
final_joint_baseline_30mer,heat_capacity,2,16,298.454,train,0.07377399233505924,0.07579284486972845,0.0017705712212695434,0.08341038526627517,0.08659339659413175,0.008284216306511483,3.3203087177536483,3.557567427516244,3.518666666666667,1.4153553834935257,1.4895892500718033,1.490513407855374
final_joint_baseline_30mer,heat_capacity,2,17,299.647,train,0.07390064196211112,0.0782086433130832,0.002134194189455178,0.08345338648482645,0.09004263461501184,0.00940183110851599,3.3892846439357265,3.6045883894833235,3.548,1.4117220597375317,1.4869483982328342,1.4818593883737585
final_joint_baseline_30mer,heat_capacity,2,18,300.845,train,0.07330382333720814,0.07865261454061273,0.0019026382151743474,0.0816820202136706,0.08091686321945837,0.007027462162693711,3.41430049334901,3.651941833501334,3.6306666666666665,1.4126422269680854,1.4842946754098993,1.4800392450111386
final_joint_baseline_30mer,heat_capacity,2,19,302.047,train,0.07361998935154002,0.07617712971671063,0.001336695256494064,0.08109195317364797,0.09553111678423012,0.00791814845137857,3.484319022753994,3.6995830797304228,3.699333333333334,1.4088618546958285,1.4816306839184787,1.4890610247858733
final_joint_baseline_30mer,heat_capacity,2,20,303.254,train,0.07185103127422188,0.08469277096647031,0.004010054039421942,0.08115680593785536,0.08335787400249303,0.00990752151272169,3.5339085229499503,3.747546386655312,3.8393333333333333,1.406459226760602,1.4789546051406508,1.460730872013456
final_joint_baseline_30mer,heat_capacity,2,21,304.467,train,0.07283286520548934,0.0807022404895883,0.002642939338558273,0.07987099972632136,0.08268350686756784,0.007585633349991645,3.6290352606219884,3.7958661836512655,3.8573333333333335,1.4036600134330308,1.4762646284468983,1.466856233931816
final_joint_baseline_30mer,heat_capacity,2,22,305.683,train,0.07470725032282585,0.07628300932348218,0.001433196332301947,0.07668086257693768,0.09670666787060554,0.00897646997211963,3.686256109228393,3.8444171297455134,3.8106666666666666,1.4002096648194318,1.4735678255645788,1.4754534769100611
final_joint_baseline_30mer,heat_capacity,2,23,306.905,train,0.07462600540516388,0.07891696385311223,0.002515532911999134,0.07691712663122052,0.07580116570078022,0.009594670721083717,3.728478369873435,3.8933129273494576,3.83,1.3994710802263843,1.4708579730765896,1.4658438755166268
final_joint_baseline_30mer,heat_capacity,2,24,308.132,train,0.07353081067049343,0.07511573463104648,0.0021870583671500642,0.07532179259111284,0.08570879745997295,0.008198761971199007,3.769594917813588,3.9425075010860304,3.8220000000000005,1.3975494234797674,1.468137729960765,1.4747345432483376
final_joint_baseline_30mer,heat_capacity,2,25,309.364,train,0.07312866246791228,0.07662149054218995,0.0028424023103869045,0.07266324180044026,0.08106278459724309,0.010388389896877029,3.8070892984761517,3.9919944030319954,3.9880000000000004,1.3954718061855997,1.4654075488277691,1.4662766159397065
final_joint_baseline_30mer,heat_capacity,2,26,310.6,train,0.07300381082296259,0.07436809422191541,0.002579408945187842,0.07372765951394618,0.07809388280225193,0.010303385346284524,3.874953172188026,4.041726658950705,4.011333333333333,1.391661912809699,1.462670107647586,1.4647579547555103
final_joint_baseline_30mer,heat_capacity,2,27,311.842,train,0.07310361208136232,0.07737649525373248,0.002046118701487372,0.07348559011490827,0.08211913890279154,0.008204833092378962,3.890596399013302,4.09177778049906,4.046666666666667,1.3920757652626659,1.459921451922046,1.452986961369021
final_joint_baseline_30mer,heat_capacity,2,28,313.088,train,0.07327156094553774,0.07679311341939077,0.001425901865408777,0.0721882977608787,0.06560216168430476,0.007652866687369153,3.9656718998547618,4.1420599536555365,4.106666666666667,1.3890153180179459,1.4571664936478297,1.455752693962958
final_joint_baseline_30mer,heat_capacity,2,29,314.34,train,0.0723328252702906,0.07612599442906921,0.0018285021626145534,0.07163755996682533,0.07800425616928616,0.00843831366755621,3.9884460658874517,4.192646396908451,4.142666666666667,1.3875389843347843,1.4544013083067766,1.4644497184960823
final_joint_baseline_30mer,heat_capacity,2,30,315.596,train,0.07295395594510796,0.0720481162177021,0.0016072753477000025,0.07077948750771726,0.06930791051070917,0.008386058591458214,4.08785200106047,4.243448549885683,4.214666666666667,1.384418102377888,1.4516308213585971,1.447484487524831
final_joint_baseline_30mer,heat_capacity,2,31,316.858,train,0.07110545290832117,0.0726929711227557,0.0026873592682509955,0.06871739331729629,0.07056035925815425,0.007567245707691206,4.162689040274801,4.294539276371508,4.182666666666667,1.3802637032924852,1.448851141028871,1.4545610380181866
final_joint_baseline_30mer,heat_capacity,2,32,318.124,train,0.06984678940874367,0.07578462872658008,0.002583272620729361,0.0677480485678632,0.06927835780095921,0.008993310416017305,4.1928993187634,4.345829313112248,4.364,1.378450940428177,1.4460672028082935,1.4504569419245672
final_joint_baseline_30mer,heat_capacity,2,33,319.396,train,0.06911240299456009,0.06948681929120407,0.0018048952748411758,0.06765433480076047,0.07603160032742023,0.007727213492713974,4.283916015399866,4.397391107594109,4.3886666666666665,1.3766030864406695,1.443275150363703,1.4458305151426252
final_joint_baseline_30mer,heat_capacity,2,34,320.672,train,0.07020044856342646,0.07679508713148508,0.0025487660160147295,0.06674631817186485,0.07265963927192046,0.00821459855443247,4.286059576503677,4.4491347416305995,4.5200000000000005,1.374854657302226,1.4404799255790373,1.4355373401317681
final_joint_baseline_30mer,heat_capacity,2,35,321.954,train,0.0687065829876656,0.06363343991149961,0.0014655016603726007,0.06471182500810305,0.06938239202156596,0.006839050629516434,4.3263572861193715,4.501132185109514,4.475333333333333,1.3732220845705354,1.4376777101787406,1.436713778602177
final_joint_baseline_30mer,heat_capacity,2,36,323.241,train,0.06950754209232,0.07482132923241835,0.002949485384816029,0.06459625717743733,0.07061722579600982,0.007231459747846377,4.395032073449062,4.553333476012342,4.572666666666667,1.3700644404845734,1.4348712707241866,1.4318702447859053
final_joint_baseline_30mer,heat_capacity,2,37,324.533,train,0.070014671535146,0.06907789398143868,0.0026078537174764075,0.0655703736267819,0.0662601876381206,0.010133122757665728,4.451483072826613,4.605728918776624,4.582666666666666,1.3685460531537685,1.4320611910814534,1.437572377183794
final_joint_baseline_30mer,heat_capacity,2,38,325.83,train,0.07003072915887026,0.07096044797798776,0.0030597871792783053,0.06391313244974717,0.06750620164219227,0.0070781407900380984,4.488311634045692,4.658308539496778,4.614,1.366888136833101,1.4292480650831427,1.4307985155601477
final_joint_baseline_30mer,heat_capacity,2,39,327.132,train,0.06934512095981468,0.07306789761947045,0.0018038861827833793,0.06454335805337233,0.07859084292513632,0.007618612411568691,4.575185294049842,4.711062086455055,4.755333333333334,1.3636341314088298,1.4264324962874726,1.4348164539975141
final_joint_baseline_30mer,heat_capacity,2,40,328.44,train,0.06885678385891977,0.06946338267989877,0.0015379879950814085,0.06376804296738038,0.07808115547375032,0.008106813757908542,4.6199888477764715,4.7640195007737764,4.7026666666666666,1.3595889047067131,1.4236129456710456,1.4329610827861377
final_joint_baseline_30mer,heat_capacity,2,41,329.753,train,0.0662678413522016,0.0643853518243572,0.00203924581502893,0.06235617533528267,0.07159022682104942,0.008661532041958575,4.7220001383221515,4.81712942470663,4.7393333333333345,1.3558915257258317,1.4207922024992636,1.4258489648417785
final_joint_baseline_30mer,heat_capacity,2,42,331.071,train,0.06617443088688255,0.0700754267145341,0.0019233336308975722,0.061459409478188974,0.06378859251109946,0.005859948780065397,4.730136074417318,4.8703807562316594,4.979333333333333,1.3539478674019712,1.4179708991239686,1.4136069023816633
final_joint_baseline_30mer,heat_capacity,2,43,332.394,train,0.0666841989529278,0.06578648747050318,0.003347920095971205,0.06027052613754266,0.07320594500656638,0.008038169882035746,4.787296262996519,4.92376212178664,4.97,1.352011450103533,1.4151496764514215,1.4232884667834018
final_joint_baseline_30mer,heat_capacity,2,44,333.723,train,0.0674145745398553,0.06771340764929472,0.001091375424796423,0.06051819630002456,0.06942192494200072,0.007128386760406591,4.863467102381446,4.9773021309635155,5.008000000000001,1.3487861302799726,1.4123270641598413,1.414418063493897
final_joint_baseline_30mer,heat_capacity,2,45,335.057,train,0.0658463462467006,0.06580776483098383,0.0026563640839385935,0.05888556845009678,0.06605088550155218,0.011148401034480044,4.941125048989096,5.030948473631404,4.985333333333333,1.3481898596865658,1.4095058570755246,1.401551144077513
final_joint_baseline_30mer,heat_capacity,2,46,336.396,train,0.06601286641653209,0.06267091905603112,0.0019161343061058602,0.05936670959798708,0.0678838654775352,0.008654917801294968,5.020747746501602,5.084688955453732,5.110666666666667,1.3457309745538302,1.4066867208718201,1.4096739717687417
final_joint_baseline_30mer,heat_capacity,2,47,337.741,train,0.06789760068043654,0.06848290168025994,0.002295734991226754,0.057867729387231184,0.06258992483883098,0.007002295606099245,5.0435716220577715,5.138551124171488,5.130000000000001,1.3444760491479961,1.4038682377998086,1.4094144270736573
final_joint_baseline_30mer,heat_capacity,2,48,339.091,train,0.06518057772042003,0.06904572388843423,0.002434318367404864,0.05679989828899671,0.060557546034209916,0.00803632190591565,5.122854133526984,5.19248207402433,5.27,1.341662910771536,1.4010531986458123,1.402126969867191
final_joint_baseline_30mer,heat_capacity,2,49,340.446,train,0.06577355410807836,0.06844891809318618,0.002274338858946192,0.0553682422451751,0.06291819643591026,0.008635624410835397,5.218590209096986,5.246468828938065,5.340666666666666,1.3391828595644897,1.3982422901234302,1.3883369786689967
final_joint_baseline_30mer,heat_capacity,2,50,341.807,train,0.0676591882328683,0.07184225241102789,0.0034206676224836966,0.056082326079853494,0.055051873195376605,0.009204149659797142,5.271444256172626,5.300537839465588,5.288,1.3372135791506743,1.3954341470309926,1.3864681706070514
final_joint_baseline_30mer,heat_capacity,2,51,343.173,train,0.06669040944496199,0.06778249580749166,0.001999488615562947,0.05386719427654339,0.07074116970260501,0.010955972786602588,5.3073408718906325,5.354635731524207,5.235333333333333,1.3364304344011835,1.3926315480982863,1.4081442760937495
final_joint_baseline_30mer,heat_capacity,2,52,344.545,train,0.0666468162551561,0.05892138667514028,0.0024453413930924186,0.05314881872140256,0.05512314465797608,0.006764293318157187,5.368419899946977,5.408788202147058,5.361333333333334,1.3327784510796787,1.3898331632844911,1.390938897310028
final_joint_baseline_30mer,heat_capacity,2,53,345.922,train,0.06693157375335551,0.06659852577605052,0.0010795396361566515,0.05363353500886126,0.06014764140413695,0.008926401730880072,5.420805380731725,5.462941635762408,5.525333333333333,1.3307693450260425,1.3870417589727504,1.3874651354088123
final_joint_baseline_30mer,heat_capacity,2,54,347.305,train,0.06620484623079685,0.06231480113157523,0.001861125904700041,0.052920693581645015,0.05344621446662322,0.010895972100399512,5.455972347096387,5.5171209701372455,5.386666666666667,1.3296127304653613,1.3842560398414865,1.3853499774908475
final_joint_baseline_30mer,heat_capacity,2,55,348.693,train,0.06778335018713133,0.06456920514173836,0.001505435883876134,0.05248239528621573,0.058538681733570824,0.009319781121491202,5.529657710307305,5.5712724182906,5.608,1.3272872473009774,1.381478755951334,1.3794728836438006
final_joint_baseline_30mer,heat_capacity,2,56,350.086,train,0.06951687823546349,0.0729536519422874,0.0029068287756392275,0.052145858436183384,0.05589140225310954,0.007961762848248621,5.55811461143002,5.625381402271361,5.6259999999999994,1.3251929199481436,1.378710626248471,1.3855056679571598
final_joint_baseline_30mer,heat_capacity,2,57,351.486,train,0.06693083982802757,0.06758817844330935,0.001888611887552098,0.05052739320876207,0.060807801378534074,0.007813480745126583,5.524239516333541,5.6795103044440385,5.650666666666666,1.3267302453454364,1.375948439903088,1.3846370272815287
final_joint_baseline_30mer,heat_capacity,2,58,352.891,train,0.06843302646154956,0.081458415030047,0.0023108205714149075,0.051006656026652046,0.05862353080171913,0.008120388217235177,5.597728058648593,5.733566279093631,5.688666666666667,1.324656527064957,1.3731969095250112,1.3762971320339432
final_joint_baseline_30mer,heat_capacity,2,59,354.301,train,0.06763335344241451,0.06917884577826233,0.0020243497581718876,0.05036811316744172,0.05613759777256,0.006835401880993347,5.6865059536159706,5.787534182857739,5.802666666666667,1.3203266723635592,1.370456759957742,1.3739472302996663
final_joint_baseline_30mer,heat_capacity,2,60,355.717,train,0.0712601906934574,0.06641150384652283,0.003280213230600461,0.05065611266136685,0.05744332298754964,0.00923089282137898,5.7300068296562685,5.841436685203297,5.599333333333334,1.3184264601922309,1.3677267958065509,1.3748772177034343
final_joint_baseline_30mer,heat_capacity,2,61,357.139,train,0.07088156769135,0.08218413549267822,0.003931114661615926,0.050088941189161934,0.047078757421869094,0.007900095040373662,5.821185622564954,5.895257694127772,5.898666666666667,1.3154275616635978,1.3650077890966237,1.3590234262364198
final_joint_baseline_30mer,heat_capacity,2,62,358.567,train,0.07061688934926166,0.07825347058990353,0.003940276328980648,0.04927408494637022,0.04528482377839682,0.0067393121667073536,5.787977355510985,5.948980939326281,5.88,1.3170019276909346,1.362300512820004,1.3612060085686184
final_joint_baseline_30mer,heat_capacity,2,63,360.0,train,0.0713152621514703,0.07139015109663743,0.0020675007406020587,0.04914938155408606,0.049559705285596015,0.0066591793567918195,5.94692838370565,6.002552722863716,5.9573333333333345,1.3119173353397782,1.3596076109803998,1.3592895735363932
final_joint_baseline_30mer,heat_capacity,3,0,280.0,train,0.07915837558511513,0.0840016458823822,0.0012541272003003235,0.0972299790081889,0.10194072225813564,0.007026034764300358,2.543307513198239,2.851975281180152,2.86,1.4490542803047362,1.529919098724467,1.5331571297791735
final_joint_baseline_30mer,heat_capacity,3,1,281.119,train,0.08062485521134706,0.08242422062402313,0.0018667346457844367,0.0977753216735503,0.10284331263269256,0.006592560663886993,2.607172003596376,2.893388196544971,2.876666666666667,1.4453908784431428,1.5275150862183025,1.5319876393133867
final_joint_baseline_30mer,heat_capacity,3,2,282.243,train,0.08081922907743672,0.08075788120169919,0.0011887932521216834,0.09819100845008029,0.1121931076243096,0.00758707850283756,2.6356502293842357,2.9351870754598304,2.902,1.4450302196769296,1.5250934183884581,1.538767416817362
final_joint_baseline_30mer,heat_capacity,3,3,283.371,train,0.07831126214749168,0.0869813744344467,0.0026966422714096733,0.09748620244438555,0.09444203342019625,0.007694994489415247,2.7111095741983076,2.977332624823042,2.9160000000000004,1.4426351112681033,1.5226564799172086,1.513322934232448
final_joint_baseline_30mer,heat_capacity,3,4,284.504,train,0.07790432579725046,0.07947659997076124,0.002211372068375104,0.09568139558939504,0.10682172598149417,0.008384440937794276,2.759010247366115,3.0198599387988843,2.9713333333333334,1.4411339909979202,1.520202349754297,1.5291790029254408
final_joint_baseline_30mer,heat_capacity,3,5,285.641,train,0.07786591724428614,0.07657429485744602,0.0016071979555474457,0.09494657883560004,0.09380835299576573,0.008327280222979171,2.779320982317818,3.0627290510950322,3.171333333333333,1.4388363579313137,1.5177334422392628,1.5022934702808777
final_joint_baseline_30mer,heat_capacity,3,6,286.783,train,0.07765575074517216,0.07626000317845084,0.0007965394202118037,0.09545682484419357,0.0990981636722728,0.008477496901890584,2.848500789588953,3.1059750635203383,3.106,1.436106212846229,1.5152478436425363,1.5056853233424057
final_joint_baseline_30mer,heat_capacity,3,7,287.929,train,0.07830716067518587,0.07714790605843688,0.0015664870965190433,0.09343329257397895,0.09390434955459992,0.007703544595588823,2.858525687576366,3.1495573361617417,3.1853333333333333,1.4361933836522711,1.5127479973253137,1.5129440391825564
final_joint_baseline_30mer,heat_capacity,3,8,289.08,train,0.07828607016386649,0.08093804484483658,0.0013259556393474268,0.09182519166101949,0.0883133630014606,0.0060161101869034075,2.931267722525763,3.19351094948745,3.2720000000000002,1.4333961198315441,1.5102319983571406,1.4998123898827542
final_joint_baseline_30mer,heat_capacity,3,9,290.235,train,0.07895028207892574,0.08266359525943243,0.0013564649409193265,0.09098885117633301,0.10165581139146342,0.008571409879777163,2.993197143647555,3.2377945901645218,3.292,1.430608882046017,1.5077023184238376,1.512305243440014
final_joint_baseline_30mer,heat_capacity,3,10,291.395,train,0.07799127612177659,0.08537899786621515,0.0024410580085327425,0.08869627454824781,0.08883372479741315,0.006678518790344293,2.9908893249878963,3.2824432872834812,3.442,1.4303011384655808,1.5051570628878896,1.497473057858815
final_joint_baseline_30mer,heat_capacity,3,11,292.56,train,0.0766139840543459,0.07592107533524729,0.0021943528202929942,0.08654564493056316,0.08995397049500961,0.008000752639712009,3.0821580272955718,3.3274537617914763,3.3653333333333335,1.4258314762733413,1.502596531367855,1.4955798914704834
final_joint_baseline_30mer,heat_capacity,3,12,293.729,train,0.07241208695092481,0.07206842095008563,0.0017405439819143803,0.08507754755422983,0.08702821182417986,0.007175765420370934,3.150122904995735,3.3727836857072284,3.284,1.423585365887622,1.5000232370317792,1.5018930148077239
final_joint_baseline_30mer,heat_capacity,3,13,294.903,train,0.07172375607281287,0.07378423757738271,0.002712587605032727,0.08512339268219914,0.09069499624738966,0.010290317463486458,3.19203235585679,3.418467946006934,3.452,1.4218773193909555,1.4974353039581625,1.5000950626345952
final_joint_baseline_30mer,heat_capacity,3,14,296.082,train,0.07143120678575877,0.06815347016375081,0.0029507616190800738,0.08557072648768546,0.0888940075405848,0.00843583551718903,3.262342658551767,3.4645026547326028,3.554,1.419300628344623,1.4948330631638043,1.4950368552583329
final_joint_baseline_30mer,heat_capacity,3,15,297.266,train,0.07339606138345231,0.07311917019594048,0.0015114787528115003,0.08580320019059429,0.10082840849407795,0.009274955246910292,3.298642857966203,3.5108837083334157,3.506,1.4171639688431674,1.492216856614352,1.4994200172545484
final_joint_baseline_30mer,heat_capacity,3,16,298.454,train,0.07377399233505924,0.06961412276568366,0.001468258520619921,0.08341038526627517,0.08478469822158896,0.00672786198544611,3.3203087177536483,3.557567427516244,3.583333333333333,1.4153553834935257,1.4895892500718033,1.4821062984020261
final_joint_baseline_30mer,heat_capacity,3,17,299.647,train,0.07390064196211112,0.07536736488421472,0.0015699149407485265,0.08345338648482645,0.08659739942508454,0.006967325256041386,3.3892846439357265,3.6045883894833235,3.604666666666667,1.4117220597375317,1.4869483982328342,1.489210082360343
final_joint_baseline_30mer,heat_capacity,3,18,300.845,train,0.07330382333720814,0.07514161255719043,0.003375817467170651,0.0816820202136706,0.08443233160263382,0.007421133123200917,3.41430049334901,3.651941833501334,3.54,1.4126422269680854,1.4842946754098993,1.486538890453845
final_joint_baseline_30mer,heat_capacity,3,19,302.047,train,0.07361998935154002,0.07374696077347553,0.001447601551493022,0.08109195317364797,0.08503260128878237,0.008644166555193475,3.484319022753994,3.6995830797304228,3.716,1.4088618546958285,1.4816306839184787,1.4755540218130019
final_joint_baseline_30mer,heat_capacity,3,20,303.254,train,0.07185103127422188,0.08103589661874393,0.001725472041830542,0.08115680593785536,0.09084781134859155,0.00972202315497826,3.5339085229499503,3.747546386655312,3.8133333333333335,1.406459226760602,1.4789546051406508,1.4653916111826895
final_joint_baseline_30mer,heat_capacity,3,21,304.467,train,0.07283286520548934,0.07256096811476864,0.0020163162644348314,0.07987099972632136,0.08849933542612562,0.00722042469946948,3.6290352606219884,3.7958661836512655,3.7426666666666666,1.4036600134330308,1.4762646284468983,1.4797662566897425
final_joint_baseline_30mer,heat_capacity,3,22,305.683,train,0.07470725032282585,0.07558963676921002,0.0029889248495573784,0.07668086257693768,0.07976485574286941,0.007980298135041829,3.686256109228393,3.8444171297455134,3.8546666666666667,1.4002096648194318,1.4735678255645788,1.4678365745915025
final_joint_baseline_30mer,heat_capacity,3,23,306.905,train,0.07462600540516388,0.07440028851210181,0.0023709684537393015,0.07691712663122052,0.08857706974584727,0.007967170457985943,3.728478369873435,3.8933129273494576,3.8166666666666664,1.3994710802263843,1.4708579730765896,1.484752561333596
final_joint_baseline_30mer,heat_capacity,3,24,308.132,train,0.07353081067049343,0.07664350365018147,0.0017022619210415335,0.07532179259111284,0.08271743528262912,0.00863191073019549,3.769594917813588,3.9425075010860304,3.9913333333333334,1.3975494234797674,1.468137729960765,1.4683448125941787
final_joint_baseline_30mer,heat_capacity,3,25,309.364,train,0.07312866246791228,0.07494372088296988,0.0016021737467563598,0.07266324180044026,0.08888283763885178,0.007737985996648314,3.8070892984761517,3.9919944030319954,3.9000000000000004,1.3954718061855997,1.4654075488277691,1.4754915645782911
final_joint_baseline_30mer,heat_capacity,3,26,310.6,train,0.07300381082296259,0.07092205581799832,0.0009692058150050912,0.07372765951394618,0.07271740594347938,0.007311521840911212,3.874953172188026,4.041726658950705,4.034,1.391661912809699,1.462670107647586,1.4572227492173448
final_joint_baseline_30mer,heat_capacity,3,27,311.842,train,0.07310361208136232,0.08103469492682036,0.0024903881558667167,0.07348559011490827,0.08509011395342926,0.008596515520142905,3.890596399013302,4.09177778049906,4.097333333333333,1.3920757652626659,1.459921451922046,1.4661435075321765
final_joint_baseline_30mer,heat_capacity,3,28,313.088,train,0.07327156094553774,0.08029890039190409,0.0030920419843939694,0.0721882977608787,0.07873186586659589,0.009331858526821356,3.9656718998547618,4.1420599536555365,4.092666666666666,1.3890153180179459,1.4571664936478297,1.466319994302346
final_joint_baseline_30mer,heat_capacity,3,29,314.34,train,0.0723328252702906,0.08267432788284204,0.002333831814730585,0.07163755996682533,0.0665495838766237,0.009075940429371758,3.9884460658874517,4.192646396908451,4.113333333333333,1.3875389843347843,1.4544013083067766,1.450284799458282
final_joint_baseline_30mer,heat_capacity,3,30,315.596,train,0.07295395594510796,0.07634679469884291,0.0014697942790687659,0.07077948750771726,0.08178170238239152,0.008039291370556197,4.08785200106047,4.243448549885683,4.299333333333333,1.384418102377888,1.4516308213585971,1.446696647144684
final_joint_baseline_30mer,heat_capacity,3,31,316.858,train,0.07110545290832117,0.07828616464018351,0.002533297054828793,0.06871739331729629,0.07580639133625428,0.009593777006184662,4.162689040274801,4.294539276371508,4.247333333333334,1.3802637032924852,1.448851141028871,1.4596951835849366
final_joint_baseline_30mer,heat_capacity,3,32,318.124,train,0.06984678940874367,0.07812328455378988,0.002363235965170808,0.0677480485678632,0.07013154296554941,0.007958969971783515,4.1928993187634,4.345829313112248,4.341333333333333,1.378450940428177,1.4460672028082935,1.4449856065963311
final_joint_baseline_30mer,heat_capacity,3,33,319.396,train,0.06911240299456009,0.06996829925589572,0.0011709593239700494,0.06765433480076047,0.06777253675185864,0.0068668739272615496,4.283916015399866,4.397391107594109,4.451333333333333,1.3766030864406695,1.443275150363703,1.434148163611555
final_joint_baseline_30mer,heat_capacity,3,34,320.672,train,0.07020044856342646,0.07147949917369227,0.001961599997050385,0.06674631817186485,0.06553676770665873,0.00630666776377596,4.286059576503677,4.4491347416305995,4.424666666666668,1.374854657302226,1.4404799255790373,1.4386633608884356
final_joint_baseline_30mer,heat_capacity,3,35,321.954,train,0.0687065829876656,0.07643205438005185,0.002715945609572412,0.06471182500810305,0.06694961006192651,0.007749320512746145,4.3263572861193715,4.501132185109514,4.491333333333333,1.3732220845705354,1.4376777101787406,1.4337334917537627
final_joint_baseline_30mer,heat_capacity,3,36,323.241,train,0.06950754209232,0.06952708839456788,0.0006857156270055906,0.06459625717743733,0.07003671452881884,0.007189198999870193,4.395032073449062,4.553333476012342,4.529999999999999,1.3700644404845734,1.4348712707241866,1.436135429221786
final_joint_baseline_30mer,heat_capacity,3,37,324.533,train,0.070014671535146,0.07198078306821895,0.0021196867087243374,0.0655703736267819,0.06614321943988087,0.006573342423853339,4.451483072826613,4.605728918776624,4.606,1.3685460531537685,1.4320611910814534,1.43243559870588
final_joint_baseline_30mer,heat_capacity,3,38,325.83,train,0.07003072915887026,0.07446876796554563,0.0014545660539990574,0.06391313244974717,0.06341776267700508,0.006311197021805104,4.488311634045692,4.658308539496778,4.683333333333334,1.366888136833101,1.4292480650831427,1.4310970298263166
final_joint_baseline_30mer,heat_capacity,3,39,327.132,train,0.06934512095981468,0.06440891578438676,0.002843512135714643,0.06454335805337233,0.06732702359842926,0.006974851216427102,4.575185294049842,4.711062086455055,4.724,1.3636341314088298,1.4264324962874726,1.4248364364023942
final_joint_baseline_30mer,heat_capacity,3,40,328.44,train,0.06885678385891977,0.0677347954302397,0.0017508108400794832,0.06376804296738038,0.08054137014793877,0.008577893366442615,4.6199888477764715,4.7640195007737764,4.775333333333334,1.3595889047067131,1.4236129456710456,1.4267625116959457
final_joint_baseline_30mer,heat_capacity,3,41,329.753,train,0.0662678413522016,0.07341587070728002,0.003257677060768819,0.06235617533528267,0.062008439252259795,0.008245910154712332,4.7220001383221515,4.81712942470663,4.815333333333333,1.3558915257258317,1.4207922024992636,1.424316011532741
final_joint_baseline_30mer,heat_capacity,3,42,331.071,train,0.06617443088688255,0.07239068940940964,0.0033979240691225376,0.061459409478188974,0.05569714356346844,0.009002533180882934,4.730136074417318,4.8703807562316594,4.950666666666667,1.3539478674019712,1.4179708991239686,1.4075230145484827
final_joint_baseline_30mer,heat_capacity,3,43,332.394,train,0.0666841989529278,0.0679172139442714,0.002172305081262798,0.06027052613754266,0.06359951971365703,0.00848683931250727,4.787296262996519,4.92376212178664,4.9606666666666674,1.352011450103533,1.4151496764514215,1.4143176102941242
final_joint_baseline_30mer,heat_capacity,3,44,333.723,train,0.0674145745398553,0.07267933246741395,0.002650393918090222,0.06051819630002456,0.06657207796893118,0.007144416438740846,4.863467102381446,4.9773021309635155,5.020666666666667,1.3487861302799726,1.4123270641598413,1.4023485995789786
final_joint_baseline_30mer,heat_capacity,3,45,335.057,train,0.0658463462467006,0.067311821903557,0.003985833095211178,0.05888556845009678,0.06305318956079678,0.0070289293923269545,4.941125048989096,5.030948473631404,4.851999999999999,1.3481898596865658,1.4095058570755246,1.4120788257775758
final_joint_baseline_30mer,heat_capacity,3,46,336.396,train,0.06601286641653209,0.07339471571478534,0.0026629999680064173,0.05936670959798708,0.06476717427903957,0.007426604719127358,5.020747746501602,5.084688955453732,5.165333333333333,1.3457309745538302,1.4066867208718201,1.4096744503643963
final_joint_baseline_30mer,heat_capacity,3,47,337.741,train,0.06789760068043654,0.06299492790749305,0.0028336157845245866,0.057867729387231184,0.05836771019261331,0.007439087537607518,5.0435716220577715,5.138551124171488,5.168,1.3444760491479961,1.4038682377998086,1.4040445402477642
final_joint_baseline_30mer,heat_capacity,3,48,339.091,train,0.06518057772042003,0.07336923976774591,0.003499448142968948,0.05679989828899671,0.06325382136046752,0.008730758663325733,5.122854133526984,5.19248207402433,5.110666666666667,1.341662910771536,1.4010531986458123,1.4101737116701945
final_joint_baseline_30mer,heat_capacity,3,49,340.446,train,0.06577355410807836,0.07233607967259462,0.0029287654176110875,0.0553682422451751,0.0659606431935005,0.007919491710486358,5.218590209096986,5.246468828938065,5.176,1.3391828595644897,1.3982422901234302,1.4035686309260202
final_joint_baseline_30mer,heat_capacity,3,50,341.807,train,0.0676591882328683,0.08182424596131768,0.0027694659332068786,0.056082326079853494,0.0552763072447246,0.009703998278767435,5.271444256172626,5.300537839465588,5.400666666666668,1.3372135791506743,1.3954341470309926,1.3817052541816017
final_joint_baseline_30mer,heat_capacity,3,51,343.173,train,0.06669040944496199,0.07559202360922612,0.002775041722988511,0.05386719427654339,0.05719744207985957,0.009165357914128442,5.3073408718906325,5.354635731524207,5.518,1.3364304344011835,1.3926315480982863,1.3795776338204724
final_joint_baseline_30mer,heat_capacity,3,52,344.545,train,0.0666468162551561,0.07274695189274216,0.0039642292472108175,0.05314881872140256,0.05211128561242033,0.009581928593754159,5.368419899946977,5.408788202147058,5.5760000000000005,1.3327784510796787,1.3898331632844911,1.3811737439274117
final_joint_baseline_30mer,heat_capacity,3,53,345.922,train,0.06693157375335551,0.0764438950304835,0.0029829754404230554,0.05363353500886126,0.05525939794358888,0.009373029504901868,5.420805380731725,5.462941635762408,5.394,1.3307693450260425,1.3870417589727504,1.3866897903678534
final_joint_baseline_30mer,heat_capacity,3,54,347.305,train,0.06620484623079685,0.07114154464941026,0.002983549695901131,0.052920693581645015,0.058107924488257405,0.008584149103095611,5.455972347096387,5.5171209701372455,5.502,1.3296127304653613,1.3842560398414865,1.3916705542451968
final_joint_baseline_30mer,heat_capacity,3,55,348.693,train,0.06778335018713133,0.07689199231324709,0.0027084462871972293,0.05248239528621573,0.06389895542083047,0.00886931080831502,5.529657710307305,5.5712724182906,5.566666666666666,1.3272872473009774,1.381478755951334,1.3821317099678638
final_joint_baseline_30mer,heat_capacity,3,56,350.086,train,0.06951687823546349,0.07018588396705693,0.0023657638206363856,0.052145858436183384,0.05231522341608065,0.009025957175578754,5.55811461143002,5.625381402271361,5.748000000000001,1.3251929199481436,1.378710626248471,1.37651770625199
final_joint_baseline_30mer,heat_capacity,3,57,351.486,train,0.06693083982802757,0.0655481003350038,0.0017077132546580859,0.05052739320876207,0.06067530535500796,0.009368943157839744,5.524239516333541,5.6795103044440385,5.641333333333334,1.3267302453454364,1.375948439903088,1.3793822121074357
final_joint_baseline_30mer,heat_capacity,3,58,352.891,train,0.06843302646154956,0.07328154915612756,0.0017381000518371496,0.051006656026652046,0.05875134002515066,0.009355162994006407,5.597728058648593,5.733566279093631,5.712666666666666,1.324656527064957,1.3731969095250112,1.3741926137002167
final_joint_baseline_30mer,heat_capacity,3,59,354.301,train,0.06763335344241451,0.0707712099217964,0.0027220941452383556,0.05036811316744172,0.04730349173576133,0.005559505268794274,5.6865059536159706,5.787534182857739,5.775333333333334,1.3203266723635592,1.370456759957742,1.3640300989825624
final_joint_baseline_30mer,heat_capacity,3,60,355.717,train,0.0712601906934574,0.07506193305747602,0.002007079272371537,0.05065611266136685,0.05544898290385484,0.008733805057768516,5.7300068296562685,5.841436685203297,5.891333333333334,1.3184264601922309,1.3677267958065509,1.3716782244706511
final_joint_baseline_30mer,heat_capacity,3,61,357.139,train,0.07088156769135,0.06954838534685572,0.0021749307348827075,0.050088941189161934,0.05137676190504295,0.008545763820719535,5.821185622564954,5.895257694127772,5.852666666666667,1.3154275616635978,1.3650077890966237,1.3725984717367792
final_joint_baseline_30mer,heat_capacity,3,62,358.567,train,0.07061688934926166,0.07171364882658854,0.002519647314321704,0.04927408494637022,0.04807948316080524,0.00827771631095388,5.787977355510985,5.948980939326281,5.887333333333333,1.3170019276909346,1.362300512820004,1.3588062509781536
final_joint_baseline_30mer,heat_capacity,3,63,360.0,train,0.0713152621514703,0.08014429772634046,0.002426212693436177,0.04914938155408606,0.0473576685875393,0.011170897098889757,5.94692838370565,6.002552722863716,6.036666666666666,1.3119173353397782,1.3596076109803998,1.3599866205938604
final_joint_baseline_30mer,heat_capacity,4,0,280.0,train,0.07915837558511513,0.0787523363515869,0.0006503595422237131,0.0972299790081889,0.09907872822781226,0.00967676887571942,2.543307513198239,2.851975281180152,2.8659999999999997,1.4490542803047362,1.529919098724467,1.5178017883627684
final_joint_baseline_30mer,heat_capacity,4,1,281.119,train,0.08062485521134706,0.08366234779973843,0.002611493222482582,0.0977753216735503,0.09355156720668364,0.008419240235234972,2.607172003596376,2.893388196544971,2.994,1.4453908784431428,1.5275150862183025,1.5156608871951547
final_joint_baseline_30mer,heat_capacity,4,2,282.243,train,0.08081922907743672,0.08527513934725339,0.003390708225022152,0.09819100845008029,0.09890653960408541,0.0076329994025606815,2.6356502293842357,2.9351870754598304,2.9893333333333336,1.4450302196769296,1.5250934183884581,1.5288221913908935
final_joint_baseline_30mer,heat_capacity,4,3,283.371,train,0.07831126214749168,0.08185747903559197,0.0023262367573478457,0.09748620244438555,0.10196862136247914,0.011009016119239247,2.7111095741983076,2.977332624823042,3.041333333333333,1.4426351112681033,1.5226564799172086,1.5097562519463312
final_joint_baseline_30mer,heat_capacity,4,4,284.504,train,0.07790432579725046,0.08346234824504704,0.0022439908354255408,0.09568139558939504,0.09405422113675183,0.006121842653134972,2.759010247366115,3.0198599387988843,3.1220000000000003,1.4411339909979202,1.520202349754297,1.513621905432398
final_joint_baseline_30mer,heat_capacity,4,5,285.641,train,0.07786591724428614,0.07980319450597899,0.0013584171486681362,0.09494657883560004,0.1033030988661503,0.009400244393102327,2.779320982317818,3.0627290510950322,3.072,1.4388363579313137,1.5177334422392628,1.519950668024259
final_joint_baseline_30mer,heat_capacity,4,6,286.783,train,0.07765575074517216,0.08016146917848058,0.0011233194013623487,0.09545682484419357,0.10326722917706953,0.010254137504895192,2.848500789588953,3.1059750635203383,3.102666666666667,1.436106212846229,1.5152478436425363,1.5208435370509565
final_joint_baseline_30mer,heat_capacity,4,7,287.929,train,0.07830716067518587,0.0845065701263916,0.002920591230376156,0.09343329257397895,0.09705901659311128,0.008551522772510346,2.858525687576366,3.1495573361617417,3.206,1.4361933836522711,1.5127479973253137,1.5166099289599542
final_joint_baseline_30mer,heat_capacity,4,8,289.08,train,0.07828607016386649,0.08743068894842382,0.0022281315096137526,0.09182519166101949,0.09984802067163193,0.007727575928915848,2.931267722525763,3.19351094948745,3.298666666666667,1.4333961198315441,1.5102319983571406,1.5048798631804516
final_joint_baseline_30mer,heat_capacity,4,9,290.235,train,0.07895028207892574,0.08636328279152657,0.0021901334800188475,0.09098885117633301,0.09971816867012931,0.008120224317770354,2.993197143647555,3.2377945901645218,3.2459999999999996,1.430608882046017,1.5077023184238376,1.5124289317092008
final_joint_baseline_30mer,heat_capacity,4,10,291.395,train,0.07799127612177659,0.08323631259119771,0.0016872680182661286,0.08869627454824781,0.08635715195619119,0.00920973217754359,2.9908893249878963,3.2824432872834812,3.264666666666667,1.4303011384655808,1.5051570628878896,1.5023771156617842
final_joint_baseline_30mer,heat_capacity,4,11,292.56,train,0.0766139840543459,0.08184531706970447,0.0022922982473755037,0.08654564493056316,0.08383290041623746,0.00800912258891277,3.0821580272955718,3.3274537617914763,3.365999999999999,1.4258314762733413,1.502596531367855,1.4911980240290386
final_joint_baseline_30mer,heat_capacity,4,12,293.729,train,0.07241208695092481,0.0741533977201069,0.0011098360584898778,0.08507754755422983,0.09261983296822107,0.008890945405684289,3.150122904995735,3.3727836857072284,3.378666666666667,1.423585365887622,1.5000232370317792,1.497025603092206
final_joint_baseline_30mer,heat_capacity,4,13,294.903,train,0.07172375607281287,0.07343121331376672,0.0013993437454134922,0.08512339268219914,0.08851833393783003,0.0077349627208870425,3.19203235585679,3.418467946006934,3.414,1.4218773193909555,1.4974353039581625,1.5063989425644784
final_joint_baseline_30mer,heat_capacity,4,14,296.082,train,0.07143120678575877,0.0736378728280692,0.0008895041660145205,0.08557072648768546,0.09081513081233825,0.008467169362610868,3.262342658551767,3.4645026547326028,3.5126666666666675,1.419300628344623,1.4948330631638043,1.4871532608212037
final_joint_baseline_30mer,heat_capacity,4,15,297.266,train,0.07339606138345231,0.07562300631878319,0.0013389350335254874,0.08580320019059429,0.09268173736048363,0.007979326037830768,3.298642857966203,3.5108837083334157,3.5646666666666675,1.4171639688431674,1.492216856614352,1.4881226099378955
final_joint_baseline_30mer,heat_capacity,4,16,298.454,train,0.07377399233505924,0.0732162770270495,0.0020907102935702245,0.08341038526627517,0.08572944844585734,0.00668621048213385,3.3203087177536483,3.557567427516244,3.5086666666666666,1.4153553834935257,1.4895892500718033,1.4889409963693412
final_joint_baseline_30mer,heat_capacity,4,17,299.647,train,0.07390064196211112,0.07684565168942725,0.0013232415416497946,0.08345338648482645,0.0876673267945457,0.007341996958346317,3.3892846439357265,3.6045883894833235,3.5800000000000005,1.4117220597375317,1.4869483982328342,1.4826390806939074
final_joint_baseline_30mer,heat_capacity,4,18,300.845,train,0.07330382333720814,0.08457121772768915,0.002685543387017923,0.0816820202136706,0.0812945037667928,0.008515864919977106,3.41430049334901,3.651941833501334,3.735333333333333,1.4126422269680854,1.4842946754098993,1.4759071224077913
final_joint_baseline_30mer,heat_capacity,4,19,302.047,train,0.07361998935154002,0.07253969612947286,0.0018250302720902297,0.08109195317364797,0.08650154990191429,0.009291580394187786,3.484319022753994,3.6995830797304228,3.695333333333333,1.4088618546958285,1.4816306839184787,1.4783045053113382
final_joint_baseline_30mer,heat_capacity,4,20,303.254,train,0.07185103127422188,0.07205925338208433,0.0015615169274935396,0.08115680593785536,0.09160001813429408,0.009027935521966231,3.5339085229499503,3.747546386655312,3.678,1.406459226760602,1.4789546051406508,1.4920648096343379
final_joint_baseline_30mer,heat_capacity,4,21,304.467,train,0.07283286520548934,0.07505970277479815,0.0013609802449077628,0.07987099972632136,0.0793329535943381,0.008431380844847526,3.6290352606219884,3.7958661836512655,3.784,1.4036600134330308,1.4762646284468983,1.4767176733493903
final_joint_baseline_30mer,heat_capacity,4,22,305.683,train,0.07470725032282585,0.07691445208279811,0.0011642258945430363,0.07668086257693768,0.07753033821204365,0.009610914728549861,3.686256109228393,3.8444171297455134,3.908666666666667,1.4002096648194318,1.4735678255645788,1.467867317578928
final_joint_baseline_30mer,heat_capacity,4,23,306.905,train,0.07462600540516388,0.08086873965621769,0.0012711967071153338,0.07691712663122052,0.08177398684236076,0.010433488550057476,3.728478369873435,3.8933129273494576,3.915333333333333,1.3994710802263843,1.4708579730765896,1.4680206443163661
final_joint_baseline_30mer,heat_capacity,4,24,308.132,train,0.07353081067049343,0.084159482641046,0.00249912112357688,0.07532179259111284,0.07547709811974744,0.007860865141082685,3.769594917813588,3.9425075010860304,3.9606666666666666,1.3975494234797674,1.468137729960765,1.4689538547346424
final_joint_baseline_30mer,heat_capacity,4,25,309.364,train,0.07312866246791228,0.07257388049125067,0.0027839395059712363,0.07266324180044026,0.07467857533162447,0.007076834784376051,3.8070892984761517,3.9919944030319954,3.9899999999999998,1.3954718061855997,1.4654075488277691,1.4646178928632423
final_joint_baseline_30mer,heat_capacity,4,26,310.6,train,0.07300381082296259,0.07688528738089238,0.0015057314574351095,0.07372765951394618,0.07484295130870024,0.008414705598316405,3.874953172188026,4.041726658950705,4.005333333333333,1.391661912809699,1.462670107647586,1.4602855237726236
final_joint_baseline_30mer,heat_capacity,4,27,311.842,train,0.07310361208136232,0.07342838448216712,0.0007748145449833067,0.07348559011490827,0.07576324953505034,0.008092048353403655,3.890596399013302,4.09177778049906,4.062,1.3920757652626659,1.459921451922046,1.4704416638105755
final_joint_baseline_30mer,heat_capacity,4,28,313.088,train,0.07327156094553774,0.06997938365629734,0.002752841822127188,0.0721882977608787,0.08349618668823346,0.010724390633203296,3.9656718998547618,4.1420599536555365,4.234,1.3890153180179459,1.4571664936478297,1.4557185266221782
final_joint_baseline_30mer,heat_capacity,4,29,314.34,train,0.0723328252702906,0.0816372159954827,0.0022486084737850074,0.07163755996682533,0.06415492034020123,0.007603730656034646,3.9884460658874517,4.192646396908451,4.306,1.3875389843347843,1.4544013083067766,1.4428256442624052
final_joint_baseline_30mer,heat_capacity,4,30,315.596,train,0.07295395594510796,0.07968153624058855,0.002703311386524642,0.07077948750771726,0.07161325646208737,0.009715608043677758,4.08785200106047,4.243448549885683,4.212666666666667,1.384418102377888,1.4516308213585971,1.4533517877527466
final_joint_baseline_30mer,heat_capacity,4,31,316.858,train,0.07110545290832117,0.0759882891866316,0.0016309100358307147,0.06871739331729629,0.0735658899553552,0.008412842054735824,4.162689040274801,4.294539276371508,4.3133333333333335,1.3802637032924852,1.448851141028871,1.4536403745909832
final_joint_baseline_30mer,heat_capacity,4,32,318.124,train,0.06984678940874367,0.075561326130829,0.0019023401291188157,0.0677480485678632,0.06453710674929708,0.008343691640308919,4.1928993187634,4.345829313112248,4.433333333333334,1.378450940428177,1.4460672028082935,1.4369299041656045
final_joint_baseline_30mer,heat_capacity,4,33,319.396,train,0.06911240299456009,0.06848705232657319,0.0030099676919404356,0.06765433480076047,0.07548725839535919,0.009495241445682959,4.283916015399866,4.397391107594109,4.3486666666666665,1.3766030864406695,1.443275150363703,1.448048747527104
final_joint_baseline_30mer,heat_capacity,4,34,320.672,train,0.07020044856342646,0.07214345925726405,0.0029697646488606923,0.06674631817186485,0.07553107460961911,0.008010230746091463,4.286059576503677,4.4491347416305995,4.346,1.374854657302226,1.4404799255790373,1.4500887048761342
final_joint_baseline_30mer,heat_capacity,4,35,321.954,train,0.0687065829876656,0.06931626337217253,0.00428996319634516,0.06471182500810305,0.07494366134935279,0.0065149937941638165,4.3263572861193715,4.501132185109514,4.306666666666667,1.3732220845705354,1.4376777101787406,1.44014546170019
final_joint_baseline_30mer,heat_capacity,4,36,323.241,train,0.06950754209232,0.07388307054458557,0.001969832654817149,0.06459625717743733,0.0644940522960688,0.007888806358840518,4.395032073449062,4.553333476012342,4.557333333333333,1.3700644404845734,1.4348712707241866,1.435144681655181
final_joint_baseline_30mer,heat_capacity,4,37,324.533,train,0.070014671535146,0.06795536998888618,0.00175976781857844,0.0655703736267819,0.06721716269210266,0.008689053565233685,4.451483072826613,4.605728918776624,4.6626666666666665,1.3685460531537685,1.4320611910814534,1.4323341025868523
final_joint_baseline_30mer,heat_capacity,4,38,325.83,train,0.07003072915887026,0.0740076809108206,0.0022157333264166586,0.06391313244974717,0.06605546212456032,0.008765758001953913,4.488311634045692,4.658308539496778,4.684666666666667,1.366888136833101,1.4292480650831427,1.4240187128824688
final_joint_baseline_30mer,heat_capacity,4,39,327.132,train,0.06934512095981468,0.07909603757307823,0.004339210216027219,0.06454335805337233,0.06836902662117568,0.0094164233949432,4.575185294049842,4.711062086455055,4.679333333333334,1.3636341314088298,1.4264324962874726,1.4248407752755812
final_joint_baseline_30mer,heat_capacity,4,40,328.44,train,0.06885678385891977,0.06914876674056013,0.0021534761296785948,0.06376804296738038,0.07026837648497208,0.00790354097274704,4.6199888477764715,4.7640195007737764,4.602,1.3595889047067131,1.4236129456710456,1.4384719633048626
final_joint_baseline_30mer,heat_capacity,4,41,329.753,train,0.0662678413522016,0.06942024587610635,0.0019280409998471844,0.06235617533528267,0.07391006675887889,0.007928897453099205,4.7220001383221515,4.81712942470663,4.878666666666667,1.3558915257258317,1.4207922024992636,1.4316429786573202
final_joint_baseline_30mer,heat_capacity,4,42,331.071,train,0.06617443088688255,0.0810294417180086,0.004419923221256611,0.061459409478188974,0.058950586390025796,0.008822353756181619,4.730136074417318,4.8703807562316594,5.010666666666667,1.3539478674019712,1.4179708991239686,1.4044309240699544
final_joint_baseline_30mer,heat_capacity,4,43,332.394,train,0.0666841989529278,0.07095648870815799,0.0028137772413949803,0.06027052613754266,0.0653980217836093,0.008079656001627751,4.787296262996519,4.92376212178664,4.832000000000001,1.352011450103533,1.4151496764514215,1.4181127057082437
final_joint_baseline_30mer,heat_capacity,4,44,333.723,train,0.0674145745398553,0.0690627232003276,0.001398848657653745,0.06051819630002456,0.06507536471135793,0.006822162689292047,4.863467102381446,4.9773021309635155,4.986666666666666,1.3487861302799726,1.4123270641598413,1.404518340220437
final_joint_baseline_30mer,heat_capacity,4,45,335.057,train,0.0658463462467006,0.07683721103977906,0.0025162500083720186,0.05888556845009678,0.06776426088647161,0.009804188890349013,4.941125048989096,5.030948473631404,4.974666666666667,1.3481898596865658,1.4095058570755246,1.4172414864234995
final_joint_baseline_30mer,heat_capacity,4,46,336.396,train,0.06601286641653209,0.06442504548097981,0.00312567991144184,0.05936670959798708,0.06517534769566899,0.007312220255580655,5.020747746501602,5.084688955453732,5.058666666666667,1.3457309745538302,1.4066867208718201,1.405679755451881
final_joint_baseline_30mer,heat_capacity,4,47,337.741,train,0.06789760068043654,0.06475925422782747,0.0026490510312671732,0.057867729387231184,0.052640178707307125,0.009136335528235909,5.0435716220577715,5.138551124171488,5.1579999999999995,1.3444760491479961,1.4038682377998086,1.3998639740525287
final_joint_baseline_30mer,heat_capacity,4,48,339.091,train,0.06518057772042003,0.07606919948960335,0.0043081489551486515,0.05679989828899671,0.06254710583392599,0.009076501544827675,5.122854133526984,5.19248207402433,5.104666666666667,1.341662910771536,1.4010531986458123,1.4004061922703097
final_joint_baseline_30mer,heat_capacity,4,49,340.446,train,0.06577355410807836,0.06677295769390448,0.0020444902694147513,0.0553682422451751,0.05790234831066828,0.007248900238739265,5.218590209096986,5.246468828938065,5.1946666666666665,1.3391828595644897,1.3982422901234302,1.4033551299827627
final_joint_baseline_30mer,heat_capacity,4,50,341.807,train,0.0676591882328683,0.06938365676957961,0.0017534619141420936,0.056082326079853494,0.06828667436090825,0.007704486115172741,5.271444256172626,5.300537839465588,5.252666666666666,1.3372135791506743,1.3954341470309926,1.4026369370792546
final_joint_baseline_30mer,heat_capacity,4,51,343.173,train,0.06669040944496199,0.0688945274883233,0.0013320600053328237,0.05386719427654339,0.05848500995585549,0.008392486376859076,5.3073408718906325,5.354635731524207,5.328666666666667,1.3364304344011835,1.3926315480982863,1.3917235486913624
final_joint_baseline_30mer,heat_capacity,4,52,344.545,train,0.0666468162551561,0.07067294755439002,0.002345840655675525,0.05314881872140256,0.060713110679937635,0.008851004072549254,5.368419899946977,5.408788202147058,5.366666666666667,1.3327784510796787,1.3898331632844911,1.3853093604806568
final_joint_baseline_30mer,heat_capacity,4,53,345.922,train,0.06693157375335551,0.07589032517990098,0.005611932711773607,0.05363353500886126,0.06012290903634592,0.00831004307757599,5.420805380731725,5.462941635762408,5.336,1.3307693450260425,1.3870417589727504,1.392424793159643
final_joint_baseline_30mer,heat_capacity,4,54,347.305,train,0.06620484623079685,0.07610566602985573,0.002413992393169288,0.052920693581645015,0.0550293529618367,0.00943964945486292,5.455972347096387,5.5171209701372455,5.59,1.3296127304653613,1.3842560398414865,1.3868724515889617
final_joint_baseline_30mer,heat_capacity,4,55,348.693,train,0.06778335018713133,0.0764422000027577,0.0026579112103502795,0.05248239528621573,0.0584221638029489,0.00671155385302142,5.529657710307305,5.5712724182906,5.542,1.3272872473009774,1.381478755951334,1.3871057429436515
final_joint_baseline_30mer,heat_capacity,4,56,350.086,train,0.06951687823546349,0.07214138654455918,0.0030716007468019396,0.052145858436183384,0.05661659354324239,0.00971928331067852,5.55811461143002,5.625381402271361,5.499333333333333,1.3251929199481436,1.378710626248471,1.382220299598436
final_joint_baseline_30mer,heat_capacity,4,57,351.486,train,0.06693083982802757,0.06617857216627022,0.0023853801141055517,0.05052739320876207,0.054031734230652474,0.007948884949717697,5.524239516333541,5.6795103044440385,5.744,1.3267302453454364,1.375948439903088,1.3811524079241648
final_joint_baseline_30mer,heat_capacity,4,58,352.891,train,0.06843302646154956,0.07188777421109849,0.0017611944909748066,0.051006656026652046,0.0541802745613761,0.0093653816836145,5.597728058648593,5.733566279093631,5.7219999999999995,1.324656527064957,1.3731969095250112,1.3754008443412022
final_joint_baseline_30mer,heat_capacity,4,59,354.301,train,0.06763335344241451,0.06558305744128792,0.003984081533453032,0.05036811316744172,0.0575742137024943,0.008806079373899378,5.6865059536159706,5.787534182857739,5.854666666666667,1.3203266723635592,1.370456759957742,1.3745976402560527
final_joint_baseline_30mer,heat_capacity,4,60,355.717,train,0.0712601906934574,0.07567654885261343,0.0016686982080025771,0.05065611266136685,0.05947507619900523,0.007179452222085107,5.7300068296562685,5.841436685203297,5.843333333333334,1.3184264601922309,1.3677267958065509,1.38057048084725
final_joint_baseline_30mer,heat_capacity,4,61,357.139,train,0.07088156769135,0.07096416349661444,0.0017844870822362208,0.050088941189161934,0.05070386019796601,0.008884187160717148,5.821185622564954,5.895257694127772,5.962666666666667,1.3154275616635978,1.3650077890966237,1.353538339498313
final_joint_baseline_30mer,heat_capacity,4,62,358.567,train,0.07061688934926166,0.06885275021134628,0.00290377646965731,0.04927408494637022,0.05892101019895651,0.00807492233260987,5.787977355510985,5.948980939326281,5.912,1.3170019276909346,1.362300512820004,1.3666561407400204
final_joint_baseline_30mer,heat_capacity,4,63,360.0,train,0.0713152621514703,0.07737224996123632,0.0021638531313615617,0.04914938155408606,0.05085523401847702,0.006755125763758227,5.94692838370565,6.002552722863716,5.994,1.3119173353397782,1.3596076109803998,1.3613144498660483
final_joint_baseline_30mer,heat_capacity,5,0,280.0,train,0.07915837558511513,0.07694921335853451,0.0016398870012133571,0.0972299790081889,0.09569947018850213,0.0090769794712762,2.543307513198239,2.851975281180152,2.842666666666667,1.4490542803047362,1.529919098724467,1.5252373086858333
final_joint_baseline_30mer,heat_capacity,5,1,281.119,train,0.08062485521134706,0.08054997568359158,0.002131022249347596,0.0977753216735503,0.09928493568983648,0.009204617816289876,2.607172003596376,2.893388196544971,2.8499999999999996,1.4453908784431428,1.5275150862183025,1.5290426697269435
final_joint_baseline_30mer,heat_capacity,5,2,282.243,train,0.08081922907743672,0.08291677430517688,0.0012441096409514013,0.09819100845008029,0.104321894610501,0.006846080095262174,2.6356502293842357,2.9351870754598304,2.8686666666666665,1.4450302196769296,1.5250934183884581,1.5315367666529371
final_joint_baseline_30mer,heat_capacity,5,3,283.371,train,0.07831126214749168,0.07994210131580443,0.0009258396704416038,0.09748620244438555,0.09677874174557843,0.005059527025848458,2.7111095741983076,2.977332624823042,2.990666666666667,1.4426351112681033,1.5226564799172086,1.5263962115556824
final_joint_baseline_30mer,heat_capacity,5,4,284.504,train,0.07790432579725046,0.07607685057590793,0.0013710419066832445,0.09568139558939504,0.0970210159895108,0.00841595148057385,2.759010247366115,3.0198599387988843,3.0740000000000003,1.4411339909979202,1.520202349754297,1.5184532822760843
final_joint_baseline_30mer,heat_capacity,5,5,285.641,train,0.07786591724428614,0.07936987448975084,0.0016415578339136986,0.09494657883560004,0.10142821813765375,0.008458318023350666,2.779320982317818,3.0627290510950322,3.022666666666667,1.4388363579313137,1.5177334422392628,1.51163214279153
final_joint_baseline_30mer,heat_capacity,5,6,286.783,train,0.07765575074517216,0.07772386412658094,0.0024246806249557506,0.09545682484419357,0.10765897608498018,0.010569717563134622,2.848500789588953,3.1059750635203383,3.0666666666666664,1.436106212846229,1.5152478436425363,1.5167864709878427
final_joint_baseline_30mer,heat_capacity,5,7,287.929,train,0.07830716067518587,0.07963740451981909,0.0007240375099430544,0.09343329257397895,0.10487499154915746,0.0073631675720479284,2.858525687576366,3.1495573361617417,3.1500000000000004,1.4361933836522711,1.5127479973253137,1.5192087739575446
final_joint_baseline_30mer,heat_capacity,5,8,289.08,train,0.07828607016386649,0.08264456968661209,0.0007361746504973654,0.09182519166101949,0.10315511260077648,0.008395043127753885,2.931267722525763,3.19351094948745,3.2333333333333343,1.4333961198315441,1.5102319983571406,1.5087533573226737
final_joint_baseline_30mer,heat_capacity,5,9,290.235,train,0.07895028207892574,0.08393068510205708,0.0016757846115240216,0.09098885117633301,0.08722206026728219,0.008326335267410181,2.993197143647555,3.2377945901645218,3.1580000000000004,1.430608882046017,1.5077023184238376,1.5098059255578806
final_joint_baseline_30mer,heat_capacity,5,10,291.395,train,0.07799127612177659,0.07863923439036427,0.0013194096793341884,0.08869627454824781,0.10217563244457703,0.008042191510663165,2.9908893249878963,3.2824432872834812,3.2373333333333334,1.4303011384655808,1.5051570628878896,1.5109697817503955
final_joint_baseline_30mer,heat_capacity,5,11,292.56,train,0.0766139840543459,0.07740626521859818,0.0012856705937811862,0.08654564493056316,0.0975158371421592,0.010966250298584116,3.0821580272955718,3.3274537617914763,3.3426666666666667,1.4258314762733413,1.502596531367855,1.5082209696302595
final_joint_baseline_30mer,heat_capacity,5,12,293.729,train,0.07241208695092481,0.07748050521982706,0.002187346951006943,0.08507754755422983,0.08653313015328752,0.006390975017321977,3.150122904995735,3.3727836857072284,3.422,1.423585365887622,1.5000232370317792,1.4948085724891806
final_joint_baseline_30mer,heat_capacity,5,13,294.903,train,0.07172375607281287,0.07280274548020471,0.0019317412868067796,0.08512339268219914,0.09141240710967277,0.008405459317192035,3.19203235585679,3.418467946006934,3.287333333333333,1.4218773193909555,1.4974353039581625,1.5026399996677808
final_joint_baseline_30mer,heat_capacity,5,14,296.082,train,0.07143120678575877,0.08302696663860044,0.0033961374645505105,0.08557072648768546,0.0931696696575314,0.011549872008050664,3.262342658551767,3.4645026547326028,3.5726666666666667,1.419300628344623,1.4948330631638043,1.493732844396574
final_joint_baseline_30mer,heat_capacity,5,15,297.266,train,0.07339606138345231,0.07235898379946332,0.0023384511884312277,0.08580320019059429,0.08403419999208406,0.008078103918977545,3.298642857966203,3.5108837083334157,3.5186666666666673,1.4171639688431674,1.492216856614352,1.4827676648968986
final_joint_baseline_30mer,heat_capacity,5,16,298.454,train,0.07377399233505924,0.08229360888116244,0.0025803423774050844,0.08341038526627517,0.08242206917048826,0.0070394772749471255,3.3203087177536483,3.557567427516244,3.626,1.4153553834935257,1.4895892500718033,1.479346916450736
final_joint_baseline_30mer,heat_capacity,5,17,299.647,train,0.07390064196211112,0.0730481308168619,0.001684761065278648,0.08345338648482645,0.08344886570479391,0.009738732060548485,3.3892846439357265,3.6045883894833235,3.6293333333333333,1.4117220597375317,1.4869483982328342,1.483546679263698
final_joint_baseline_30mer,heat_capacity,5,18,300.845,train,0.07330382333720814,0.07987072939875096,0.003744557231542846,0.0816820202136706,0.08970462541559507,0.006519548508432973,3.41430049334901,3.651941833501334,3.529333333333333,1.4126422269680854,1.4842946754098993,1.4866768055061035
final_joint_baseline_30mer,heat_capacity,5,19,302.047,train,0.07361998935154002,0.06835414295786006,0.0016789345647417924,0.08109195317364797,0.07857867879028119,0.00863816831702446,3.484319022753994,3.6995830797304228,3.781333333333334,1.4088618546958285,1.4816306839184787,1.4704771476085092
final_joint_baseline_30mer,heat_capacity,5,20,303.254,train,0.07185103127422188,0.07381197486218644,0.002038149549960858,0.08115680593785536,0.09163552386563238,0.009849353478130072,3.5339085229499503,3.747546386655312,3.655333333333333,1.406459226760602,1.4789546051406508,1.4899350628499246
final_joint_baseline_30mer,heat_capacity,5,21,304.467,train,0.07283286520548934,0.06878024700712841,0.001710246635702474,0.07987099972632136,0.08756261913260928,0.0074520028145561214,3.6290352606219884,3.7958661836512655,3.748666666666667,1.4036600134330308,1.4762646284468983,1.4811026495175865
final_joint_baseline_30mer,heat_capacity,5,22,305.683,train,0.07470725032282585,0.0781738393846053,0.0025932155677885287,0.07668086257693768,0.08576967360110999,0.007426281042700673,3.686256109228393,3.8444171297455134,3.84,1.4002096648194318,1.4735678255645788,1.4818462516409339
final_joint_baseline_30mer,heat_capacity,5,23,306.905,train,0.07462600540516388,0.07611572881650376,0.0015734617986456817,0.07691712663122052,0.0769366290306802,0.010375202358608893,3.728478369873435,3.8933129273494576,3.9059999999999997,1.3994710802263843,1.4708579730765896,1.4635951717459699
final_joint_baseline_30mer,heat_capacity,5,24,308.132,train,0.07353081067049343,0.07471250374426143,0.0016053026342224825,0.07532179259111284,0.08633001308683055,0.007310710025256241,3.769594917813588,3.9425075010860304,3.944666666666667,1.3975494234797674,1.468137729960765,1.46849144209385
final_joint_baseline_30mer,heat_capacity,5,25,309.364,train,0.07312866246791228,0.078537320160836,0.00409000736703408,0.07266324180044026,0.07509343375091995,0.00738291291889755,3.8070892984761517,3.9919944030319954,3.9633333333333334,1.3954718061855997,1.4654075488277691,1.4621205344556705
final_joint_baseline_30mer,heat_capacity,5,26,310.6,train,0.07300381082296259,0.07079450163438646,0.002928666686892876,0.07372765951394618,0.07763372843396225,0.008290763962983231,3.874953172188026,4.041726658950705,4.002666666666666,1.391661912809699,1.462670107647586,1.4636544650332515
final_joint_baseline_30mer,heat_capacity,5,27,311.842,train,0.07310361208136232,0.07696324443361009,0.0012240143849445737,0.07348559011490827,0.07657043597498674,0.007409509152978329,3.890596399013302,4.09177778049906,4.162,1.3920757652626659,1.459921451922046,1.4575037875527586
final_joint_baseline_30mer,heat_capacity,5,28,313.088,train,0.07327156094553774,0.07527981096218465,0.0031021827393610145,0.0721882977608787,0.08109527501869193,0.0075123563225407705,3.9656718998547618,4.1420599536555365,4.044666666666667,1.3890153180179459,1.4571664936478297,1.4613174150139503
final_joint_baseline_30mer,heat_capacity,5,29,314.34,train,0.0723328252702906,0.0771594199890458,0.002705470285176601,0.07163755996682533,0.06924888403623658,0.007540074670474737,3.9884460658874517,4.192646396908451,4.262666666666666,1.3875389843347843,1.4544013083067766,1.4453179530833413
final_joint_baseline_30mer,heat_capacity,5,30,315.596,train,0.07295395594510796,0.07889708803633547,0.0019811452460917985,0.07077948750771726,0.08076272283293083,0.008584775938760465,4.08785200106047,4.243448549885683,4.252,1.384418102377888,1.4516308213585971,1.4469267527039427
final_joint_baseline_30mer,heat_capacity,5,31,316.858,train,0.07110545290832117,0.07044704545420434,0.0013590606194492857,0.06871739331729629,0.06932075925942749,0.008873559574191435,4.162689040274801,4.294539276371508,4.303333333333334,1.3802637032924852,1.448851141028871,1.454347529470187
final_joint_baseline_30mer,heat_capacity,5,32,318.124,train,0.06984678940874367,0.07455518765361481,0.0030054642880590434,0.0677480485678632,0.07964588590431813,0.009085164506524086,4.1928993187634,4.345829313112248,4.411333333333333,1.378450940428177,1.4460672028082935,1.4437603969767316
final_joint_baseline_30mer,heat_capacity,5,33,319.396,train,0.06911240299456009,0.06972627307058102,0.0025708596161175537,0.06765433480076047,0.07253239662370826,0.008832149570895427,4.283916015399866,4.397391107594109,4.486,1.3766030864406695,1.443275150363703,1.4396414034221348
final_joint_baseline_30mer,heat_capacity,5,34,320.672,train,0.07020044856342646,0.069409396758892,0.0010538848793682314,0.06674631817186485,0.07455926491669981,0.009457201988091198,4.286059576503677,4.4491347416305995,4.502666666666667,1.374854657302226,1.4404799255790373,1.44490655259763
final_joint_baseline_30mer,heat_capacity,5,35,321.954,train,0.0687065829876656,0.07273161390031851,0.0018153612571763047,0.06471182500810305,0.06953912728682046,0.009779679510509239,4.3263572861193715,4.501132185109514,4.500666666666667,1.3732220845705354,1.4376777101787406,1.4393317084266064
final_joint_baseline_30mer,heat_capacity,5,36,323.241,train,0.06950754209232,0.07417695680010233,0.0029255251614573865,0.06459625717743733,0.06297524329853701,0.010191969617308349,4.395032073449062,4.553333476012342,4.565333333333333,1.3700644404845734,1.4348712707241866,1.428886708082702
final_joint_baseline_30mer,heat_capacity,5,37,324.533,train,0.070014671535146,0.07679958401507567,0.0027964445608990975,0.0655703736267819,0.06610674102259301,0.007999222698272225,4.451483072826613,4.605728918776624,4.585333333333333,1.3685460531537685,1.4320611910814534,1.435169908288584
final_joint_baseline_30mer,heat_capacity,5,38,325.83,train,0.07003072915887026,0.07401540749056981,0.0014148118281682466,0.06391313244974717,0.07550463650492409,0.007797564841377403,4.488311634045692,4.658308539496778,4.619999999999999,1.366888136833101,1.4292480650831427,1.4335761727707275
final_joint_baseline_30mer,heat_capacity,5,39,327.132,train,0.06934512095981468,0.0706803418007463,0.001618803605019239,0.06454335805337233,0.059764014499942064,0.007343540769553957,4.575185294049842,4.711062086455055,4.665333333333333,1.3636341314088298,1.4264324962874726,1.4208042507884504
final_joint_baseline_30mer,heat_capacity,5,40,328.44,train,0.06885678385891977,0.06549956469091248,0.0016362712917258513,0.06376804296738038,0.0684423759670676,0.010094629734523245,4.6199888477764715,4.7640195007737764,4.67,1.3595889047067131,1.4236129456710456,1.426619349874205
final_joint_baseline_30mer,heat_capacity,5,41,329.753,train,0.0662678413522016,0.0706928918640177,0.0023331259779583676,0.06235617533528267,0.05944281298786898,0.007393955091307708,4.7220001383221515,4.81712942470663,4.77,1.3558915257258317,1.4207922024992636,1.4170876593784407
final_joint_baseline_30mer,heat_capacity,5,42,331.071,train,0.06617443088688255,0.06970137797014005,0.0025378963070550615,0.061459409478188974,0.07320098761290739,0.010157242757024156,4.730136074417318,4.8703807562316594,4.884,1.3539478674019712,1.4179708991239686,1.421495003929107
final_joint_baseline_30mer,heat_capacity,5,43,332.394,train,0.0666841989529278,0.07188685167913654,0.0015437498381033097,0.06027052613754266,0.06427276337633925,0.008186277543943783,4.787296262996519,4.92376212178664,4.938,1.352011450103533,1.4151496764514215,1.412407934020634
final_joint_baseline_30mer,heat_capacity,5,44,333.723,train,0.0674145745398553,0.07389636670678998,0.0017199850500299939,0.06051819630002456,0.06550837954179874,0.008869298052079606,4.863467102381446,4.9773021309635155,4.997999999999999,1.3487861302799726,1.4123270641598413,1.4101094440592528
final_joint_baseline_30mer,heat_capacity,5,45,335.057,train,0.0658463462467006,0.06675633076836895,0.0012854570561648333,0.05888556845009678,0.06590768246619332,0.007273452045836286,4.941125048989096,5.030948473631404,5.009333333333333,1.3481898596865658,1.4095058570755246,1.4144675373284374
final_joint_baseline_30mer,heat_capacity,5,46,336.396,train,0.06601286641653209,0.06765994532789824,0.0016170862769157024,0.05936670959798708,0.059250386832095804,0.007682322754880803,5.020747746501602,5.084688955453732,5.100666666666667,1.3457309745538302,1.4066867208718201,1.4071714436154004
final_joint_baseline_30mer,heat_capacity,5,47,337.741,train,0.06789760068043654,0.07155830218310946,0.0014054219245995662,0.057867729387231184,0.06588992465495601,0.005134023424487086,5.0435716220577715,5.138551124171488,5.082666666666667,1.3444760491479961,1.4038682377998086,1.406825334722459
final_joint_baseline_30mer,heat_capacity,5,48,339.091,train,0.06518057772042003,0.06155778764122968,0.0029514459060193112,0.05679989828899671,0.06483013742458249,0.007358990840067755,5.122854133526984,5.19248207402433,5.091333333333334,1.341662910771536,1.4010531986458123,1.4070544232202022
final_joint_baseline_30mer,heat_capacity,5,49,340.446,train,0.06577355410807836,0.06690582038774874,0.0018177669607599848,0.0553682422451751,0.06254805913643563,0.00726012621228682,5.218590209096986,5.246468828938065,5.092666666666666,1.3391828595644897,1.3982422901234302,1.4033823850762008
final_joint_baseline_30mer,heat_capacity,5,50,341.807,train,0.0676591882328683,0.07116388730623412,0.0024344643913070127,0.056082326079853494,0.06653471741311603,0.008253587844970772,5.271444256172626,5.300537839465588,5.217333333333333,1.3372135791506743,1.3954341470309926,1.4070553539183175
final_joint_baseline_30mer,heat_capacity,5,51,343.173,train,0.06669040944496199,0.07762245636754855,0.0020447207151489686,0.05386719427654339,0.0594481104118697,0.007160391390131398,5.3073408718906325,5.354635731524207,5.352,1.3364304344011835,1.3926315480982863,1.3951613448911375
final_joint_baseline_30mer,heat_capacity,5,52,344.545,train,0.0666468162551561,0.07408802471085235,0.002638595602783387,0.05314881872140256,0.05679976364308638,0.008048238941180966,5.368419899946977,5.408788202147058,5.387333333333334,1.3327784510796787,1.3898331632844911,1.3822470386722934
final_joint_baseline_30mer,heat_capacity,5,53,345.922,train,0.06693157375335551,0.06639453067937992,0.001693148278860179,0.05363353500886126,0.06736479200693546,0.009749459564104966,5.420805380731725,5.462941635762408,5.279999999999999,1.3307693450260425,1.3870417589727504,1.394693088809944
final_joint_baseline_30mer,heat_capacity,5,54,347.305,train,0.06620484623079685,0.07232337908685452,0.004500928039663512,0.052920693581645015,0.06085389902316908,0.008816780537092657,5.455972347096387,5.5171209701372455,5.510666666666666,1.3296127304653613,1.3842560398414865,1.3868066947795397
final_joint_baseline_30mer,heat_capacity,5,55,348.693,train,0.06778335018713133,0.06722074393275079,0.0031957670425574454,0.05248239528621573,0.059219784111198735,0.009577334214209091,5.529657710307305,5.5712724182906,5.5953333333333335,1.3272872473009774,1.381478755951334,1.3783414721575753
final_joint_baseline_30mer,heat_capacity,5,56,350.086,train,0.06951687823546349,0.06752213510011006,0.0032964296053217433,0.052145858436183384,0.054435041043481236,0.005693542169304227,5.55811461143002,5.625381402271361,5.586666666666667,1.3251929199481436,1.378710626248471,1.3815865187183136
final_joint_baseline_30mer,heat_capacity,5,57,351.486,train,0.06693083982802757,0.06292195077075494,0.0024041279651518164,0.05052739320876207,0.05064191183673533,0.009135999983566189,5.524239516333541,5.6795103044440385,5.648,1.3267302453454364,1.375948439903088,1.3723866646430711
final_joint_baseline_30mer,heat_capacity,5,58,352.891,train,0.06843302646154956,0.07692332371505888,0.0020913663714391927,0.051006656026652046,0.05664870449159758,0.007222991494330299,5.597728058648593,5.733566279093631,5.702666666666667,1.324656527064957,1.3731969095250112,1.3811599724672592
final_joint_baseline_30mer,heat_capacity,5,59,354.301,train,0.06763335344241451,0.07514312881971752,0.002853237957259948,0.05036811316744172,0.050648336802759174,0.00809932159582159,5.6865059536159706,5.787534182857739,5.712000000000001,1.3203266723635592,1.370456759957742,1.3608143147056193
final_joint_baseline_30mer,heat_capacity,5,60,355.717,train,0.0712601906934574,0.07678042183248608,0.002563121018046097,0.05065611266136685,0.057796425356697344,0.007533044231483708,5.7300068296562685,5.841436685203297,5.799333333333333,1.3184264601922309,1.3677267958065509,1.3726356733263465
final_joint_baseline_30mer,heat_capacity,5,61,357.139,train,0.07088156769135,0.07573139153078795,0.002847025568217797,0.050088941189161934,0.05675993510274282,0.007570320285919701,5.821185622564954,5.895257694127772,5.857333333333333,1.3154275616635978,1.3650077890966237,1.3720971458628826
final_joint_baseline_30mer,heat_capacity,5,62,358.567,train,0.07061688934926166,0.07332138035224647,0.0033970272218659674,0.04927408494637022,0.0496739757668555,0.008395657076476519,5.787977355510985,5.948980939326281,5.9126666666666665,1.3170019276909346,1.362300512820004,1.3616777799900863
final_joint_baseline_30mer,heat_capacity,5,63,360.0,train,0.0713152621514703,0.07416060592583995,0.002975271955909674,0.04914938155408606,0.04671035627158163,0.008876903800374016,5.94692838370565,6.002552722863716,6.122,1.3119173353397782,1.3596076109803998,1.3495273507925516
final_joint_baseline_30mer,heat_capacity,6,0,280.0,train,0.07915837558511513,0.07380322091533695,0.0020462684041723635,0.0972299790081889,0.10371864196564415,0.008330004811803526,2.543307513198239,2.851975281180152,2.782,1.4490542803047362,1.529919098724467,1.5329301950513705
final_joint_baseline_30mer,heat_capacity,6,1,281.119,train,0.08062485521134706,0.08101703276202193,0.001709313535146144,0.0977753216735503,0.10201715304177876,0.006744429083476746,2.607172003596376,2.893388196544971,2.9426666666666668,1.4453908784431428,1.5275150862183025,1.5231418909660301
final_joint_baseline_30mer,heat_capacity,6,2,282.243,train,0.08081922907743672,0.08495395849697769,0.0016452526027383781,0.09819100845008029,0.10818382766245516,0.008830595859065694,2.6356502293842357,2.9351870754598304,3.019333333333334,1.4450302196769296,1.5250934183884581,1.5245774391037585
final_joint_baseline_30mer,heat_capacity,6,3,283.371,train,0.07831126214749168,0.07924921533442897,0.0010132595010074587,0.09748620244438555,0.10726298550966923,0.009120575866510404,2.7111095741983076,2.977332624823042,2.9306666666666668,1.4426351112681033,1.5226564799172086,1.5313687873840418
final_joint_baseline_30mer,heat_capacity,6,4,284.504,train,0.07790432579725046,0.07558866260486019,0.002698981966170886,0.09568139558939504,0.09441348631056257,0.007189038647533504,2.759010247366115,3.0198599387988843,2.9606666666666666,1.4411339909979202,1.520202349754297,1.5187893850836556
final_joint_baseline_30mer,heat_capacity,6,5,285.641,train,0.07786591724428614,0.07745044368119947,0.0014945861496840941,0.09494657883560004,0.09915817156255141,0.007568178155791064,2.779320982317818,3.0627290510950322,2.9913333333333334,1.4388363579313137,1.5177334422392628,1.5172136896861983
final_joint_baseline_30mer,heat_capacity,6,6,286.783,train,0.07765575074517216,0.08433954880677128,0.001978053623332374,0.09545682484419357,0.08989502034677563,0.009078528934373546,2.848500789588953,3.1059750635203383,3.2220000000000004,1.436106212846229,1.5152478436425363,1.499963088442938
final_joint_baseline_30mer,heat_capacity,6,7,287.929,train,0.07830716067518587,0.0765119477965692,0.0008186911872241555,0.09343329257397895,0.08905943508990817,0.00858134775756143,2.858525687576366,3.1495573361617417,3.111333333333333,1.4361933836522711,1.5127479973253137,1.5103146474944795
final_joint_baseline_30mer,heat_capacity,6,8,289.08,train,0.07828607016386649,0.07879360034988139,0.002470331626511794,0.09182519166101949,0.10661279565717587,0.008707920302459288,2.931267722525763,3.19351094948745,3.1033333333333335,1.4333961198315441,1.5102319983571406,1.5277105664561401
final_joint_baseline_30mer,heat_capacity,6,9,290.235,train,0.07895028207892574,0.08186283143546139,0.0026778537171480714,0.09098885117633301,0.0989150062367765,0.009920810025946162,2.993197143647555,3.2377945901645218,3.3133333333333335,1.430608882046017,1.5077023184238376,1.5013249233230008
final_joint_baseline_30mer,heat_capacity,6,10,291.395,train,0.07799127612177659,0.08172137270979057,0.0011977016044029292,0.08869627454824781,0.09270978810306937,0.009112720466712756,2.9908893249878963,3.2824432872834812,3.2513333333333336,1.4303011384655808,1.5051570628878896,1.5102433315007309
final_joint_baseline_30mer,heat_capacity,6,11,292.56,train,0.0766139840543459,0.08017175916705313,0.0021446352559230486,0.08654564493056316,0.09048903225579713,0.009209976583278672,3.0821580272955718,3.3274537617914763,3.2873333333333337,1.4258314762733413,1.502596531367855,1.4909563577500757
final_joint_baseline_30mer,heat_capacity,6,12,293.729,train,0.07241208695092481,0.07712383458971718,0.0019313307444925455,0.08507754755422983,0.09177530510285789,0.0098929212182085,3.150122904995735,3.3727836857072284,3.3120000000000003,1.423585365887622,1.5000232370317792,1.5079650236113165
final_joint_baseline_30mer,heat_capacity,6,13,294.903,train,0.07172375607281287,0.06817803284511739,0.0013245556079491089,0.08512339268219914,0.09915473226303408,0.008776037726304146,3.19203235585679,3.418467946006934,3.392666666666667,1.4218773193909555,1.4974353039581625,1.50341960835657
final_joint_baseline_30mer,heat_capacity,6,14,296.082,train,0.07143120678575877,0.0680573929153596,0.0024293128271957237,0.08557072648768546,0.08655823883757188,0.010483162721542856,3.262342658551767,3.4645026547326028,3.4719999999999995,1.419300628344623,1.4948330631638043,1.49808908673747
final_joint_baseline_30mer,heat_capacity,6,15,297.266,train,0.07339606138345231,0.07086593401224064,0.0029076186742831205,0.08580320019059429,0.09248445253449414,0.007577771124106506,3.298642857966203,3.5108837083334157,3.386,1.4171639688431674,1.492216856614352,1.502065288986797
final_joint_baseline_30mer,heat_capacity,6,16,298.454,train,0.07377399233505924,0.07386579721589633,0.0014564560781207456,0.08341038526627517,0.08043750100145883,0.006150147151695843,3.3203087177536483,3.557567427516244,3.534666666666667,1.4153553834935257,1.4895892500718033,1.4904579896033496
final_joint_baseline_30mer,heat_capacity,6,17,299.647,train,0.07390064196211112,0.07441273257296327,0.0014499971926667512,0.08345338648482645,0.07920427394648542,0.007987109629099324,3.3892846439357265,3.6045883894833235,3.5693333333333337,1.4117220597375317,1.4869483982328342,1.4815993521184838
final_joint_baseline_30mer,heat_capacity,6,18,300.845,train,0.07330382333720814,0.0814346343652338,0.002748124775512578,0.0816820202136706,0.08572105004205233,0.00838954367420377,3.41430049334901,3.651941833501334,3.63,1.4126422269680854,1.4842946754098993,1.4838543026956654
final_joint_baseline_30mer,heat_capacity,6,19,302.047,train,0.07361998935154002,0.07357852737823728,0.001158837621306315,0.08109195317364797,0.09215618855630014,0.011097671660862882,3.484319022753994,3.6995830797304228,3.7533333333333334,1.4088618546958285,1.4816306839184787,1.4884580713466873
final_joint_baseline_30mer,heat_capacity,6,20,303.254,train,0.07185103127422188,0.06940551926549035,0.0018814963926942884,0.08115680593785536,0.08812821549462024,0.007971062987799309,3.5339085229499503,3.747546386655312,3.771333333333333,1.406459226760602,1.4789546051406508,1.4790576460470284
final_joint_baseline_30mer,heat_capacity,6,21,304.467,train,0.07283286520548934,0.07893554123748497,0.0013456808913972697,0.07987099972632136,0.08249663457961051,0.007809078889172649,3.6290352606219884,3.7958661836512655,3.852666666666667,1.4036600134330308,1.4762646284468983,1.4732736765085532
final_joint_baseline_30mer,heat_capacity,6,22,305.683,train,0.07470725032282585,0.07141467102044276,0.0019164455931049895,0.07668086257693768,0.0903089326963858,0.008895853981641902,3.686256109228393,3.8444171297455134,3.8393333333333333,1.4002096648194318,1.4735678255645788,1.4683062099622184
final_joint_baseline_30mer,heat_capacity,6,23,306.905,train,0.07462600540516388,0.07602426748788133,0.0013427370737126502,0.07691712663122052,0.08413440506338413,0.009437124514706838,3.728478369873435,3.8933129273494576,3.8600000000000003,1.3994710802263843,1.4708579730765896,1.4787991413314703
final_joint_baseline_30mer,heat_capacity,6,24,308.132,train,0.07353081067049343,0.076986353010785,0.001676935190999881,0.07532179259111284,0.07618274104447144,0.008436838699078292,3.769594917813588,3.9425075010860304,3.914,1.3975494234797674,1.468137729960765,1.4667359079959432
final_joint_baseline_30mer,heat_capacity,6,25,309.364,train,0.07312866246791228,0.07061688538447801,0.0026092132880370994,0.07266324180044026,0.07895526191276239,0.011245426097842508,3.8070892984761517,3.9919944030319954,3.8893333333333335,1.3954718061855997,1.4654075488277691,1.464339985195708
final_joint_baseline_30mer,heat_capacity,6,26,310.6,train,0.07300381082296259,0.07855720228548484,0.0037826180026805205,0.07372765951394618,0.0787318399391565,0.010143662625843288,3.874953172188026,4.041726658950705,4.137333333333333,1.391661912809699,1.462670107647586,1.4608355619561901
final_joint_baseline_30mer,heat_capacity,6,27,311.842,train,0.07310361208136232,0.07025735035355739,0.002265268523249122,0.07348559011490827,0.07222778254705395,0.008068069162087832,3.890596399013302,4.09177778049906,4.08,1.3920757652626659,1.459921451922046,1.467985299800232
final_joint_baseline_30mer,heat_capacity,6,28,313.088,train,0.07327156094553774,0.07388288341495383,0.0017131317731842225,0.0721882977608787,0.0701448583687406,0.010233299949970697,3.9656718998547618,4.1420599536555365,4.209333333333333,1.3890153180179459,1.4571664936478297,1.45400140877574
final_joint_baseline_30mer,heat_capacity,6,29,314.34,train,0.0723328252702906,0.07499430608717383,0.0025596755978170337,0.07163755996682533,0.08258076008167065,0.009624767293366813,3.9884460658874517,4.192646396908451,4.137333333333333,1.3875389843347843,1.4544013083067766,1.445279768787318
final_joint_baseline_30mer,heat_capacity,6,30,315.596,train,0.07295395594510796,0.07238828223713373,0.00120405718413261,0.07077948750771726,0.07624912892956948,0.007670939719267772,4.08785200106047,4.243448549885683,4.242,1.384418102377888,1.4516308213585971,1.449047325874101
final_joint_baseline_30mer,heat_capacity,6,31,316.858,train,0.07110545290832117,0.07487769298647996,0.002071604510280419,0.06871739331729629,0.07575852670189344,0.0069784800400622005,4.162689040274801,4.294539276371508,4.312,1.3802637032924852,1.448851141028871,1.4532682966097954
final_joint_baseline_30mer,heat_capacity,6,32,318.124,train,0.06984678940874367,0.0777549437854067,0.0029342908168043472,0.0677480485678632,0.07781320905211861,0.006850140180904382,4.1928993187634,4.345829313112248,4.42,1.378450940428177,1.4460672028082935,1.4474442004108576
final_joint_baseline_30mer,heat_capacity,6,33,319.396,train,0.06911240299456009,0.07659404900979572,0.002386204038751939,0.06765433480076047,0.07713062728787871,0.008065869361730683,4.283916015399866,4.397391107594109,4.399333333333333,1.3766030864406695,1.443275150363703,1.4353703819925596
final_joint_baseline_30mer,heat_capacity,6,34,320.672,train,0.07020044856342646,0.07590885121601408,0.002951531588425689,0.06674631817186485,0.06930991741864613,0.0076378768623645114,4.286059576503677,4.4491347416305995,4.434666666666667,1.374854657302226,1.4404799255790373,1.4407895810822702
final_joint_baseline_30mer,heat_capacity,6,35,321.954,train,0.0687065829876656,0.06377823981394534,0.0016228442898445301,0.06471182500810305,0.070772230218555,0.010331242476274836,4.3263572861193715,4.501132185109514,4.566,1.3732220845705354,1.4376777101787406,1.4379402793594402
final_joint_baseline_30mer,heat_capacity,6,36,323.241,train,0.06950754209232,0.07295651225766703,0.002523576835216254,0.06459625717743733,0.06693597084143658,0.009502625885074504,4.395032073449062,4.553333476012342,4.531333333333333,1.3700644404845734,1.4348712707241866,1.4371149528259233
final_joint_baseline_30mer,heat_capacity,6,37,324.533,train,0.070014671535146,0.06855613186901383,0.0014429499765624013,0.0655703736267819,0.07601497825038675,0.007710676681551331,4.451483072826613,4.605728918776624,4.558666666666666,1.3685460531537685,1.4320611910814534,1.4414065716930131
final_joint_baseline_30mer,heat_capacity,6,38,325.83,train,0.07003072915887026,0.07362261977797621,0.0018179159391151416,0.06391313244974717,0.07120198678586732,0.008019615883369061,4.488311634045692,4.658308539496778,4.681333333333333,1.366888136833101,1.4292480650831427,1.4411373197838961
final_joint_baseline_30mer,heat_capacity,6,39,327.132,train,0.06934512095981468,0.07118068966920606,0.0022763385575416584,0.06454335805337233,0.06673757866027957,0.009374620995811564,4.575185294049842,4.711062086455055,4.735333333333333,1.3636341314088298,1.4264324962874726,1.4254491781004939
final_joint_baseline_30mer,heat_capacity,6,40,328.44,train,0.06885678385891977,0.0679076343865957,0.0019506965105413332,0.06376804296738038,0.06029991387154727,0.010004972183874035,4.6199888477764715,4.7640195007737764,4.7780000000000005,1.3595889047067131,1.4236129456710456,1.4084691920836843
final_joint_baseline_30mer,heat_capacity,6,41,329.753,train,0.0662678413522016,0.07083871289375739,0.001769761244046727,0.06235617533528267,0.07041619898821389,0.009780759548778049,4.7220001383221515,4.81712942470663,4.8933333333333335,1.3558915257258317,1.4207922024992636,1.423879770645002
final_joint_baseline_30mer,heat_capacity,6,42,331.071,train,0.06617443088688255,0.07401283295309558,0.0028802770044704714,0.061459409478188974,0.05793993801528479,0.009063972174965065,4.730136074417318,4.8703807562316594,5.038,1.3539478674019712,1.4179708991239686,1.408426058407979
final_joint_baseline_30mer,heat_capacity,6,43,332.394,train,0.0666841989529278,0.06944781664970982,0.002469863018180421,0.06027052613754266,0.06146333659244263,0.007124497680605588,4.787296262996519,4.92376212178664,4.897333333333334,1.352011450103533,1.4151496764514215,1.4102731419202172
final_joint_baseline_30mer,heat_capacity,6,44,333.723,train,0.0674145745398553,0.0684863873658278,0.001936873509498914,0.06051819630002456,0.07315391666971185,0.011431051706639519,4.863467102381446,4.9773021309635155,4.908666666666666,1.3487861302799726,1.4123270641598413,1.422767006020162
final_joint_baseline_30mer,heat_capacity,6,45,335.057,train,0.0658463462467006,0.07333642925996789,0.0035452159140980668,0.05888556845009678,0.06228472436478509,0.01067363763029977,4.941125048989096,5.030948473631404,4.908,1.3481898596865658,1.4095058570755246,1.420762926490325
final_joint_baseline_30mer,heat_capacity,6,46,336.396,train,0.06601286641653209,0.06300992822431908,0.002190477762645195,0.05936670959798708,0.06605982005461136,0.00809348725669964,5.020747746501602,5.084688955453732,5.006,1.3457309745538302,1.4066867208718201,1.404310027462121
final_joint_baseline_30mer,heat_capacity,6,47,337.741,train,0.06789760068043654,0.0667033637026068,0.0015926574461858746,0.057867729387231184,0.06763016147988626,0.009892716710376465,5.0435716220577715,5.138551124171488,5.143333333333333,1.3444760491479961,1.4038682377998086,1.4097126278271017
final_joint_baseline_30mer,heat_capacity,6,48,339.091,train,0.06518057772042003,0.06625174369667094,0.001805557515744116,0.05679989828899671,0.05780432279587276,0.008160753488547022,5.122854133526984,5.19248207402433,5.228,1.341662910771536,1.4010531986458123,1.3940683157659577
final_joint_baseline_30mer,heat_capacity,6,49,340.446,train,0.06577355410807836,0.06715357317446484,0.0013316037861654366,0.0553682422451751,0.05909916714429711,0.007853539824610907,5.218590209096986,5.246468828938065,5.236,1.3391828595644897,1.3982422901234302,1.3901789687193733
final_joint_baseline_30mer,heat_capacity,6,50,341.807,train,0.0676591882328683,0.06299518644895344,0.0027572049517802363,0.056082326079853494,0.07043305892436448,0.011047305367737566,5.271444256172626,5.300537839465588,5.364666666666667,1.3372135791506743,1.3954341470309926,1.3843980766729358
final_joint_baseline_30mer,heat_capacity,6,51,343.173,train,0.06669040944496199,0.06703513944343788,0.0019276724528218825,0.05386719427654339,0.05907696393403146,0.008047074082878126,5.3073408718906325,5.354635731524207,5.428666666666667,1.3364304344011835,1.3926315480982863,1.3828567985824498
final_joint_baseline_30mer,heat_capacity,6,52,344.545,train,0.0666468162551561,0.06819401396401295,0.0033750574916666157,0.05314881872140256,0.05373291106709261,0.00775737099088378,5.368419899946977,5.408788202147058,5.515333333333333,1.3327784510796787,1.3898331632844911,1.3865838475273045
final_joint_baseline_30mer,heat_capacity,6,53,345.922,train,0.06693157375335551,0.07177273656905861,0.0017408940019729236,0.05363353500886126,0.060358222216931295,0.008691461525306464,5.420805380731725,5.462941635762408,5.481333333333334,1.3307693450260425,1.3870417589727504,1.3926595864201967
final_joint_baseline_30mer,heat_capacity,6,54,347.305,train,0.06620484623079685,0.06641228060562722,0.002003549318880137,0.052920693581645015,0.06138399062362555,0.008932984921742923,5.455972347096387,5.5171209701372455,5.476000000000001,1.3296127304653613,1.3842560398414865,1.384132577146795
final_joint_baseline_30mer,heat_capacity,6,55,348.693,train,0.06778335018713133,0.07504212160256382,0.003098149831280838,0.05248239528621573,0.05896023313189061,0.007194246008918433,5.529657710307305,5.5712724182906,5.494,1.3272872473009774,1.381478755951334,1.3829852727009695
final_joint_baseline_30mer,heat_capacity,6,56,350.086,train,0.06951687823546349,0.08167536123308505,0.0027838478554481987,0.052145858436183384,0.0622555135777447,0.008595938862195174,5.55811461143002,5.625381402271361,5.500666666666667,1.3251929199481436,1.378710626248471,1.3939250979370832
final_joint_baseline_30mer,heat_capacity,6,57,351.486,train,0.06693083982802757,0.06686902862542908,0.002129104560514801,0.05052739320876207,0.053176194073236274,0.010236329091457316,5.524239516333541,5.6795103044440385,5.696666666666667,1.3267302453454364,1.375948439903088,1.3763997012583453
final_joint_baseline_30mer,heat_capacity,6,58,352.891,train,0.06843302646154956,0.07217823099401144,0.0024562896319039237,0.051006656026652046,0.05257924859089942,0.008443817043948292,5.597728058648593,5.733566279093631,5.782666666666667,1.324656527064957,1.3731969095250112,1.365009246094854
final_joint_baseline_30mer,heat_capacity,6,59,354.301,train,0.06763335344241451,0.07073867614878344,0.0024977295157939047,0.05036811316744172,0.050813952223407774,0.009804362157890358,5.6865059536159706,5.787534182857739,5.698666666666667,1.3203266723635592,1.370456759957742,1.3664784706921178
final_joint_baseline_30mer,heat_capacity,6,60,355.717,train,0.0712601906934574,0.07362517030232935,0.002428710378636971,0.05065611266136685,0.0571650990311488,0.0077456380820108365,5.7300068296562685,5.841436685203297,5.816,1.3184264601922309,1.3677267958065509,1.3659214990802555
final_joint_baseline_30mer,heat_capacity,6,61,357.139,train,0.07088156769135,0.07445402580952745,0.0020799866778490883,0.050088941189161934,0.05738185541186712,0.009804900890323067,5.821185622564954,5.895257694127772,5.933333333333334,1.3154275616635978,1.3650077890966237,1.3617842005034602
final_joint_baseline_30mer,heat_capacity,6,62,358.567,train,0.07061688934926166,0.07574800854489935,0.0029463745463237066,0.04927408494637022,0.04809936374827551,0.006589892498997191,5.787977355510985,5.948980939326281,6.046666666666667,1.3170019276909346,1.362300512820004,1.3588232871264039
final_joint_baseline_30mer,heat_capacity,6,63,360.0,train,0.0713152621514703,0.0803818551011634,0.0029377378845761868,0.04914938155408606,0.06054457585330164,0.008996670182545262,5.94692838370565,6.002552722863716,5.985333333333333,1.3119173353397782,1.3596076109803998,1.3599895931767751
final_joint_baseline_30mer,heat_capacity,7,0,280.0,train,0.07915837558511513,0.08210502862984949,0.0010758840461477048,0.0972299790081889,0.09416399754092535,0.00853195724424689,2.543307513198239,2.851975281180152,2.8706666666666667,1.4490542803047362,1.529919098724467,1.5280760735256846
final_joint_baseline_30mer,heat_capacity,7,1,281.119,train,0.08062485521134706,0.07985628082508443,0.0013659052477204769,0.0977753216735503,0.11188889720915837,0.009323552856675653,2.607172003596376,2.893388196544971,2.95,1.4453908784431428,1.5275150862183025,1.526892630670484
final_joint_baseline_30mer,heat_capacity,7,2,282.243,train,0.08081922907743672,0.08285649478440194,0.0016997366036121363,0.09819100845008029,0.11419102339591006,0.00860832226495786,2.6356502293842357,2.9351870754598304,2.8466666666666667,1.4450302196769296,1.5250934183884581,1.5306557185762388
final_joint_baseline_30mer,heat_capacity,7,3,283.371,train,0.07831126214749168,0.08304518612848924,0.002287597819910104,0.09748620244438555,0.09917651457796559,0.00831164640322932,2.7111095741983076,2.977332624823042,2.946666666666667,1.4426351112681033,1.5226564799172086,1.5230328438860115
final_joint_baseline_30mer,heat_capacity,7,4,284.504,train,0.07790432579725046,0.08320185407526244,0.002600088363825055,0.09568139558939504,0.0985892467537228,0.009800251463093247,2.759010247366115,3.0198599387988843,3.0853333333333333,1.4411339909979202,1.520202349754297,1.5116075579145503
final_joint_baseline_30mer,heat_capacity,7,5,285.641,train,0.07786591724428614,0.07589178165013977,0.0011312223766924787,0.09494657883560004,0.09502678554864108,0.008758891862466749,2.779320982317818,3.0627290510950322,3.076,1.4388363579313137,1.5177334422392628,1.5184329881115812
final_joint_baseline_30mer,heat_capacity,7,6,286.783,train,0.07765575074517216,0.07663780887735366,0.0017571356262151925,0.09545682484419357,0.08927528061337044,0.008600538516547017,2.848500789588953,3.1059750635203383,3.094,1.436106212846229,1.5152478436425363,1.5043938398078482
final_joint_baseline_30mer,heat_capacity,7,7,287.929,train,0.07830716067518587,0.07936652880491943,0.0020485413818519195,0.09343329257397895,0.10595122978167759,0.00958783387384484,2.858525687576366,3.1495573361617417,3.0166666666666666,1.4361933836522711,1.5127479973253137,1.532212805355468
final_joint_baseline_30mer,heat_capacity,7,8,289.08,train,0.07828607016386649,0.08500141435155503,0.0027939652719641836,0.09182519166101949,0.10196526649647737,0.006547941851578129,2.931267722525763,3.19351094948745,3.277333333333333,1.4333961198315441,1.5102319983571406,1.5080056479107564
final_joint_baseline_30mer,heat_capacity,7,9,290.235,train,0.07895028207892574,0.0843405862451053,0.002388584284605583,0.09098885117633301,0.09630761371231267,0.009258391631285397,2.993197143647555,3.2377945901645218,3.154,1.430608882046017,1.5077023184238376,1.5224035886531082
final_joint_baseline_30mer,heat_capacity,7,10,291.395,train,0.07799127612177659,0.0869985856191138,0.0028920296337573434,0.08869627454824781,0.07962452132314617,0.007335845061361971,2.9908893249878963,3.2824432872834812,3.2986666666666666,1.4303011384655808,1.5051570628878896,1.4953738461510968
final_joint_baseline_30mer,heat_capacity,7,11,292.56,train,0.0766139840543459,0.07607872017900459,0.001462044776394709,0.08654564493056316,0.09599086440269947,0.010282438858079078,3.0821580272955718,3.3274537617914763,3.3040000000000003,1.4258314762733413,1.502596531367855,1.508920742166276
final_joint_baseline_30mer,heat_capacity,7,12,293.729,train,0.07241208695092481,0.06882038594588448,0.0021553708199364384,0.08507754755422983,0.09056915985477668,0.00986335043229401,3.150122904995735,3.3727836857072284,3.3813333333333335,1.423585365887622,1.5000232370317792,1.501529740762975
final_joint_baseline_30mer,heat_capacity,7,13,294.903,train,0.07172375607281287,0.07547271272016826,0.0019929634266534256,0.08512339268219914,0.08404912283041377,0.008034806848373256,3.19203235585679,3.418467946006934,3.4946666666666664,1.4218773193909555,1.4974353039581625,1.5022805838820175
final_joint_baseline_30mer,heat_capacity,7,14,296.082,train,0.07143120678575877,0.0729463380782096,0.0017739810884205153,0.08557072648768546,0.08975425251260163,0.007789277803690617,3.262342658551767,3.4645026547326028,3.521333333333333,1.419300628344623,1.4948330631638043,1.4989316523163931
final_joint_baseline_30mer,heat_capacity,7,15,297.266,train,0.07339606138345231,0.07724342211651423,0.00222862009424168,0.08580320019059429,0.08619965690129024,0.010441649525485583,3.298642857966203,3.5108837083334157,3.51,1.4171639688431674,1.492216856614352,1.4846739317442965
final_joint_baseline_30mer,heat_capacity,7,16,298.454,train,0.07377399233505924,0.07528031947955735,0.0014569279386027418,0.08341038526627517,0.07900414930436811,0.007408853288601804,3.3203087177536483,3.557567427516244,3.6313333333333335,1.4153553834935257,1.4895892500718033,1.4860201742259993
final_joint_baseline_30mer,heat_capacity,7,17,299.647,train,0.07390064196211112,0.07675522254710647,0.0017544218799661394,0.08345338648482645,0.08092672708618961,0.005535304550651923,3.3892846439357265,3.6045883894833235,3.631333333333334,1.4117220597375317,1.4869483982328342,1.4784822767136243
final_joint_baseline_30mer,heat_capacity,7,18,300.845,train,0.07330382333720814,0.07701741522067632,0.0012307321446129926,0.0816820202136706,0.08314642778212285,0.008863460360128628,3.41430049334901,3.651941833501334,3.6700000000000004,1.4126422269680854,1.4842946754098993,1.4819770006867357
final_joint_baseline_30mer,heat_capacity,7,19,302.047,train,0.07361998935154002,0.07243275474435343,0.0013261030318780591,0.08109195317364797,0.09653833217667443,0.007390847252299064,3.484319022753994,3.6995830797304228,3.6173333333333333,1.4088618546958285,1.4816306839184787,1.4870929257518557
final_joint_baseline_30mer,heat_capacity,7,20,303.254,train,0.07185103127422188,0.07458829673546993,0.002032880500579892,0.08115680593785536,0.09000171187593359,0.00739374613556072,3.5339085229499503,3.747546386655312,3.6880000000000006,1.406459226760602,1.4789546051406508,1.4851120773934845
final_joint_baseline_30mer,heat_capacity,7,21,304.467,train,0.07283286520548934,0.07286212339527381,0.0009200544978504072,0.07987099972632136,0.09014034344580643,0.007806789414149253,3.6290352606219884,3.7958661836512655,3.8580000000000005,1.4036600134330308,1.4762646284468983,1.474311534485535
final_joint_baseline_30mer,heat_capacity,7,22,305.683,train,0.07470725032282585,0.07701328668947857,0.0014486898647079688,0.07668086257693768,0.08014739848605268,0.0074971895207674045,3.686256109228393,3.8444171297455134,3.888,1.4002096648194318,1.4735678255645788,1.4738074081748198
final_joint_baseline_30mer,heat_capacity,7,23,306.905,train,0.07462600540516388,0.07851198252884424,0.0027041169934410975,0.07691712663122052,0.08386748649623013,0.009734736243918466,3.728478369873435,3.8933129273494576,3.9739999999999998,1.3994710802263843,1.4708579730765896,1.4743518472311958
final_joint_baseline_30mer,heat_capacity,7,24,308.132,train,0.07353081067049343,0.07094983040546492,0.0021539556176294918,0.07532179259111284,0.07591151352391887,0.0057670120759499045,3.769594917813588,3.9425075010860304,3.977333333333333,1.3975494234797674,1.468137729960765,1.4591480593285353
final_joint_baseline_30mer,heat_capacity,7,25,309.364,train,0.07312866246791228,0.0813299879988318,0.0022444681514223277,0.07266324180044026,0.07783919535752373,0.009555383591829104,3.8070892984761517,3.9919944030319954,4.015333333333334,1.3954718061855997,1.4654075488277691,1.4639369199860164
final_joint_baseline_30mer,heat_capacity,7,26,310.6,train,0.07300381082296259,0.07274707174076644,0.0016234440779841516,0.07372765951394618,0.08294554460899509,0.009829988808012547,3.874953172188026,4.041726658950705,4.024,1.391661912809699,1.462670107647586,1.4656561365683518
final_joint_baseline_30mer,heat_capacity,7,27,311.842,train,0.07310361208136232,0.07941958342261346,0.002443026741346328,0.07348559011490827,0.07859239815758658,0.009895861939291768,3.890596399013302,4.09177778049906,4.092666666666666,1.3920757652626659,1.459921451922046,1.4634243361667356
final_joint_baseline_30mer,heat_capacity,7,28,313.088,train,0.07327156094553774,0.07405668574000324,0.0019311618026008137,0.0721882977608787,0.08089790339494263,0.008803130213237831,3.9656718998547618,4.1420599536555365,4.1080000000000005,1.3890153180179459,1.4571664936478297,1.468212553074566
final_joint_baseline_30mer,heat_capacity,7,29,314.34,train,0.0723328252702906,0.07214691185981412,0.0018635586808019,0.07163755996682533,0.07297864837239164,0.009138513096529285,3.9884460658874517,4.192646396908451,4.132,1.3875389843347843,1.4544013083067766,1.4539327729437035
final_joint_baseline_30mer,heat_capacity,7,30,315.596,train,0.07295395594510796,0.07537275268537666,0.002983675003949218,0.07077948750771726,0.07235124693755562,0.007552919612298649,4.08785200106047,4.243448549885683,4.192666666666667,1.384418102377888,1.4516308213585971,1.4576832833835862
final_joint_baseline_30mer,heat_capacity,7,31,316.858,train,0.07110545290832117,0.07459586865357948,0.0014208677225644357,0.06871739331729629,0.07516670831089843,0.007941086841197726,4.162689040274801,4.294539276371508,4.349333333333334,1.3802637032924852,1.448851141028871,1.437016260173432
final_joint_baseline_30mer,heat_capacity,7,32,318.124,train,0.06984678940874367,0.07127797465523687,0.003382662363832431,0.0677480485678632,0.07315901307214173,0.009790306936832735,4.1928993187634,4.345829313112248,4.280666666666667,1.378450940428177,1.4460672028082935,1.446818175122163
final_joint_baseline_30mer,heat_capacity,7,33,319.396,train,0.06911240299456009,0.07054023936123842,0.0028496917874062328,0.06765433480076047,0.0723684837774635,0.008666830922944097,4.283916015399866,4.397391107594109,4.434666666666667,1.3766030864406695,1.443275150363703,1.4398234357445658
final_joint_baseline_30mer,heat_capacity,7,34,320.672,train,0.07020044856342646,0.0795531328665567,0.0029888960596182994,0.06674631817186485,0.07332024162072046,0.007476647055918245,4.286059576503677,4.4491347416305995,4.49,1.374854657302226,1.4404799255790373,1.4428749615098835
final_joint_baseline_30mer,heat_capacity,7,35,321.954,train,0.0687065829876656,0.06783721592635156,0.0026725540196313705,0.06471182500810305,0.06915517529457396,0.006530955203931337,4.3263572861193715,4.501132185109514,4.407333333333334,1.3732220845705354,1.4376777101787406,1.4401270112332576
final_joint_baseline_30mer,heat_capacity,7,36,323.241,train,0.06950754209232,0.0730395922857448,0.0023684526981375556,0.06459625717743733,0.070030059352513,0.008900685481441675,4.395032073449062,4.553333476012342,4.616666666666666,1.3700644404845734,1.4348712707241866,1.4315523465789801
final_joint_baseline_30mer,heat_capacity,7,37,324.533,train,0.070014671535146,0.06499422436494892,0.0031131587551687673,0.0655703736267819,0.07390360065146376,0.007510323682759802,4.451483072826613,4.605728918776624,4.636,1.3685460531537685,1.4320611910814534,1.4410247216094947
final_joint_baseline_30mer,heat_capacity,7,38,325.83,train,0.07003072915887026,0.06845999915750026,0.0013398309291707848,0.06391313244974717,0.06978792314520454,0.010199907273515187,4.488311634045692,4.658308539496778,4.659333333333333,1.366888136833101,1.4292480650831427,1.4335083382996523
final_joint_baseline_30mer,heat_capacity,7,39,327.132,train,0.06934512095981468,0.06853426696046032,0.0018214418367414023,0.06454335805337233,0.07120046821227402,0.007517390160326608,4.575185294049842,4.711062086455055,4.8,1.3636341314088298,1.4264324962874726,1.4334511952742883
final_joint_baseline_30mer,heat_capacity,7,40,328.44,train,0.06885678385891977,0.07680456852762073,0.0022982523608109737,0.06376804296738038,0.06560315380503333,0.006885715760012127,4.6199888477764715,4.7640195007737764,4.782,1.3595889047067131,1.4236129456710456,1.4262064608023646
final_joint_baseline_30mer,heat_capacity,7,41,329.753,train,0.0662678413522016,0.07542792595847236,0.0031134348968123336,0.06235617533528267,0.06351459173417315,0.009838020317400982,4.7220001383221515,4.81712942470663,4.765333333333333,1.3558915257258317,1.4207922024992636,1.4205509734686388
final_joint_baseline_30mer,heat_capacity,7,42,331.071,train,0.06617443088688255,0.06737617511415861,0.00426412575912119,0.061459409478188974,0.05664124096449018,0.009024514171009041,4.730136074417318,4.8703807562316594,4.941333333333334,1.3539478674019712,1.4179708991239686,1.4076236229520944
final_joint_baseline_30mer,heat_capacity,7,43,332.394,train,0.0666841989529278,0.06613211232512668,0.0017889287943318889,0.06027052613754266,0.07786716646423553,0.00984470728468853,4.787296262996519,4.92376212178664,4.768,1.352011450103533,1.4151496764514215,1.4369706751289284
final_joint_baseline_30mer,heat_capacity,7,44,333.723,train,0.0674145745398553,0.07042042269965781,0.0015264302199650194,0.06051819630002456,0.06704651490271364,0.009384427614003599,4.863467102381446,4.9773021309635155,5.001333333333333,1.3487861302799726,1.4123270641598413,1.4100846590241565
final_joint_baseline_30mer,heat_capacity,7,45,335.057,train,0.0658463462467006,0.07273040608524614,0.0020395239241214,0.05888556845009678,0.06951305207140553,0.007958419460610957,4.941125048989096,5.030948473631404,4.958,1.3481898596865658,1.4095058570755246,1.4176830884302434
final_joint_baseline_30mer,heat_capacity,7,46,336.396,train,0.06601286641653209,0.07250029501881955,0.002975873794529243,0.05936670959798708,0.0644269548500616,0.005601127533170939,5.020747746501602,5.084688955453732,5.118,1.3457309745538302,1.4066867208718201,1.4075307511705808
final_joint_baseline_30mer,heat_capacity,7,47,337.741,train,0.06789760068043654,0.0693541845132548,0.0027426610666005163,0.057867729387231184,0.06749643749791429,0.006880270932158861,5.0435716220577715,5.138551124171488,5.017333333333333,1.3444760491479961,1.4038682377998086,1.4074284888188318
final_joint_baseline_30mer,heat_capacity,7,48,339.091,train,0.06518057772042003,0.06650890378682371,0.002258370168196698,0.05679989828899671,0.06923910708044535,0.010695371915295245,5.122854133526984,5.19248207402433,5.163333333333334,1.341662910771536,1.4010531986458123,1.409598351345308
final_joint_baseline_30mer,heat_capacity,7,49,340.446,train,0.06577355410807836,0.07239260589442388,0.0026162465218390373,0.0553682422451751,0.06024089718090013,0.007300956332157672,5.218590209096986,5.246468828938065,5.291333333333332,1.3391828595644897,1.3982422901234302,1.4060837763390681
final_joint_baseline_30mer,heat_capacity,7,50,341.807,train,0.0676591882328683,0.06633026565319766,0.0022747147020387246,0.056082326079853494,0.059024866052836265,0.008919561705985686,5.271444256172626,5.300537839465588,5.241333333333333,1.3372135791506743,1.3954341470309926,1.4024973741014746
final_joint_baseline_30mer,heat_capacity,7,51,343.173,train,0.06669040944496199,0.07221562194135642,0.003916787576249765,0.05386719427654339,0.051380144524166366,0.007323804913639397,5.3073408718906325,5.354635731524207,5.392,1.3364304344011835,1.3926315480982863,1.3879431168906695
final_joint_baseline_30mer,heat_capacity,7,52,344.545,train,0.0666468162551561,0.062259561929664864,0.0024717867817926837,0.05314881872140256,0.05923520201352356,0.0058758534470075285,5.368419899946977,5.408788202147058,5.307333333333333,1.3327784510796787,1.3898331632844911,1.384797654695148
final_joint_baseline_30mer,heat_capacity,7,53,345.922,train,0.06693157375335551,0.075256388723317,0.003337607579841208,0.05363353500886126,0.052338984843865545,0.006635147141491819,5.420805380731725,5.462941635762408,5.578666666666667,1.3307693450260425,1.3870417589727504,1.3772809794411671
final_joint_baseline_30mer,heat_capacity,7,54,347.305,train,0.06620484623079685,0.06998651567316634,0.002421001127304291,0.052920693581645015,0.05242381211161559,0.007947214683802788,5.455972347096387,5.5171209701372455,5.526,1.3296127304653613,1.3842560398414865,1.3785706651385654
final_joint_baseline_30mer,heat_capacity,7,55,348.693,train,0.06778335018713133,0.0669759904647989,0.002458339448700023,0.05248239528621573,0.05822575251277725,0.007938593857242117,5.529657710307305,5.5712724182906,5.532,1.3272872473009774,1.381478755951334,1.3834197186242712
final_joint_baseline_30mer,heat_capacity,7,56,350.086,train,0.06951687823546349,0.07423737576361863,0.0024376170626582245,0.052145858436183384,0.0555886545933732,0.008948930474044457,5.55811461143002,5.625381402271361,5.582666666666666,1.3251929199481436,1.378710626248471,1.3821117723923237
final_joint_baseline_30mer,heat_capacity,7,57,351.486,train,0.06693083982802757,0.06716613055928312,0.0032466223346407485,0.05052739320876207,0.05526827888127954,0.008950973146181717,5.524239516333541,5.6795103044440385,5.624666666666667,1.3267302453454364,1.375948439903088,1.3700838034067286
final_joint_baseline_30mer,heat_capacity,7,58,352.891,train,0.06843302646154956,0.06291361949860555,0.002359018249694714,0.051006656026652046,0.06376352187192211,0.008530838207819769,5.597728058648593,5.733566279093631,5.644,1.324656527064957,1.3731969095250112,1.375232011278799
final_joint_baseline_30mer,heat_capacity,7,59,354.301,train,0.06763335344241451,0.067533166429711,0.0024200902426523277,0.05036811316744172,0.05199960926435862,0.009613522885388593,5.6865059536159706,5.787534182857739,5.659333333333334,1.3203266723635592,1.370456759957742,1.370998653025684
final_joint_baseline_30mer,heat_capacity,7,60,355.717,train,0.0712601906934574,0.08066591060191977,0.0016428591541218995,0.05065611266136685,0.05336408947787426,0.00878659851146217,5.7300068296562685,5.841436685203297,5.8933333333333335,1.3184264601922309,1.3677267958065509,1.3551357274760003
final_joint_baseline_30mer,heat_capacity,7,61,357.139,train,0.07088156769135,0.07669001261487676,0.0036495680532380014,0.050088941189161934,0.05538687204770127,0.007190696678268884,5.821185622564954,5.895257694127772,5.793333333333333,1.3154275616635978,1.3650077890966237,1.376849892720701
final_joint_baseline_30mer,heat_capacity,7,62,358.567,train,0.07061688934926166,0.07333602962680008,0.002211887424598016,0.04927408494637022,0.061474100537926096,0.007984647329529807,5.787977355510985,5.948980939326281,5.997333333333334,1.3170019276909346,1.362300512820004,1.3645228650571375
final_joint_baseline_30mer,heat_capacity,7,63,360.0,train,0.0713152621514703,0.0770086130074522,0.002372946017409617,0.04914938155408606,0.05412543464781579,0.006623847595804599,5.94692838370565,6.002552722863716,6.122000000000001,1.3119173353397782,1.3596076109803998,1.36194217615504
final_joint_baseline_30mer,heat_capacity,8,0,280.0,train,0.07915837558511513,0.08089193699972134,0.001669500564232769,0.0972299790081889,0.09348848605002225,0.006504957149783799,2.543307513198239,2.851975281180152,2.8740000000000006,1.4490542803047362,1.529919098724467,1.5260373894675383
final_joint_baseline_30mer,heat_capacity,8,1,281.119,train,0.08062485521134706,0.08579760056550279,0.0022262428807816427,0.0977753216735503,0.10825914839322251,0.007766233720770198,2.607172003596376,2.893388196544971,2.8973333333333335,1.4453908784431428,1.5275150862183025,1.5325220436752804
final_joint_baseline_30mer,heat_capacity,8,2,282.243,train,0.08081922907743672,0.08313968657288674,0.0008675162536745869,0.09819100845008029,0.09468640984328423,0.008400477250317784,2.6356502293842357,2.9351870754598304,2.9220000000000006,1.4450302196769296,1.5250934183884581,1.5220640306310085
final_joint_baseline_30mer,heat_capacity,8,3,283.371,train,0.07831126214749168,0.08422970924839651,0.0022237097901762776,0.09748620244438555,0.10055110025579973,0.0086514201885627,2.7111095741983076,2.977332624823042,2.996,1.4426351112681033,1.5226564799172086,1.5237408673709234
final_joint_baseline_30mer,heat_capacity,8,4,284.504,train,0.07790432579725046,0.08290815552361072,0.002305151773032859,0.09568139558939504,0.10824194671230991,0.007925976110553148,2.759010247366115,3.0198599387988843,3.0793333333333335,1.4411339909979202,1.520202349754297,1.5255736437208136
final_joint_baseline_30mer,heat_capacity,8,5,285.641,train,0.07786591724428614,0.08049669550129565,0.0011111662375594142,0.09494657883560004,0.0954350161615923,0.007995205556537164,2.779320982317818,3.0627290510950322,3.0326666666666666,1.4388363579313137,1.5177334422392628,1.5195765462574968
final_joint_baseline_30mer,heat_capacity,8,6,286.783,train,0.07765575074517216,0.0796980957030079,0.0012371217051992157,0.09545682484419357,0.1127932058251814,0.01107185316360819,2.848500789588953,3.1059750635203383,3.090666666666667,1.436106212846229,1.5152478436425363,1.5140883358792343
final_joint_baseline_30mer,heat_capacity,8,7,287.929,train,0.07830716067518587,0.07838755851337792,0.0014646054838546555,0.09343329257397895,0.0879833340507354,0.009112136205686787,2.858525687576366,3.1495573361617417,3.1093333333333337,1.4361933836522711,1.5127479973253137,1.5102282325597542
final_joint_baseline_30mer,heat_capacity,8,8,289.08,train,0.07828607016386649,0.08272817775206541,0.0010823842529918378,0.09182519166101949,0.08574458730560389,0.00849153242049241,2.931267722525763,3.19351094948745,3.216666666666667,1.4333961198315441,1.5102319983571406,1.5011821559574954
final_joint_baseline_30mer,heat_capacity,8,9,290.235,train,0.07895028207892574,0.0828541153243379,0.001169713082296066,0.09098885117633301,0.0998136990512469,0.009226473056020371,2.993197143647555,3.2377945901645218,3.206,1.430608882046017,1.5077023184238376,1.5121233613095149
final_joint_baseline_30mer,heat_capacity,8,10,291.395,train,0.07799127612177659,0.08213468918775223,0.0012127526361143807,0.08869627454824781,0.0989321187435174,0.008353257208917289,2.9908893249878963,3.2824432872834812,3.3053333333333335,1.4303011384655808,1.5051570628878896,1.5060806647298457
final_joint_baseline_30mer,heat_capacity,8,11,292.56,train,0.0766139840543459,0.07513655591464313,0.001988662711059182,0.08654564493056316,0.09074120230966587,0.006221745927263678,3.0821580272955718,3.3274537617914763,3.284666666666667,1.4258314762733413,1.502596531367855,1.4997538724739703
final_joint_baseline_30mer,heat_capacity,8,12,293.729,train,0.07241208695092481,0.07283300774634985,0.0011970198730422924,0.08507754755422983,0.08524428531518119,0.009043711099915138,3.150122904995735,3.3727836857072284,3.4700000000000006,1.423585365887622,1.5000232370317792,1.4971563504578862
final_joint_baseline_30mer,heat_capacity,8,13,294.903,train,0.07172375607281287,0.07023357555101128,0.001457744488933412,0.08512339268219914,0.09703244523819252,0.007324538492157602,3.19203235585679,3.418467946006934,3.332,1.4218773193909555,1.4974353039581625,1.4968877306179535
final_joint_baseline_30mer,heat_capacity,8,14,296.082,train,0.07143120678575877,0.06879200084241087,0.001610966911903048,0.08557072648768546,0.09839650556882173,0.008048735823006414,3.262342658551767,3.4645026547326028,3.4686666666666666,1.419300628344623,1.4948330631638043,1.49415795575612
final_joint_baseline_30mer,heat_capacity,8,15,297.266,train,0.07339606138345231,0.06968579971121916,0.0015460555265058512,0.08580320019059429,0.08602813927497206,0.006573008443641493,3.298642857966203,3.5108837083334157,3.498,1.4171639688431674,1.492216856614352,1.492637322150444
final_joint_baseline_30mer,heat_capacity,8,16,298.454,train,0.07377399233505924,0.07976987791184036,0.0027248490577359025,0.08341038526627517,0.08510686351726209,0.006309627403451999,3.3203087177536483,3.557567427516244,3.554,1.4153553834935257,1.4895892500718033,1.4898356580336614
final_joint_baseline_30mer,heat_capacity,8,17,299.647,train,0.07390064196211112,0.07725940008474474,0.0013205433222283,0.08345338648482645,0.0813684121139971,0.008521006186973525,3.3892846439357265,3.6045883894833235,3.541333333333333,1.4117220597375317,1.4869483982328342,1.4844874143242919
final_joint_baseline_30mer,heat_capacity,8,18,300.845,train,0.07330382333720814,0.07788418817580188,0.0019385959254059576,0.0816820202136706,0.08880376213738776,0.008496138813457045,3.41430049334901,3.651941833501334,3.572,1.4126422269680854,1.4842946754098993,1.478282107931644
final_joint_baseline_30mer,heat_capacity,8,19,302.047,train,0.07361998935154002,0.06943160273080476,0.002411041403794285,0.08109195317364797,0.08293666924258174,0.006929633854789019,3.484319022753994,3.6995830797304228,3.644,1.4088618546958285,1.4816306839184787,1.4765351336331702
final_joint_baseline_30mer,heat_capacity,8,20,303.254,train,0.07185103127422188,0.0754714750563676,0.00224749853112384,0.08115680593785536,0.08028728626959312,0.006861489001599791,3.5339085229499503,3.747546386655312,3.809333333333333,1.406459226760602,1.4789546051406508,1.4789292595929964
final_joint_baseline_30mer,heat_capacity,8,21,304.467,train,0.07283286520548934,0.07486690622737972,0.0019004077692840835,0.07987099972632136,0.08724347277563953,0.006856398348312566,3.6290352606219884,3.7958661836512655,3.8646666666666665,1.4036600134330308,1.4762646284468983,1.4784313974128138
final_joint_baseline_30mer,heat_capacity,8,22,305.683,train,0.07470725032282585,0.08314080295699217,0.001986785888534801,0.07668086257693768,0.08215984135478549,0.008681196360522907,3.686256109228393,3.8444171297455134,3.852666666666667,1.4002096648194318,1.4735678255645788,1.4749718327098915
final_joint_baseline_30mer,heat_capacity,8,23,306.905,train,0.07462600540516388,0.07693520999498778,0.0014947855434545585,0.07691712663122052,0.07775707896500292,0.009826734967617039,3.728478369873435,3.8933129273494576,3.872666666666667,1.3994710802263843,1.4708579730765896,1.4626852546729125
final_joint_baseline_30mer,heat_capacity,8,24,308.132,train,0.07353081067049343,0.07617277121818597,0.0020198013290967124,0.07532179259111284,0.0887808910078429,0.007239975555449939,3.769594917813588,3.9425075010860304,3.8853333333333335,1.3975494234797674,1.468137729960765,1.484022186794723
final_joint_baseline_30mer,heat_capacity,8,25,309.364,train,0.07312866246791228,0.06999420137549393,0.001504651310182761,0.07266324180044026,0.07514858611761642,0.008196519342378184,3.8070892984761517,3.9919944030319954,4.023333333333333,1.3954718061855997,1.4654075488277691,1.4692940818477414
final_joint_baseline_30mer,heat_capacity,8,26,310.6,train,0.07300381082296259,0.06991836270490681,0.002311389000952171,0.07372765951394618,0.08262255005063994,0.007826831250452738,3.874953172188026,4.041726658950705,4.0953333333333335,1.391661912809699,1.462670107647586,1.4693497688282324
final_joint_baseline_30mer,heat_capacity,8,27,311.842,train,0.07310361208136232,0.0750061746399508,0.0015576743989002607,0.07348559011490827,0.06942728556569806,0.008045843144274322,3.890596399013302,4.09177778049906,4.067333333333334,1.3920757652626659,1.459921451922046,1.4602794384975821
final_joint_baseline_30mer,heat_capacity,8,28,313.088,train,0.07327156094553774,0.08085988178955325,0.002145650884901119,0.0721882977608787,0.08290586105583697,0.008167670092222513,3.9656718998547618,4.1420599536555365,4.207333333333334,1.3890153180179459,1.4571664936478297,1.469855760715572
final_joint_baseline_30mer,heat_capacity,8,29,314.34,train,0.0723328252702906,0.06870331934676395,0.0015822852975258123,0.07163755996682533,0.08433940410959442,0.007762110598294812,3.9884460658874517,4.192646396908451,4.260666666666666,1.3875389843347843,1.4544013083067766,1.4536086387947136
final_joint_baseline_30mer,heat_capacity,8,30,315.596,train,0.07295395594510796,0.0738161275925019,0.0019585692729296956,0.07077948750771726,0.07681878672088932,0.009404129248238186,4.08785200106047,4.243448549885683,4.238666666666667,1.384418102377888,1.4516308213585971,1.4570778775651636
final_joint_baseline_30mer,heat_capacity,8,31,316.858,train,0.07110545290832117,0.0743756002692413,0.0016707143826687524,0.06871739331729629,0.06882093501597841,0.007914841809463334,4.162689040274801,4.294539276371508,4.270666666666667,1.3802637032924852,1.448851141028871,1.4433858267024302
final_joint_baseline_30mer,heat_capacity,8,32,318.124,train,0.06984678940874367,0.07659173652916136,0.002323522725798963,0.0677480485678632,0.07862964234507908,0.007471229275306603,4.1928993187634,4.345829313112248,4.415333333333334,1.378450940428177,1.4460672028082935,1.4576616193611651
final_joint_baseline_30mer,heat_capacity,8,33,319.396,train,0.06911240299456009,0.07630450947111546,0.0035541559596214472,0.06765433480076047,0.07459077237489183,0.00823357818186645,4.283916015399866,4.397391107594109,4.414,1.3766030864406695,1.443275150363703,1.4464058978470584
final_joint_baseline_30mer,heat_capacity,8,34,320.672,train,0.07020044856342646,0.07397197519053095,0.002122371935718035,0.06674631817186485,0.06865555174257508,0.00648347597181782,4.286059576503677,4.4491347416305995,4.480666666666666,1.374854657302226,1.4404799255790373,1.4395332029576986
final_joint_baseline_30mer,heat_capacity,8,35,321.954,train,0.0687065829876656,0.07212950471244818,0.0022347329392058543,0.06471182500810305,0.07186744679342925,0.007632300063401068,4.3263572861193715,4.501132185109514,4.479333333333333,1.3732220845705354,1.4376777101787406,1.4310865411157412
final_joint_baseline_30mer,heat_capacity,8,36,323.241,train,0.06950754209232,0.06349477679010548,0.0022498717649404856,0.06459625717743733,0.06338455511974675,0.008763130035416932,4.395032073449062,4.553333476012342,4.586,1.3700644404845734,1.4348712707241866,1.4332050546457629
final_joint_baseline_30mer,heat_capacity,8,37,324.533,train,0.070014671535146,0.07342228480515804,0.0009693197535095095,0.0655703736267819,0.07162559402632265,0.008019816295224,4.451483072826613,4.605728918776624,4.628666666666667,1.3685460531537685,1.4320611910814534,1.4263988365455482
final_joint_baseline_30mer,heat_capacity,8,38,325.83,train,0.07003072915887026,0.0760130964535928,0.0020861788086674275,0.06391313244974717,0.06210572836110263,0.007884427789930728,4.488311634045692,4.658308539496778,4.759333333333334,1.366888136833101,1.4292480650831427,1.4290224812746044
final_joint_baseline_30mer,heat_capacity,8,39,327.132,train,0.06934512095981468,0.08034484579193801,0.0033809242730899807,0.06454335805337233,0.07331348760088617,0.0093937101316604,4.575185294049842,4.711062086455055,4.718,1.3636341314088298,1.4264324962874726,1.415900551450386
final_joint_baseline_30mer,heat_capacity,8,40,328.44,train,0.06885678385891977,0.07348285445123359,0.0015915401685521273,0.06376804296738038,0.06483811435730068,0.006803594368130748,4.6199888477764715,4.7640195007737764,4.8806666666666665,1.3595889047067131,1.4236129456710456,1.4247018062123917
final_joint_baseline_30mer,heat_capacity,8,41,329.753,train,0.0662678413522016,0.07367653552410576,0.002799405483460582,0.06235617533528267,0.07139269886263883,0.007816244169454926,4.7220001383221515,4.81712942470663,4.759333333333334,1.3558915257258317,1.4207922024992636,1.4292229239455612
final_joint_baseline_30mer,heat_capacity,8,42,331.071,train,0.06617443088688255,0.067096671965693,0.0025135211208819636,0.061459409478188974,0.06434625422733815,0.007732525822161166,4.730136074417318,4.8703807562316594,4.892666666666667,1.3539478674019712,1.4179708991239686,1.4152195045973903
final_joint_baseline_30mer,heat_capacity,8,43,332.394,train,0.0666841989529278,0.07149757011710939,0.0025829167692645394,0.06027052613754266,0.06751196988032768,0.007994812402261145,4.787296262996519,4.92376212178664,4.982666666666667,1.352011450103533,1.4151496764514215,1.4152426391819901
final_joint_baseline_30mer,heat_capacity,8,44,333.723,train,0.0674145745398553,0.07522469053663872,0.0021061130711214292,0.06051819630002456,0.06782690907310503,0.00758660893142512,4.863467102381446,4.9773021309635155,5.0200000000000005,1.3487861302799726,1.4123270641598413,1.4071890627472776
final_joint_baseline_30mer,heat_capacity,8,45,335.057,train,0.0658463462467006,0.0695678587824885,0.002124502748339094,0.05888556845009678,0.06636344779451911,0.008800533446518356,4.941125048989096,5.030948473631404,4.973333333333334,1.3481898596865658,1.4095058570755246,1.40773109154202
final_joint_baseline_30mer,heat_capacity,8,46,336.396,train,0.06601286641653209,0.06512186195915573,0.0015719991445786526,0.05936670959798708,0.06615642631304446,0.006405060183118155,5.020747746501602,5.084688955453732,5.052666666666667,1.3457309745538302,1.4066867208718201,1.408963522002233
final_joint_baseline_30mer,heat_capacity,8,47,337.741,train,0.06789760068043654,0.07212417604516883,0.0019071770659215717,0.057867729387231184,0.06854113809131607,0.008451595442116048,5.0435716220577715,5.138551124171488,5.125333333333334,1.3444760491479961,1.4038682377998086,1.413437801556042
final_joint_baseline_30mer,heat_capacity,8,48,339.091,train,0.06518057772042003,0.06291672770934606,0.002361818210853783,0.05679989828899671,0.05694685619162407,0.007205119985297996,5.122854133526984,5.19248207402433,5.179333333333333,1.341662910771536,1.4010531986458123,1.4024875601791609
final_joint_baseline_30mer,heat_capacity,8,49,340.446,train,0.06577355410807836,0.07252343406042676,0.002862571146672285,0.0553682422451751,0.06779054187386863,0.006793823368736747,5.218590209096986,5.246468828938065,5.209333333333333,1.3391828595644897,1.3982422901234302,1.4039480098493589
final_joint_baseline_30mer,heat_capacity,8,50,341.807,train,0.0676591882328683,0.0735736298313484,0.0026885371785071916,0.056082326079853494,0.059499317825335844,0.006505798102199851,5.271444256172626,5.300537839465588,5.349333333333334,1.3372135791506743,1.3954341470309926,1.3993345580062824
final_joint_baseline_30mer,heat_capacity,8,51,343.173,train,0.06669040944496199,0.07169481757483091,0.0023823375708318514,0.05386719427654339,0.052964553669850006,0.009873765879310385,5.3073408718906325,5.354635731524207,5.212666666666667,1.3364304344011835,1.3926315480982863,1.3933853208730032
final_joint_baseline_30mer,heat_capacity,8,52,344.545,train,0.0666468162551561,0.06379970041730032,0.0018743254237218628,0.05314881872140256,0.05396257808064697,0.006586083203355983,5.368419899946977,5.408788202147058,5.351333333333333,1.3327784510796787,1.3898331632844911,1.391741188798743
final_joint_baseline_30mer,heat_capacity,8,53,345.922,train,0.06693157375335551,0.07399532437432821,0.0027600870848139792,0.05363353500886126,0.056752462001057685,0.007381646637216121,5.420805380731725,5.462941635762408,5.422,1.3307693450260425,1.3870417589727504,1.3762155268281568
final_joint_baseline_30mer,heat_capacity,8,54,347.305,train,0.06620484623079685,0.06953565075505475,0.001215531695881697,0.052920693581645015,0.058131631593682564,0.009341376932102312,5.455972347096387,5.5171209701372455,5.568,1.3296127304653613,1.3842560398414865,1.3831674865331354
final_joint_baseline_30mer,heat_capacity,8,55,348.693,train,0.06778335018713133,0.06907685889530464,0.003273568052218828,0.05248239528621573,0.05293614702425678,0.009201922962679614,5.529657710307305,5.5712724182906,5.421333333333333,1.3272872473009774,1.381478755951334,1.381136112369278
final_joint_baseline_30mer,heat_capacity,8,56,350.086,train,0.06951687823546349,0.0680354222285483,0.002053696880976396,0.052145858436183384,0.05301558791956737,0.00837330349931294,5.55811461143002,5.625381402271361,5.612666666666668,1.3251929199481436,1.378710626248471,1.37474150609757
final_joint_baseline_30mer,heat_capacity,8,57,351.486,train,0.06693083982802757,0.06710019659727692,0.0021746961384608837,0.05052739320876207,0.0550505263199009,0.008453470517973315,5.524239516333541,5.6795103044440385,5.552666666666667,1.3267302453454364,1.375948439903088,1.3776444520521491
final_joint_baseline_30mer,heat_capacity,8,58,352.891,train,0.06843302646154956,0.07773484544083231,0.0027145518706831093,0.051006656026652046,0.051051257503373484,0.00751154882338753,5.597728058648593,5.733566279093631,5.699333333333334,1.324656527064957,1.3731969095250112,1.3714104318065972
final_joint_baseline_30mer,heat_capacity,8,59,354.301,train,0.06763335344241451,0.07132512641699823,0.0033834596142893656,0.05036811316744172,0.06297845621301708,0.008915590377334928,5.6865059536159706,5.787534182857739,5.634,1.3203266723635592,1.370456759957742,1.389429472981493
final_joint_baseline_30mer,heat_capacity,8,60,355.717,train,0.0712601906934574,0.07006269487612532,0.002030299172286641,0.05065611266136685,0.05453221998074306,0.007354914633669706,5.7300068296562685,5.841436685203297,5.900666666666666,1.3184264601922309,1.3677267958065509,1.369364811287921
final_joint_baseline_30mer,heat_capacity,8,61,357.139,train,0.07088156769135,0.0737172292661235,0.002350572049479531,0.050088941189161934,0.04731278863761859,0.006967262686207803,5.821185622564954,5.895257694127772,5.85,1.3154275616635978,1.3650077890966237,1.3633277199673537
final_joint_baseline_30mer,heat_capacity,8,62,358.567,train,0.07061688934926166,0.07131276579061753,0.001710494621024846,0.04927408494637022,0.05668987057762685,0.009886276816258241,5.787977355510985,5.948980939326281,5.977333333333334,1.3170019276909346,1.362300512820004,1.3616755538737715
final_joint_baseline_30mer,heat_capacity,8,63,360.0,train,0.0713152621514703,0.07833837578792369,0.002605774029712458,0.04914938155408606,0.05341690216940102,0.007209727619105456,5.94692838370565,6.002552722863716,5.995333333333334,1.3119173353397782,1.3596076109803998,1.3602144184388627
final_joint_baseline_30mer,heat_capacity,9,0,280.0,train,0.07915837558511513,0.0823271059653077,0.0012481760728900683,0.0972299790081889,0.11087905963349334,0.010011894510077217,2.543307513198239,2.851975281180152,2.806,1.4490542803047362,1.529919098724467,1.5365388968226168
final_joint_baseline_30mer,heat_capacity,9,1,281.119,train,0.08062485521134706,0.08587424526826942,0.0024501189811928495,0.0977753216735503,0.10357291244028806,0.006947275165008329,2.607172003596376,2.893388196544971,2.8913333333333338,1.4453908784431428,1.5275150862183025,1.5298803853045824
final_joint_baseline_30mer,heat_capacity,9,2,282.243,train,0.08081922907743672,0.0861780134006797,0.0019843646387099137,0.09819100845008029,0.10968152402802939,0.008603638919804714,2.6356502293842357,2.9351870754598304,2.904,1.4450302196769296,1.5250934183884581,1.5288754312481654
final_joint_baseline_30mer,heat_capacity,9,3,283.371,train,0.07831126214749168,0.07748471643700375,0.0024575347768660775,0.09748620244438555,0.09697740346451567,0.0070656270410502505,2.7111095741983076,2.977332624823042,2.993333333333334,1.4426351112681033,1.5226564799172086,1.5290681031206854
final_joint_baseline_30mer,heat_capacity,9,4,284.504,train,0.07790432579725046,0.07634495789018159,0.0027107014634175693,0.09568139558939504,0.09996489537684325,0.008918930795128923,2.759010247366115,3.0198599387988843,2.9733333333333336,1.4411339909979202,1.520202349754297,1.5247044012709072
final_joint_baseline_30mer,heat_capacity,9,5,285.641,train,0.07786591724428614,0.07535089101412626,0.0027307156663059647,0.09494657883560004,0.09464130045761404,0.008070485548418983,2.779320982317818,3.0627290510950322,3.0233333333333334,1.4388363579313137,1.5177334422392628,1.520628819942964
final_joint_baseline_30mer,heat_capacity,9,6,286.783,train,0.07765575074517216,0.08140595295582073,0.0008496614939952328,0.09545682484419357,0.10789822076500782,0.008585952047071544,2.848500789588953,3.1059750635203383,3.0800000000000005,1.436106212846229,1.5152478436425363,1.5201171677455503
final_joint_baseline_30mer,heat_capacity,9,7,287.929,train,0.07830716067518587,0.07849310488196293,0.001762559046289342,0.09343329257397895,0.10243154024326959,0.006495854539786145,2.858525687576366,3.1495573361617417,3.1473333333333335,1.4361933836522711,1.5127479973253137,1.51231421460229
final_joint_baseline_30mer,heat_capacity,9,8,289.08,train,0.07828607016386649,0.08117163786377707,0.00166824864401443,0.09182519166101949,0.09128223873431687,0.004108198403129071,2.931267722525763,3.19351094948745,3.247333333333334,1.4333961198315441,1.5102319983571406,1.5087014959612826
final_joint_baseline_30mer,heat_capacity,9,9,290.235,train,0.07895028207892574,0.08192145573592899,0.0022100052995810368,0.09098885117633301,0.10082541297190324,0.009919855963453038,2.993197143647555,3.2377945901645218,3.287333333333333,1.430608882046017,1.5077023184238376,1.515248722755823
final_joint_baseline_30mer,heat_capacity,9,10,291.395,train,0.07799127612177659,0.07397472943092515,0.001990898693857639,0.08869627454824781,0.0862949276282105,0.007526420177941787,2.9908893249878963,3.2824432872834812,3.3953333333333338,1.4303011384655808,1.5051570628878896,1.4984109409156297
final_joint_baseline_30mer,heat_capacity,9,11,292.56,train,0.0766139840543459,0.0855743981328785,0.0034486035883171174,0.08654564493056316,0.091851703164463,0.007551796177512967,3.0821580272955718,3.3274537617914763,3.2126666666666663,1.4258314762733413,1.502596531367855,1.5027097033586503
final_joint_baseline_30mer,heat_capacity,9,12,293.729,train,0.07241208695092481,0.07301999976645694,0.0017560343973024584,0.08507754755422983,0.09274802384575334,0.008031230280548836,3.150122904995735,3.3727836857072284,3.3473333333333337,1.423585365887622,1.5000232370317792,1.5016816358718934
final_joint_baseline_30mer,heat_capacity,9,13,294.903,train,0.07172375607281287,0.07755259438271223,0.0029036171230556215,0.08512339268219914,0.09044604879087537,0.008474836182344743,3.19203235585679,3.418467946006934,3.4686666666666666,1.4218773193909555,1.4974353039581625,1.4910428655904733
final_joint_baseline_30mer,heat_capacity,9,14,296.082,train,0.07143120678575877,0.07151391079938021,0.001620652711518295,0.08557072648768546,0.08133857918203143,0.00903452261767847,3.262342658551767,3.4645026547326028,3.4673333333333334,1.419300628344623,1.4948330631638043,1.4877867604970159
final_joint_baseline_30mer,heat_capacity,9,15,297.266,train,0.07339606138345231,0.07343937216854088,0.0010435721158327683,0.08580320019059429,0.09351521064920895,0.009328571389052185,3.298642857966203,3.5108837083334157,3.46,1.4171639688431674,1.492216856614352,1.4885988965477512
final_joint_baseline_30mer,heat_capacity,9,16,298.454,train,0.07377399233505924,0.0681203273407319,0.0017511717223428263,0.08341038526627517,0.08691305012233475,0.007914408994897728,3.3203087177536483,3.557567427516244,3.5553333333333335,1.4153553834935257,1.4895892500718033,1.4865898206479886
final_joint_baseline_30mer,heat_capacity,9,17,299.647,train,0.07390064196211112,0.07812363277772134,0.0024056822931729106,0.08345338648482645,0.08830628497078749,0.0072167245374694655,3.3892846439357265,3.6045883894833235,3.5533333333333337,1.4117220597375317,1.4869483982328342,1.4865478333534476
final_joint_baseline_30mer,heat_capacity,9,18,300.845,train,0.07330382333720814,0.07370633966976753,0.0011073645882910823,0.0816820202136706,0.08729192946261474,0.00868507214600061,3.41430049334901,3.651941833501334,3.566666666666667,1.4126422269680854,1.4842946754098993,1.4814746457489014
final_joint_baseline_30mer,heat_capacity,9,19,302.047,train,0.07361998935154002,0.07909328018968849,0.002075993060674825,0.08109195317364797,0.08180915467832903,0.007337325370033483,3.484319022753994,3.6995830797304228,3.652,1.4088618546958285,1.4816306839184787,1.474901464639352
final_joint_baseline_30mer,heat_capacity,9,20,303.254,train,0.07185103127422188,0.07796234869985508,0.0016400062813154374,0.08115680593785536,0.07830499673551287,0.008453548781621979,3.5339085229499503,3.747546386655312,3.821333333333333,1.406459226760602,1.4789546051406508,1.4655833453609077
final_joint_baseline_30mer,heat_capacity,9,21,304.467,train,0.07283286520548934,0.08239485626037749,0.0018235032441621772,0.07987099972632136,0.08352380896987721,0.00903416765704015,3.6290352606219884,3.7958661836512655,3.8466666666666667,1.4036600134330308,1.4762646284468983,1.4760138445164552
final_joint_baseline_30mer,heat_capacity,9,22,305.683,train,0.07470725032282585,0.07710025342303939,0.0020348296128403294,0.07668086257693768,0.07791679376635373,0.007805756906840435,3.686256109228393,3.8444171297455134,3.958,1.4002096648194318,1.4735678255645788,1.465692242018107
final_joint_baseline_30mer,heat_capacity,9,23,306.905,train,0.07462600540516388,0.0779536214082149,0.0011040225695925884,0.07691712663122052,0.07790576471058991,0.0078122428848978,3.728478369873435,3.8933129273494576,3.8353333333333337,1.3994710802263843,1.4708579730765896,1.4737133404464298
final_joint_baseline_30mer,heat_capacity,9,24,308.132,train,0.07353081067049343,0.0780735671080285,0.0022333105714590893,0.07532179259111284,0.0852194611493661,0.011847954029834365,3.769594917813588,3.9425075010860304,3.9473333333333334,1.3975494234797674,1.468137729960765,1.4753323131063711
final_joint_baseline_30mer,heat_capacity,9,25,309.364,train,0.07312866246791228,0.07748952291172186,0.0011259829627587657,0.07266324180044026,0.07329516985839267,0.005968888568341483,3.8070892984761517,3.9919944030319954,4.009333333333334,1.3954718061855997,1.4654075488277691,1.4632508526902324
final_joint_baseline_30mer,heat_capacity,9,26,310.6,train,0.07300381082296259,0.07346458525870433,0.002256808187573312,0.07372765951394618,0.07199222623528517,0.007639372696484795,3.874953172188026,4.041726658950705,4.0440000000000005,1.391661912809699,1.462670107647586,1.457131178088829
final_joint_baseline_30mer,heat_capacity,9,27,311.842,train,0.07310361208136232,0.07536188383834205,0.0033383029694067892,0.07348559011490827,0.06930037523826105,0.007258055192528779,3.890596399013302,4.09177778049906,4.101333333333333,1.3920757652626659,1.459921451922046,1.4542755772714153
final_joint_baseline_30mer,heat_capacity,9,28,313.088,train,0.07327156094553774,0.0803632919054873,0.0020746978737754287,0.0721882977608787,0.07565340610845449,0.008623431591332636,3.9656718998547618,4.1420599536555365,4.205333333333334,1.3890153180179459,1.4571664936478297,1.4562227182028022
final_joint_baseline_30mer,heat_capacity,9,29,314.34,train,0.0723328252702906,0.08048386714348621,0.0013897811561081235,0.07163755996682533,0.07350475814335176,0.007564321764830977,3.9884460658874517,4.192646396908451,4.192666666666667,1.3875389843347843,1.4544013083067766,1.454012794326955
final_joint_baseline_30mer,heat_capacity,9,30,315.596,train,0.07295395594510796,0.06871939735083718,0.002335181762366883,0.07077948750771726,0.08611640375593807,0.01086944817214465,4.08785200106047,4.243448549885683,4.2780000000000005,1.384418102377888,1.4516308213585971,1.4515283962076504
final_joint_baseline_30mer,heat_capacity,9,31,316.858,train,0.07110545290832117,0.079316878305478,0.0017686013491850089,0.06871739331729629,0.07664441875960404,0.007459244536333181,4.162689040274801,4.294539276371508,4.3726666666666665,1.3802637032924852,1.448851141028871,1.4457832621664521
final_joint_baseline_30mer,heat_capacity,9,32,318.124,train,0.06984678940874367,0.07112828841683837,0.0020696635188200453,0.0677480485678632,0.07688931177059946,0.007621312066692984,4.1928993187634,4.345829313112248,4.363333333333333,1.378450940428177,1.4460672028082935,1.444319184084634
final_joint_baseline_30mer,heat_capacity,9,33,319.396,train,0.06911240299456009,0.06831804878772399,0.001691398083548182,0.06765433480076047,0.06635418194358407,0.006885334728159604,4.283916015399866,4.397391107594109,4.449333333333334,1.3766030864406695,1.443275150363703,1.4373458762889717
final_joint_baseline_30mer,heat_capacity,9,34,320.672,train,0.07020044856342646,0.07522575754134554,0.0020041757212655607,0.06674631817186485,0.0762997751993488,0.009249165357636046,4.286059576503677,4.4491347416305995,4.461333333333334,1.374854657302226,1.4404799255790373,1.44287237294943
final_joint_baseline_30mer,heat_capacity,9,35,321.954,train,0.0687065829876656,0.07516237474690018,0.0028663401515345377,0.06471182500810305,0.07072186123945384,0.005962055695992525,4.3263572861193715,4.501132185109514,4.5280000000000005,1.3732220845705354,1.4376777101787406,1.4362331303487614
final_joint_baseline_30mer,heat_capacity,9,36,323.241,train,0.06950754209232,0.06395339157702683,0.0014507510834080367,0.06459625717743733,0.07326727797455673,0.006497778155594309,4.395032073449062,4.553333476012342,4.453333333333333,1.3700644404845734,1.4348712707241866,1.4416013048447098
final_joint_baseline_30mer,heat_capacity,9,37,324.533,train,0.070014671535146,0.06785505906422189,0.0029932462879457555,0.0655703736267819,0.07687050290117793,0.009756916902991053,4.451483072826613,4.605728918776624,4.489333333333333,1.3685460531537685,1.4320611910814534,1.437021945400263
final_joint_baseline_30mer,heat_capacity,9,38,325.83,train,0.07003072915887026,0.07332545106849779,0.003568961708290515,0.06391313244974717,0.06675543936877075,0.008255130484141516,4.488311634045692,4.658308539496778,4.577333333333334,1.366888136833101,1.4292480650831427,1.426112893121367
final_joint_baseline_30mer,heat_capacity,9,39,327.132,train,0.06934512095981468,0.06657860303387994,0.0033358179608467394,0.06454335805337233,0.06168341882796746,0.011023884039527608,4.575185294049842,4.711062086455055,4.792,1.3636341314088298,1.4264324962874726,1.4207968371173272
final_joint_baseline_30mer,heat_capacity,9,40,328.44,train,0.06885678385891977,0.06751079222234968,0.0018610900863347862,0.06376804296738038,0.06766166650033263,0.007283707781229724,4.6199888477764715,4.7640195007737764,4.68,1.3595889047067131,1.4236129456710456,1.4317892003866899
final_joint_baseline_30mer,heat_capacity,9,41,329.753,train,0.0662678413522016,0.06667404419926774,0.0022129210387180085,0.06235617533528267,0.06468661706309434,0.007711699706920775,4.7220001383221515,4.81712942470663,4.836666666666666,1.3558915257258317,1.4207922024992636,1.4263466320984242
final_joint_baseline_30mer,heat_capacity,9,42,331.071,train,0.06617443088688255,0.06762435021941132,0.0020987510687797417,0.061459409478188974,0.06320224968203358,0.007922198226674402,4.730136074417318,4.8703807562316594,4.886,1.3539478674019712,1.4179708991239686,1.4138725392965847
final_joint_baseline_30mer,heat_capacity,9,43,332.394,train,0.0666841989529278,0.06998870768540563,0.0014940309007387014,0.06027052613754266,0.06518610271356022,0.007219704489290476,4.787296262996519,4.92376212178664,5.0986666666666665,1.352011450103533,1.4151496764514215,1.4068253657570602
final_joint_baseline_30mer,heat_capacity,9,44,333.723,train,0.0674145745398553,0.07207295462899432,0.001223022624024617,0.06051819630002456,0.06506631914900114,0.006322417771466169,4.863467102381446,4.9773021309635155,4.948,1.3487861302799726,1.4123270641598413,1.4153831213096957
final_joint_baseline_30mer,heat_capacity,9,45,335.057,train,0.0658463462467006,0.07206051270035237,0.0026601244106697437,0.05888556845009678,0.06506866914378576,0.007955811718694994,4.941125048989096,5.030948473631404,4.952666666666667,1.3481898596865658,1.4095058570755246,1.417075563657158
final_joint_baseline_30mer,heat_capacity,9,46,336.396,train,0.06601286641653209,0.06707462434990945,0.002322577224848733,0.05936670959798708,0.06330038716545239,0.006979800976588986,5.020747746501602,5.084688955453732,5.1146666666666665,1.3457309745538302,1.4066867208718201,1.3996298658098283
final_joint_baseline_30mer,heat_capacity,9,47,337.741,train,0.06789760068043654,0.06721942645149731,0.002274179263051938,0.057867729387231184,0.061913608667380535,0.008945289249470561,5.0435716220577715,5.138551124171488,5.111333333333333,1.3444760491479961,1.4038682377998086,1.411598411103998
final_joint_baseline_30mer,heat_capacity,9,48,339.091,train,0.06518057772042003,0.0674862314013926,0.003268392292983636,0.05679989828899671,0.06390739823276473,0.008327684567149898,5.122854133526984,5.19248207402433,5.168666666666667,1.341662910771536,1.4010531986458123,1.3981641909234996
final_joint_baseline_30mer,heat_capacity,9,49,340.446,train,0.06577355410807836,0.08514430033686002,0.0038560907678824017,0.0553682422451751,0.06111050971487768,0.008041260497324926,5.218590209096986,5.246468828938065,5.163333333333334,1.3391828595644897,1.3982422901234302,1.400195407964123
final_joint_baseline_30mer,heat_capacity,9,50,341.807,train,0.0676591882328683,0.07497716128887019,0.0033084556130849483,0.056082326079853494,0.05602668116142322,0.006545923050655092,5.271444256172626,5.300537839465588,5.306666666666667,1.3372135791506743,1.3954341470309926,1.385515424241834
final_joint_baseline_30mer,heat_capacity,9,51,343.173,train,0.06669040944496199,0.06908905024740304,0.002197496834900775,0.05386719427654339,0.05933774141612656,0.009140408713407159,5.3073408718906325,5.354635731524207,5.405333333333334,1.3364304344011835,1.3926315480982863,1.3910199013323281
final_joint_baseline_30mer,heat_capacity,9,52,344.545,train,0.0666468162551561,0.0705555918424046,0.002288751768030144,0.05314881872140256,0.05780220164573166,0.005873628131932587,5.368419899946977,5.408788202147058,5.364000000000001,1.3327784510796787,1.3898331632844911,1.3946852914474337
final_joint_baseline_30mer,heat_capacity,9,53,345.922,train,0.06693157375335551,0.0686441218598787,0.002174869378286726,0.05363353500886126,0.06212745741306952,0.01086244112426871,5.420805380731725,5.462941635762408,5.446666666666666,1.3307693450260425,1.3870417589727504,1.3949328636865246
final_joint_baseline_30mer,heat_capacity,9,54,347.305,train,0.06620484623079685,0.07017905888416996,0.0018034036950798295,0.052920693581645015,0.06078672476340012,0.006619948634166482,5.455972347096387,5.5171209701372455,5.414000000000001,1.3296127304653613,1.3842560398414865,1.392924914135496
final_joint_baseline_30mer,heat_capacity,9,55,348.693,train,0.06778335018713133,0.0786703465173777,0.0031918344413362294,0.05248239528621573,0.05234901471515863,0.008871222673062125,5.529657710307305,5.5712724182906,5.688,1.3272872473009774,1.381478755951334,1.3727219596104783
final_joint_baseline_30mer,heat_capacity,9,56,350.086,train,0.06951687823546349,0.07940173958633719,0.0031984864519944535,0.052145858436183384,0.06316730589425587,0.005536350847121988,5.55811461143002,5.625381402271361,5.654,1.3251929199481436,1.378710626248471,1.3862302317257065
final_joint_baseline_30mer,heat_capacity,9,57,351.486,train,0.06693083982802757,0.06934669438234017,0.0022039466645578914,0.05052739320876207,0.05016805652530311,0.008832929413287404,5.524239516333541,5.6795103044440385,5.728,1.3267302453454364,1.375948439903088,1.3718825176861207
final_joint_baseline_30mer,heat_capacity,9,58,352.891,train,0.06843302646154956,0.06357560283076061,0.001946733243402194,0.051006656026652046,0.05499656433237496,0.007181042628394469,5.597728058648593,5.733566279093631,5.712,1.324656527064957,1.3731969095250112,1.3669594393483488
final_joint_baseline_30mer,heat_capacity,9,59,354.301,train,0.06763335344241451,0.07079719533071702,0.0017004639988304929,0.05036811316744172,0.05415081532323708,0.007030163910458534,5.6865059536159706,5.787534182857739,5.724,1.3203266723635592,1.370456759957742,1.375202286573633
final_joint_baseline_30mer,heat_capacity,9,60,355.717,train,0.0712601906934574,0.07873755578628674,0.003163506404682325,0.05065611266136685,0.04920813411601572,0.007482991947688386,5.7300068296562685,5.841436685203297,5.8533333333333335,1.3184264601922309,1.3677267958065509,1.3622632740739589
final_joint_baseline_30mer,heat_capacity,9,61,357.139,train,0.07088156769135,0.07278002892591545,0.001603616866800143,0.050088941189161934,0.05638528661191022,0.006692385763000833,5.821185622564954,5.895257694127772,5.754666666666667,1.3154275616635978,1.3650077890966237,1.3755547146530052
final_joint_baseline_30mer,heat_capacity,9,62,358.567,train,0.07061688934926166,0.06480062112370794,0.003453859111627334,0.04927408494637022,0.05067179292021386,0.007833834383001385,5.787977355510985,5.948980939326281,5.788000000000001,1.3170019276909346,1.362300512820004,1.3624299219591645
final_joint_baseline_30mer,heat_capacity,9,63,360.0,train,0.0713152621514703,0.07193095458923571,0.003176836258547141,0.04914938155408606,0.0488229633366164,0.0074784469059581095,5.94692838370565,6.002552722863716,6.153333333333333,1.3119173353397782,1.3596076109803998,1.3563010537366733
final_joint_baseline_30mer,heat_capacity,10,0,280.0,train,0.07915837558511513,0.08150602011243732,0.001547267512475253,0.0972299790081889,0.11470175870830095,0.006896694472249778,2.543307513198239,2.851975281180152,2.7846666666666673,1.4490542803047362,1.529919098724467,1.5436171587183214
final_joint_baseline_30mer,heat_capacity,10,1,281.119,train,0.08062485521134706,0.08403732622609651,0.0008287605338526908,0.0977753216735503,0.09339114091010299,0.008268299815985276,2.607172003596376,2.893388196544971,2.928,1.4453908784431428,1.5275150862183025,1.5247805147937337
final_joint_baseline_30mer,heat_capacity,10,2,282.243,train,0.08081922907743672,0.08462269215438821,0.0021561863770430357,0.09819100845008029,0.10474154281717579,0.007108242073522747,2.6356502293842357,2.9351870754598304,2.9513333333333334,1.4450302196769296,1.5250934183884581,1.5272597587171874
final_joint_baseline_30mer,heat_capacity,10,3,283.371,train,0.07831126214749168,0.08002336806940478,0.001167580576352848,0.09748620244438555,0.09527740413248971,0.007635518674976055,2.7111095741983076,2.977332624823042,3.0493333333333332,1.4426351112681033,1.5226564799172086,1.5190159556430942
final_joint_baseline_30mer,heat_capacity,10,4,284.504,train,0.07790432579725046,0.07641257206381893,0.002303665791633904,0.09568139558939504,0.09844593105731997,0.00709584321460089,2.759010247366115,3.0198599387988843,3.0053333333333336,1.4411339909979202,1.520202349754297,1.5218924586598765
final_joint_baseline_30mer,heat_capacity,10,5,285.641,train,0.07786591724428614,0.08107839458688676,0.002600231515995255,0.09494657883560004,0.1131275010946757,0.009147101004982136,2.779320982317818,3.0627290510950322,2.9959999999999996,1.4388363579313137,1.5177334422392628,1.531910902477102
final_joint_baseline_30mer,heat_capacity,10,6,286.783,train,0.07765575074517216,0.08011967779410695,0.0016314534476883635,0.09545682484419357,0.09692056766310195,0.008617464885993286,2.848500789588953,3.1059750635203383,3.062,1.436106212846229,1.5152478436425363,1.5179585556615556
final_joint_baseline_30mer,heat_capacity,10,7,287.929,train,0.07830716067518587,0.08497093872434486,0.001563848405715273,0.09343329257397895,0.08565177952808573,0.007487066057494033,2.858525687576366,3.1495573361617417,3.184,1.4361933836522711,1.5127479973253137,1.504653340032549
final_joint_baseline_30mer,heat_capacity,10,8,289.08,train,0.07828607016386649,0.07767181139803207,0.002572963968191319,0.09182519166101949,0.10224877180219684,0.007422745068449558,2.931267722525763,3.19351094948745,3.1180000000000003,1.4333961198315441,1.5102319983571406,1.5121944856313858
final_joint_baseline_30mer,heat_capacity,10,9,290.235,train,0.07895028207892574,0.08406746616817518,0.001446227903114914,0.09098885117633301,0.09720569314180466,0.008964299425280133,2.993197143647555,3.2377945901645218,3.3339999999999996,1.430608882046017,1.5077023184238376,1.5005151326404618
final_joint_baseline_30mer,heat_capacity,10,10,291.395,train,0.07799127612177659,0.08301543538231358,0.001744025750054882,0.08869627454824781,0.08561350791661002,0.007124279519718241,2.9908893249878963,3.2824432872834812,3.3406666666666673,1.4303011384655808,1.5051570628878896,1.4987220910523038
final_joint_baseline_30mer,heat_capacity,10,11,292.56,train,0.0766139840543459,0.08209180820242609,0.0017357181235189549,0.08654564493056316,0.09546640214363612,0.010969383175737119,3.0821580272955718,3.3274537617914763,3.3893333333333335,1.4258314762733413,1.502596531367855,1.4919030247149485
final_joint_baseline_30mer,heat_capacity,10,12,293.729,train,0.07241208695092481,0.07220819752366184,0.0016381857797485384,0.08507754755422983,0.0949301382638934,0.007731049839934095,3.150122904995735,3.3727836857072284,3.2586666666666666,1.423585365887622,1.5000232370317792,1.5078296232086617
final_joint_baseline_30mer,heat_capacity,10,13,294.903,train,0.07172375607281287,0.07453316870347973,0.001942132542017274,0.08512339268219914,0.09022360924656281,0.009924004393667965,3.19203235585679,3.418467946006934,3.439333333333333,1.4218773193909555,1.4974353039581625,1.4955854200619179
final_joint_baseline_30mer,heat_capacity,10,14,296.082,train,0.07143120678575877,0.0736561414090684,0.0017030683500326971,0.08557072648768546,0.08611783217005597,0.007527725602673115,3.262342658551767,3.4645026547326028,3.458666666666667,1.419300628344623,1.4948330631638043,1.496211694952748
final_joint_baseline_30mer,heat_capacity,10,15,297.266,train,0.07339606138345231,0.07032771707859532,0.0013640429691523146,0.08580320019059429,0.09150034963045323,0.009774989932873372,3.298642857966203,3.5108837083334157,3.5086666666666666,1.4171639688431674,1.492216856614352,1.5002937835643895
final_joint_baseline_30mer,heat_capacity,10,16,298.454,train,0.07377399233505924,0.08181387970551195,0.0023623176667323846,0.08341038526627517,0.078581844157211,0.007582752153849386,3.3203087177536483,3.557567427516244,3.588,1.4153553834935257,1.4895892500718033,1.4798992819996517
final_joint_baseline_30mer,heat_capacity,10,17,299.647,train,0.07390064196211112,0.07128539866901683,0.0033565566076591237,0.08345338648482645,0.07857971672831224,0.006285072819459589,3.3892846439357265,3.6045883894833235,3.6560000000000006,1.4117220597375317,1.4869483982328342,1.4809840934739498
final_joint_baseline_30mer,heat_capacity,10,18,300.845,train,0.07330382333720814,0.07939559550192231,0.001600967819082789,0.0816820202136706,0.08862262395921913,0.006784661348481415,3.41430049334901,3.651941833501334,3.745333333333333,1.4126422269680854,1.4842946754098993,1.4778503720205085
final_joint_baseline_30mer,heat_capacity,10,19,302.047,train,0.07361998935154002,0.07856539887514388,0.002465979325136593,0.08109195317364797,0.07443258219828755,0.00766558362354956,3.484319022753994,3.6995830797304228,3.724666666666667,1.4088618546958285,1.4816306839184787,1.468593889927057
final_joint_baseline_30mer,heat_capacity,10,20,303.254,train,0.07185103127422188,0.07346028176855399,0.0013641706532636065,0.08115680593785536,0.09291048978560837,0.007005924507105412,3.5339085229499503,3.747546386655312,3.7319999999999998,1.406459226760602,1.4789546051406508,1.4822500299202552
final_joint_baseline_30mer,heat_capacity,10,21,304.467,train,0.07283286520548934,0.07525110933749028,0.0019219939718342956,0.07987099972632136,0.08138970031496623,0.011143385938628621,3.6290352606219884,3.7958661836512655,3.687333333333334,1.4036600134330308,1.4762646284468983,1.4806570143886728
final_joint_baseline_30mer,heat_capacity,10,22,305.683,train,0.07470725032282585,0.06911227046015778,0.0033182629002420578,0.07668086257693768,0.08138333365429533,0.009781512138136397,3.686256109228393,3.8444171297455134,3.8906666666666676,1.4002096648194318,1.4735678255645788,1.4638717931855219
final_joint_baseline_30mer,heat_capacity,10,23,306.905,train,0.07462600540516388,0.07300684334944207,0.0012940965033480713,0.07691712663122052,0.08455749505816476,0.007701357659102813,3.728478369873435,3.8933129273494576,3.8273333333333333,1.3994710802263843,1.4708579730765896,1.4751439961115738
final_joint_baseline_30mer,heat_capacity,10,24,308.132,train,0.07353081067049343,0.0685440099096923,0.0023436458898554455,0.07532179259111284,0.08823487714772661,0.010574763140665175,3.769594917813588,3.9425075010860304,3.878,1.3975494234797674,1.468137729960765,1.4777567579151567
final_joint_baseline_30mer,heat_capacity,10,25,309.364,train,0.07312866246791228,0.08132445586044745,0.002210432932769823,0.07266324180044026,0.0800995754715246,0.009296883548917424,3.8070892984761517,3.9919944030319954,4.009333333333333,1.3954718061855997,1.4654075488277691,1.4654805232383565
final_joint_baseline_30mer,heat_capacity,10,26,310.6,train,0.07300381082296259,0.07833280475076196,0.0016215443533867525,0.07372765951394618,0.082450569182043,0.009847327716932546,3.874953172188026,4.041726658950705,4.104666666666667,1.391661912809699,1.462670107647586,1.4545628842447185
final_joint_baseline_30mer,heat_capacity,10,27,311.842,train,0.07310361208136232,0.07193353462236768,0.0010899204792614039,0.07348559011490827,0.07984388514792877,0.007188965171142744,3.890596399013302,4.09177778049906,4.15,1.3920757652626659,1.459921451922046,1.461205657553263
final_joint_baseline_30mer,heat_capacity,10,28,313.088,train,0.07327156094553774,0.08040611572673115,0.0021616944493153996,0.0721882977608787,0.07935030216686559,0.008009415065773332,3.9656718998547618,4.1420599536555365,4.129333333333333,1.3890153180179459,1.4571664936478297,1.4618156245209986
final_joint_baseline_30mer,heat_capacity,10,29,314.34,train,0.0723328252702906,0.07317748704756254,0.001864476524687817,0.07163755996682533,0.08597599076002418,0.009171041524829452,3.9884460658874517,4.192646396908451,4.046,1.3875389843347843,1.4544013083067766,1.4571201595008203
final_joint_baseline_30mer,heat_capacity,10,30,315.596,train,0.07295395594510796,0.07073963767393865,0.001845400834369563,0.07077948750771726,0.07098629159824535,0.007334543028332657,4.08785200106047,4.243448549885683,4.349333333333333,1.384418102377888,1.4516308213585971,1.4503091331735036
final_joint_baseline_30mer,heat_capacity,10,31,316.858,train,0.07110545290832117,0.08365221313881832,0.0037990252379801965,0.06871739331729629,0.07348797858467365,0.00921036137521438,4.162689040274801,4.294539276371508,4.431333333333333,1.3802637032924852,1.448851141028871,1.4371173103182477
final_joint_baseline_30mer,heat_capacity,10,32,318.124,train,0.06984678940874367,0.0704233765036515,0.0012116141866703584,0.0677480485678632,0.08564313625150108,0.00892429873701674,4.1928993187634,4.345829313112248,4.368666666666667,1.378450940428177,1.4460672028082935,1.4526695143920327
final_joint_baseline_30mer,heat_capacity,10,33,319.396,train,0.06911240299456009,0.07120146088468497,0.0020295816096217293,0.06765433480076047,0.07636349725307656,0.007762141263988984,4.283916015399866,4.397391107594109,4.322666666666667,1.3766030864406695,1.443275150363703,1.453721885029487
final_joint_baseline_30mer,heat_capacity,10,34,320.672,train,0.07020044856342646,0.06924113053630099,0.0015336784358609265,0.06674631817186485,0.06971091776063564,0.008099231238886354,4.286059576503677,4.4491347416305995,4.457333333333334,1.374854657302226,1.4404799255790373,1.4504980673642973
final_joint_baseline_30mer,heat_capacity,10,35,321.954,train,0.0687065829876656,0.07669669257049473,0.0023334196268208953,0.06471182500810305,0.06425610752074078,0.007146973479001431,4.3263572861193715,4.501132185109514,4.448,1.3732220845705354,1.4376777101787406,1.4374356268318556
final_joint_baseline_30mer,heat_capacity,10,36,323.241,train,0.06950754209232,0.07319855652976043,0.0025073561047708366,0.06459625717743733,0.06910826885944293,0.007471185717791939,4.395032073449062,4.553333476012342,4.596,1.3700644404845734,1.4348712707241866,1.4229435186085118
final_joint_baseline_30mer,heat_capacity,10,37,324.533,train,0.070014671535146,0.0737077030548534,0.0011362837050142216,0.0655703736267819,0.0747329961555847,0.0071204623246022836,4.451483072826613,4.605728918776624,4.650666666666667,1.3685460531537685,1.4320611910814534,1.42971781238144
final_joint_baseline_30mer,heat_capacity,10,38,325.83,train,0.07003072915887026,0.06881557621858433,0.00223228354130753,0.06391313244974717,0.06579630808838899,0.005261332129115462,4.488311634045692,4.658308539496778,4.658666666666667,1.366888136833101,1.4292480650831427,1.4208509133876377
final_joint_baseline_30mer,heat_capacity,10,39,327.132,train,0.06934512095981468,0.07741738401912039,0.002887241417276627,0.06454335805337233,0.06454186330646772,0.009975549325997628,4.575185294049842,4.711062086455055,4.8146666666666675,1.3636341314088298,1.4264324962874726,1.4265020434247777
final_joint_baseline_30mer,heat_capacity,10,40,328.44,train,0.06885678385891977,0.07559142530051287,0.00247410775349168,0.06376804296738038,0.07125708226274101,0.008933005216644939,4.6199888477764715,4.7640195007737764,4.662,1.3595889047067131,1.4236129456710456,1.4311816037130112
final_joint_baseline_30mer,heat_capacity,10,41,329.753,train,0.0662678413522016,0.07036807198087565,0.003574715360824132,0.06235617533528267,0.054796786388672414,0.010143235848147317,4.7220001383221515,4.81712942470663,4.978000000000001,1.3558915257258317,1.4207922024992636,1.4121230275025125
final_joint_baseline_30mer,heat_capacity,10,42,331.071,train,0.06617443088688255,0.06739046409204051,0.0016418329953052397,0.061459409478188974,0.06950451860576119,0.008067577318252172,4.730136074417318,4.8703807562316594,4.835333333333333,1.3539478674019712,1.4179708991239686,1.4258967082579637
final_joint_baseline_30mer,heat_capacity,10,43,332.394,train,0.0666841989529278,0.07143822421889665,0.004234579633548778,0.06027052613754266,0.05764908716626635,0.0076992258614633,4.787296262996519,4.92376212178664,5.142666666666667,1.352011450103533,1.4151496764514215,1.39974285968066
final_joint_baseline_30mer,heat_capacity,10,44,333.723,train,0.0674145745398553,0.0699273828081443,0.0024204110253067492,0.06051819630002456,0.06546461376613971,0.006488332524758892,4.863467102381446,4.9773021309635155,4.992666666666667,1.3487861302799726,1.4123270641598413,1.4146577976158883
final_joint_baseline_30mer,heat_capacity,10,45,335.057,train,0.0658463462467006,0.06872135045020272,0.0023985449253046773,0.05888556845009678,0.06642745771929104,0.007460792368150813,4.941125048989096,5.030948473631404,5.110666666666667,1.3481898596865658,1.4095058570755246,1.4135425582057661
final_joint_baseline_30mer,heat_capacity,10,46,336.396,train,0.06601286641653209,0.06395107442317344,0.0021139919863848106,0.05936670959798708,0.05756532513875155,0.00595232901809124,5.020747746501602,5.084688955453732,5.027333333333333,1.3457309745538302,1.4066867208718201,1.403299800503387
final_joint_baseline_30mer,heat_capacity,10,47,337.741,train,0.06789760068043654,0.07355328691455054,0.0016532830758813353,0.057867729387231184,0.062043213771794115,0.0067152820624070105,5.0435716220577715,5.138551124171488,5.042666666666667,1.3444760491479961,1.4038682377998086,1.4044897021226763
final_joint_baseline_30mer,heat_capacity,10,48,339.091,train,0.06518057772042003,0.06623037706562795,0.0032174535198478188,0.05679989828899671,0.060938084555519814,0.007906881067716465,5.122854133526984,5.19248207402433,5.216666666666667,1.341662910771536,1.4010531986458123,1.4013593322519817
final_joint_baseline_30mer,heat_capacity,10,49,340.446,train,0.06577355410807836,0.06827685889099724,0.0019199561777492216,0.0553682422451751,0.057029094259407866,0.008555978061864302,5.218590209096986,5.246468828938065,5.204000000000001,1.3391828595644897,1.3982422901234302,1.3942209652185267
final_joint_baseline_30mer,heat_capacity,10,50,341.807,train,0.0676591882328683,0.07338416537476405,0.0030491123822381427,0.056082326079853494,0.05607000078050045,0.006266212556704729,5.271444256172626,5.300537839465588,5.343333333333334,1.3372135791506743,1.3954341470309926,1.3896665233951002
final_joint_baseline_30mer,heat_capacity,10,51,343.173,train,0.06669040944496199,0.07217498086514626,0.0025218588101781772,0.05386719427654339,0.0554388900112254,0.0069306278887461496,5.3073408718906325,5.354635731524207,5.303333333333334,1.3364304344011835,1.3926315480982863,1.390426003821328
final_joint_baseline_30mer,heat_capacity,10,52,344.545,train,0.0666468162551561,0.06736896666094963,0.00238565058166645,0.05314881872140256,0.05221478261788763,0.006907719575015762,5.368419899946977,5.408788202147058,5.451333333333333,1.3327784510796787,1.3898331632844911,1.3845407513019286
final_joint_baseline_30mer,heat_capacity,10,53,345.922,train,0.06693157375335551,0.06884393752525407,0.002424432121071221,0.05363353500886126,0.05887896418109779,0.0063884035278521725,5.420805380731725,5.462941635762408,5.434,1.3307693450260425,1.3870417589727504,1.3902886089262383
final_joint_baseline_30mer,heat_capacity,10,54,347.305,train,0.06620484623079685,0.07173504382480796,0.002782076628446082,0.052920693581645015,0.05195761151547187,0.00969929434560527,5.455972347096387,5.5171209701372455,5.5120000000000005,1.3296127304653613,1.3842560398414865,1.391347542549119
final_joint_baseline_30mer,heat_capacity,10,55,348.693,train,0.06778335018713133,0.07035335363133521,0.00253987246659541,0.05248239528621573,0.059242711883670404,0.011218779492508739,5.529657710307305,5.5712724182906,5.660666666666667,1.3272872473009774,1.381478755951334,1.3701495751234998
final_joint_baseline_30mer,heat_capacity,10,56,350.086,train,0.06951687823546349,0.06288681998381448,0.0034644158766255545,0.052145858436183384,0.058642667283628866,0.009273306735351408,5.55811461143002,5.625381402271361,5.564666666666667,1.3251929199481436,1.378710626248471,1.3775813755919106
final_joint_baseline_30mer,heat_capacity,10,57,351.486,train,0.06693083982802757,0.06464644949774022,0.002863645296778185,0.05052739320876207,0.0639338407004389,0.006523308757460853,5.524239516333541,5.6795103044440385,5.548,1.3267302453454364,1.375948439903088,1.3910234367058507
final_joint_baseline_30mer,heat_capacity,10,58,352.891,train,0.06843302646154956,0.07722193057468825,0.002279669413635373,0.051006656026652046,0.05074006973947004,0.006647847414862315,5.597728058648593,5.733566279093631,5.789333333333333,1.324656527064957,1.3731969095250112,1.3754726095881107
final_joint_baseline_30mer,heat_capacity,10,59,354.301,train,0.06763335344241451,0.07516502530798855,0.0033266311349891093,0.05036811316744172,0.05351560160704733,0.006008510896513707,5.6865059536159706,5.787534182857739,6.029333333333334,1.3203266723635592,1.370456759957742,1.3614585239323378
final_joint_baseline_30mer,heat_capacity,10,60,355.717,train,0.0712601906934574,0.07823782605672042,0.003710332632854598,0.05065611266136685,0.051007231259211805,0.00991704213539194,5.7300068296562685,5.841436685203297,5.948666666666666,1.3184264601922309,1.3677267958065509,1.3540789834730307
final_joint_baseline_30mer,heat_capacity,10,61,357.139,train,0.07088156769135,0.0763909649743076,0.002525796031531487,0.050088941189161934,0.05155010629225597,0.00675586315575955,5.821185622564954,5.895257694127772,5.938000000000001,1.3154275616635978,1.3650077890966237,1.3588025739782337
final_joint_baseline_30mer,heat_capacity,10,62,358.567,train,0.07061688934926166,0.06814256789169129,0.0028864803170608735,0.04927408494637022,0.05648782631742082,0.008246226209812295,5.787977355510985,5.948980939326281,5.908666666666667,1.3170019276909346,1.362300512820004,1.3611134940575567
final_joint_baseline_30mer,heat_capacity,10,63,360.0,train,0.0713152621514703,0.07106348129406806,0.0028404006332705027,0.04914938155408606,0.047138409629155734,0.007809473301650289,5.94692838370565,6.002552722863716,6.121333333333333,1.3119173353397782,1.3596076109803998,1.3559946847114694
