temperature,K,JS_contact_full,JS_contact_overlap,JS_rg,combined_score,n_direct_seeds
280.0,-0.4,0.05482918782409285,0.017787977013207414,0.070908337402152,0.06286876261312242,2
280.0,-0.32,0.05972029217328569,0.02300757492798971,0.061721816887687325,0.06072105453048651,2
280.0,-0.24,0.06858366333139627,0.03243101947515878,0.05963121850100074,0.06410744091619851,2
280.0,-0.16,0.0790657070319874,0.043577472762038105,0.05762491023407085,0.06834530863302912,2
280.0,-0.08,0.0983915312917765,0.06403700632693252,0.056023593529523935,0.07720756241065022,2
280.0,0.0,0.12826117392994763,0.09556279845393298,0.06062351923320866,0.09444234658157814,2
280.0,0.08,0.1628150211724252,0.1320320194947347,0.0689858689362432,0.1159004450543342,2
280.0,0.14,0.19181601018114955,0.16262019501255115,0.0826345432884893,0.13722527673481943,2
280.0,0.2,0.2268042568419404,0.19950777556855218,0.09405606003912712,0.16043015844053377,2
280.0,0.25,0.25496404989911275,0.2292476933622875,0.11010771229389693,0.18253588109650484,2
280.0,0.3,0.29574449986311213,0.27220803990804954,0.13970542043620715,0.21772496014965964,2
280.0,0.35,0.32974558531375253,0.308036999255637,0.161135282732622,0.24544043402318727,2
280.0,0.4,0.36152805899713797,0.34176694191600415,0.1916458634655442,0.2765869612313411,2
280.0,0.45,0.40477951174108423,0.38730450687302276,0.22849921233833656,0.3166393620397104,2
280.0,0.5,0.43917770039553494,0.4236224273516451,0.26960232788948657,0.35439001414251076,2
280.0,0.53,0.45972364185642,0.44539697113377064,0.2962694771598125,0.3779965595081163,2
280.0,0.5499999999999999,0.47362508621570987,0.46018984156261367,0.3139830783718124,0.3938040822937611,2
280.0,0.57,0.48751317158730956,0.47476744266687404,0.3298705114009933,0.40869184149415144,2
280.0,0.59,0.4991517136657768,0.48711635673986636,0.34659356039965117,0.422872637032714,2
280.0,0.6,0.5027014938333895,0.49096172622130635,0.3548404761226598,0.4287709849780246,2
280.0,0.61,0.5130533547861169,0.5018878145523327,0.3700419659572759,0.4415476603716964,2
280.0,0.63,0.5254772017760634,0.5149524714799463,0.3839018667558105,0.45468953426593695,2
280.0,0.65,0.5416189669816851,0.5320750381632997,0.4101316723801426,0.47587531968091384,2
280.0,0.66,0.5449279111172056,0.5355225592583155,0.41482091259989307,0.47987441185854934,2
280.0,0.7,0.5617319468142375,0.5534846142199736,0.4410930705180523,0.501412508666145,2
280.0,0.75,0.5869822498578752,0.5802639911568553,0.4845726339352106,0.5357774418965429,2
280.0,0.85,0.6237355414957473,0.6192172350316378,0.5436853509644448,0.583710446230096,2
280.0,0.95,0.6466382726778266,0.6437649505223073,0.5900080121597427,0.6183231424187847,2
280.0,1.05,0.666620450708026,0.6649120896319571,0.6267508620744129,0.6466856563912194,2
281.119,-0.4,0.05561593800871881,0.019042564829901333,0.07198853219928894,0.06380223510400387,2
281.119,-0.32,0.06025351628596101,0.02399843893038196,0.06263808630453843,0.06144580129524972,2
281.119,-0.24,0.06848352660198709,0.03275501908865466,0.060100918634742276,0.06429222261836468,2
281.119,-0.16,0.0785371933966427,0.04345142142981716,0.057825828657235956,0.06818151102693933,2
281.119,-0.08,0.09719556573867372,0.06320267779523359,0.05568837431724713,0.07644197002796042,2
281.119,0.0,0.12641180492452922,0.09401606784893504,0.05947739592297616,0.09294460042375269,2
281.119,0.08,0.15991359874362407,0.12934535044725784,0.06723704643367431,0.11357532258864919,2
281.119,0.14,0.1881513094771633,0.1590937779472284,0.08040070636791974,0.13427600792254152,2
281.119,0.2,0.22230569785910098,0.19505752803563897,0.0910052091916404,0.1566554535253707,2
281.119,0.25,0.24988604181776825,0.22414290374690116,0.1068096584038824,0.17834785011082532,2
281.119,0.3,0.290124631104291,0.26647983353558274,0.13570883243309717,0.21291673176869408,2
281.119,0.35,0.32365453934972216,0.30177094692088724,0.15684372830772103,0.2402491338287216,2
281.119,0.4,0.35496399637822423,0.33495825179153194,0.18711287693129813,0.2710384366547612,2
281.119,0.45,0.39789491345313976,0.38011457936074844,0.22349597326889936,0.31069544336101956,2
281.119,0.5,0.43207380089825304,0.41616800474186133,0.26436673056108223,0.34822026572966763,2
281.119,0.53,0.4526001626633103,0.43790395011639993,0.2908321755907082,0.3717161691270092,2
281.119,0.5499999999999999,0.4665115044796525,0.4526965404283668,0.3085959897947165,0.3875537471371845,2
281.119,0.57,0.48040340116192076,0.467268682123715,0.3245054341679937,0.40245441766495726,2
281.119,0.59,0.49207638800717257,0.47964566453942137,0.34119650434539583,0.4166364461762842,2
281.119,0.6,0.4956745863428518,0.4835398703914658,0.3493614096368391,0.42251799798984546,2
281.119,0.61,0.5060370762041068,0.4944708346918121,0.36465451591119097,0.4353457960576489,2
281.119,0.63,0.5185751142573777,0.5076528042365542,0.37833092455252104,0.44845301940494936,2
281.119,0.65,0.53477488198143,0.5248235953991709,0.4045881755608006,0.4696815287711153,2
281.119,0.66,0.5381611196364817,0.5283547566609345,0.40964053927130684,0.4739008294538943,2
281.119,0.7,0.5551883048141786,0.546544978771859,0.4356716854676387,0.49542999514090863,2
281.119,0.75,0.5808111159455085,0.5737103159946377,0.4793142486935817,0.5300626823195451,2
281.119,0.85,0.618507340746751,0.6136549622099399,0.5391549881956725,0.5788311644712117,2
281.119,0.95,0.6424266829039611,0.6392739311067949,0.5862112627986835,0.6143189728513223,2
281.119,1.05,0.6632619943933369,0.6613167899342033,0.6237798811775132,0.643520937785425,2
282.243,-0.4,0.05557199896809617,0.019525957411337173,0.07304015878213559,0.06430607887511589,2
282.243,-0.32,0.05980713932946067,0.024048076206689945,0.06368229331662695,0.061744716323043805,2
282.243,-0.24,0.06801979472896043,0.032779928525298985,0.061173251862851136,0.06459652329590579,2
282.243,-0.16,0.07772600790261269,0.04310330821794972,0.058780825127524985,0.06825341651506883,2
282.243,-0.08,0.09613016962921322,0.06257807759780887,0.056303263277993565,0.0762167164536034,2
282.243,0.0,0.12523004064518245,0.09325337074791412,0.06021067456984073,0.09272035760751159,2
282.243,0.08,0.15838169228741017,0.12819698128630724,0.06769851897860804,0.1130401056330091,2
282.243,0.14,0.18655504374662538,0.15785700592087254,0.0806825248493792,0.13361878429800228,2
282.243,0.2,0.22043474033672716,0.19350653497462222,0.09111433029973237,0.15577453531822977,2
282.243,0.25,0.2479185672727,0.2224645670716569,0.10668851527115564,0.17730354127192782,2
282.243,0.3,0.28805416102455195,0.2646509454410564,0.1358412227199285,0.21194769187224022,2
282.243,0.35,0.32155819889806947,0.2998846302503466,0.15657216760536327,0.23906518325171638,2
282.243,0.4,0.35294045902285975,0.333108235760069,0.18659953386406503,0.2697699964434624,2
282.243,0.45,0.39587163852402096,0.37822228785560713,0.22282062160304328,0.3093461300635321,2
282.243,0.5,0.4299977414259103,0.4141805417568116,0.2635366306929367,0.34676718605942347,2
282.243,0.53,0.4505104607065964,0.43587560937755754,0.29014042907276416,0.3703254448896803,2
282.243,0.5499999999999999,0.46448090570232814,0.4507137233873323,0.30767321597939756,0.38607706084086285,2
282.243,0.57,0.4783330998678308,0.46523017939398625,0.3233417493641674,0.4008374246159991,2
282.243,0.59,0.49001662958265435,0.47760359410624353,0.34017312076501427,0.4150948751738343,2
282.243,0.6,0.4935596579081182,0.4814336598340804,0.3482617059655516,0.4209106819368349,2
282.243,0.61,0.5040055696479104,0.49244296928176684,0.36360196202108497,0.4338037658344977,2
282.243,0.63,0.5165141667393756,0.5055813680541716,0.3772308118360651,0.44687248928772033,2
282.243,0.65,0.5326427344215351,0.5226585485596246,0.4033772747234694,0.46801000457250225,2
282.243,0.66,0.5360590257105086,0.526217178453029,0.4083988796791014,0.47222895269480497,2
282.243,0.7,0.5530841784983538,0.5443864578591905,0.4345204280782211,0.49380230328828745,2
282.243,0.75,0.5787225126069127,0.5715458527488664,0.4781180706705471,0.5284202916387299,2
282.243,0.85,0.6164272678517004,0.6114731186391842,0.5378730984545086,0.5771501831531045,2
282.243,0.95,0.6406125981388453,0.63736266043389,0.585021244721017,0.6128169214299312,2
282.243,1.05,0.6617562865480195,0.6597267337443089,0.6227269624829752,0.6422416245154974,2
283.371,-0.4,0.05384255907847556,0.019873364184774298,0.0735742525782535,0.06370840582836453,2
283.371,-0.32,0.05741909987654342,0.023691844179687255,0.06383677755590951,0.060627938716226466,2
283.371,-0.24,0.06491202622431327,0.03164345493644345,0.061080049147360746,0.062996037685837,2
283.371,-0.16,0.07399645346197006,0.041279818809681304,0.05836107361454389,0.06617876353825697,2
283.371,-0.08,0.09173055041804576,0.05998476664357423,0.05582784626602939,0.07377919834203758,2
283.371,0.0,0.12014838882727275,0.08984595958737132,0.05937845819971943,0.08976342351349609,2
283.371,0.08,0.15274396884689612,0.12408957998046227,0.0664726710461568,0.10960831994652645,2
283.371,0.14,0.18067204359931116,0.15339505674584192,0.07899242752625796,0.12983223556278456,2
283.371,0.2,0.2143477800574557,0.18871394877703032,0.08941335747562582,0.15188056876654077,2
283.371,0.25,0.2418348305867862,0.21758271644791444,0.10490567921863093,0.17337025490270858,2
283.371,0.3,0.2819461805401996,0.2596177995646901,0.13382375510065647,0.20788496782042803,2
283.371,0.35,0.31549332438991806,0.2947884202475727,0.15438546881284126,0.23493939660137966,2
283.371,0.4,0.34707244465994835,0.3281044459182966,0.1843951256741252,0.2657337851670368,2
283.371,0.45,0.3902656120494639,0.3733626203466786,0.2205331596057726,0.3053993858276183,2
283.371,0.5,0.4247589449196645,0.40960179875902214,0.2613025953150465,0.3430307701173555,2
283.371,0.53,0.4454990619331166,0.4314681557202015,0.2879310828301195,0.36671507238161805,2
283.371,0.5499999999999999,0.45969695381136155,0.4464959320781763,0.30549344408127116,0.38259519894631633,2
283.371,0.57,0.4737079447919562,0.46114323394819173,0.32118628558250517,0.3974471151872307,2
283.371,0.59,0.48555305324339215,0.47364692415007553,0.3379473348103662,0.4117501940268792,2
283.371,0.6,0.4891975816194337,0.47757059565847315,0.34604142208737454,0.41761950185340413,2
283.371,0.61,0.49977575633783766,0.488685131004557,0.36144076445920237,0.43060826039852,2
283.371,0.63,0.5125344449868211,0.5020541306591951,0.375059445901669,0.4437969454442451,2
283.371,0.65,0.5289439211969896,0.5193763599600063,0.4015238185497524,0.465233869873371,2
283.371,0.66,0.532447505026493,0.5230205682040803,0.4063913186794437,0.4694194118529683,2
283.371,0.7,0.5498885973393228,0.5415645436014879,0.43270582427698867,0.49129721080815575,2
283.371,0.75,0.5761244239249915,0.5692680087503854,0.4765259934666277,0.5263252086958097,2
283.371,0.85,0.6149331315617008,0.6102347971175857,0.5367815924891748,0.5758573620254378,2
283.371,0.95,0.6398948524505088,0.6368329263212311,0.5844794863242868,0.6121871693873978,2
283.371,1.05,0.6615244042511333,0.6596238718603011,0.6228038935176485,0.642164148884391,2
284.504,-0.4,0.053453669292500776,0.019624048531393254,0.07285575457856752,0.06315471193553415,2
284.504,-0.32,0.056739357640141985,0.023135376768059407,0.06341722219922712,0.06007828991968455,2
284.504,-0.24,0.06367542742194685,0.03050033970031228,0.06041830628785859,0.06204686685490272,2
284.504,-0.16,0.07257467367370193,0.0399450412708303,0.05758672253577039,0.06508069810473616,2
284.504,-0.08,0.08983059699356101,0.05814651238115123,0.054746718134992045,0.07228865756427652,2
284.504,0.0,0.11802922459775994,0.0877841212150261,0.057618431651283955,0.08782382812452194,2
284.504,0.08,0.1502038784023258,0.12158090898207131,0.06473190671071787,0.10746789255652184,2
284.504,0.14,0.17778588018586394,0.15052086581413804,0.07700868607172609,0.127397283128795,2
284.504,0.2,0.21111983077972807,0.18546473353877815,0.08699047414595273,0.1490551524628404,2
284.504,0.25,0.23831950551922115,0.21401152966348774,0.10227178086287146,0.17029564319104631,2
284.504,0.3,0.27823918178373463,0.25582600136689243,0.13096105697173777,0.2046001193777362,2
284.504,0.35,0.31157709296139396,0.29075444472704126,0.15129360283847054,0.23143534789993225,2
284.504,0.4,0.3430990664457594,0.32398938617527634,0.18115164885823692,0.2621253576519982,2
284.504,0.45,0.38614151935422003,0.36906221199296085,0.21707795900710658,0.3016097391806633,2
284.504,0.5,0.42060459145686757,0.4052504881930594,0.2577261862796664,0.33916538886826697,2
284.504,0.53,0.44132630044702786,0.42708360508038107,0.28427376553396,0.3628000329904939,2
284.504,0.5499999999999999,0.45545805707794595,0.44202909731598494,0.3018609326281625,0.3786594948530542,2
284.504,0.57,0.4695198929396681,0.4567230211994756,0.31769080524295223,0.3936053490913102,2
284.504,0.59,0.48145650616147323,0.469317176087227,0.33450833652169065,0.4079824213415819,2
284.504,0.6,0.48511136129047144,0.47324840459676265,0.3426497065645949,0.4138805339275332,2
284.504,0.61,0.4956336915417426,0.4842980962488855,0.3578121847777119,0.4267229381597272,2
284.504,0.63,0.5083167783994835,0.4975802494568743,0.3716127829129225,0.43996478065620304,2
284.504,0.65,0.52492943658537,0.515107536414009,0.3979063838536339,0.46141791021950196,2
284.504,0.66,0.528330682009607,0.5186404937122843,0.4030824180194269,0.46570655001451694,2
284.504,0.7,0.5458479973543116,0.5372557912596341,0.4293965128416989,0.4876222550980052,2
284.504,0.75,0.5722527978130186,0.5651236186135886,0.4732218365839226,0.5227373171984706,2
284.504,0.85,0.6112244864809502,0.6062498494842992,0.5339653447650471,0.5725949156229986,2
284.504,0.95,0.6364463268324775,0.6331354615117383,0.5823069593941649,0.6093766431133212,2
284.504,1.05,0.6585761542441877,0.6564688559044318,0.6211931461279703,0.639884650186079,2
285.641,-0.4,0.05332019294056029,0.020156017646561487,0.07336549071483206,0.06334284182769617,2
285.641,-0.32,0.05625347785826466,0.0232936702429652,0.06352188722867146,0.05988768254346806,2
285.641,-0.24,0.06282226633235467,0.03026283103220053,0.060403103436336786,0.06161268488434573,2
285.641,-0.16,0.07146782051012515,0.039428925817983046,0.05722331822608555,0.06434556936810534,2
285.641,-0.08,0.08854292267022162,0.05741504081219288,0.053985846850703054,0.07126438476046235,2
285.641,0.0,0.11601883425110486,0.08625704117311485,0.056843398369598876,0.08643111631035187,2
285.641,0.08,0.14801497850587675,0.1198246755401783,0.06375288508006896,0.10588393179297285,2
285.641,0.14,0.17518837926791103,0.14829950667119893,0.07584940215642869,0.12551889071216987,2
285.641,0.2,0.2083780774965389,0.18305529707379478,0.08561051171072806,0.14699429460363347,2
285.641,0.25,0.2354903337346742,0.21148750663333216,0.10061934140966239,0.1680548375721683,2
285.641,0.3,0.27530997197625473,0.25316704243002996,0.12894525487538316,0.20212761342581895,2
285.641,0.35,0.30880063193045415,0.28823509904178607,0.14949071623480809,0.22914567408263112,2
285.641,0.4,0.34044050301856554,0.3215739679361551,0.17931347293081945,0.2598769879746925,2
285.641,0.45,0.3836795795627561,0.3668278024022445,0.21519567058271147,0.2994376250727338,2
285.641,0.5,0.4184197834477096,0.4032850078988849,0.25578700212222116,0.33710339278496537,2
285.641,0.53,0.4394243341635384,0.42540241485765756,0.28238696519246953,0.360905649678004,2
285.641,0.5499999999999999,0.45372786265076936,0.44051847754222684,0.3001432427811479,0.37693555271595863,2
285.641,0.57,0.4679031407149895,0.4553214553887567,0.3159893395578113,0.3919462401364004,2
285.641,0.59,0.47998936124504227,0.4680619384593324,0.33267270195350207,0.4063310315992722,2
285.641,0.6,0.48381265882041147,0.47216653500040073,0.3409152232354604,0.41236394102793594,2
285.641,0.61,0.4944191126599887,0.48329661683685265,0.3563046978062428,0.4253619052331158,2
285.641,0.63,0.5072112382255594,0.4966877161389718,0.3700166828597591,0.4386139605426592,2
285.641,0.65,0.5241067479949326,0.5144932642519713,0.3965153651178239,0.4603110565563783,2
285.641,0.66,0.5275386695434958,0.518059220758274,0.40153927319761135,0.46453897137055356,2
285.641,0.7,0.5453616517374047,0.5369770908480791,0.42830689347875095,0.4868342726080778,2
285.641,0.75,0.5721707094674786,0.5652443592366361,0.4723694609260465,0.5222700851967625,2
285.641,0.85,0.6118092734236605,0.6070337038826517,0.5334650585805367,0.5726371660020986,2
285.641,0.95,0.637522253652974,0.6344017172642155,0.5822995023800823,0.6099108780165281,2
285.641,1.05,0.659990182512603,0.658059875735511,0.6215822605445085,0.6407862215285558,2
286.783,-0.4,0.05365090449979886,0.02111678735926063,0.07465961262744747,0.06415525856362317,2
286.783,-0.32,0.05558078769911712,0.023209129548299248,0.06465632891183738,0.06011855830547725,2
286.783,-0.24,0.06119233252325057,0.02917975532441695,0.06114395079765876,0.061168141660454665,2
286.783,-0.16,0.06880220597496331,0.0372569460260898,0.05775687524946593,0.06327954061221462,2
286.783,-0.08,0.08496720299881175,0.05427642404409255,0.054310361499044134,0.06963878224892794,2
286.783,0.0,0.11138859402486907,0.08198411681212922,0.0565443668867302,0.08396648045579963,2
286.783,0.08,0.14251688548656866,0.11460586562161293,0.06285778779405413,0.10268733664031139,2
286.783,0.14,0.16927697503279376,0.14261393036006703,0.07469567714853362,0.12198632609066369,2
286.783,0.2,0.20224060554564277,0.17709843793569552,0.08401991162087934,0.14313025858326106,2
286.783,0.25,0.22928090751503202,0.20542416124760549,0.09885128981944571,0.16406609866723887,2
286.783,0.3,0.26916689113435865,0.24713588215946863,0.12701786204818355,0.1980923765912711,2
286.783,0.35,0.30259937816901583,0.2821082641823739,0.14676910225082246,0.22468424020991914,2
286.783,0.4,0.33446722065488516,0.3156467723858437,0.176366174483431,0.2554166975691581,2
286.783,0.45,0.3779703576801926,0.3611392026059915,0.21208219397717137,0.295026275828682,2
286.783,0.5,0.41304797060239995,0.3979225385575572,0.25258507961185894,0.33281652510712945,2
286.783,0.53,0.4342740265482209,0.42025454271778256,0.2791482275710266,0.3567111270596237,2
286.783,0.5499999999999999,0.44889322291455686,0.4356917936515815,0.29678490956010806,0.37283906623733243,2
286.783,0.57,0.4632009989616692,0.45062609919880436,0.3124718907289625,0.3878364448453159,2
286.783,0.59,0.4754054169419235,0.46347979793795313,0.32936556645483583,0.40238549169837967,2
286.783,0.6,0.47931071058273483,0.46767089945228624,0.3375451499138705,0.4084279302483027,2
286.783,0.61,0.4900905009139284,0.47897412308505827,0.35270769352643183,0.4213990972201801,2
286.783,0.63,0.5032843919459616,0.4927838764720983,0.3667163773882841,0.4350003846671229,2
286.783,0.65,0.5203060264795163,0.510712549142346,0.3930551471679862,0.45668058682375123,2
286.783,0.66,0.523957321733246,0.5145094863749843,0.3981919196487306,0.4610746206909883,2
286.783,0.7,0.5422637403634358,0.5339244774793981,0.4250002711915031,0.48363200577746945,2
286.783,0.75,0.5696776436366577,0.5628104314721853,0.46923234766305527,0.5194549956498565,2
286.783,0.85,0.6105519859896791,0.6058654237708583,0.5307706291543357,0.5706613075720074,2
286.783,0.95,0.6373042350837645,0.6342758361508005,0.5801317675471845,0.6087180013154745,2
286.783,1.05,0.6602499428561839,0.6583927963167304,0.6199920142257902,0.640120978540987,2
287.929,-0.4,0.05369152189683603,0.022193463467720942,0.07408883789276385,0.06389017989479995,2
287.929,-0.32,0.055517755312471315,0.02416419161434001,0.06395742202417436,0.059737588668322836,2
287.929,-0.24,0.061328744592402715,0.03032461863484929,0.060674980986166145,0.06100186278928443,2
287.929,-0.16,0.06877336934016895,0.03820965696445785,0.05715932919329232,0.06296634926673064,2
287.929,-0.08,0.08464300305933105,0.05488904251728112,0.053601826462077284,0.06912241476070416,2
287.929,0.0,0.11085309375266322,0.08232412278707786,0.05601513645348978,0.0834341151030765,2
287.929,0.08,0.1417183212753631,0.11462209265475269,0.06231440668415032,0.10201636397975672,2
287.929,0.14,0.16815136400310596,0.14224502458398425,0.07382852314651313,0.12098994357480955,2
287.929,0.2,0.20086973443050993,0.17642402682737318,0.0833967776960764,0.14213325606329316,2
287.929,0.25,0.22775692602114983,0.2045548202186088,0.09823421470871893,0.1629955703649344,2
287.929,0.3,0.26739164185830144,0.24594372499067646,0.12670700226592763,0.19704932206211453,2
287.929,0.35,0.30079757060239143,0.2808477866870076,0.146361416695021,0.22357949364870622,2
287.929,0.4,0.33255092741457715,0.31421942286178695,0.17603355685966823,0.2542922421371227,2
287.929,0.45,0.37613875015993836,0.3597498135486723,0.21173998802987318,0.29393936909490576,2
287.929,0.5,0.41130775151892474,0.39658017451585925,0.2523519248120357,0.33182983816548023,2
287.929,0.53,0.4326764438559615,0.41903021127334494,0.27895552690609204,0.35581598538102677,2
287.929,0.5499999999999999,0.44737260580080107,0.4345251023184329,0.296610574461904,0.3719915901313525,2
287.929,0.57,0.4616721636324296,0.4494315999333225,0.31224948025164045,0.386960821942035,2
287.929,0.59,0.47395423359170114,0.4623469343749165,0.3291749584978499,0.4015645960447755,2
287.929,0.6,0.477915822067258,0.4665878390551339,0.3373496323220084,0.40763272719463317,2
287.929,0.61,0.4889030290282591,0.4780947930316739,0.3525370490212694,0.4207200390247643,2
287.929,0.63,0.5020332601756647,0.49181835248009376,0.3665078022630003,0.4342705312193325,2
287.929,0.65,0.5191510380031239,0.5098161996764002,0.39320203773725276,0.4561765378701883,2
287.929,0.66,0.5227815302202428,0.5135888096755946,0.39797833698325724,0.46037993360175,2
287.929,0.7,0.5412852901772985,0.5331740053443736,0.42511379507752717,0.4831995426274128,2
287.929,0.75,0.5689916487223305,0.5623207641602355,0.469412599535526,0.5192021241289283,2
287.929,0.85,0.6100712052338696,0.6055258409932309,0.5310811984255579,0.5705762018297138,2
287.929,0.95,0.6371640607858695,0.6342446068437824,0.5806312221784381,0.6088976414821539,2
287.929,1.05,0.6603441724756318,0.6585701758926437,0.6206525833029479,0.6404983778892899,2
289.08,-0.4,0.054192607281507155,0.023741615484652152,0.07398169451184029,0.06408715089667372,2
289.08,-0.32,0.05522638342649615,0.02488245524129483,0.06384828221724757,0.05953733282187186,2
289.08,-0.24,0.06002180767007317,0.029972809616326975,0.06024654826934231,0.06013417796970774,2
289.08,-0.16,0.06664021314047047,0.036981580872008396,0.056379196420193414,0.06150970478033194,2
289.08,-0.08,0.08161158123567208,0.0526948273420355,0.05246787926411861,0.06703973024989535,2
289.08,0.0,0.1068415941613749,0.07906058455234427,0.05427807070032768,0.0805598324308513,2
289.08,0.08,0.13670297084365293,0.11025776403682996,0.06024973700671226,0.0984763539251826,2
289.08,0.14,0.16247303780384253,0.13714153473359958,0.07121346145002955,0.11684324962693604,2
289.08,0.2,0.1946180749499461,0.17066902433317846,0.0805201587575665,0.1375691168537563,2
289.08,0.25,0.22117905439547375,0.19841177358567505,0.09509083496297757,0.15813494467922568,2
289.08,0.3,0.2606227074655708,0.2395372354087913,0.1230743719333011,0.19184853969943597,2
289.08,0.35,0.2938577909291412,0.2742115959900693,0.14266799024327814,0.21826289058620968,2
289.08,0.4,0.3257076397239302,0.3076298623193291,0.17211821609599603,0.2489129279099631,2
289.08,0.45,0.36935082614057513,0.3531550794120606,0.2076165603575793,0.2884836932490772,2
289.08,0.5,0.40481481350967785,0.3902456587595715,0.24802391266148285,0.32641936308558034,2
289.08,0.53,0.426426614655344,0.41291803257282444,0.2746903149704961,0.3505584648129201,2
289.08,0.5499999999999999,0.44133023589120995,0.42860628674949486,0.2924523162345728,0.3668912760628914,2
289.08,0.57,0.4557874663387299,0.44366076209361704,0.30809829048658144,0.3819428784126557,2
289.08,0.59,0.4682435835540679,0.45673947366352907,0.3249771295995002,0.39661035657678406,2
289.08,0.6,0.4723825588267826,0.4611599697733199,0.33310765486046257,0.4027451068436226,2
289.08,0.61,0.48341520890974393,0.47269695683806845,0.34847958188998795,0.4159473953998659,2
289.08,0.63,0.4968158092761099,0.4866904768929011,0.3624664943624853,0.42964115181929763,2
289.08,0.65,0.5143472317249447,0.5050956803880189,0.3892409775924639,0.4517941046587043,2
289.08,0.66,0.5180262522738859,0.5089164973434319,0.3940078777963807,0.4560170650351333,2
289.08,0.7,0.5370007701995119,0.5289637038058979,0.4214125123331611,0.4792066412663365,2
289.08,0.75,0.5653432334256037,0.5587323215501128,0.4658988406062949,0.5156210370159493,2
289.08,0.85,0.6076977500076566,0.6032081749620846,0.5282082340443746,0.5679529920260156,2
289.08,0.95,0.6357128758054111,0.6328387226380212,0.5783616384881887,0.6070372571467999,2
289.08,1.05,0.6595994026597982,0.6578634108380699,0.6191396526208857,0.6393695276403419,2
290.235,-0.4,0.05470323188383692,0.025135677060934572,0.07450364123993591,0.06460343656188641,2
290.235,-0.32,0.05541288701658076,0.025938330540023646,0.06408875266517955,0.059750819840880154,2
290.235,-0.24,0.05974156401293719,0.030535161460362496,0.06023691557234592,0.059989239792641556,2
290.235,-0.16,0.06582530047566837,0.036980379322906015,0.055973357317438216,0.06089932889655329,2
290.235,-0.08,0.08011170129240343,0.051958232665405224,0.05182671196288577,0.0659692066276446,2
290.235,0.0,0.10449841147876379,0.0774091056758292,0.053392402887244866,0.07894540718300433,2
290.235,0.08,0.1335326546659106,0.1076958059628979,0.05864097955036931,0.09608681710813996,2
290.235,0.14,0.1586435124739594,0.13385247318059035,0.0693243421055712,0.11398392728976531,2
290.235,0.2,0.1901224065978231,0.16663275596547275,0.07839297315234883,0.13425768987508596,2
290.235,0.25,0.21611193102781884,0.19373267890865048,0.0927346399230229,0.15442328547542086,2
290.235,0.3,0.25508561338984015,0.23431285470979896,0.12028010700279015,0.18768286019631514,2
290.235,0.35,0.28805304092456563,0.26865983633288276,0.13968984345028226,0.21387144218742393,2
290.235,0.4,0.31968699159923497,0.30180416503864016,0.16898437174741496,0.24433568167332498,2
290.235,0.45,0.3631824093038041,0.34711924289231894,0.20431096998442672,0.2837466896441154,2
290.235,0.5,0.3986710338252674,0.3841899028669675,0.24458784977674164,0.3216294418010045,2
290.235,0.53,0.42033279722512085,0.406884999480546,0.2712169720618192,0.34577488464347006,2
290.235,0.5499999999999999,0.43535392203194967,0.422676696526998,0.2889398728185386,0.36214689742524414,2
290.235,0.57,0.4499172771407044,0.4378267324478564,0.3047252983326204,0.3773212877366624,2
290.235,0.59,0.4625025993831121,0.45102529556770943,0.3215361181943591,0.3920193587887356,2
290.235,0.6,0.46669948405403916,0.45549779001095947,0.32960270190481367,0.3981510929794264,2
290.235,0.61,0.4777948165906247,0.4670877933800006,0.34502743590467644,0.4114111262476506,2
290.235,0.63,0.49135275357619546,0.48123340648174473,0.35913243178158516,0.4252425926788903,2
290.235,0.65,0.5091659096685474,0.4999094449615279,0.3856947154298597,0.4474303125492035,2
290.235,0.66,0.5128164377478227,0.5036972110367626,0.3907752423891125,0.4517958400684676,2
290.235,0.7,0.5322369685560139,0.5241857131354934,0.41804451889851446,0.47514074372726417,2
290.235,0.75,0.5611364547800627,0.5544996830234415,0.4626374931128726,0.5118869739464676,2
290.235,0.85,0.6043646047608247,0.5998338649460686,0.5253765818583113,0.5648705933095679,2
290.235,0.95,0.6333612533772065,0.6304474579497212,0.5760598422654992,0.6047105478213528,2
290.235,1.05,0.6579370851626416,0.6561612101132591,0.617163984833745,0.6375505349981934,2
291.395,-0.4,0.053888884227758796,0.02408513196312255,0.0736603428304344,0.06377461352909661,2
291.395,-0.32,0.05434001553863,0.02461998704871152,0.06330215604022633,0.05882108578942817,2
291.395,-0.24,0.05845739456588145,0.02899939168421464,0.059468768118868046,0.05896308134237475,2
291.395,-0.16,0.06465921703753169,0.03556671811640221,0.05526345761240381,0.05996133732496775,2
291.395,-0.08,0.07917081666551604,0.050784651984271054,0.05102451539499566,0.06509766603025585,2
291.395,0.0,0.10363282894519524,0.0763253249573407,0.052375271424779955,0.0780040501849876,2
291.395,0.08,0.13304836019294392,0.10702314967646577,0.0578095353927474,0.09542894779284566,2
291.395,0.14,0.1582861342047064,0.13332239673190024,0.0682959938561839,0.11329106403044516,2
291.395,0.2,0.19017588635884797,0.16654658385053023,0.07744505243479444,0.1338104693968212,2
291.395,0.25,0.21641099928055513,0.19391326056087088,0.09197236552740366,0.1541916824039794,2
291.395,0.3,0.2556563722659094,0.23479349864872195,0.11921339529168656,0.187434883778798,2
291.395,0.35,0.2887546389723976,0.2692848409131158,0.1387410853980392,0.2137478621852184,2
291.395,0.4,0.3205718518606282,0.3026304081607345,0.1679117111007159,0.24424178148067205,2
291.395,0.45,0.3642492912549665,0.3481461242534072,0.2033228021194587,0.28378604668721263,2
291.395,0.5,0.39988792513984805,0.38538376447252054,0.24357847552150153,0.32173320033067476,2
291.395,0.53,0.42160437915585325,0.4081404929319102,0.2700741906834481,0.34583928491965066,2
291.395,0.5499999999999999,0.4366424648038524,0.4239530322460422,0.28806861318945853,0.36235553899665546,2
291.395,0.57,0.45121317870018196,0.4391130225040855,0.3038323942670214,0.3775227864836017,2
291.395,0.59,0.4637419699282952,0.4522519882246397,0.3206946393803479,0.39221830465432156,2
291.395,0.6,0.46799527562896853,0.45678643566165134,0.32870370646228364,0.3983494910456261,2
291.395,0.61,0.4790718016250196,0.4683579406594087,0.34419786807574504,0.4116348348503823,2
291.395,0.63,0.49258329135475704,0.4824553505025279,0.35836763014382345,0.4254754607492902,2
291.395,0.65,0.5103754714262129,0.5011128682523953,0.38511804639752867,0.44774675891187077,2
291.395,0.66,0.5140610720673723,0.5049387928971225,0.38987204396623476,0.4519665580168035,2
291.395,0.7,0.5333027411645856,0.525240072006022,0.4173518906916941,0.47532731592813987,2
291.395,0.75,0.562024397786737,0.5553717061398007,0.4619833319712826,0.5120038648790097,2
291.395,0.85,0.6049289483457903,0.6003707025142251,0.5248375507462322,0.5648832495460112,2
291.395,0.95,0.6334884728970733,0.6305331366038851,0.5756502525921772,0.6045693627446252,2
291.395,1.05,0.6577605822088699,0.6559376761487503,0.6169655428929259,0.6373630625508979,2
292.56,-0.4,0.05361797622520466,0.02544895819071509,0.07341230686944723,0.06351514154732595,2
292.56,-0.32,0.05331410576382027,0.0251924731678625,0.06286637941463612,0.058090242589228194,2
292.56,-0.24,0.05659010964940554,0.028681238289374605,0.0586105053299803,0.05760030748969292,2
292.56,-0.16,0.062105071561685626,0.034514960050887264,0.05393396299466302,0.058019517278174323,2
292.56,-0.08,0.07567888619218412,0.048718129932203987,0.04925482855921973,0.06246685737570192,2
292.56,0.0,0.09939778160666152,0.07342384368012494,0.05006246903940072,0.07473012532303111,2
292.56,0.08,0.12784786151182664,0.10304431114454982,0.054664823243255514,0.09125634237754107,2
292.56,0.14,0.15247164575007477,0.12864172100263735,0.06472672258927048,0.10859918416967262,2
292.56,0.2,0.1834558512937669,0.16083693844381453,0.07345265255958314,0.12845425192667503,2
292.56,0.25,0.20938130515157272,0.18781162214771524,0.08745138939363462,0.14841634727260367,2
292.56,0.3,0.24800029427505235,0.22793341099816938,0.11426341119001862,0.1811318527325355,2
292.56,0.35,0.28086432614507456,0.26209662615489426,0.13353567139419797,0.20719999876963627,2
292.56,0.4,0.31251544394246605,0.2951778878354557,0.16263705999492695,0.2375762519686965,2
292.56,0.45,0.3562057152584772,0.34060221989665374,0.1978355215713494,0.2770206184149133,2
292.56,0.5,0.3920903894836245,0.37801015364388213,0.238084853642203,0.31508762156291376,2
292.56,0.53,0.41398966434696577,0.40090010048585584,0.2644660216808368,0.3392278430139013,2
292.56,0.5499999999999999,0.42911426436215216,0.41675817512272445,0.2825235909643096,0.35581892766323087,2
292.56,0.57,0.4438081426085442,0.4320147219032072,0.2984264375585204,0.3711172900835323,2
292.56,0.59,0.456510342328774,0.44530311392914546,0.31524990946641296,0.38588012589759346,2
292.56,0.6,0.4608736341186429,0.449935469505944,0.32328559186337213,0.3920796129910075,2
292.56,0.61,0.4721215008088959,0.4616593775087712,0.33881345845336586,0.4054674796311309,2
292.56,0.63,0.48574306367706066,0.4758395214652208,0.35310442283803745,0.41942374325754905,2
292.56,0.65,0.5039750660106479,0.49490624261299165,0.38006837082514194,0.44202171841789495,2
292.56,0.66,0.5075981984833323,0.49866124985803095,0.38485690377203996,0.44622755112768614,2
292.56,0.7,0.5273496826628716,0.5194349412114034,0.412795601507412,0.4700726420851418,2
292.56,0.75,0.5566631814669549,0.5501020634105971,0.45764399906374825,0.5071535902653516,2
292.56,0.85,0.6006132184586743,0.5960830922753294,0.521148753074607,0.5608809857666406,2
292.56,0.95,0.6301052139574341,0.627140647086825,0.5726931520067914,0.6013991829821128,2
292.56,1.05,0.6551925141053265,0.6533453496693311,0.6147466846166998,0.6349695993610132,2
293.729,-0.4,0.05272215624456712,0.025235953875784038,0.07341061745789837,0.06306638685123275,2
293.729,-0.32,0.05066072665979525,0.02314526406946385,0.06267601753974664,0.05666837209977094,2
293.729,-0.24,0.05277631322235271,0.0254189470742249,0.058556491776631026,0.05566640249949187,2
293.729,-0.16,0.057345318742430984,0.03025525973553196,0.053306393102218394,0.05532585592232469,2
293.729,-0.08,0.06998153281606698,0.04346314175091644,0.04858969126364715,0.059285612039857064,2
293.729,0.0,0.09283155876601895,0.0672439225108031,0.04910717981120694,0.07096936928861294,2
293.729,0.08,0.12081629273914117,0.09636237042357557,0.05345198739120238,0.08713414006517178,2
293.729,0.14,0.14543842817982466,0.12194288864240377,0.0633491246269827,0.10439377640340368,2
293.729,0.2,0.1766891330165684,0.1544003159870838,0.07180447712774327,0.12424680507215584,2
293.729,0.25,0.202836313623305,0.18158884989168958,0.08582615818379051,0.14433123590354777,2
293.729,0.3,0.24191782599035358,0.22216519483178987,0.11239013669861672,0.17715398134448515,2
293.729,0.35,0.27523122349904033,0.2567724930448866,0.13138388275870144,0.2033075531288709,2
293.729,0.4,0.3076889489491952,0.2906575471463285,0.16039132834518194,0.23404013864718856,2
293.729,0.45,0.35210706949923287,0.33679851883682205,0.19544209339871124,0.27377458144897204,2
293.729,0.5,0.3887316919502869,0.37493724793932615,0.23571348383108587,0.31222258789068635,2
293.729,0.53,0.41115342387349074,0.3983402215203978,0.26206446073098544,0.3366089423022381,2
293.729,0.5499999999999999,0.4266937372512253,0.41460785265452826,0.2801935744149605,0.3534436558330929,2
293.729,0.57,0.4415580875211068,0.43002467246289766,0.2962111690983994,0.3688846283097531,2
293.729,0.59,0.454556016232375,0.44359753521049966,0.31278420570662496,0.3836701109695,2
293.729,0.6,0.45900151406339074,0.44830873342307376,0.32093479812092157,0.3899681560921562,2
293.729,0.61,0.47055177164930984,0.46032955258801955,0.3365062904617845,0.40352903105554716,2
293.729,0.63,0.4842524923260125,0.47457614307480533,0.3507729138299071,0.4175127030779598,2
293.729,0.65,0.5027905631009406,0.4939329426978334,0.37781828326467387,0.44030442318280727,2
293.729,0.66,0.5064513568418442,0.497721267470871,0.38249068198572833,0.44447101941378625,2
293.729,0.7,0.5265046333949136,0.5187730853760438,0.41062664690536477,0.4685656401501392,2
293.729,0.75,0.5561376375480853,0.5497233868284988,0.4554602317031316,0.5057989346256084,2
293.729,0.85,0.6002467039554751,0.5957993337648829,0.5191214782741829,0.559684091114829,2
293.729,0.95,0.6296740827565843,0.6267428285551588,0.570781446504032,0.6002277646303081,2
293.729,1.05,0.6546497631406509,0.6528034595277981,0.6134186138853617,0.6340341885130063,2
294.903,-0.4,0.05195251909623474,0.02620783112413539,0.07469023230460414,0.06332137570041944,2
294.903,-0.32,0.04995556141224697,0.024188181420972676,0.06384108448658532,0.056898322949416144,2
294.903,-0.24,0.051803934500680104,0.026175736189295425,0.05921322144155515,0.05550857797111763,2
294.903,-0.16,0.05622259695733429,0.030839588037706093,0.05382286291796469,0.05502272993764949,2
294.903,-0.08,0.06865066958135022,0.04379372945297941,0.04899555208639996,0.05882311083387509,2
294.903,0.0,0.09130239560151164,0.0673044382752212,0.04942919267486629,0.07036579413818897,2
294.903,0.08,0.11881576483392209,0.09585477308510745,0.05338660136292945,0.08610118309842577,2
294.903,0.14,0.14322744540169535,0.1211515583408494,0.06305093191917714,0.10313918866043625,2
294.903,0.2,0.17402739291452324,0.15305768159870564,0.07149147162192943,0.12275943226822633,2
294.903,0.25,0.19992389974041067,0.17991256225988844,0.08543401750675317,0.14267895862358193,2
294.903,0.3,0.23873989885388086,0.2201080734361547,0.1121462752816569,0.17544308706776887,2
294.903,0.35,0.27191253207686134,0.2544821268399766,0.1308234527743149,0.20136799242558812,2
294.903,0.4,0.3042015491934399,0.2880963717587286,0.1597522827305032,0.23197691596197156,2
294.903,0.45,0.34847903384838996,0.33397707344022953,0.1947647457741426,0.2716218898112663,2
294.903,0.5,0.3851130275153656,0.37202877946451496,0.23503242914508,0.3100727283302228,2
294.903,0.53,0.4074904831549284,0.3953214172436018,0.261361474268934,0.33442597871193125,2
294.903,0.5499999999999999,0.42307582633290886,0.4115907670562785,0.27952534117643524,0.35130058375467205,2
294.903,0.57,0.4380424309974844,0.4270802305027812,0.29545478554898275,0.3667486082732336,2
294.903,0.59,0.4510450815441357,0.4406210701797041,0.3121413379310882,0.38159320973761196,2
294.903,0.6,0.45554601765219394,0.4453725773841699,0.3203046441741778,0.3879253309131859,2
294.903,0.61,0.46703441901806886,0.45729937930467685,0.33579921391443446,0.40141681646625166,2
294.903,0.63,0.48088595134107115,0.471670481203382,0.3502819003678106,0.41558392585444087,2
294.903,0.65,0.4995877966633032,0.4911456012544436,0.37729642895040477,0.43844211280685397,2
294.903,0.66,0.5031909252089128,0.49486533545605704,0.3819608855575126,0.44257590538321273,2
294.903,0.7,0.5234777454565405,0.5160989330346117,0.410093381994505,0.4667855637255227,2
294.903,0.75,0.5533936515439153,0.5472600153494382,0.45510534390470264,0.5042494977243089,2
294.903,0.85,0.598043097320202,0.5937708837965417,0.5189114552068367,0.5584772762635193,2
294.903,0.95,0.627891023179313,0.6250519260065597,0.5708781589095386,0.5993845910444258,2
294.903,1.05,0.6531621914594044,0.6513508058575821,0.6136434785737472,0.6334028350165758,2
296.082,-0.4,0.052932090040552576,0.027651868259746484,0.0759739437169284,0.06445301687874049,2
296.082,-0.32,0.0499717904970499,0.024629069135116134,0.06475822013250403,0.057365005314776965,2
296.082,-0.24,0.05111897928667376,0.025883935793465263,0.06042403027489755,0.05577150478078566,2
296.082,-0.16,0.054854754909838384,0.02983589747290247,0.05466227988008273,0.05475851739496056,2
296.082,-0.08,0.06634543239951424,0.041810811746830025,0.049352743120462714,0.057849087759988475,2
296.082,0.0,0.08818057959320907,0.06446483363816688,0.049367484609538353,0.06877403210137371,2
296.082,0.08,0.1150036947346004,0.09229066768036306,0.052988613359797654,0.08399615404719903,2
296.082,0.14,0.1386985168976904,0.11683394320696869,0.062398744631195206,0.1005486307644428,2
296.082,0.2,0.1690442791393838,0.14825289856365376,0.0701223949754099,0.11958333705739685,2
296.082,0.25,0.19442200302540882,0.17455088004134187,0.08372659130776905,0.13907429716658892,2
296.082,0.3,0.23314045776623016,0.21462385698368414,0.11026032044817956,0.17170038910720486,2
296.082,0.35,0.2660264734188319,0.24867492294397633,0.12840190725967027,0.19721419033925108,2
296.082,0.4,0.2984144876282346,0.28236523488555354,0.15728129059215323,0.2278478891101939,2
296.082,0.45,0.3427122946715967,0.32823526805808667,0.19187861398320843,0.26729545432740254,2
296.082,0.5,0.3794906144344019,0.36640584969719026,0.2320221554863698,0.3057563849603859,2
296.082,0.53,0.4020931414369753,0.3899113471339338,0.25835577803128396,0.3302244597341296,2
296.082,0.5499999999999999,0.4178026697208589,0.4062931165367244,0.27640051720507525,0.3471015934629671,2
296.082,0.57,0.4327789482395366,0.4217794251228301,0.2922907044909121,0.3625348263652244,2
296.082,0.59,0.4460177294122213,0.4355534388265717,0.3089985908920707,0.377508160152146,2
296.082,0.6,0.45058639486513274,0.440370198756312,0.3172733046450697,0.38392984975510125,2
296.082,0.61,0.4622119048350388,0.45242835424699357,0.3326756515475433,0.39744377819129106,2
296.082,0.63,0.4759863339227477,0.4667084620956832,0.347025366160981,0.41150585004186435,2
296.082,0.65,0.4949775686055239,0.48646629729183366,0.3740077837118534,0.43449267615868864,2
296.082,0.66,0.49857358624661174,0.49017702106592154,0.3788911615916451,0.43873237391912845,2
296.082,0.7,0.5190451188181785,0.5115804229523239,0.40723883635538993,0.4631419775867842,2
296.082,0.75,0.5493096576494005,0.543076646441118,0.45226620145824326,0.5007879295538219,2
296.082,0.85,0.5944897182365563,0.5901113946392551,0.516573218609621,0.5555314684230886,2
296.082,0.95,0.6249518668373788,0.6220237963137587,0.5690433218508719,0.5969975943441254,2
296.082,1.05,0.6509484957917935,0.6490711625148281,0.6123734715406461,0.6316609836662198,2
297.266,-0.4,0.0545607539028512,0.02898238871560082,0.0774720818430553,0.06601641787295326,2
297.266,-0.32,0.051302348223864126,0.02565347020904684,0.06593398209802878,0.05861816516094645,2
297.266,-0.24,0.05204603120292675,0.026496359372068318,0.06131626470607299,0.05668114795449987,2
297.266,-0.16,0.05530018744480504,0.02995358991934427,0.05529824071233712,0.05529921407857108,2
297.266,-0.08,0.06641397783107013,0.04154409590745901,0.05004999792878251,0.05823198787992632,2
297.266,0.0,0.08764919297603782,0.06358451716065257,0.0497808003970269,0.06871499668653236,2
297.266,0.08,0.11362084620303595,0.09053791495021962,0.053021383747647005,0.08332111497534148,2
297.266,0.14,0.13704016296203134,0.1147994194261661,0.06233701886765411,0.09968859091484272,2
297.266,0.2,0.16665721438293699,0.14546993309423994,0.06992666277384332,0.11829193857839015,2
297.266,0.25,0.19194628852755233,0.1716888781956808,0.08348713212432897,0.13771671032594066,2
297.266,0.3,0.2298119025802458,0.21088264701410314,0.10941441793246837,0.1696131602563571,2
297.266,0.35,0.2625334901528021,0.24477562728673324,0.12755104013981058,0.19504226514630635,2
297.266,0.4,0.29454346968710055,0.27808171812142085,0.15629484727868237,0.22541915848289146,2
297.266,0.45,0.3385594761185113,0.3236761796929142,0.19085494303300027,0.2647072095757558,2
297.266,0.5,0.3753446826793187,0.36187463985708385,0.23086304697518295,0.3031038648272508,2
297.266,0.53,0.3978743849992123,0.3853191936432394,0.2571780794363082,0.3275262322177602,2
297.266,0.5499999999999999,0.4135453794229391,0.40166944206429256,0.27516125632497435,0.34435331787395673,2
297.266,0.57,0.42859537308693435,0.41724254073839706,0.29112878164085865,0.3598620773638965,2
297.266,0.59,0.44174622204109903,0.4309328101552079,0.30780786884630307,0.37477704544370105,2
297.266,0.6,0.4464348328988237,0.43587923667702677,0.31603045954005604,0.38123264621943986,2
297.266,0.61,0.45802865860865793,0.44791215069537826,0.3313971625796506,0.39471291059415425,2
297.266,0.63,0.4719825093003029,0.4623873123496728,0.3459390052530332,0.40896075727666803,2
297.266,0.65,0.4910420410036611,0.482227226259742,0.3727488809316557,0.4318954609676584,2
297.266,0.66,0.49469644534923973,0.48600332632647064,0.3778759148462756,0.43628618009775766,2
297.266,0.7,0.5154226614306622,0.5076864819550284,0.405992020808181,0.4607073411194216,2
297.266,0.75,0.5459816156372762,0.5395068546128166,0.45112150802472495,0.4985515618310006,2
297.266,0.85,0.591823172071108,0.5872538696431407,0.515721486978439,0.5537723295247735,2
297.266,0.95,0.6227498315314519,0.6196605312416198,0.5683848180542543,0.5955673247928531,2
297.266,1.05,0.6490106598755425,0.6469912120140775,0.6119516012193593,0.6304811305474509,2
298.454,-0.4,0.054620666558856154,0.02941994055293743,0.0768576670855903,0.06573916682222322,2
298.454,-0.32,0.05118805570716238,0.02591015887296835,0.06546198075346919,0.05832501823031579,2
298.454,-0.24,0.051851180854244866,0.026665887384630806,0.06049810681589489,0.05617464383506988,2
298.454,-0.16,0.05508128111379404,0.030096763723875368,0.0542454868747399,0.05466338399426697,2
298.454,-0.08,0.06608190351791446,0.041565073589715396,0.04878427698466878,0.05743309025129162,2
298.454,0.0,0.08703350879400534,0.06330123013613723,0.04832659828585952,0.06768005353993244,2
298.454,0.08,0.11280627046281425,0.09003632552073607,0.051219964662451004,0.08201311756263263,2
298.454,0.14,0.135971094056421,0.11402368766607097,0.060277411790798194,0.0981242529236096,2
298.454,0.2,0.16536501326379532,0.14444508518581833,0.06754594482854961,0.11645547904617247,2
298.454,0.25,0.1902986493081861,0.1702758010388533,0.0807380032756417,0.1355183262919139,2
298.454,0.3,0.2282378455628814,0.20952757280983736,0.10664159432355155,0.1674397199432165,2
298.454,0.35,0.26079680302392383,0.2432323945964644,0.12457377279635194,0.1926852879101379,2
298.454,0.4,0.292710886637269,0.2764202393987877,0.1533383780799822,0.22302463235862563,2
298.454,0.45,0.336756166008492,0.322021988700376,0.18764629497816443,0.2622012304933282,2
298.454,0.5,0.3734548357976097,0.36010561240427785,0.227564068662575,0.30050945223009234,2
298.454,0.53,0.3961462021481243,0.38370371911962164,0.2538394155801463,0.3249928088641353,2
298.454,0.5499999999999999,0.41183111665757227,0.4000575155407956,0.2718841630747434,0.3418576398661578,2
298.454,0.57,0.4268321272780172,0.4155692060823311,0.28783202409104036,0.3573320756845288,2
298.454,0.59,0.44011100125372826,0.42938466295041566,0.30443377262964677,0.3722723869416875,2
298.454,0.6,0.44479463276044395,0.4343201538331763,0.3127732373314219,0.37878393504593294,2
298.454,0.61,0.45649322448267105,0.4464546904631894,0.32823609916332447,0.3923646618229978,2
298.454,0.63,0.4703229297043716,0.4607924257214211,0.34267445846250777,0.4064986940834397,2
298.454,0.65,0.489454296383974,0.48069206753251936,0.36952679737286925,0.4294905468784216,2
298.454,0.66,0.49311252292515845,0.48447145934278035,0.3746564132387984,0.43388446808197845,2
298.454,0.7,0.5138591855267468,0.5061599947846713,0.4029967225881116,0.4584279540574292,2
298.454,0.75,0.544523384836584,0.5380717154784589,0.44821548954442914,0.4963694371905066,2
298.454,0.85,0.5905078006972344,0.5859459834310157,0.5131555060473254,0.5518316533722799,2
298.454,0.95,0.6217980143749449,0.6187195079506307,0.5662313577308614,0.5940146860529032,2
298.454,1.05,0.648483314108987,0.6464801528612958,0.6099831936045255,0.6292332538567562,2
299.647,-0.4,0.055679698834969094,0.031212435082119475,0.07837970631339862,0.06702970257418386,2
299.647,-0.32,0.05164342227877813,0.02708315896473382,0.06654359793999094,0.05909351010938453,2
299.647,-0.24,0.05161172297857814,0.02712094831768485,0.06143699299960027,0.05652435798908921,2
299.647,-0.16,0.05416930566904306,0.029852405830480745,0.05483727909820696,0.05450329238362501,2
299.647,-0.08,0.06427958522994731,0.040384609853095894,0.04896156719852639,0.05662057621423685,2
299.647,0.0,0.08434166258125939,0.06117584213262863,0.04773197651552906,0.06603681954839422,2
299.647,0.08,0.10913548173337184,0.08686699999178263,0.04990325692019919,0.07951936932678552,2
299.647,0.14,0.13169343955327426,0.11019795973629459,0.058495343107191636,0.09509439133023295,2
299.647,0.2,0.16038019275008286,0.13985111493772523,0.06538019121078313,0.112880191980433,2
299.647,0.25,0.18504664121094905,0.16537790911299582,0.07848028919429165,0.13176346520262033,2
299.647,0.3,0.22233322982021242,0.20390810072889481,0.10384586822133107,0.16308954902077175,2
299.647,0.35,0.2546091926980313,0.23728348781259972,0.12139889342880239,0.18800404306341684,2
299.647,0.4,0.28643002057383005,0.2703369903596926,0.1497775929932303,0.21810380678353017,2
299.647,0.45,0.3304098295690528,0.3158270513234711,0.18387259026026917,0.257141209914661,2
299.647,0.5,0.3673051333149488,0.3540796034929623,0.22375491418719118,0.29553002375106996,2
299.647,0.53,0.3900860489296692,0.3777471563672973,0.2500171882547093,0.3200516185921892,2
299.647,0.5499999999999999,0.40590568938880545,0.3942228956277808,0.26791428770582454,0.336909988547315,2
299.647,0.57,0.42100896283829026,0.40982900331288696,0.28378934193875727,0.35239915238852376,2
299.647,0.59,0.4343999122092711,0.42374788234876226,0.300568439393779,0.36748417580152504,2
299.647,0.6,0.4391477214691505,0.42874391298206393,0.3088646805002896,0.37400620098472004,2
299.647,0.61,0.4509864763608147,0.4410119904050888,0.32425120506530003,0.38761884071305736,2
299.647,0.63,0.4650555818823613,0.4555877987275221,0.3388782133439411,0.4019668976131512,2
299.647,0.65,0.48447883857159313,0.47577136445961643,0.3657442530753131,0.4251115458234531,2
299.647,0.66,0.4881806451642005,0.4795934306773605,0.37102592077953067,0.42960328297186556,2
299.647,0.7,0.5094200369603756,0.5017695016603673,0.3993982526589005,0.45440914480963807,2
299.647,0.75,0.5406048714205398,0.5341864884300488,0.44501035626119745,0.49280761384086863,2
299.647,0.85,0.5876859915521686,0.5831514223870932,0.5106675824196782,0.5491767869859234,2
299.647,0.95,0.6198677888040333,0.6168073907392657,0.5645368936857973,0.5922023412449153,2
299.647,1.05,0.6471845734272316,0.6451936780498406,0.6090402689351084,0.6281124211811699,2
300.845,-0.4,0.05533218634845439,0.03143590927649605,0.07789803875364598,0.06661511255105018,2
300.845,-0.32,0.05102279970475532,0.027025896288720277,0.06610658380783152,0.05856469175629342,2
300.845,-0.24,0.05072840516165992,0.02678850133379608,0.060969886952842195,0.05584914605725105,2
300.845,-0.16,0.053155136847600974,0.02937914896982471,0.05444205310042795,0.05379859497401446,2
300.845,-0.08,0.06329151838203873,0.03993049158947705,0.04860593424231395,0.05594872631217634,2
300.845,0.0,0.08330664414898702,0.0606560440289082,0.047622328517288835,0.06546448633313792,2
300.845,0.08,0.10804655899530774,0.08627633755568845,0.05002431667481788,0.07903543783506281,2
300.845,0.14,0.13052767586039662,0.10951077611071791,0.0584101168847167,0.09446889637255666,2
300.845,0.2,0.15922933008938267,0.1391621563374995,0.06555258700189273,0.1123909585456377,2
300.845,0.25,0.18382864253934317,0.16459876513360155,0.07864858276440098,0.1312386126518721,2
300.845,0.3,0.2212027102066776,0.2031876749634352,0.10403246344538969,0.16261758682603364,2
300.845,0.35,0.2535172496998113,0.23657643855926355,0.12180888374439824,0.18766306672210478,2
300.845,0.4,0.28531941869879096,0.2695747629896118,0.15028110034189446,0.2178002595203427,2
300.845,0.45,0.3292695662563828,0.314992009154516,0.1844379742985106,0.2568537702774467,2
300.845,0.5,0.3661272389796443,0.3531676590939921,0.22429892872600937,0.29521308385282685,2
300.845,0.53,0.38891186111215326,0.37681226132013906,0.25059062378215036,0.3197512424471518,2
300.845,0.5499999999999999,0.40474844547135125,0.3932873870287896,0.2686204945097326,0.3366844699905419,2
300.845,0.57,0.4198822333793232,0.4089110582140417,0.28451347925613873,0.35219785631773093,2
300.845,0.59,0.4332319119581822,0.42276973817537156,0.3012038199487906,0.3672178659534864,2
300.845,0.6,0.43798977759506796,0.42776868303362087,0.30945847226348605,0.373724124929277,2
300.845,0.61,0.4497910156722704,0.43998711194799606,0.32496117943700203,0.3873760975546362,2
300.845,0.63,0.4638760764258083,0.4545663715857162,0.33951260638861,0.40169434140720917,2
300.845,0.65,0.48321155291539597,0.4746352824799907,0.3663714992076171,0.4247915260615065,2
300.845,0.66,0.48693105940410747,0.4784725007680976,0.371616626124356,0.42927384276423175,2
300.845,0.7,0.5081322997542814,0.5005848763507517,0.3999245402236569,0.45402841998896915,2
300.845,0.75,0.5392107507151944,0.5328588029156711,0.4455242245330244,0.4923674876241094,2
300.845,0.85,0.5861088478331624,0.5815812641122303,0.5109483430842923,0.5485285954587273,2
300.845,0.95,0.618286332299127,0.6152000866242003,0.5647389284444169,0.5915126303717719,2
300.845,1.05,0.6456057724549744,0.6435721194193382,0.6088763983771002,0.6272410854160373,2
302.047,-0.4,0.057245365386068635,0.03312089035005805,0.07880127393179073,0.06802331965892969,2
302.047,-0.32,0.052045268412839824,0.0277880402173632,0.06692863625750044,0.05948695233517013,2
302.047,-0.24,0.05089088737716579,0.026665880329894587,0.06146640425350823,0.056178645815337006,2
302.047,-0.16,0.05240534310963961,0.028318478677524003,0.054567543836891955,0.05348644347326578,2
302.047,-0.08,0.06155948858390834,0.03785830876346484,0.04844131536825594,0.055000401976082136,2
302.047,0.0,0.08053147832962178,0.05751819612702739,0.04688644306169501,0.0637089606956584,2
302.047,0.08,0.10423944823219178,0.08208010105022219,0.048628530271190025,0.0764339892516909,2
302.047,0.14,0.12613483934073313,0.10471911935862163,0.056567505579659734,0.09135117246019643,2
302.047,0.2,0.15425063130941463,0.13377157358511405,0.06304911610185931,0.10864987370563697,2
302.047,0.25,0.17838014546505992,0.15872498317589562,0.07586519803549091,0.12712267175027542,2
302.047,0.3,0.21529964329292287,0.1968548252881835,0.10081603506074031,0.15805783917683158,2
302.047,0.35,0.24734275061485483,0.229969221907889,0.11807387216888499,0.1827083113918699,2
302.047,0.4,0.27912842068184124,0.26296028094712454,0.14626443521151306,0.21269642794667715,2
302.047,0.45,0.3230970122016033,0.30841221109470496,0.17999561596615182,0.25154631408387756,2
302.047,0.5,0.360106234342156,0.3467584312080214,0.21962449434557804,0.289865364343867,2
302.047,0.53,0.3830207132854411,0.37054828893238756,0.24554948869691595,0.3142851009911785,2
302.047,0.5499999999999999,0.3990034798187098,0.38718216880605283,0.2636694549021158,0.3313364673604128,2
302.047,0.57,0.4142298025213085,0.4029088986363658,0.27958726848234106,0.34690853550182477,2
302.047,0.59,0.4277515795529724,0.4169542448238076,0.2962883527607992,0.3620199661568858,2
302.047,0.6,0.4325485307968757,0.42199562697598286,0.3044162047715817,0.3684823677842287,2
302.047,0.61,0.4444716416563109,0.4343445123079196,0.31987284750209866,0.3821722445792048,2
302.047,0.63,0.45874733940019663,0.4491295059439241,0.3345928129487121,0.3966700761744544,2
302.047,0.65,0.4784121299111562,0.4695506645379919,0.3612746255006666,0.4198433777059114,2
302.047,0.66,0.4820302372670478,0.4732832602370931,0.3664507848248147,0.42424051104593125,2
302.047,0.7,0.5037237028102864,0.495919489810261,0.3949267573147899,0.44932523006253816,2
302.047,0.75,0.535440429360761,0.5288696045753813,0.44064094086938294,0.4880406851150719,2
302.047,0.85,0.5832710981252003,0.578585140041443,0.5063774178650511,0.5448242579951257,2
302.047,0.95,0.6163169192018938,0.6131242077054879,0.5605850013546495,0.5884509602782717,2
302.047,1.05,0.6443915913827534,0.6422919587898075,0.6055962027964559,0.6249938970896046,2
303.254,-0.4,0.05647613836349994,0.033868596601852714,0.08019589855372317,0.06833601845861155,2
303.254,-0.32,0.05088420790804206,0.028141050820761494,0.0679469163606928,0.05941556213436743,2
303.254,-0.24,0.04934778593089163,0.026621221387271955,0.06259305144765508,0.055970418689273355,2
303.254,-0.16,0.05064788235137943,0.028041798033861497,0.05530820236810029,0.05297804235973986,2
303.254,-0.08,0.05951468974497605,0.037258930797175654,0.049038550709708306,0.05427662022734218,2
303.254,0.0,0.0780782795012731,0.056449880417793544,0.04699706992168615,0.06253767471147963,2
303.254,0.08,0.10145704922159379,0.08061671511322328,0.048249496175121864,0.07485327269835783,2
303.254,0.14,0.12326947743094674,0.10312208034731882,0.05577987005142168,0.08952467374118421,2
303.254,0.2,0.1511612568877328,0.13188477286844807,0.06192364251061624,0.10654244969917452,2
303.254,0.25,0.17515176104101032,0.1566430391869952,0.07448435126713202,0.12481805615407117,2
303.254,0.3,0.21183350612569335,0.19444781750974444,0.09898711474869867,0.155410310437196,2
303.254,0.35,0.2438655169997762,0.22748230912004885,0.11598013500861122,0.1799228260041937,2
303.254,0.4,0.27560940391229266,0.26035168485599675,0.14398613280082048,0.20979776835655656,2
303.254,0.45,0.3195656761360726,0.3056929765860019,0.17747210662733495,0.2485188913817038,2
303.254,0.5,0.35680813946833767,0.3441962422658882,0.2168277937924632,0.28681796663040043,2
303.254,0.53,0.3797662543425494,0.3679711905021232,0.24286578647158358,0.3113160204070665,2
303.254,0.5499999999999999,0.3958653694828963,0.38468366926598674,0.2608151742501513,0.3283402718665238,2
303.254,0.57,0.4111293392314359,0.40041578964637004,0.2767824746452122,0.34395590693832406,2
303.254,0.59,0.42469616590514564,0.41447156520342526,0.2934288649405806,0.35906251542286316,2
303.254,0.6,0.4295901829501261,0.4195980009029527,0.3014475679659351,0.3655188754580306,2
303.254,0.61,0.4415769314920669,0.43198412177683704,0.316952619752051,0.37926477562205896,2
303.254,0.63,0.45589581799903367,0.44678021422699443,0.3315143815261392,0.39370509976258644,2
303.254,0.65,0.47571000400595975,0.4673048707272704,0.3582756600901619,0.4169928320480608,2
303.254,0.66,0.4793406108548235,0.4710441854964197,0.3638243153348679,0.4215824630948457,2
303.254,0.7,0.5011885401100604,0.49377537518136405,0.3920174986329137,0.44660301937148705,2
303.254,0.75,0.5330417687068914,0.5267817238195098,0.4377636932413702,0.4854027309741308,2
303.254,0.85,0.5811004708309389,0.576605395571273,0.5038780347333408,0.5424892527821399,2
303.254,0.95,0.6143843034062508,0.6112965915471534,0.5585936729075893,0.5864889881569201,2
303.254,1.05,0.6425856701763049,0.6405314003087665,0.6036009153481389,0.6230932927622219,2
304.467,-0.4,0.059747426305896446,0.03709777477921504,0.08055093222147512,0.07014917926368579,2
304.467,-0.32,0.053057764264110574,0.030236491423535506,0.0684212160756911,0.06073949016990084,2
304.467,-0.24,0.05036164747525457,0.027524546302959446,0.06266779189764886,0.05651471968645171,2
304.467,-0.16,0.05048832739118521,0.027739412144202197,0.05546045547996742,0.052974391435576314,2
304.467,-0.08,0.05797051892442559,0.03553129960896227,0.0484450402562534,0.053207779590339496,2
304.467,0.0,0.07501555388855484,0.0531606942828505,0.04593391799463299,0.060474735941593916,2
304.467,0.08,0.09683557101694323,0.0757226789283457,0.046523208781051144,0.07167938989899719,2
304.467,0.14,0.1174993140485326,0.0970451353506582,0.05352312857121461,0.0855112213098736,2
304.467,0.2,0.1444853121225451,0.12487112313979176,0.05919667513797651,0.1018409936302608,2
304.467,0.25,0.16781590339901592,0.14894768357772536,0.0713472769931148,0.11958159019606536,2
304.467,0.3,0.20402762097237392,0.18627236862495972,0.09552320204838222,0.14977541151037807,2
304.467,0.35,0.23558374180779712,0.21881538831403732,0.11186402592356479,0.17372388386568094,2
304.467,0.4,0.2672435916071852,0.25159870031739984,0.13935558404448822,0.2032995878258367,2
304.467,0.45,0.31115916423946155,0.29690712551015686,0.17253816642884706,0.2418486653341543,2
304.467,0.5,0.3485296517308026,0.3355484384605393,0.2117086746983378,0.2801191632145702,2
304.467,0.53,0.3717466972138913,0.35959838421340024,0.23747665900586912,0.3046116781098802,2
304.467,0.5499999999999999,0.38806609532319314,0.3765422999302742,0.2553704950424392,0.32171829518281614,2
304.467,0.57,0.4034715104443475,0.39242506240454667,0.2711610998847993,0.3373163051645734,2
304.467,0.59,0.41729321380901707,0.4067488680651902,0.2879376016560678,0.3526154077325424,2
304.467,0.6,0.4223247675440217,0.4120201056457493,0.2959128977966756,0.35911883267034866,2
304.467,0.61,0.4344417242745984,0.4245437190124389,0.3113659539992364,0.3729038391369174,2
304.467,0.63,0.4490001258417431,0.43959476402161807,0.32608771467321485,0.38754392025747897,2
304.467,0.65,0.469177323437834,0.4604991142387669,0.3526177452094883,0.41089753432366116,2
304.467,0.66,0.4728978088338026,0.4643339702130676,0.35807368579185594,0.4154857473128293,2
304.467,0.7,0.4952949905620102,0.4876421015728817,0.38667621898808324,0.4409856047750467,2
304.467,0.75,0.5280374331102227,0.5215808951701701,0.4325884053662864,0.48031291923825453,2
304.467,0.85,0.5776912693372864,0.5730756823713616,0.4992728775057098,0.5384820734214981,2
304.467,0.95,0.6122925182211224,0.6091396112191125,0.554680763226864,0.5834866407239931,2
304.467,1.05,0.6415199150132633,0.6394351853325474,0.6007713238594073,0.6211456194363354,2
305.683,-0.4,0.06197241214457449,0.03947330857521651,0.07972172769866506,0.07084706992161978,2
305.683,-0.32,0.054880350588484894,0.03220106492550998,0.06752343366535621,0.06120189212692055,2
305.683,-0.24,0.051654057832847725,0.0289448293614731,0.061573211495340605,0.056613634664094165,2
305.683,-0.16,0.05121504228381196,0.028577077090422884,0.054039010635800966,0.052627026459806464,2
305.683,-0.08,0.05807785806608226,0.035728050521241804,0.04663018570647917,0.052354021886280716,2
305.683,0.0,0.07423803373465573,0.052436944750090766,0.043378180113414364,0.05880810692403505,2
305.683,0.08,0.09509889822600062,0.07400640439565712,0.04354252587788706,0.06932071205194384,2
305.683,0.14,0.11507558098037693,0.09460806299949194,0.05010914038505524,0.08259236068271608,2
305.683,0.2,0.1411746336513091,0.12151356483065341,0.05551646827751422,0.09834555096441167,2
305.683,0.25,0.16408988517820022,0.14515577919783423,0.06736916413382188,0.11572952465601105,2
305.683,0.3,0.19948803800710724,0.1816268278891532,0.09093628823721431,0.1452121631221608,2
305.683,0.35,0.23072120823455047,0.21383194838450498,0.10745625290549735,0.1690887305700239,2
305.683,0.4,0.26194574404978666,0.24615593691572568,0.13443922364182959,0.19819248384580812,2
305.683,0.45,0.30553798478574123,0.2911222054839988,0.16765114266679135,0.2365945637262663,2
305.683,0.5,0.34285913785746613,0.3297086796245027,0.20652847718980305,0.2746938075236346,2
305.683,0.53,0.36606594166110457,0.3537446499504645,0.23246314140315416,0.29926454153212934,2
305.683,0.5499999999999999,0.38244091587862006,0.37074420452540374,0.25036407440177544,0.31640249514019775,2
305.683,0.57,0.3979186835317025,0.3867021485202597,0.26632547726082106,0.3321220803962618,2
305.683,0.59,0.41170674286000813,0.4009879690772349,0.2830495768336788,0.3473781598468435,2
305.683,0.6,0.41680316285097674,0.40632538510432414,0.2910177500097071,0.3539104564303419,2
305.683,0.61,0.42898240764745416,0.4189124513471345,0.3065767342528256,0.3677795709501399,2
305.683,0.63,0.4437592314600267,0.4341911558938518,0.3214521966339382,0.38260571404698246,2
305.683,0.65,0.4640460357348206,0.45520494647872745,0.34822937046902547,0.40613770310192304,2
305.683,0.66,0.46784725012364126,0.4591245583355439,0.35368839774839567,0.41076782393601846,2
305.683,0.7,0.4906253057366584,0.48282500151520535,0.3824971534020063,0.43656122956933235,2
305.683,0.75,0.5237045495377075,0.517106819578567,0.42864825597139566,0.4761764027545516,2
305.683,0.85,0.5741753059275917,0.5694386606936745,0.4959598949097529,0.5350676004186723,2
305.683,0.95,0.6095622730851069,0.6063043930075431,0.5521754940495243,0.5808688835673156,2
305.683,1.05,0.6393105883096615,0.6371359069144868,0.5987697222424062,0.6190401552760338,2
306.905,-0.4,0.06194746834994302,0.04062454238807477,0.080547639239225,0.07124755379458401,2
306.905,-0.32,0.0546887824121766,0.03318670734287528,0.06832577692990299,0.06150727967103979,2
306.905,-0.24,0.05129324235151416,0.029753224836184318,0.0626668591590269,0.05698005075527053,2
306.905,-0.16,0.05073267437417195,0.02925313639505559,0.054818171889390074,0.05277542313178101,2
306.905,-0.08,0.05737889237569346,0.0361656115034609,0.047457311776800244,0.05241810207624685,2
306.905,0.0,0.07353677352070417,0.0528405945910672,0.04424602844800989,0.05889140098435704,2
306.905,0.08,0.09395808442473888,0.07392390100536256,0.04427655134682377,0.06911731788578132,2
306.905,0.14,0.11388341048781728,0.09444436526535609,0.050671776908737205,0.08227759369827724,2
306.905,0.2,0.13952375403527784,0.12083763424347312,0.05581109629678381,0.09766742516603083,2
306.905,0.25,0.16216461613060004,0.14416128658755906,0.06758898344040261,0.11487679978550133,2
306.905,0.3,0.19725997099857323,0.1802587332079989,0.0908631486117544,0.14406155980516383,2
306.905,0.35,0.2282611934167404,0.21217148719864085,0.10728544351122507,0.16777331846398275,2
306.905,0.4,0.259216677248556,0.24415490540495904,0.13441979667305332,0.19681823696080467,2
306.905,0.45,0.3025650897268362,0.2887915066840461,0.16738069689826707,0.23497289331255164,2
306.905,0.5,0.3398229248836691,0.32724084123530883,0.2061221973481949,0.272972561115932,2
306.905,0.53,0.3630112138546249,0.35120910155957275,0.23176327458491097,0.2973872442197679,2
306.905,0.5499999999999999,0.37927537728090305,0.36805694269494293,0.24981725638564461,0.31454631683327383,2
306.905,0.57,0.394723566820631,0.38395631685763176,0.26574584116458994,0.33023470399261046,2
306.905,0.59,0.4085418481784436,0.3982449999733958,0.28242118698117136,0.3454815175798075,2
306.905,0.6,0.41371442415078497,0.40364635071488986,0.29038481587845344,0.3520496200146192,2
306.905,0.61,0.42584431308167187,0.41615929399317697,0.30590404282153805,0.36587417795160493,2
306.905,0.63,0.44047230975588547,0.431254329755372,0.32060759404166195,0.3805399518987737,2
306.905,0.65,0.46087443606345313,0.452343765203478,0.34736770209234835,0.40412106907790074,2
306.905,0.66,0.46456264470107994,0.4561415276504831,0.3527329731096821,0.408647808905381,2
306.905,0.7,0.4873165394445339,0.4797632810802148,0.3814879738699013,0.4344022566572176,2
306.905,0.75,0.5204220524196967,0.5140029143308065,0.4274945336962373,0.473958293057967,2
306.905,0.85,0.5709075194935689,0.5662500352325541,0.4944486058526083,0.5326780626730886,2
306.905,0.95,0.6063566577555983,0.6031118034625137,0.5506206830278781,0.5784886703917382,2
306.905,1.05,0.636356652498339,0.6341543960972849,0.597090383337985,0.616723517918162,2
308.132,-0.4,0.06202590189646949,0.041582281709420375,0.0810768883007429,0.0715513950986062,2
308.132,-0.32,0.05428462156304005,0.033658517701836387,0.06853283146805168,0.06140872651554587,2
308.132,-0.24,0.05057349607702898,0.029906147010942165,0.06250594619581393,0.05653972113642146,2
308.132,-0.16,0.049582968841291555,0.028964127389733633,0.05450036246203424,0.0520416656516629,2
308.132,-0.08,0.05575395767721468,0.035376342537500105,0.04687374568257123,0.051313851679892955,2
308.132,0.0,0.07120253974540022,0.05129950202399268,0.043497680366071746,0.05735011005573598,2
308.132,0.08,0.09136196019870674,0.07208198483552677,0.043381874785251046,0.06737191749197889,2
308.132,0.14,0.1108177770231156,0.09208914634369147,0.04931609932234506,0.08006693817273033,2
308.132,0.2,0.13624101039852324,0.11822411718940107,0.0544942969414005,0.09536765366996186,2
308.132,0.25,0.15883916544203028,0.14147477014720344,0.06617023755034632,0.1125047014961883,2
308.132,0.3,0.19380134849564867,0.17739515901084707,0.08935902693645388,0.14158018771605127,2
308.132,0.35,0.22471597240185776,0.20917924853958886,0.10559370334434989,0.1651548378731038,2
308.132,0.4,0.25575980548328386,0.24121097963045773,0.13271706882648346,0.19423843715488365,2
308.132,0.45,0.29932103981851316,0.28601803470343323,0.16570965705253293,0.23251534843552304,2
308.132,0.5,0.33678034234679655,0.32462923979650316,0.20450254549323232,0.27064144392001444,2
308.132,0.53,0.3601347499422688,0.3487398652914899,0.23021636728564632,0.29517555861395756,2
308.132,0.5499999999999999,0.37665338541418614,0.3658294764742692,0.24836958815976273,0.31251148678697444,2
308.132,0.57,0.392135300424451,0.3817454314984346,0.2642451321892295,0.32819021630684025,2
308.132,0.59,0.4060222111188721,0.3960860094816254,0.28105153209036327,0.34353687160461766,2
308.132,0.6,0.4112733446433961,0.40156188967793394,0.2890300242970594,0.3501516844702277,2
308.132,0.61,0.4236087598932702,0.4142720892623193,0.30455476289236516,0.36408176139281767,2
308.132,0.63,0.43839193601737025,0.4295100269564064,0.31947034048031026,0.3789311382488403,2
308.132,0.65,0.45888429343601733,0.4506646046194624,0.3462724112128155,0.4025783523244164,2
308.132,0.66,0.46277576870909654,0.4546683369772229,0.35164519925559856,0.40721048398234755,2
308.132,0.7,0.4857991652246002,0.4785325202996399,0.3806659275471673,0.43323254638588377,2
308.132,0.75,0.5193444700902217,0.5131838013883987,0.4270046612383747,0.47317456566429816,2
308.132,0.85,0.5705206219367384,0.5660712070050932,0.4947212298990049,0.5326209259178716,2
308.132,0.95,0.6065167714952785,0.6034271071022976,0.5514174569862826,0.5789671142407806,2
308.132,1.05,0.6366885059933723,0.6345916789445551,0.598163105994105,0.6174258059937388,2
309.364,-0.4,0.0625983276850894,0.04235029885926678,0.08055732021479009,0.07157782394993975,2
309.364,-0.32,0.054498243605593626,0.0340583668200344,0.06780340158591927,0.06115082259575645,2
309.364,-0.24,0.05027905500598591,0.029783604516479253,0.06184580115141615,0.05606242807870103,2
309.364,-0.16,0.048883712362749146,0.028426428003326988,0.053547579895462966,0.051215646129106056,2
309.364,-0.08,0.05461775746115138,0.03438972221128854,0.04559571221354526,0.050106734837348316,2
309.364,0.0,0.06975740135025277,0.04999323753657541,0.04184290953470961,0.05580015544248119,2
309.364,0.08,0.08943588005929537,0.07027611079919846,0.04159677114873063,0.06551632560401299,2
309.364,0.14,0.10875712873343879,0.09014169397322352,0.04744999724068924,0.07810356298706402,2
309.364,0.2,0.13384675166479096,0.11592589418128751,0.05233520137577992,0.09309097652028545,2
309.364,0.25,0.1562680618319885,0.13898472745717677,0.06389411763788742,0.11008108973493796,2
309.364,0.3,0.19107151852238174,0.1747296878314276,0.08701890602682759,0.13904521227460467,2
309.364,0.35,0.22204536477385325,0.20656762607997595,0.1030300366801978,0.16253770072702553,2
309.364,0.4,0.25311373469867393,0.23861553093150137,0.13015060923352328,0.1916321719660986,2
309.364,0.45,0.29668665222699186,0.283421662165163,0.16307077526718244,0.22987871374708715,2
309.364,0.5,0.3342682088732136,0.3221494023389565,0.201980978464321,0.2681245936687673,2
309.364,0.53,0.3577145028977592,0.34634791824639055,0.22780458778491275,0.29275954534133597,2
309.364,0.5499999999999999,0.37425317404223285,0.36345255949020183,0.24580371873380846,0.31002844638802063,2
309.364,0.57,0.38983065059264793,0.3794638205239038,0.26180997221828195,0.32582031140546497,2
309.364,0.59,0.40384033885117204,0.3939290677584527,0.2786679517084023,0.34125414527978715,2
309.364,0.6,0.40913224657925595,0.39944375823481615,0.2867405048885584,0.3479363757339072,2
309.364,0.61,0.42145713968299237,0.41213986806763314,0.3021925291815125,0.36182483443225244,2
309.364,0.63,0.43634092857521967,0.42747820158730043,0.3174236636011786,0.3768822960881991,2
309.364,0.65,0.4571114238005747,0.4489147097093023,0.34416068826930746,0.40063605603494107,2
309.364,0.66,0.4608920902355198,0.45280363301979043,0.349648615294221,0.4052703527648704,2
309.364,0.7,0.4841720327161061,0.4769265857970969,0.37895435885106277,0.43156319578358443,2
309.364,0.75,0.5179553259279555,0.5118115635075609,0.42556252669703354,0.4717589263124945,2
309.364,0.85,0.5695729287819822,0.5651415611043916,0.49376618379601667,0.5316695562889995,2
309.364,0.95,0.6060127153347687,0.6029484066235986,0.5510129774288015,0.5785128463817851,2
309.364,1.05,0.636586883753808,0.6345222478687659,0.5981635883817602,0.6173752360677841,2
310.6,-0.4,0.06332828553951836,0.04405799896335812,0.0829663956796938,0.07314734060960608,2
310.6,-0.32,0.054833662055991154,0.03537057468900989,0.07013412746642933,0.062483894761210246,2
310.6,-0.24,0.050293528239752645,0.030770141988944608,0.06377708389196388,0.05703530606585826,2
310.6,-0.16,0.048565564598939084,0.029069740856212584,0.05539386994459704,0.05197971727176806,2
310.6,-0.08,0.05378694466569442,0.034493883759083584,0.046694156509380656,0.05024055058753754,2
310.6,0.0,0.06828653137516644,0.049417484870240586,0.04245775629208857,0.0553721438336275,2
310.6,0.08,0.08729739356597387,0.06898747691479737,0.04139900085354843,0.06434819720976115,2
310.6,0.14,0.10607351526965567,0.08826827137324456,0.046880862922939914,0.07647718909629779,2
310.6,0.2,0.13083571739260097,0.11368388266284712,0.05100014721278305,0.09091793230269202,2
310.6,0.25,0.15276595351026168,0.13620655719972985,0.06186605607157125,0.10731600479091646,2
310.6,0.3,0.18719275948331468,0.1715174589484264,0.08425457782269999,0.13572366865300733,2
310.6,0.35,0.21765697813861432,0.20278407424175865,0.09993486320092818,0.15879592066977125,2
310.6,0.4,0.24839680667252378,0.23444029196083874,0.12653838272351628,0.18746759469802005,2
310.6,0.45,0.29176431002265535,0.2789715325113619,0.15898942439075697,0.22537686720670616,2
310.6,0.5,0.32919179360456474,0.3174793012245205,0.19748137346359673,0.26333658353408074,2
310.6,0.53,0.3525926766514932,0.34159085126197275,0.22304760788881922,0.2878201422701562,2
310.6,0.5499999999999999,0.3691659426704774,0.3587016003955823,0.24092046148983493,0.3050432020801562,2
310.6,0.57,0.384740096404688,0.3746883755540538,0.2568952072916084,0.3208176518481482,2
310.6,0.59,0.3987313712628334,0.38910900850813257,0.2736554207878145,0.33619339602532394,2
310.6,0.6,0.4039754521782467,0.3945630767591082,0.2816827581634347,0.3428291051708407,2
310.6,0.61,0.41641755177859724,0.4073601223107318,0.2970815540113417,0.35674955289496946,2
310.6,0.63,0.4313279934416227,0.4227040908340144,0.312206650920843,0.3717673221812329,2
310.6,0.65,0.4520872381538572,0.4440956096664167,0.33876531679439026,0.39542627747412373,2
310.6,0.66,0.4559035742438873,0.4480153905891068,0.344644447219766,0.40027401073182667,2
310.6,0.7,0.4793191379656472,0.4722350961057588,0.37386848108122184,0.4265938095234345,2
310.6,0.75,0.5133384885339412,0.5073086268462393,0.4204490045099889,0.466893746521965,2
310.6,0.85,0.5653575544215137,0.5609698706896682,0.4890993339970606,0.5272284442092872,2
310.6,0.95,0.6023046698214654,0.5992341530294871,0.5470450186824174,0.5746748442519414,2
310.6,1.05,0.6333723615605911,0.6312742097517239,0.5949076812735303,0.6141400214170607,2
311.842,-0.4,0.06473353807416601,0.04488335479730989,0.08336331399669691,0.07404842603543146,2
311.842,-0.32,0.05559111893423972,0.03552225749826365,0.07053227433872998,0.06306169663648485,2
311.842,-0.24,0.05051316984432447,0.030364556604172088,0.06433268837657823,0.05742292911045135,2
311.842,-0.16,0.04840789139329428,0.028273656579460744,0.056073785273539165,0.05224083833341672,2
311.842,-0.08,0.05313245333311868,0.03318972320778187,0.04744271600488316,0.05028758466900092,2
311.842,0.0,0.06714241481278613,0.04762306669892269,0.043262373785490416,0.05520239429913827,2
311.842,0.08,0.08594080394144907,0.06699432946877051,0.041991357340808444,0.06396608064112876,2
311.842,0.14,0.10446055439398669,0.08603013964384018,0.04754292966534092,0.07600174202966381,2
311.842,0.2,0.12905907284323484,0.11130218386487395,0.05169115862218662,0.09037511573271073,2
311.842,0.25,0.15094542914110887,0.13380264999852393,0.06270313963837486,0.10682428438974187,2
311.842,0.3,0.18529695938938975,0.16906822200285565,0.08476362600153989,0.13503029269546482,2
311.842,0.35,0.2158459411362263,0.20045186474292578,0.10044933283573829,0.15814763698598228,2
311.842,0.4,0.24680528335800148,0.23236729459655325,0.12706460078947837,0.18693494207373992,2
311.842,0.45,0.29028236290460235,0.2770514198878102,0.1594136910720904,0.22484802698834638,2
311.842,0.5,0.3280525878881664,0.31595076883503903,0.1976725163627908,0.2628625521254786,2
311.842,0.53,0.3516012925422542,0.34023659758849634,0.22322260048977188,0.28741194651601304,2
311.842,0.5499999999999999,0.3682765266474128,0.35746845447655684,0.241221912445443,0.30474921954642786,2
311.842,0.57,0.38388557771109316,0.37350304819924446,0.2571327834626825,0.3205091805868878,2
311.842,0.59,0.39799089149821953,0.38805398712689154,0.2738396613869763,0.3359152764425979,2
311.842,0.6,0.4033400990496441,0.3936230883793699,0.28181922868923925,0.34257966386944166,2
311.842,0.61,0.4158385547345329,0.40648822365245885,0.2972797271288906,0.35655914093171176,2
311.842,0.63,0.4307129640678879,0.4218078208825211,0.31222980041999293,0.3714713822439404,2
311.842,0.65,0.45174694514863006,0.4434997568243292,0.33896645060657393,0.39535669787760197,2
311.842,0.66,0.45551792619425646,0.44737609826151714,0.34456496047803115,0.4000414433361438,2
311.842,0.7,0.4790592362593118,0.47174655098711726,0.3737150183499305,0.42638712730462114,2
311.842,0.75,0.5131418502596301,0.5069120729117003,0.4202380753373077,0.4666899627984689,2
311.842,0.85,0.5651718378064858,0.5606322295736449,0.48854900052716815,0.526860419166827,2
311.842,0.95,0.6021459743153794,0.5989731453638987,0.5464784758964841,0.5743122251059318,2
311.842,1.05,0.6333097820190611,0.6311507160913227,0.5941430042567128,0.6137263931378869,2
313.088,-0.4,0.06633920015914306,0.0473759966088699,0.08409960789066952,0.07521940402490629,2
313.088,-0.32,0.056694770884801717,0.03750806301190911,0.07118762625242714,0.06394119856861442,2
313.088,-0.24,0.05111918211755245,0.03184469758810355,0.06483865852570542,0.057978920321628935,2
313.088,-0.16,0.0482506647876529,0.02897378647328542,0.0561460281407639,0.0521983464642084,2
313.088,-0.08,0.05236947746474589,0.033264332545191774,0.04704935673345012,0.049709417099098006,2
313.088,0.0,0.06552803019732714,0.04680710675041273,0.04230530395933629,0.05391666707833172,2
313.088,0.08,0.08321131418338093,0.0650095013796899,0.04063225827624625,0.06192178622981359,2
313.088,0.14,0.10127483282369237,0.08355195147917124,0.04566081858465079,0.07346782570417158,2
313.088,0.2,0.12501586678701515,0.10791292477663925,0.04938524544083654,0.08720055611392585,2
313.088,0.25,0.14635468495913095,0.12981758126780174,0.059955169562359564,0.10315492726074527,2
313.088,0.3,0.18036434341687704,0.1646884392673434,0.08187187867647601,0.13111811104667653,2
313.088,0.35,0.21063508675327036,0.1957466875568667,0.09703022868732358,0.15383265772029697,2
313.088,0.4,0.24130879986737588,0.2273197859818436,0.12325475757259108,0.18228177871998347,2
313.088,0.45,0.28459047063040965,0.27174702529366046,0.15521965657277828,0.21990506360159395,2
313.088,0.5,0.32216343283999527,0.31038961767640794,0.19335369413576864,0.25775856348788195,2
313.088,0.53,0.3458055431235215,0.3347394299296769,0.21887779980120853,0.282341671462365,2
313.088,0.5499999999999999,0.3625439524456959,0.35201188714957377,0.23671582929488016,0.299629890870288,2
313.088,0.57,0.3782608988188013,0.36814061944657916,0.2525982137805003,0.3154295562996508,2
313.088,0.59,0.39246465018043714,0.3827739916780023,0.269167062297326,0.33081585623888154,2
313.088,0.6,0.3978285194592457,0.3883476144069833,0.2772902755574851,0.3375593975083654,2
313.088,0.61,0.4103357496277328,0.40120692100960453,0.29273397325380374,0.3515348614407683,2
313.088,0.63,0.42541971263842593,0.41672603954584936,0.3077980451979724,0.36660887891819915,2
313.088,0.65,0.4465669403703899,0.43850702968626165,0.33436763041546264,0.3904672853929263,2
313.088,0.66,0.45039065272957646,0.4424339858121533,0.34005390502036165,0.3952222788749691,2
313.088,0.7,0.4742828415821797,0.4671350821214051,0.3693252515771822,0.42180404657968096,2
313.088,0.75,0.5088751386964836,0.5027834840227017,0.41591235847482866,0.46239374858565613,2
313.088,0.85,0.5619135314854244,0.5574740995176868,0.48475864045704953,0.523336085971237,2
313.088,0.95,0.5998779168248122,0.5967712581645791,0.543131313769992,0.5715046152974022,2
313.088,1.05,0.6317662342685197,0.6296439313164617,0.5913765716352626,0.6115714029518912,2
314.34,-0.4,0.06528330666528613,0.04716876376250752,0.08493390305261383,0.07510860485894999,2
314.34,-0.32,0.055599559609185834,0.03727040489701426,0.07184210463405269,0.06372083212161926,2
314.34,-0.24,0.04994251395627021,0.031526717805277056,0.06544723101900483,0.05769487248763752,2
314.34,-0.16,0.047215487538442735,0.028801617942403546,0.05642789074131196,0.05182168913987735,2
314.34,-0.08,0.051335683506490384,0.03308701398670426,0.04742748760896437,0.04938158555772738,2
314.34,0.0,0.06462023768790101,0.04674365058897818,0.04263643676585363,0.05362833722687732,2
314.34,0.08,0.08244405881796549,0.06506870238258894,0.0408854851286812,0.061664771973323346,2
314.34,0.14,0.10040901089603446,0.08349179335948193,0.045906149380315724,0.0731575801381751,2
314.34,0.2,0.1241813412109872,0.1078550683985063,0.049345753643994544,0.08676354742749087,2
314.34,0.25,0.1454802355994424,0.12969254314645157,0.05988579735077858,0.1026830164751105,2
314.34,0.3,0.17946401633934742,0.16449548901803124,0.08163927176877599,0.1305516440540617,2
314.34,0.35,0.20972640331000342,0.1955071470126824,0.09681642287929301,0.1532714130946482,2
314.34,0.4,0.24054510997011935,0.22718760811826738,0.1230118362424529,0.18177847310628614,2
314.34,0.45,0.28385306159084167,0.2715864453848952,0.1548876203299021,0.2193703409603719,2
314.34,0.5,0.3214509290210377,0.31020354665541494,0.19309237489153996,0.25727165195628887,2
314.34,0.53,0.3450799396097022,0.3345042916746561,0.21848445444996878,0.2817821970298355,2
314.34,0.5499999999999999,0.3618310224666663,0.3517643567472688,0.23651201485072096,0.2991715186586936,2
314.34,0.57,0.37756248233094136,0.36788766344084045,0.25232556973506653,0.314944026033004,2
314.34,0.59,0.39183081382550733,0.38256687266701517,0.26888228490139165,0.3303565493634495,2
314.34,0.6,0.397172069696758,0.3881068163785136,0.27697842929195604,0.337075249494357,2
314.34,0.61,0.4096872762385815,0.40095753894752495,0.29253949372917964,0.35111338498388056,2
314.34,0.63,0.4247011460371339,0.4163840856964479,0.3074915312663084,0.36609633865172114,2
314.34,0.65,0.4459110475993193,0.4381990791239174,0.33411995976931985,0.3900155036843196,2
314.34,0.66,0.4496855319734334,0.4420695804328828,0.3397390698073824,0.3947123008904079,2
314.34,0.7,0.4735666651290494,0.4667218593405078,0.36911241617681806,0.4213395406529337,2
314.34,0.75,0.5081525475573474,0.5023153148188952,0.4158865445477341,0.46201954605254075,2
314.34,0.85,0.5613182086134918,0.5570670673004033,0.4847893256695961,0.523053767141544,2
314.34,0.95,0.5994220743416916,0.5964554305878051,0.5431450031752414,0.5712835387584665,2
314.34,1.05,0.6315420184793534,0.6295275742301008,0.591558456507826,0.6115502374935897,2
315.596,-0.4,0.06778079995326877,0.049992702547452236,0.08615583795999489,0.07696831895663184,2
315.596,-0.32,0.05745727035383441,0.03944348868011916,0.07285243507438487,0.06515485271410965,2
315.596,-0.24,0.0510968643580063,0.03298374538467525,0.06604351766672859,0.05857019101236744,2
315.596,-0.16,0.047662145920058366,0.029539259958976646,0.05665737110255028,0.05215975851130432,2
315.596,-0.08,0.051144300630469375,0.03317352730602404,0.04745814922866937,0.04930122492956937,2
315.596,0.0,0.06329426226834957,0.045668637777153714,0.04209775811385852,0.052696010191104044,2
315.596,0.08,0.08002807633672909,0.062873581928638,0.039717886119549614,0.05987298122813935,2
315.596,0.14,0.09711380359858279,0.08038800390262776,0.04423091463340698,0.07067235911599488,2
315.596,0.2,0.1199264882461224,0.10375415022111742,0.0475367644814779,0.08373162636380015,2
315.596,0.25,0.14056523875219584,0.12489944593453338,0.057840228404573854,0.09920273357838486,2
315.596,0.3,0.17365091054548404,0.15876052020414905,0.07896991017961161,0.1263104103625478,2
315.596,0.35,0.20354857112307703,0.1893812679466006,0.09418026556578901,0.14886441834443304,2
315.596,0.4,0.2338632282320055,0.22052282841728232,0.1199646737269093,0.1769139509794574,2
315.596,0.45,0.276821279082161,0.26453875400810556,0.15171585900526247,0.21426856904371172,2
315.596,0.5,0.3141361528538891,0.30284335560178044,0.1896642223015279,0.2519001875777085,2
315.596,0.53,0.3378216710483374,0.32719222792512975,0.21512853150150207,0.2764751012749197,2
315.596,0.5499999999999999,0.3545430899287416,0.3444117493521811,0.23306346685672855,0.29380327839273507,2
315.596,0.57,0.3703013220339039,0.36055719353390603,0.24887251442909986,0.30958691823150186,2
315.596,0.59,0.3846579399264205,0.37532229713699555,0.26538559682073526,0.3250217683735779,2
315.596,0.6,0.38996069505853265,0.38081835205839204,0.27355059501233947,0.3317556450354361,2
315.596,0.61,0.4025798974550009,0.3937716166520556,0.2890036146399797,0.3457917560474903,2
315.596,0.63,0.4178392261736768,0.40944676220282183,0.30419346239564166,0.36101634428465923,2
315.596,0.65,0.439079375985598,0.43128481807216296,0.331032936028199,0.38505615600689846,2
315.596,0.66,0.4429350194244459,0.43523756838502237,0.3365982548654688,0.38976663714495735,2
315.596,0.7,0.46728167642999296,0.4603627133355123,0.36616736357289914,0.41672452000144605,2
315.596,0.75,0.5023027797678286,0.4963919535676839,0.4130375452702775,0.457670162519053,2
315.596,0.85,0.5567222828625404,0.5524190237225142,0.48251929858836873,0.5196207907254546,2
315.596,0.95,0.5963438310653378,0.5933554745252674,0.5416466751159514,0.5689952530906446,2
315.596,1.05,0.6297452592954627,0.6277338919060313,0.5907072531423825,0.6102262562189226,2
316.858,-0.4,0.07063014271989876,0.053351068194279684,0.08663817894885265,0.0786341608343757,2
316.858,-0.32,0.05924207217143181,0.04171603569251386,0.07320775457941277,0.06622491337542229,2
316.858,-0.24,0.051614316551706875,0.03396326386955821,0.06594419225812267,0.05877925440491477,2
316.858,-0.16,0.04692555787901135,0.02923432928789766,0.05642422001633021,0.05167488894767078,2
316.858,-0.08,0.04887486320983535,0.03129367975729972,0.04674632277589022,0.047810592992862784,2
316.858,0.0,0.0597127015285383,0.042432735727564376,0.04079011788984074,0.05025140970918952,2
316.858,0.08,0.07498845057579455,0.058126570311584455,0.037900895091469655,0.0564446728336321,2
316.858,0.14,0.09139617734096027,0.07493355776891766,0.04190413967316992,0.0666501585070651,2
316.858,0.2,0.113510123243418,0.09756875907437765,0.044814312344227725,0.07916221779382286,2
316.858,0.25,0.13395678612518253,0.11850636400221806,0.0545823421866347,0.09426956415590862,2
316.858,0.3,0.1668738786253326,0.1521771431581282,0.07531171986805162,0.12109279924669211,2
316.858,0.35,0.19648931767501465,0.1824915598135838,0.09002209227538707,0.14325570497520085,2
316.858,0.4,0.22709692304298057,0.21391629956809932,0.11580161028708855,0.17144926666503457,2
316.858,0.45,0.27026078375674656,0.2581231447165907,0.14721126293883302,0.2087360233477898,2
316.858,0.5,0.3082621825794938,0.2971162282310489,0.1851011731209871,0.24668167785024042,2
316.858,0.53,0.3322333005383533,0.3217441794812289,0.2104239926395659,0.2713286465889596,2
316.858,0.5499999999999999,0.34932791476623104,0.33933770962207244,0.22842680531268256,0.2888773600394568,2
316.858,0.57,0.3652902796780675,0.3556851503707872,0.24446789383218787,0.30487908675512765,2
316.858,0.59,0.3798893392327498,0.3706906183043335,0.26103117291545574,0.3204602560741028,2
316.858,0.6,0.3855260258394526,0.3765279548388558,0.26906939011974257,0.32729770797959756,2
316.858,0.61,0.3982245354242284,0.38955377809260594,0.2844699969713153,0.3413472661977719,2
316.858,0.63,0.41382697202073304,0.40557267654870144,0.29996293437906707,0.35689495319990006,2
316.858,0.65,0.43563926635273464,0.4279849633279799,0.3265917433754605,0.38111550486409757,2
316.858,0.66,0.4395366584300241,0.4319814071178975,0.33236798627768716,0.3859523223538556,2
316.858,0.7,0.4644817325656236,0.4576994134073708,0.36217361498850564,0.4133276737770646,2
316.858,0.75,0.5004488525506262,0.49467214492244616,0.40952737892157387,0.45498811573610004,2
316.858,0.85,0.5561735279484463,0.5519908005482397,0.47958597711532736,0.5178797525318868,2
316.858,0.95,0.5964112378721986,0.5935128319897328,0.5396416730971064,0.5680264554846526,2
316.858,1.05,0.630049252578315,0.6280944088280064,0.5894272060768597,0.6097382293275874,2
318.124,-0.4,0.07052069043450179,0.05397870123890643,0.08738886690767919,0.07895477867109049,2
318.124,-0.32,0.05869467936900549,0.04190613020252393,0.07371221740447129,0.06620344838673839,2
318.124,-0.24,0.05083444052112321,0.03392015763467336,0.06656036001984841,0.05869740027048581,2
318.124,-0.16,0.04595336492912741,0.02899579750553362,0.056372024610089375,0.05116269476960839,2
318.124,-0.08,0.0477396840810109,0.030882190703881554,0.04677426537070006,0.04725697472585548,2
318.124,0.0,0.058135082495117556,0.04155557461943026,0.04051627051059609,0.049325676502856824,2
318.124,0.08,0.07331096068323945,0.057130227233867695,0.03760598019640318,0.055458470439821314,2
318.124,0.14,0.08950166459737274,0.07369796818068683,0.04146117429348463,0.06548141944542868,2
318.124,0.2,0.11158245015874463,0.09627833958397755,0.04387455296211781,0.07772850156043122,2
318.124,0.25,0.13184547249917092,0.11700677744575319,0.05387182765316249,0.0928586500761667,2
318.124,0.3,0.16487560422748831,0.15076454771847625,0.07438884232996504,0.11963222327872668,2
318.124,0.35,0.1945661177647297,0.18112703669438546,0.08898813046379121,0.14177712411426047,2
318.124,0.4,0.22532315618990925,0.2126701220517363,0.11449738497634543,0.16991027058312735,2
318.124,0.45,0.2686209411332356,0.2569702721657587,0.14578718156937798,0.20720406135130678,2
318.124,0.5,0.30667744526739293,0.2959759829905274,0.1836823882000167,0.24517991673370482,2
318.124,0.53,0.33083576496057493,0.320767431121447,0.20916911478842082,0.2700024398744979,2
318.124,0.5499999999999999,0.34803898738195005,0.3384499271524244,0.22709781293947628,0.28756840016071317,2
318.124,0.57,0.36405779166765684,0.3548382641482185,0.2429969118852477,0.3035273517764523,2
318.124,0.59,0.378736071173386,0.36990543491227035,0.2595160708463627,0.31912607100987433,2
318.124,0.6,0.3843642361202063,0.37572498467027116,0.26765668510567414,0.32601046061294026,2
318.124,0.61,0.39714687875550675,0.3888222497877646,0.28314671521328993,0.3401467969843983,2
318.124,0.63,0.4127478806533734,0.4048226562125249,0.29865211891645316,0.3556999997849133,2
318.124,0.65,0.43464706558345345,0.4272963574794191,0.3254255578253545,0.380036311704404,2
318.124,0.66,0.4385958910357532,0.43133996479490627,0.3310740651876775,0.38483497811171535,2
318.124,0.7,0.46361208187102776,0.4570968473374717,0.36118278943798954,0.41239743565450865,2
318.124,0.75,0.4996558954912014,0.49410468158172294,0.4083907529033949,0.45402332419729813,2
318.124,0.85,0.555552236633472,0.5515305797949295,0.4789024174066773,0.5172273270200747,2
318.124,0.95,0.595919310896387,0.5931285595660788,0.5390070394042472,0.5674631751503171,2
318.124,1.05,0.6296518155925412,0.6277672993883348,0.5890298615830079,0.6093408385877745,2
319.396,-0.4,0.0725799038887821,0.05668681387262738,0.08872973730711228,0.0806548205979472,2
319.396,-0.32,0.05999752114025111,0.04384984439965662,0.07480646445906745,0.06740199279965928,2
319.396,-0.24,0.05142065133301653,0.03513711757130478,0.0674339706517698,0.059427310992393165,2
319.396,-0.16,0.045761329116330234,0.029420771647948533,0.05728979119680227,0.05152556015656625,2
319.396,-0.08,0.046822783204966065,0.0305653404863699,0.04762746701808991,0.04722512511152799,2
319.396,0.0,0.05628807550206536,0.04028097947975898,0.04109252628495913,0.04869030089351224,2
319.396,0.08,0.07063306318378657,0.05499381369502515,0.037760483222232716,0.05419677320300964,2
319.396,0.14,0.08608753241060071,0.0707959307052082,0.041308609269791415,0.06369807084019606,2
319.396,0.2,0.1073916066484174,0.09256343373148473,0.04366808183462065,0.07552984424151903,2
319.396,0.25,0.12720937061487772,0.11281695111696893,0.05339328235312091,0.09030132648399931,2
319.396,0.3,0.15958383397243583,0.14587269469243352,0.07371182216211229,0.11664782806727406,2
319.396,0.35,0.18888620599473707,0.1758086958615301,0.08796699785519338,0.13842660192496523,2
319.396,0.4,0.21935980322728107,0.20702717918646904,0.11355281383839923,0.16645630853284016,2
319.396,0.45,0.26243301340080694,0.2510555777518882,0.1445580661888277,0.20349553979481733,2
319.396,0.5,0.30046112770122513,0.2899943262731943,0.18238975967574622,0.24142544368848567,2
319.396,0.53,0.32465106168418933,0.31479350603466905,0.20773781377874379,0.26619443773146656,2
319.396,0.5499999999999999,0.3419022938091126,0.332506104975972,0.22578412995176989,0.28384321188044126,2
319.396,0.57,0.35793956782685876,0.3488993492415319,0.24162908045626164,0.2997843241415602,2
319.396,0.59,0.3726525672039252,0.36398773609837465,0.2580803977513981,0.31536648247766164,2
319.396,0.6,0.37835055174757687,0.36987162213840225,0.2662970849382038,0.32232381834289037,2
319.396,0.61,0.39122617338894045,0.38305248525299407,0.2817341277681876,0.33648015057856406,2
319.396,0.63,0.4069923908614757,0.39920702166730077,0.2970177216481016,0.3520050562547886,2
319.396,0.65,0.429017774072825,0.4217885877744746,0.323973303203794,0.37649553863830953,2
319.396,0.66,0.43301986384064617,0.42588416815770425,0.32953886998208454,0.3812793669113653,2
319.396,0.7,0.4583936801649977,0.45198031530151805,0.35970941081994334,0.4090515454924705,2
319.396,0.75,0.4948243373102782,0.48934847085686295,0.4069583922279859,0.45089136476913205,2
319.396,0.85,0.5515461058964397,0.5475652669613087,0.47770346095911365,0.5146247834277766,2
319.396,0.95,0.5929589216890697,0.5901930340845059,0.5380446686166702,0.56550179515287,2
319.396,1.05,0.6275313051497807,0.6256619542187334,0.5884329350690949,0.6079821201094378,2
320.672,-0.4,0.07134346833514929,0.056009179214432464,0.08938574120386945,0.08036460476950938,2
320.672,-0.32,0.059251320376976294,0.04368241962170098,0.07542206370984122,0.06733669204340875,2
320.672,-0.24,0.05103431186345861,0.03534263379066036,0.06810778201102712,0.05957104693724286,2
320.672,-0.16,0.04579189095870098,0.03005591440424251,0.0575074878476588,0.05164968940317989,2
320.672,-0.08,0.04714407153828944,0.03149576546745278,0.047753617435626436,0.047448844486957936,2
320.672,0.0,0.057040893526790155,0.04164468996842283,0.041010791247637804,0.04902584238721398,2
320.672,0.08,0.07148315983057632,0.05644535169925374,0.03774814103820712,0.05461565043439172,2
320.672,0.14,0.08721773603070482,0.07252096866454737,0.041222982455171364,0.06422035924293809,2
320.672,0.2,0.10858235392985524,0.09433304638243531,0.04317474717717448,0.07587855055351486,2
320.672,0.25,0.12841202678893188,0.11458036101403946,0.05291439899158414,0.09066321289025801,2
320.672,0.3,0.1608924949651927,0.14771899125940352,0.07322723084657465,0.11705986290588367,2
320.672,0.35,0.19000038487356835,0.17742910816638563,0.08735167699293961,0.13867603093325398,2
320.672,0.4,0.22009531554801706,0.20822829490168482,0.11284956371350874,0.16647243963076291,2
320.672,0.45,0.2630669163661667,0.25211512503794575,0.1438836772789876,0.20347529682257715,2
320.672,0.5,0.3007162763334589,0.2906275127374993,0.18164643067132447,0.24118135350239167,2
320.672,0.53,0.32468816762029484,0.31517755745961873,0.20710247804449522,0.26589532283239503,2
320.672,0.5499999999999999,0.34183954504301817,0.332770502018224,0.22499883504539991,0.283419190044209,2
320.672,0.57,0.357831261340836,0.3491036398827587,0.24100060491753894,0.29941593312918746,2
320.672,0.59,0.3724727857706406,0.3641036917415,0.2574558876963169,0.31496433673347873,2
320.672,0.6,0.3780222011983734,0.36982765815121954,0.26568952385713307,0.3218558625277532,2
320.672,0.61,0.3908642736741076,0.3829631293429009,0.2811238878975456,0.3359940807858266,2
320.672,0.63,0.40650341610765683,0.39897278810516207,0.29652604544336203,0.35151473077550943,2
320.672,0.65,0.42834280024299953,0.42134345242126536,0.3233180925495487,0.3758304463962741,2
320.672,0.66,0.43235859135666677,0.42544933155499787,0.32931735043283583,0.3808379708947513,2
320.672,0.7,0.4574709754817101,0.45125093762882285,0.35932419075317523,0.4083975831174427,2
320.672,0.75,0.4938134756202072,0.4884968724708516,0.40664509492016393,0.4502292852701856,2
320.672,0.85,0.5504368090795271,0.5465617570102781,0.47753404460125515,0.5139854268403912,2
320.672,0.95,0.5917348126693547,0.589027061611278,0.538110201950432,0.5649225073098934,2
320.672,1.05,0.6263266150687175,0.6244824334431496,0.5884599217134214,0.6073932683910694,2
321.954,-0.4,0.07232251379159882,0.05728982704577921,0.08929534610823303,0.08080892994991593,2
321.954,-0.32,0.059565695893018494,0.04428864904728938,0.07505028281650893,0.0673079893547637,2
321.954,-0.24,0.0507528193425754,0.03534389086666959,0.06780863084620743,0.05928072509439142,2
321.954,-0.16,0.04493585357750235,0.02947245931982749,0.05703139385877559,0.05098362371813897,2
321.954,-0.08,0.04578459603597601,0.030398693990281844,0.04701432824593908,0.04639946214095755,2
321.954,0.0,0.05498414188801798,0.03983298410222437,0.04012887216102191,0.04755650702451994,2
321.954,0.08,0.06911876784677193,0.05431226576643179,0.03664860401825844,0.05288368593251518,2
321.954,0.14,0.08434562917078117,0.06986298146092107,0.03966070790523715,0.06200316853800916,2
321.954,0.2,0.1055867252679217,0.09153850782488035,0.04190111220801595,0.07374391873796883,2
321.954,0.25,0.12529820910910017,0.11165732548008964,0.05165472664653803,0.0884764678778191,2
321.954,0.3,0.15773014890296058,0.14473475445079048,0.07154457195137734,0.11463736042716896,2
321.954,0.35,0.18683799913313698,0.1744335019680602,0.08583171306579193,0.13633485609946444,2
321.954,0.4,0.2171781954938225,0.20547066715205997,0.11115284503943657,0.16416552026662953,2
321.954,0.45,0.2602383534349191,0.24943034518938595,0.14227317880569063,0.20125576612030485,2
321.954,0.5,0.29818375745221837,0.2882316706979749,0.179981120539104,0.23908243899566117,2
321.954,0.53,0.32245000781792893,0.31307578715910733,0.2054336014465043,0.2639418046322166,2
321.954,0.5499999999999999,0.33973446296669113,0.3307969620970265,0.22348039627576066,0.28160742962122587,2
321.954,0.57,0.35573412255673664,0.3471313045087525,0.2394364692709145,0.29758529591382554,2
321.954,0.59,0.37048879529530454,0.3622418988508089,0.2560346750831002,0.31326173518920236,2
321.954,0.6,0.37626713782535703,0.3681997136729165,0.26416860946034654,0.3202178736428518,2
321.954,0.61,0.38915702591114,0.38137791551234324,0.2796337824243593,0.33439540416774965,2
321.954,0.63,0.40494305406023756,0.397531044635301,0.295321281977981,0.3501321680191093,2
321.954,0.65,0.426968020482468,0.4200827426969138,0.32219758130505183,0.37458280089375995,2
321.954,0.66,0.4311276644685301,0.42433615375508843,0.3279426395746201,0.3795351520215751,2
321.954,0.7,0.4564698080433468,0.4503600953673613,0.35819866423494295,0.4073342361391449,2
321.954,0.75,0.49314553640354486,0.4879302596396535,0.40573404520428263,0.4494397908039137,2
321.954,0.85,0.5503516407377258,0.5465620788773498,0.47689442317643865,0.5136230319570823,2
321.954,0.95,0.59207238443696,0.5894338433622391,0.5379453374892319,0.5650088609630959,2
321.954,1.05,0.6268430560814928,0.6250490350318045,0.5884865478380483,0.6076648019597706,2
323.241,-0.4,0.07347353062034125,0.05943933933468326,0.09108429668504435,0.0822789136526928,2
323.241,-0.32,0.06061238356520304,0.04634780320248305,0.0767671790960633,0.06868978133063317,2
323.241,-0.24,0.05162445247101266,0.03723416625012681,0.06922874995499828,0.06042660121300547,2
323.241,-0.16,0.04551983241928014,0.031074284302867128,0.05800242441504656,0.05176112841716335,2
323.241,-0.08,0.04595474954866359,0.03157429365495827,0.04784664241296331,0.04690069598081345,2
323.241,0.0,0.05466833053449014,0.04049791500591929,0.04068826003116263,0.04767829528282638,2
323.241,0.08,0.0680380887289179,0.05417598074373049,0.03660717129052897,0.05232263000972343,2
323.241,0.14,0.08276950312723624,0.06920024024220708,0.03937924879190159,0.06107437595956892,2
323.241,0.2,0.10338098727975853,0.09020592117208404,0.04110579409442782,0.07224339068709318,2
323.241,0.25,0.12248874286189752,0.10968018516248568,0.05069354590738012,0.08659114438463883,2
323.241,0.3,0.1544765200242086,0.14226011525887722,0.07055295840553855,0.11251473921487358,2
323.241,0.35,0.182947588654723,0.1712659393946406,0.08434196382669593,0.13364477624070947,2
323.241,0.4,0.21289940455504947,0.20185557585232708,0.10959768922815524,0.16124854689160234,2
323.241,0.45,0.25551033032925513,0.24529334783986456,0.14048633050151044,0.19799833041538278,2
323.241,0.5,0.2931850438898771,0.2837588517692948,0.17811197478328855,0.23564850933658282,2
323.241,0.53,0.3172178179383698,0.30832241506927427,0.20339555539615994,0.26030668666726486,2
323.241,0.5499999999999999,0.33454836323553955,0.32606236157619717,0.2214801615026913,0.2780142623691154,2
323.241,0.57,0.35056185169689325,0.3423888770690282,0.23745731385917723,0.29400958277803524,2
323.241,0.59,0.3652843526321672,0.3574416848243739,0.25405592489584444,0.30967013876400584,2
323.241,0.6,0.37104862315942305,0.36337296851686185,0.26218982800027274,0.3166192255798479,2
323.241,0.61,0.38390365129956006,0.376496422612741,0.2776364952099946,0.33077007325477736,2
323.241,0.63,0.3997192673871706,0.39265594624508127,0.2933202032246013,0.346519735305886,2
323.241,0.65,0.4217832690633714,0.4152125371104629,0.3201371133435311,0.37096019120345125,2
323.241,0.66,0.42597743197932003,0.41949497737785324,0.3262064380066149,0.37609193499296745,2
323.241,0.7,0.4514401596365525,0.44559753184280454,0.35633353003676554,0.40388684483665904,2
323.241,0.75,0.4884162542035465,0.48341761484712586,0.4040065385131388,0.4462113963583426,2
323.241,0.85,0.5462105412612264,0.5425591224869617,0.47525923178043017,0.5107348865208283,2
323.241,0.95,0.5886826999524168,0.5861261686672228,0.5366576761386262,0.5626701880455216,2
323.241,1.05,0.6240976979284321,0.6223480841622763,0.5871871430186321,0.605642420473532,2
324.533,-0.4,0.07597445221797863,0.061753290213150756,0.09290613775866488,0.08444029498832176,2
324.533,-0.32,0.06241610096237465,0.0479450590467007,0.07861796555167672,0.07051703325702569,2
324.533,-0.24,0.05291421412861783,0.03830508636442079,0.07086173121886188,0.061887972673739855,2
324.533,-0.16,0.04625097228705967,0.031573652973766034,0.059602065076416244,0.05292651868173796,2
324.533,-0.08,0.04611440596977745,0.03149177309571595,0.049408440589776004,0.04776142327977673,2
324.533,0.0,0.05413159529506694,0.03970884341075422,0.04179871891313293,0.04796515710409993,2
324.533,0.08,0.06667429064703785,0.052553001633741436,0.03768707262757158,0.052180681637304716,2
324.533,0.14,0.08105156998410243,0.06722171357338841,0.040020078798487624,0.060535824391295026,2
324.533,0.2,0.1009587966744997,0.08751698440256417,0.04116666187502664,0.07106272927476318,2
324.533,0.25,0.11980091747364055,0.10672837935918317,0.05062752484345402,0.0852142211585473,2
324.533,0.3,0.15102101350515812,0.13853274576863503,0.06991047196794278,0.11046574273655045,2
324.533,0.35,0.1793403040626504,0.16739282536602412,0.08338690074235383,0.1313636024025021,2
324.533,0.4,0.2089897863910073,0.1976801358406884,0.10825007236290335,0.15861992937695532,2
324.533,0.45,0.2513616947220184,0.24088450943392323,0.13862134556009717,0.1949915201410578,2
324.533,0.5,0.2889795849891886,0.2793015962117701,0.17597873738930436,0.23247916118924647,2
324.533,0.53,0.31306832597370476,0.30393001026504063,0.20108985634851484,0.25707909116110983,2
324.533,0.5499999999999999,0.33034431132690645,0.32161755801309,0.21915869060440438,0.2747515009656554,2
324.533,0.57,0.34635393600259456,0.33794485953940656,0.23500198916350212,0.29067796258304834,2
324.533,0.59,0.36112221337189954,0.3530487141614618,0.25151073464461904,0.3063164740082593,2
324.533,0.6,0.36692019123340436,0.35901628509768785,0.2595117306172897,0.31321596092534704,2
324.533,0.61,0.379845443786922,0.3722149946963319,0.2748723929519849,0.3273589183694534,2
324.533,0.63,0.39567488371600745,0.3883939134468402,0.2904447597339629,0.34305982172498517,2
324.533,0.65,0.41778670222518705,0.41100492971654135,0.3172364620101311,0.3675115821176591,2
324.533,0.66,0.42198499487639496,0.4152935857706763,0.32321375517627393,0.37259937502633445,2
324.533,0.7,0.4476240598579566,0.4415858139797811,0.35351116144558675,0.4005676106517717,2
324.533,0.75,0.48478494090514235,0.4796067522492259,0.4009074297504274,0.44284618532778486,2
324.533,0.85,0.5431451700107925,0.539351012545349,0.47234258420820396,0.5077438771094982,2
324.533,0.95,0.5860293399966878,0.5833588825604212,0.5338733759176318,0.5599513579571598,2
324.533,1.05,0.6218648611905561,0.6200248013637273,0.5851754448583593,0.6035201530244576,2
325.83,-0.4,0.07727808818881404,0.06341348400537124,0.09317530845468752,0.08522669832175078,2
325.83,-0.32,0.06359496177386006,0.04948499531010881,0.0785474689726761,0.07107121537326808,2
325.83,-0.24,0.05361957987719745,0.03936574775662332,0.07077623341484122,0.06219790664601933,2
325.83,-0.16,0.04658779578490667,0.032260207535600605,0.059375939948188544,0.052981867866547606,2
325.83,-0.08,0.04578543980854458,0.03149647098779191,0.0489660446006516,0.04737574220459809,2
325.83,0.0,0.05338733825842454,0.039282084445693394,0.04124301082664391,0.04731517454253423,2
325.83,0.08,0.0652561702769446,0.05142845781859898,0.036818212631752056,0.051037191454348325,2
325.83,0.14,0.07924152082797778,0.06568995717876734,0.03918165624606596,0.05921158853702187,2
325.83,0.2,0.09878945395610964,0.08561023326518644,0.04020795589903454,0.06949870492757208,2
325.83,0.25,0.1173589002445433,0.10453479302828567,0.049790842912745256,0.08357487157864428,2
325.83,0.3,0.14827151350444823,0.13600969675063007,0.06878487460455227,0.10852819405450025,2
325.83,0.35,0.1764612893022714,0.16472698708017883,0.08236827017347093,0.12941477973787116,2
325.83,0.4,0.20597827958594203,0.19486635276573366,0.10719224789186521,0.15658526373890364,2
325.83,0.45,0.248279826861815,0.23798197870155396,0.13765576876359498,0.19296779781270498,2
325.83,0.5,0.2860513378379521,0.2765405307807539,0.17502081871082392,0.23053607827438802,2
325.83,0.53,0.3100870987182694,0.30110120577491073,0.20025911860057016,0.2551731086594198,2
325.83,0.5499999999999999,0.32747403624832017,0.31889383811238825,0.21825518760942308,0.2728646119288716,2
325.83,0.57,0.3436252116611853,0.33535973607791514,0.23414339251546756,0.28888430208832644,2
325.83,0.59,0.3583999470702586,0.3504617198851927,0.25068465243407173,0.3045422997521652,2
325.83,0.6,0.36423681208983116,0.3564645334087948,0.25874925841761864,0.3114930352537249,2
325.83,0.61,0.377200165035055,0.36969634040522187,0.2742099565657531,0.32570506080040407,2
325.83,0.63,0.3931957312297927,0.3860377510459599,0.28965904277431737,0.341427387002055,2
325.83,0.65,0.41556968200001376,0.4089046121553326,0.31661218719396,0.3660909345969869,2
325.83,0.66,0.4196184342492905,0.41303749070324025,0.3228003004848569,0.3712093673670737,2
325.83,0.7,0.4456154560569875,0.4396790016313974,0.3530677686850302,0.39934161237100885,2
325.83,0.75,0.48311970298256535,0.4780275584610131,0.40052236322011764,0.44182103310134146,2
325.83,0.85,0.5417630495704073,0.5380232913557115,0.4724338975248781,0.5070984735476427,2
325.83,0.95,0.5849997226892989,0.5823629727735604,0.5341685214566384,0.5595841220729687,2
325.83,1.05,0.6210359299170256,0.6192170190387581,0.5855091105035521,0.6032725202102889,2
327.132,-0.4,0.07930958352629199,0.06613694466227275,0.09582058077922606,0.08756508215275902,2
327.132,-0.32,0.06500546451821765,0.051587564229584965,0.08098921899796828,0.07299734175809297,2
327.132,-0.24,0.05443305290409559,0.040868077539648405,0.0729826058762538,0.06370782939017469,2
327.132,-0.16,0.046821155465297956,0.033177289121053555,0.06135162203333565,0.0540863887493168,2
327.132,-0.08,0.04536089435595597,0.03174355131802629,0.05050267141014435,0.04793178288305016,2
327.132,0.0,0.05204470198157517,0.03858810273934799,0.04233190132309724,0.0471883016523362,2
327.132,0.08,0.06309804850853551,0.04989317112890525,0.03714974039046519,0.05012389444950035,2
327.132,0.14,0.07639727083545145,0.06344241024331965,0.038863144724987024,0.05763020778021924,2
327.132,0.2,0.09530309131323308,0.08269072763305557,0.03949556051414255,0.06739932591368782,2
327.132,0.25,0.11333212431587722,0.10104615332487701,0.048529516010198344,0.08093082016303778,2
327.132,0.3,0.14387831174038215,0.13212036047071063,0.06704647937817397,0.10546239555927805,2
327.132,0.35,0.17149124542398037,0.16022059850761827,0.08017370188221751,0.12583247365309894,2
327.132,0.4,0.20061721846579822,0.18992640573243869,0.10463655483108991,0.15262688664844407,2
327.132,0.45,0.2426608682730802,0.23273640050776476,0.1345273208163785,0.18859409454472936,2
327.132,0.5,0.28019294990267585,0.27100820643069623,0.17161473470525263,0.22590384230396424,2
327.132,0.53,0.30430710718444387,0.2956228807571156,0.19655904206894861,0.25043307462669623,2
327.132,0.5499999999999999,0.3217502154745466,0.3134522743892744,0.21461474429949917,0.2681824798870229,2
327.132,0.57,0.33782393363794144,0.3298225443928431,0.23036657239964722,0.28409525301879435,2
327.132,0.59,0.35267029011049156,0.34498153901884915,0.24680577273052415,0.29973803142050787,2
327.132,0.6,0.35855520371088145,0.35102572164390045,0.25483945328662627,0.30669732849875386,2
327.132,0.61,0.37159607789044,0.36432290169148074,0.2701817529048569,0.32088891539764847,2
327.132,0.63,0.3876687181520554,0.3807264309726484,0.2855990034106773,0.33663386078136637,2
327.132,0.65,0.4100705498528748,0.4035971926122476,0.3124534495826105,0.36126199971774264,2
327.132,0.66,0.4142868662669167,0.40789790589242814,0.31883838259371244,0.36656262443031457,2
327.132,0.7,0.44043255450233537,0.4346593351703391,0.3491100517985467,0.39477130315044107,2
327.132,0.75,0.4782978051929436,0.47333655849109135,0.3967247700513645,0.4375112876221541,2
327.132,0.85,0.5377391624368829,0.534081220019517,0.4691053222627245,0.5034222423498037,2
327.132,0.95,0.5817416404255447,0.5791461384825232,0.5313509400055613,0.5565462902155529,2
327.132,1.05,0.6183612993671976,0.6165521578372739,0.5833463485768822,0.6008538239720399,2
328.44,-0.4,0.08007319472360391,0.06722046235834447,0.09734873020776261,0.08871096246568326,2
328.44,-0.32,0.06535751326925801,0.05225726604095185,0.08252500503580512,0.07394125915253157,2
328.44,-0.24,0.054418071989370584,0.04116650102220512,0.07414527173946611,0.06428167186441835,2
328.44,-0.16,0.046578452875290485,0.03324451803177278,0.0621922450082005,0.054385348941745494,2
328.44,-0.08,0.044834632107275486,0.03152037852785144,0.05101191759828473,0.04792327485278011,2
328.44,0.0,0.05118022724882895,0.03801622177834148,0.042273602876436875,0.046726915062632914,2
328.44,0.08,0.06201816274449834,0.04909781667204312,0.036431491008809394,0.04922482687665387,2
328.44,0.14,0.0751852767634,0.06250728503085634,0.037632011807935836,0.05640864428566792,2
328.44,0.2,0.09376568949093608,0.08141872118321412,0.037829052099381685,0.06579737079515888,2
328.44,0.25,0.11171418749787161,0.09968675941773086,0.04639361074302002,0.07905389912044582,2
328.44,0.3,0.14182999995695933,0.13031146764134494,0.06386175306308321,0.10284587651002128,2
328.44,0.35,0.16935569420369145,0.15831145226599513,0.07679920977096655,0.123077451987329,2
328.44,0.4,0.19817765782907068,0.18769151226536135,0.100863177419686,0.14952041762437834,2
328.44,0.45,0.24002429501982553,0.23027986092154526,0.13034388154798074,0.18518408828390315,2
328.44,0.5,0.27754358406826396,0.26851872538795263,0.16701783841673956,0.22228071124250176,2
328.44,0.53,0.30160966024397995,0.29306979974891323,0.19181534155457802,0.24671250089927899,2
328.44,0.5499999999999999,0.31898732018678,0.310821042521198,0.20989832019735205,0.264442820192066,2
328.44,0.57,0.33502021287105865,0.32714066416466303,0.22561236404588142,0.28031628845847,2
328.44,0.59,0.3498356799551132,0.34225871590038914,0.24184706398714728,0.29584137197113025,2
328.44,0.6,0.35578998023811526,0.34836912502840284,0.25004576766151654,0.3029178739498159,2
328.44,0.61,0.3688443255134628,0.3616732157935497,0.26550450085427246,0.31717441318386763,2
328.44,0.63,0.384785511988574,0.3779327069802958,0.2807928297045873,0.33278917084658066,2
328.44,0.65,0.407255838179131,0.40085808952541074,0.3075279601284804,0.3573918991538057,2
328.44,0.66,0.4114514946054488,0.40513699363863476,0.3139220831514454,0.3626867888784471,2
328.44,0.7,0.43758893434062496,0.43187132659999494,0.34435874619986334,0.3909738402702442,2
328.44,0.75,0.47544261301448243,0.470513104538259,0.3920604633321666,0.4337515381733245,2
328.44,0.85,0.534780753151435,0.531118767162772,0.46486123081015607,0.49982099198079555,2
328.44,0.95,0.5788461684756212,0.5762257414157764,0.5277788965630537,0.5533125325193374,2
328.44,1.05,0.6156192760634338,0.613773735087886,0.5804209142069798,0.5980200951352068,2
329.753,-0.4,0.08394016290666809,0.07168859830806112,0.0984782402602524,0.09120920158346024,2
329.753,-0.32,0.06804713952829813,0.0555385353595782,0.08321745407667633,0.07563229680248723,2
329.753,-0.24,0.055793896912381714,0.04311836818004437,0.07497840053757529,0.0653861487249785,2
329.753,-0.16,0.04682652460576152,0.03405260046627536,0.06241176626434276,0.05461914543505214,2
329.753,-0.08,0.04377465692281879,0.030995308851762306,0.05102774126821111,0.04740119909551495,2
329.753,0.0,0.048468101890190116,0.03580228405380317,0.04165010986599275,0.045059105878091435,2
329.753,0.08,0.05779071683414476,0.0453310500465321,0.0355034519228658,0.04664708437850528,2
329.753,0.14,0.07003970421916955,0.05779507384178334,0.0362786938209359,0.05315919902005273,2
329.753,0.2,0.08768451687519875,0.07574098101380825,0.03580022039291962,0.061742368634059186,2
329.753,0.25,0.10505043565100763,0.09340248469201118,0.0440794646363617,0.07456495014368467,2
329.753,0.3,0.13455611088530678,0.123386221912054,0.061030069432492604,0.0977930901588997,2
329.753,0.35,0.16177543144333512,0.15105668187928567,0.0737781339005871,0.11777678267196111,2
329.753,0.4,0.19059903262642192,0.18041719695220992,0.09750895859446768,0.1440539956104448,2
329.753,0.45,0.23245387948143512,0.22298623738762016,0.12668196991335545,0.1795679246973953,2
329.753,0.5,0.27038539214061086,0.26161800217765696,0.16318895885970164,0.21678717550015625,2
329.753,0.53,0.29474566768292837,0.28644908821912696,0.18789707184066218,0.24132136976179527,2
329.753,0.5499999999999999,0.31238368852188075,0.3044507627472702,0.20586888805904768,0.25912628829046425,2
329.753,0.57,0.32862106920333284,0.32096767170324864,0.22169093115840505,0.27515600018086894,2
329.753,0.59,0.34368689694338683,0.3363285848624748,0.23788043999679373,0.2907836684700903,2
329.753,0.6,0.3498315997499004,0.34262550229237343,0.24603728954888182,0.2979344446493911,2
329.753,0.61,0.36297722030486,0.35601117974620833,0.26131462799072536,0.3121459241477927,2
329.753,0.63,0.37919329859634243,0.37253882497773383,0.2768330764268468,0.3280131875115946,2
329.753,0.65,0.40226174849373153,0.3960532322917173,0.30374203905865205,0.3530018937761918,2
329.753,0.66,0.4064046953921118,0.4002756713858855,0.3100931586112861,0.35824892700169897,2
329.753,0.7,0.4332398101324922,0.42769466117496213,0.3407542422603867,0.38699702619643944,2
329.753,0.75,0.471743840068827,0.4669610125061575,0.38858292898158975,0.4301633845252084,2
329.753,0.85,0.5322495795292503,0.5286982656929806,0.4619820919202835,0.4971158357247669,2
329.753,0.95,0.577152907526596,0.574610909813584,0.5255103303111297,0.5513316189188628,2
329.753,1.05,0.6144741263076093,0.6126822874079622,0.5787176451643418,0.5965958857359756,2
331.071,-0.4,0.0842064973296741,0.0721300425076209,0.09958694793811795,0.09189672263389603,2
331.071,-0.32,0.06817154436855716,0.05583966075062475,0.08429231437931661,0.07623192937393689,2
331.071,-0.24,0.055879304725429305,0.04338316460463164,0.07586868087229968,0.0658739927988645,2
331.071,-0.16,0.0466822760999298,0.034086881128298,0.06311094549704184,0.05489661079848582,2
331.071,-0.08,0.04358726072245792,0.03098798014762008,0.05117619704760022,0.047381728885029076,2
331.071,0.0,0.047905295172386286,0.03541276097408587,0.04178906682700742,0.04484718099969685,2
331.071,0.08,0.057129691913277846,0.04483639424138261,0.03545068848769713,0.04629019020048748,2
331.071,0.14,0.06914288583549069,0.05705702295726403,0.036114971590660114,0.0526289287130754,2
331.071,0.2,0.08687601098330539,0.07508637677972993,0.03544901808021623,0.0611625145317608,2
331.071,0.25,0.10411027046184297,0.09260788825287225,0.043734514383036216,0.07392239242243959,2
331.071,0.3,0.13397051211216332,0.12294775302731184,0.06056796184946439,0.09726923698081386,2
331.071,0.35,0.1610963211903787,0.15051536317836195,0.07307295841267461,0.11708463980152665,2
331.071,0.4,0.18987919452944768,0.17982785187035116,0.09683519407491806,0.14335719430218286,2
331.071,0.45,0.23200492789996913,0.22266628140650463,0.12595624174567718,0.17898058482282314,2
331.071,0.5,0.26989678649174653,0.26124821242140406,0.16245044679104947,0.216173616641398,2
331.071,0.53,0.2944280841695203,0.28624953786462937,0.18714030925897177,0.24078419671424606,2
331.071,0.5499999999999999,0.31225724973980806,0.3044431731317112,0.20515580478413137,0.25870652726196974,2
331.071,0.57,0.32849113476414976,0.3209529621349484,0.22101878405280406,0.27475495940847694,2
331.071,0.59,0.3435853726891065,0.33633956467701276,0.23733879282754716,0.29046208275832686,2
331.071,0.6,0.34981498059412386,0.3427220637257743,0.2454300901496531,0.2976225353718885,2
331.071,0.61,0.3630481462569575,0.3561947847825616,0.26075624126746055,0.31190219376220907,2
331.071,0.63,0.37934463207872293,0.3728000297744773,0.27655735779301194,0.32795099493586743,2
331.071,0.65,0.4023883568730998,0.39628424181481364,0.30335028807064024,0.35286932247187003,2
331.071,0.66,0.4066796246539258,0.40065797707190265,0.30978979715226307,0.35823471090309444,2
331.071,0.7,0.4335112689448186,0.42806446923584796,0.3404641250481081,0.38698769699646335,2
331.071,0.75,0.4722894391192316,0.46760174433769514,0.3884801355752139,0.43038478734722274,2
331.071,0.85,0.5330770489227563,0.5296061024723033,0.4622394367845055,0.4976582428536309,2
331.071,0.95,0.5781193157278463,0.5756374672260689,0.5260708278130026,0.5520950717704245,2
331.071,1.05,0.6153144313720436,0.6135620749506454,0.5795198444426812,0.5974171379073624,2
332.394,-0.4,0.08671843635917822,0.07460354825762891,0.1002354184497748,0.09347692740447651,2
332.394,-0.32,0.07021545859964785,0.057834478461313746,0.08492511180996953,0.07757028520480869,2
332.394,-0.24,0.05745567248786751,0.04489988365160005,0.07635152952504945,0.06690360100645848,2
332.394,-0.16,0.04785936586344724,0.035196095485286766,0.06351059937256928,0.055684982618008264,2
332.394,-0.08,0.044052294002675164,0.03137087604608728,0.05143013166945165,0.047741212836063404,2
332.394,0.0,0.047862754831004176,0.03527888522174013,0.041811859269720204,0.04483730705036219,2
332.394,0.08,0.056289100481639515,0.04389554039073011,0.03497751852995417,0.045633309505796846,2
332.394,0.14,0.06793133608745396,0.05573962187846471,0.03515577307944926,0.05154355458345161,2
332.394,0.2,0.08500837503991662,0.07310706155641297,0.034385185384219225,0.059696780212067924,2
332.394,0.25,0.10191425710853519,0.09029814305233039,0.042179250329654465,0.07204675371909483,2
332.394,0.3,0.1311056884991735,0.11995905888151283,0.058475912562178364,0.09479080053067593,2
332.394,0.35,0.15802119138595586,0.14731775672387923,0.07065372191043759,0.11433745664819672,2
332.394,0.4,0.18659334958601542,0.17641688679387516,0.09416888339854153,0.14038111649227847,2
332.394,0.45,0.22825257319158837,0.2187812088707469,0.12289772860734148,0.17557515089946493,2
332.394,0.5,0.2659903283601064,0.25720829270189616,0.1592019243594992,0.2125961263598028,2
332.394,0.53,0.2903765766503843,0.2820601269696497,0.18372728453085557,0.23705193059061994,2
332.394,0.5499999999999999,0.3081912125114995,0.3002391920350358,0.2016100483140823,0.2549006304127909,2
332.394,0.57,0.32440176229425227,0.3167259741561639,0.21744128324401363,0.27092152276913295,2
332.394,0.59,0.3394844209857871,0.33209980767438485,0.23365059219315887,0.286567506589473,2
332.394,0.6,0.34566835958995284,0.33843615306121977,0.2416730328778773,0.29367069623391506,2
332.394,0.61,0.35889019684929346,0.3518963318123553,0.2569711372433499,0.30793066704632166,2
332.394,0.63,0.3751472675882272,0.3684633244428069,0.27283857883865953,0.32399292321344336,2
332.394,0.65,0.3982583752179256,0.3920170092124202,0.29945091814621505,0.34885464668207034,2
332.394,0.66,0.40246672372195974,0.39630450812216866,0.3058446046084998,0.3541556641652298,2
332.394,0.7,0.42950131782889056,0.42392105696364374,0.33658626592502405,0.3830437918769573,2
332.394,0.75,0.4682965768075341,0.46347718044542663,0.3847134878500697,0.4265050323288019,2
332.394,0.85,0.529246174878828,0.5256530992653348,0.4586083144861815,0.4939272446825047,2
332.394,0.95,0.5746390608219212,0.5720500833400339,0.5227761651895624,0.5487076130057418,2
332.394,1.05,0.6122205895065989,0.6103762769588434,0.5766381162522062,0.5944293528794025,2
333.723,-0.4,0.08850715255537588,0.07700342025598843,0.10242049698710998,0.09546382477124293,2
333.723,-0.32,0.07172194596201739,0.05995970710044231,0.0868909084789827,0.07930642722050005,2
333.723,-0.24,0.05876860445636495,0.046837534545503975,0.07808624348364851,0.06842742397000673,2
333.723,-0.16,0.0488355488343043,0.03679777479424386,0.06487291006734454,0.05685422945082442,2
333.723,-0.08,0.04464048062495442,0.0325811181784689,0.052604389785472175,0.048622435205213296,2
333.723,0.0,0.04799374476928628,0.03602127094551061,0.04248018713373089,0.045236965951508584,2
333.723,0.08,0.05578781640296021,0.0439892617096737,0.03540757733522451,0.04559769686909236,2
333.723,0.14,0.06687199998103154,0.05525837786505253,0.03516402948969673,0.05101801473536413,2
333.723,0.2,0.08322222180119879,0.07187285836297014,0.03382635103002882,0.0585242864156138,2
333.723,0.25,0.09961890506979405,0.08853258092243055,0.04143098716752085,0.07052494611865745,2
333.723,0.3,0.1281115998787533,0.11745740669462192,0.05730665184471939,0.09270912586173635,2
333.723,0.35,0.15439483877350338,0.14414765850629238,0.06922464260877678,0.11180974069114008,2
333.723,0.4,0.18245770149593338,0.17269905954071132,0.09234397192564935,0.13740083671079137,2
333.723,0.45,0.22373159694107886,0.21463355059763572,0.1207578377491859,0.1722447173451324,2
333.723,0.5,0.26100687600516925,0.25255057293621497,0.15680574343844822,0.20890630972180874,2
333.723,0.53,0.2853266481674933,0.27731172668095916,0.18119630472937215,0.23326147644843273,2
333.723,0.5499999999999999,0.30294881143059965,0.29527417728999794,0.199130551204328,0.2510396813174638,2
333.723,0.57,0.31907829867315024,0.3116642431484822,0.21477560435577323,0.2669269515144617,2
333.723,0.59,0.334194160780818,0.32705818647210405,0.2310392925022894,0.2826167266415537,2
333.723,0.6,0.34022010554129206,0.3332242383212325,0.23912666918315756,0.2896733873622248,2
333.723,0.61,0.3535554752115093,0.34678934347131823,0.25443740524581143,0.30399644022866035,2
333.723,0.63,0.36989864134710015,0.36342946374954704,0.270257562493894,0.32007810192049707,2
333.723,0.65,0.3928819888542733,0.3868303602647638,0.2967937769849733,0.34483788291962325,2
333.723,0.66,0.3971577543188004,0.3911826433137864,0.3032826176999478,0.3502201860093741,2
333.723,0.7,0.4242706069541362,0.41885038602470614,0.33404368689732433,0.37915714692573027,2
333.723,0.75,0.4632342769457076,0.45854266326824034,0.3822110947425938,0.42272268584415074,2
333.723,0.85,0.5249631307269578,0.5214573296978448,0.4565090660310285,0.4907360983789931,2
333.723,0.95,0.5711324622437958,0.5685988824355523,0.5211155855814933,0.5461240239126446,2
333.723,1.05,0.6094382577286389,0.6076281046808125,0.5754137460759887,0.5924260019023138,2
335.057,-0.4,0.0909164873959265,0.079970413547724,0.10197431687405606,0.09644540213499128,2
335.057,-0.32,0.07361699716646548,0.06241697186199554,0.08657309958416065,0.08009504837531306,2
335.057,-0.24,0.05974972219818235,0.048375437918501324,0.07780473030396165,0.068777226251072,2
335.057,-0.16,0.04918864567151592,0.03770314525616027,0.06470752418447781,0.05694808492799687,2
335.057,-0.08,0.04423214044599955,0.03271286411039966,0.052435745750677706,0.04833394309833863,2
335.057,0.0,0.04649843398775034,0.035045234986945686,0.04208714068573745,0.0442927873367439,2
335.057,0.08,0.05334579240991081,0.04204121329852596,0.03502362477641065,0.04418470859316073,2
335.057,0.14,0.06388150208760095,0.052744527362586086,0.0345666817626038,0.049224091925102374,2
335.057,0.2,0.07969838226858005,0.0688062418776764,0.03302388687802697,0.05636113457330351,2
335.057,0.25,0.09544479592475125,0.08479196442297018,0.040569141169546005,0.06800696854714863,2
335.057,0.3,0.12350443729623342,0.11325919510907931,0.0562652373323974,0.0898848373143154,2
335.057,0.35,0.1494686363704974,0.13960719204328917,0.06810925377378393,0.10878894507214067,2
335.057,0.4,0.1773469195554786,0.1679491956600327,0.09113485060667618,0.1342408850810774,2
335.057,0.45,0.21826350485926352,0.20948898281851464,0.11933324510304454,0.16879837498115402,2
335.057,0.5,0.25577706275320944,0.24762105216613703,0.15527033534628448,0.20552369904974696,2
335.057,0.53,0.28004377576079653,0.272306405999509,0.17952189121224432,0.22978283348652043,2
335.057,0.5499999999999999,0.2978605285354341,0.29045235337951786,0.19750555221001978,0.24768304037272693,2
335.057,0.57,0.31410083927889076,0.306943166672189,0.2132864591031416,0.2636936491910162,2
335.057,0.59,0.32923014600792583,0.3223370775302906,0.22942094628611376,0.27932554614701977,2
335.057,0.6,0.3355114378161519,0.32875676541449467,0.2373158100867544,0.28641362395145314,2
335.057,0.61,0.34867896934290465,0.3421388283030705,0.2526322152227453,0.300655592282825,2
335.057,0.63,0.36514738105022193,0.35889213414861143,0.26837296848952735,0.3167601747698746,2
335.057,0.65,0.388631337320376,0.38278231456433637,0.2951001748363436,0.3418657560783598,2
335.057,0.66,0.39274005613983476,0.3869618050938265,0.30144637523806106,0.3470932156889479,2
335.057,0.7,0.4202522399493951,0.4150081020351214,0.33240365464167176,0.3763279472955334,2
335.057,0.75,0.4596510661494164,0.4551043439669984,0.38043216594141277,0.42004161604541457,2
335.057,0.85,0.5218192996403054,0.5184042458678433,0.4547111773004035,0.4882652384703544,2
335.057,0.95,0.5685045704497762,0.5660250498470059,0.519364183594414,0.5439343770220951,2
335.057,1.05,0.6072748124070333,0.6054955766115058,0.5739946881530528,0.5906347502800431,2
336.396,-0.4,0.09294987253776218,0.08228324193296278,0.10385709055797102,0.0984034815478666,2
336.396,-0.32,0.07503460522922716,0.06410708897327365,0.08835154273339148,0.08169307398130932,2
336.396,-0.24,0.06088437962766027,0.04978094558612953,0.07939193880867806,0.07013815921816917,2
336.396,-0.16,0.049891224971272866,0.038671776787363873,0.06610064127510096,0.05799593312318691,2
336.396,-0.08,0.044455508177191086,0.03319670757593806,0.05383257746541237,0.04914404282130173,2
336.396,0.0,0.04633478811778424,0.035136857142681846,0.043101489480023514,0.04471813879890388,2
336.396,0.08,0.05271211010771672,0.041657012270815544,0.035673461481964666,0.04419278579484069,2
336.396,0.14,0.06286024491564325,0.05196689917998695,0.034878743421463625,0.048869494168553435,2
336.396,0.2,0.07822866793241964,0.06757017518411713,0.032880085714975846,0.055554376823697744,2
336.396,0.25,0.09371586172616458,0.08328964181348998,0.04006777642252278,0.06689181907434369,2
336.396,0.3,0.12116096297598614,0.11112302403716945,0.05550836498259926,0.0883346639792927,2
336.396,0.35,0.14663475250947391,0.1369622706261914,0.06674982915540512,0.10669229083243952,2
336.396,0.4,0.17407568420962544,0.16484378541877487,0.08934582406364444,0.13171075413663494,2
336.396,0.45,0.2145655124156834,0.2059299786831106,0.11721470791088162,0.1658901101632825,2
336.396,0.5,0.25159375677412515,0.24354680388063932,0.15274887733871848,0.20217131705642183,2
336.396,0.53,0.27565936285928394,0.2680138589451699,0.17695975779880557,0.22630956032904476,2
336.396,0.5499999999999999,0.29329827487671767,0.2859679164061397,0.19460053505253697,0.2439494049646273,2
336.396,0.57,0.30935544145683347,0.3022645935409192,0.21011754616428366,0.2597364938105586,2
336.396,0.59,0.32439169324912337,0.31755503524383244,0.22633820717495007,0.2753649502120367,2
336.396,0.6,0.3306034594129361,0.3239004567272373,0.23425306607041255,0.2824282627416743,2
336.396,0.61,0.34380765457325513,0.3373131954943629,0.24963745779386248,0.2967225561835588,2
336.396,0.63,0.360075207756568,0.353853212807982,0.2650928031016063,0.31258400542908715,2
336.396,0.65,0.38335605046591903,0.37752576105572266,0.2914505418314788,0.3374032961486989,2
336.396,0.66,0.3875176920604049,0.38175704403891775,0.29814957567226935,0.34283363386633714,2
336.396,0.7,0.4148514757222884,0.4096070742225311,0.3288152145023955,0.37183334511234195,2
336.396,0.75,0.4542317581901628,0.44966753701646356,0.3766537769231619,0.4154427675566623,2
336.396,0.85,0.5165854397314087,0.5131319168454743,0.4513218177354863,0.4839536287334475,2
336.396,0.95,0.5636882368879339,0.5611591138084155,0.5164724453852318,0.5400803411365829,2
336.396,1.05,0.6030079740526335,0.6011742750913351,0.5713446367188253,0.5871763053857294,2
337.741,-0.4,0.09358706557917634,0.08292079158098364,0.10435887898086141,0.09897297228001888,2
337.741,-0.32,0.07581594065698948,0.06489204206358169,0.08883825904984127,0.08232709985341538,2
337.741,-0.24,0.061771729043760534,0.05067444263763071,0.07990388228722439,0.07083780566549247,2
337.741,-0.16,0.05084448621767668,0.039633453819250174,0.06646520767670408,0.05865484694719038,2
337.741,-0.08,0.04560530475879855,0.03435968007812708,0.053750323334175745,0.04967781404648715,2
337.741,0.0,0.04731134575723396,0.03612482268102703,0.04299627732460422,0.04515381154091909,2
337.741,0.08,0.05360039287682395,0.04255604688146522,0.03501807048057459,0.04430923167869927,2
337.741,0.14,0.06341358498188582,0.052525820343945734,0.03397334521177907,0.04869346509683244,2
337.741,0.2,0.0785057799797534,0.06784670935636637,0.03206955071506683,0.055287665347410114,2
337.741,0.25,0.0937365155244107,0.08330526506202998,0.038919033103034004,0.06632777431372236,2
337.741,0.3,0.12074798367510685,0.11069724982689232,0.054072956004183784,0.08741046983964532,2
337.741,0.35,0.14617010671801473,0.13648204001950823,0.06507677392480789,0.1056234403214113,2
337.741,0.4,0.173102653279398,0.16384625199815248,0.0876439470617757,0.13037330017058685,2
337.741,0.45,0.21338060790708985,0.20471720439902502,0.1153267849440281,0.16435369642555897,2
337.741,0.5,0.2500819625007677,0.2420009308390792,0.15067646267433663,0.20037921258755215,2
337.741,0.53,0.27409835527496723,0.26641918222444005,0.17478511861964366,0.22444173694730546,2
337.741,0.5499999999999999,0.29154252942998043,0.28417482561208285,0.19249318216826208,0.24201785579912127,2
337.741,0.57,0.3075319782897036,0.30040206122273705,0.20803619562030468,0.2577840869550041,2
337.741,0.59,0.3224447703140617,0.31556689506488583,0.22426439049515737,0.2733545804046095,2
337.741,0.6,0.3287185750667049,0.32197600838001844,0.2321301696896858,0.28042437237819534,2
337.741,0.61,0.34188129315571747,0.33534762733736834,0.24733068643892067,0.29460598979731906,2
337.741,0.63,0.3581454127605307,0.35188379558929006,0.263125427115904,0.3106354199382173,2
337.741,0.65,0.38122497864700855,0.3753509169485155,0.28948029081005655,0.33535263472853255,2
337.741,0.66,0.38538078359541506,0.37957578570540135,0.296005377127826,0.3406930803616205,2
337.741,0.7,0.41262742673882713,0.4073369287031414,0.3267600058043102,0.36969371627156866,2
337.741,0.75,0.4520247500116026,0.4474163255492417,0.3748138908139512,0.4134193204127769,2
337.741,0.85,0.514598630930814,0.5111057725961503,0.44944939076053025,0.48202401084567215,2
337.741,0.95,0.5619508541471736,0.5593852775224014,0.5148693536589004,0.538410103903037,2
337.741,1.05,0.601485665879643,0.5996181118609722,0.569927996759424,0.5857068313195335,2
339.091,-0.4,0.09679875353956333,0.0866819193574982,0.10573155930162656,0.10126515642059494,2
339.091,-0.32,0.07813416672658757,0.06775772132447805,0.09014678984659136,0.08414047828658947,2
339.091,-0.24,0.06309022455697648,0.05253398671521133,0.0806961469515223,0.07189318575424938,2
339.091,-0.16,0.05121407529712799,0.04053632135381126,0.06723408958433491,0.05922408244073145,2
339.091,-0.08,0.04484624355158286,0.0341191861039366,0.05440393439999536,0.04962508897578911,2
339.091,0.0,0.045371388114619195,0.034684856551597254,0.04308222390093337,0.04422680600777629,2
339.091,0.08,0.050484377486195955,0.039917029220384884,0.03485350820824807,0.042668942847222016,2
339.091,0.14,0.059518135614691096,0.04908854462300129,0.03341109357862082,0.04646461459665596,2
339.091,0.2,0.07385136385747404,0.06362927200893546,0.031228585777652428,0.052539974817563236,2
339.091,0.25,0.08869195069709172,0.07867980860780155,0.0379374819551785,0.06331471632613511,2
339.091,0.3,0.1153536057277473,0.10569890500746996,0.0525448361294374,0.08394922092859236,2
339.091,0.35,0.1406081631549739,0.13129656178725152,0.063508512950534,0.10205833805275395,2
339.091,0.4,0.1676872615089514,0.158789943118322,0.08589493463645873,0.12679109807270506,2
339.091,0.45,0.2080757818316183,0.19974705276019683,0.11332899345088646,0.1607023876412524,2
339.091,0.5,0.24509538580053156,0.2373293366399406,0.14861965138795763,0.1968575185942446,2
339.091,0.53,0.2693948649871649,0.2620174105968964,0.17257003390159614,0.22098244944438053,2
339.091,0.5499999999999999,0.28707492666872925,0.2799989515451889,0.19034961831572866,0.23871227249222896,2
339.091,0.57,0.3032593575634436,0.2964146385461168,0.20591965380652827,0.25458950568498595,2
339.091,0.59,0.318385327765565,0.31178511006899273,0.22214880246950763,0.2702670651175363,2
339.091,0.6,0.32474544858723753,0.3182755260725918,0.2299841782829931,0.2773648134351153,2
339.091,0.61,0.3380789179753353,0.33181154300738747,0.24522659863809837,0.29165275830671683,2
339.091,0.63,0.35467597710587295,0.34867522170883325,0.2610613740711496,0.3078686755885113,2
339.091,0.65,0.378103937937322,0.37247850729103027,0.28757607238845184,0.3328400051628869,2
339.091,0.66,0.3823681105175818,0.3768109991274038,0.2940447198216549,0.33820641516961836,2
339.091,0.7,0.410180501517202,0.40512374843472587,0.3249452362764226,0.3675628688968123,2
339.091,0.75,0.4501962994081092,0.44579920346473256,0.37322768068459333,0.4117119900463513,2
339.091,0.85,0.5138410422539452,0.5105234053004871,0.4485797421581441,0.48121039220604467,2
339.091,0.95,0.5622123687299004,0.5597938954666728,0.5144977269377944,0.5383550478338475,2
339.091,1.05,0.6023845444970224,0.6006394134968706,0.5702683737293599,0.5863264591131911,2
340.446,-0.4,0.10082041350671861,0.09089041411472737,0.10641155456599774,0.10361598403635817,2
340.446,-0.32,0.08171329263648851,0.07152127471858608,0.09061344273024188,0.08616336768336519,2
340.446,-0.24,0.06600543073098136,0.05562823545735913,0.08140435340793563,0.07370489206945849,2
340.446,-0.16,0.053472038423576534,0.04296630353856219,0.06756247444884315,0.060517256436209844,2
340.446,-0.08,0.04637397445137766,0.03580959051296846,0.05432282678340901,0.05034840061739333,2
340.446,0.0,0.045891538626158156,0.03535175859505316,0.04264674419479425,0.04426914141047621,2
340.446,0.08,0.04973479993336482,0.03929518523787591,0.034060641971029745,0.04189772095219728,2
340.446,0.14,0.057996596289316756,0.04768119901384975,0.03270747477232743,0.045352035530822093,2
340.446,0.2,0.07137341956409542,0.06124986188521325,0.02992961855007322,0.050651519057084315,2
340.446,0.25,0.08552319236512165,0.07559766558568047,0.03625781423218816,0.060890503298654905,2
340.446,0.3,0.11111449782390673,0.10152495339634883,0.05037767111057591,0.08074608446724132,2
340.446,0.35,0.13572778012257722,0.12646789136803466,0.06119067165654179,0.0984592258895595,2
340.446,0.4,0.1620576211025276,0.1531925808137382,0.08318254573793696,0.12262008342023228,2
340.446,0.45,0.20170899940090709,0.19339104963516607,0.11028176502909322,0.15599538221500014,2
340.446,0.5,0.23836675137266838,0.23059524707755308,0.1452658874414695,0.19181631940706895,2
340.446,0.53,0.2624594130068822,0.2550661985826474,0.16933097219889043,0.2158951926028863,2
340.446,0.5499999999999999,0.2801751373530036,0.27307848543203256,0.18688354347035233,0.23352934041167794,2
340.446,0.57,0.2963207524381902,0.2894512924948236,0.20252384924472083,0.24942230084145553,2
340.446,0.59,0.31135957386937674,0.30472867712143437,0.21863701858245044,0.2649982962259136,2
340.446,0.6,0.31778484628481185,0.31128255423458684,0.22649077018377006,0.27213780823429096,2
340.446,0.61,0.3310546454248421,0.32475018704682185,0.24166717497188078,0.2863609101983614,2
340.446,0.63,0.34777003043703025,0.34172972587726336,0.25772493432772103,0.30274748238237564,2
340.446,0.65,0.3713279810310872,0.36565856046917405,0.2839720958540439,0.32765003844256557,2
340.446,0.66,0.3755488476115689,0.36994597909595994,0.2905985099977305,0.3330736788046497,2
340.446,0.7,0.4036993010438665,0.3985942109784579,0.3215873749892034,0.3626433380165349,2
340.446,0.75,0.4439621227438984,0.43950815245493324,0.36993390355253086,0.4069480131482146,2
340.446,0.85,0.5083679483070968,0.5049862473351449,0.445615002405336,0.4769914753562164,2
340.446,0.95,0.5573576208292653,0.5548687965159115,0.5119309289169818,0.5346442748731235,2
340.446,1.05,0.5980191527419293,0.5962023630534491,0.5680232365067654,0.5830211946243473,2
341.807,-0.4,0.10110499441486576,0.09157911282663467,0.10824082476372676,0.10467290958929626,2
341.807,-0.32,0.08219249761412056,0.07241635275652014,0.09258135957640923,0.0873869285952649,2
341.807,-0.24,0.06663985587350377,0.05668653197965917,0.08304547185955746,0.07484266386653061,2
341.807,-0.16,0.05427266505045254,0.04419874619627043,0.0692801789168368,0.06177642198364467,2
341.807,-0.08,0.047193779020455615,0.0370652917669837,0.056058881874806565,0.05162633044763109,2
341.807,0.0,0.0469579879780277,0.036858734383100764,0.04392937764026164,0.04544368280914467,2
341.807,0.08,0.05073079559101888,0.04073029396012253,0.035159828943002264,0.04294531226701057,2
341.807,0.14,0.058936274641352704,0.049056957610863844,0.03330751767063106,0.04612189615599188,2
341.807,0.2,0.07191949564263873,0.062220069218633614,0.03025144111485966,0.051085468378749194,2
341.807,0.25,0.08566449154159902,0.07614936116140109,0.036413799363060495,0.06103914545232976,2
341.807,0.3,0.1108674138441432,0.10166828763373925,0.05026222948341373,0.08056482166377846,2
341.807,0.35,0.13508128366630257,0.1261900448649857,0.06040576768422855,0.09774352567526556,2
341.807,0.4,0.16076729954712343,0.15224191086566546,0.08198103647366162,0.12137416801039252,2
341.807,0.45,0.19982524089347206,0.1918108500540045,0.10880507433982872,0.15431515761665038,2
341.807,0.5,0.23588044540133762,0.22837655424815478,0.1435196449776314,0.18970004518948452,2
341.807,0.53,0.2595935003220222,0.2524428396047067,0.16735896768129666,0.21347623400165944,2
341.807,0.5499999999999999,0.27698214906351093,0.2701089900873594,0.18484665113622378,0.23091440009986736,2
341.807,0.57,0.29290782941657023,0.28624694812155566,0.20037962996227227,0.24664372968942125,2
341.807,0.59,0.3078512808445877,0.3014167307442025,0.216429560752321,0.26214042079845434,2
341.807,0.6,0.3141866935497203,0.30787377750898914,0.22423494113263875,0.2692108173411795,2
341.807,0.61,0.32737653484046225,0.3212517864354895,0.23929815253110231,0.2833373436857823,2
341.807,0.63,0.3437323006262569,0.3378530591124017,0.25516450771688626,0.2994484041715716,2
341.807,0.65,0.36715808343436107,0.36163164422461713,0.28138175744838945,0.32426992044137526,2
341.807,0.66,0.3712520034892549,0.36578684047939547,0.2880561923218662,0.32965409790556055,2
341.807,0.7,0.3991257435988005,0.3941328750446277,0.3190168324479735,0.359071288023387,2
341.807,0.75,0.43929890853648695,0.4349297553353388,0.367107063087564,0.4032029858120255,2
341.807,0.85,0.5036294552870761,0.500291787242355,0.44303997338575335,0.4733347143364147,2
341.807,0.95,0.5530809837884262,0.550613323430352,0.509469890992719,0.5312754373905726,2
341.807,1.05,0.594375403935902,0.5925645377113142,0.566238424356867,0.5803069141463846,2
343.173,-0.4,0.102544582397806,0.09343917384308881,0.10801044934428669,0.10527751587104635,2
343.173,-0.32,0.08345819729846965,0.07411215195848825,0.09219387039624632,0.08782603384735799,2
343.173,-0.24,0.06740287451635696,0.05788214905091042,0.08287030150546212,0.07513658801090954,2
343.173,-0.16,0.05475353071931813,0.045113523158839534,0.06859633074137537,0.06167493073034675,2
343.173,-0.08,0.04698884265521487,0.03728622577462477,0.05532019412464058,0.051154518389927725,2
343.173,0.0,0.04623654324564479,0.03655330183311884,0.04312181270275874,0.04467917797420176,2
343.173,0.08,0.04951062249271902,0.039912523478994225,0.03438169593737249,0.041946159215045756,2
343.173,0.14,0.05715326275737646,0.04766360210548766,0.03238960104987298,0.04477143190362472,2
343.173,0.2,0.06982320900909161,0.06050106271236968,0.029422883457000962,0.04962304623304629,2
343.173,0.25,0.0833871960107132,0.07424049505894512,0.03554310844270086,0.059465152226707035,2
343.173,0.3,0.10843584053977193,0.09958913526169004,0.0493953183675328,0.07891557945365237,2
343.173,0.35,0.13228018206003575,0.12372409769874247,0.05947366203145771,0.09587692204574673,2
343.173,0.4,0.15798410008102934,0.1497803802011392,0.08130750487057234,0.11964580247580084,2
343.173,0.45,0.19703178877165234,0.18931956779275935,0.10811857299189018,0.15257518088177124,2
343.173,0.5,0.23339438984090027,0.22617806120746345,0.14293882470637043,0.18816660727363535,2
343.173,0.53,0.25721250296769055,0.2503374701893881,0.16697998780003454,0.21209624538386254,2
343.173,0.5499999999999999,0.27470051048983857,0.26809334445480854,0.18442402001707675,0.22956226525345766,2
343.173,0.57,0.29072416447860433,0.2843223229584948,0.19999094095405723,0.24535755271633078,2
343.173,0.59,0.30571640439808045,0.29953210406085334,0.21606070313024084,0.26088855376416065,2
343.173,0.6,0.3122366424291941,0.3061723996253806,0.22389539925183471,0.2680660208405144,2
343.173,0.61,0.32542464317689024,0.3195403612692981,0.23896424185993048,0.28219444251841036,2
343.173,0.63,0.34190173165236803,0.33625450203351703,0.2549479014117504,0.2984248165320592,2
343.173,0.65,0.3655704258866166,0.3602636368424514,0.281341145276342,0.3234557855814793,2
343.173,0.66,0.36971623162242,0.3644700304337512,0.28797061648353084,0.3288434240529754,2
343.173,0.7,0.39776767438832616,0.3929738778091808,0.3190748666824431,0.35842127053538464,2
343.173,0.75,0.438292763587718,0.43409973495604354,0.36727487869731407,0.40278382114251604,2
343.173,0.85,0.5031116417802369,0.49991068378348824,0.4434418931832053,0.4732767674817211,2
343.173,0.95,0.5527574774225968,0.5503906722698355,0.5101406072508687,0.5314490423367328,2
343.173,1.05,0.5941544160651524,0.5924179057319421,0.566727836140632,0.5804411261028922,2
344.545,-0.4,0.10497338090169701,0.0961730100676332,0.10996009773284066,0.10746673931726883,2
344.545,-0.32,0.08548858847789013,0.07644932278626344,0.09389974194744233,0.08969416521266624,2
344.545,-0.24,0.06928123465984319,0.060070687017939786,0.084398235639595,0.07683973514971909,2
344.545,-0.16,0.05612106309286684,0.04679004937992842,0.06986871276941822,0.06299488793114252,2
344.545,-0.08,0.04788092512389133,0.03848437116945017,0.05611254049329224,0.05199673280859179,2
344.545,0.0,0.04627880930613243,0.036892319451217265,0.04369804815396935,0.04498842873005089,2
344.545,0.08,0.04869074924073576,0.03937806575197557,0.034301436746008857,0.04149609299337231,2
344.545,0.14,0.05583727352913226,0.046622633240671014,0.03185681959508358,0.043847046562107916,2
344.545,0.2,0.06776144508905138,0.058700358399958324,0.028628763470095145,0.04819510427957326,2
344.545,0.25,0.0807606780486457,0.07186020056656331,0.03442610492404298,0.05759339148634434,2
344.545,0.3,0.10522936698221237,0.0966122052230188,0.04788072904887383,0.07655504801554311,2
344.545,0.35,0.12858840503305408,0.12024512076289748,0.05771971999532388,0.09315406251418898,2
344.545,0.4,0.15405560226323234,0.14604852457514036,0.07927636479759287,0.1166659835304126,2
344.545,0.45,0.19278566998087643,0.1852491192979448,0.10589352722690581,0.14933959860389112,2
344.545,0.5,0.22896905550594773,0.22190956572840936,0.14050262533929173,0.18473584042261973,2
344.545,0.53,0.2527705008972505,0.24604141186739634,0.16425062990241113,0.20851056539983082,2
344.545,0.5499999999999999,0.270342291654319,0.2638740786542773,0.1819102686216607,0.22612628013798985,2
344.545,0.57,0.2863936345661168,0.28012574704205745,0.19740074459371976,0.24189718957991826,2
344.545,0.59,0.30154703660050597,0.2954936144691669,0.2135926748879553,0.25756985574423064,2
344.545,0.6,0.3079162396523508,0.3019763344806812,0.2213016782450872,0.264608958948719,2
344.545,0.61,0.32124100762163776,0.31547725612862815,0.2364926395676349,0.2788668235946363,2
344.545,0.63,0.33799043160729747,0.3324628602993087,0.2526235452753751,0.2953069884413363,2
344.545,0.65,0.361699937399858,0.3565045476263295,0.2788309765193435,0.32026545695960074,2
344.545,0.66,0.3660088274473735,0.3608748964720603,0.2855458503379191,0.3257773388926463,2
344.545,0.7,0.3944909933016986,0.38980488653950096,0.31682128295029316,0.3556561381259959,2
344.545,0.75,0.435391612229454,0.43129521315168773,0.3653339431082582,0.4003627776688561,2
344.545,0.85,0.5011715673619348,0.49805442530091953,0.44197952958349307,0.47157554847271393,2
344.545,0.95,0.5519103547028438,0.5496172743852219,0.5093697944917775,0.5306400745973107,2
344.545,1.05,0.5941164116949572,0.5924447417356429,0.5664387515480788,0.580277581621518,2
345.922,-0.4,0.10613353630524497,0.09794276478129897,0.11192432892098252,0.10902893261311375,2
345.922,-0.32,0.08659651696939949,0.0781829303741377,0.09559733930088204,0.09109692813514077,2
345.922,-0.24,0.07003863896750728,0.06146176722881189,0.0860081572408169,0.07802339810416209,2
345.922,-0.16,0.05679392318741201,0.04810354884668916,0.07107188118136058,0.0639329021843863,2
345.922,-0.08,0.04840765480992943,0.0396546860077235,0.057626375788066654,0.05301701529899804,2
345.922,0.0,0.04656826665024162,0.03782135653599737,0.04474912946162804,0.04565869805593483,2
345.922,0.08,0.048518327636063646,0.039835857876993584,0.03526423456631472,0.041891281101189184,2
345.922,0.14,0.055181367819988086,0.04658632244801847,0.03248444982539897,0.04383290882269353,2
345.922,0.2,0.06666927969282746,0.05821209657520973,0.02886503473038055,0.047767157211604,2
345.922,0.25,0.07925174091204314,0.07093966321731371,0.03455737289479388,0.05690455690341851,2
345.922,0.3,0.10312647267874843,0.09506932520692885,0.047827006463097024,0.07547673957092273,2
345.922,0.35,0.12626259873334988,0.11845772180659023,0.0572002901918107,0.09173144446258029,2
345.922,0.4,0.15120781082666435,0.14370825201654516,0.07857130496851655,0.11488955789759045,2
345.922,0.45,0.18971884908209108,0.18265485546765164,0.10482246122794181,0.14727065515501644,2
345.922,0.5,0.22571889480867185,0.21909632665471263,0.13930711368325627,0.18251300424596406,2
345.922,0.53,0.24944942294240777,0.24313329742780804,0.16312981261976814,0.20628961778108795,2
345.922,0.5499999999999999,0.26702198188851306,0.2609490613517067,0.1805073855237922,0.22376468370615263,2
345.922,0.57,0.2831191050194779,0.2772338239936749,0.19595950249631477,0.23953930375789634,2
345.922,0.59,0.29822761631606487,0.29254132899872354,0.21206579431190317,0.25514670531398403,2
345.922,0.6,0.3046833935496134,0.2991032939385251,0.2197615841417745,0.26222248884569394,2
345.922,0.61,0.31799706899681346,0.3125821460492992,0.23482887097457583,0.27641296998569465,2
345.922,0.63,0.334773706774965,0.3295794247701437,0.25091252956883303,0.292843118171899,2
345.922,0.65,0.35851619427229553,0.3536304567480624,0.27712547211082733,0.3178208331915614,2
345.922,0.66,0.3627661045918506,0.35793765745780237,0.2840820572374217,0.32342408091463615,2
345.922,0.7,0.39133422466519197,0.386924239224852,0.31509588321788407,0.353215053941538,2
345.922,0.75,0.4325043739026196,0.42864883668302034,0.36346612370680853,0.3979852488047141,2
345.922,0.85,0.4989318518247511,0.4960006917254767,0.44030304112762547,0.4696174464761883,2
345.922,0.95,0.5503494643409079,0.5482013538681471,0.5080120686069187,0.5291807664739133,2
345.922,1.05,0.5932362649791267,0.5916809644561829,0.5652990821382303,0.5792676735586786,2
347.305,-0.4,0.10785552355903474,0.09968735484149902,0.11272707319151219,0.11029129837527346,2
347.305,-0.32,0.08774002714077193,0.07934071132488395,0.09643305148980602,0.09208653931528898,2
347.305,-0.24,0.07082099044510096,0.062253382900901176,0.08647554317829109,0.07864826681169602,2
347.305,-0.16,0.05715340825764689,0.04846626000588525,0.07154997610732464,0.06435169218248576,2
347.305,-0.08,0.0483070017015408,0.03955122986772908,0.05783936706103,0.0530731843812854,2
347.305,0.0,0.046016154371677415,0.037261299288293394,0.04498877682472255,0.04550246559819998,2
347.305,0.08,0.04765073035352232,0.03895790294894214,0.0353910021852183,0.04152086626937031,2
347.305,0.14,0.05412148320099224,0.04551301751687635,0.032629403084426925,0.04337544314270958,2
347.305,0.2,0.06519291085180103,0.0567197006446917,0.028968321602147913,0.04708061622697447,2
347.305,0.25,0.0779029594578704,0.06957788884433252,0.03464229866311096,0.05627262906049068,2
347.305,0.3,0.10169546644920512,0.09362583633884769,0.04783912518109118,0.07476729581514815,2
347.305,0.35,0.12460743154741867,0.11678784435353803,0.057330902586376145,0.09096916706689741,2
347.305,0.4,0.1496501677319314,0.14213638969175355,0.07878115933301494,0.11421566353247317,2
347.305,0.45,0.18800393181092867,0.18092249062070967,0.1051703616299919,0.14658714672046028,2
347.305,0.5,0.22408952209616448,0.21745007912309028,0.13977779916774535,0.18193366063195493,2
347.305,0.53,0.24785589059621332,0.24152210579160371,0.16353345330166053,0.20569467194893692,2
347.305,0.5499999999999999,0.26541032306564094,0.2593181534335468,0.18106712921096094,0.22323872613830092,2
347.305,0.57,0.2814360834035685,0.2755298053265422,0.19670331845435865,0.23906970092896357,2
347.305,0.59,0.296524551734517,0.2908155504695875,0.212852933798102,0.2546887427663095,2
347.305,0.6,0.30306290012357895,0.2974619362784675,0.2205041809982239,0.2617835405609014,2
347.305,0.61,0.3163868362329547,0.31094990080855245,0.23569963715361225,0.27604323669328346,2
347.305,0.63,0.33309761093724954,0.3278793367882784,0.2518311983792745,0.292464404658262,2
347.305,0.65,0.3567720911192229,0.35186056716491343,0.2779170436436398,0.31734456738143135,2
347.305,0.66,0.3612544793543584,0.35640395514276635,0.2849163883055579,0.32308543382995814,2
347.305,0.7,0.38974458701252684,0.3853096953005335,0.31610396956812253,0.3529242782903247,2
347.305,0.75,0.4308784157823166,0.42699615107670386,0.36474733577713014,0.39781287577972335,2
347.305,0.85,0.49741364764358353,0.4944548186075138,0.44175221977000967,0.4695829337067966,2
347.305,0.95,0.5488201572710963,0.5466412768962725,0.5096265653535803,0.5292233613123383,2
347.305,1.05,0.5916717014875378,0.5900824124209335,0.5670008801553651,0.5793362908214514,2
348.693,-0.4,0.11033982662281619,0.10220904832555212,0.11380041433957191,0.11207012048119405,2
348.693,-0.32,0.09020578775136964,0.08184362241287081,0.09735073458465426,0.09377826116801195,2
348.693,-0.24,0.07313568530733554,0.0646045265303363,0.08776562326893433,0.08045065428813494,2
348.693,-0.16,0.059202468300011385,0.050549902791075685,0.0725761570946836,0.06588931269734749,2
348.693,-0.08,0.050063999336126465,0.041340231156494434,0.05864582941430578,0.054354914375216126,2
348.693,0.0,0.047221359705106485,0.03849285186819471,0.0454741823008842,0.04634777100299534,2
348.693,0.08,0.048146463923743235,0.039472024945608905,0.035572050831993496,0.041859257377868365,2
348.693,0.14,0.054153186759569524,0.045559056292811095,0.03236758783252326,0.04326038729604639,2
348.693,0.2,0.06479743891331964,0.056332727199370436,0.028360592510739767,0.0465790157120297,2
348.693,0.25,0.07667043111526466,0.06834390353239637,0.03371698590120122,0.055193708508232936,2
348.693,0.3,0.0998377946943476,0.09175915524786493,0.04635189121614923,0.07309484295524842,2
348.693,0.35,0.12201724420440269,0.11417830188712776,0.05553265703210562,0.08877495061825416,2
348.693,0.4,0.14634880119018046,0.13880393765785265,0.07652271760510174,0.1114357593976411,2
348.693,0.45,0.18409001243922407,0.17696717927739258,0.10255617949568649,0.1433230959674553,2
348.693,0.5,0.219543758477298,0.21285003788539977,0.13671174833187527,0.17812775340458664,2
348.693,0.53,0.2430226582848338,0.23662967075206243,0.16035654316612466,0.20168960072547923,2
348.693,0.5499999999999999,0.26028299822369705,0.2541256129912845,0.17775774515091874,0.2190203716873079,2
348.693,0.57,0.2762909113094594,0.2703181532719563,0.19320252337373178,0.23474671734159558,2
348.693,0.59,0.29133751421350473,0.2855614085696417,0.20934817643672782,0.2503428453251163,2
348.693,0.6,0.2976813460100557,0.29200813587709323,0.21696205204983693,0.2573216990299463,2
348.693,0.61,0.31090457698705876,0.305394412414308,0.23206514825304425,0.2714848626200515,2
348.693,0.63,0.3276762581251462,0.32238497320111603,0.24828100278438206,0.28797863045476413,2
348.693,0.65,0.35129190423969925,0.34630423921022646,0.2742721546238518,0.3127820294317755,2
348.693,0.66,0.3555959972293973,0.3506663344111741,0.2811208448000596,0.31835842101472844,2
348.693,0.7,0.38418163393042337,0.3796670483008969,0.3124672866394205,0.3483244602849219,2
348.693,0.75,0.42546323145697246,0.4215007241663117,0.36097893643554363,0.39322108394625804,2
348.693,0.85,0.4922526171265811,0.489214469018877,0.43808494133730036,0.4651687792319407,2
348.693,0.95,0.5441980207366456,0.5419461790922375,0.5064647367317817,0.5253313787342136,2
348.693,1.05,0.5877097078633209,0.5860585651412833,0.5643277737602673,0.576018740811794,2
350.086,-0.4,0.11175401956359016,0.10347739251532079,0.1156041955197879,0.11367910754168903,2
350.086,-0.32,0.09159854037873824,0.08308700922078659,0.09912430554692905,0.09536142296283365,2
350.086,-0.24,0.07465208148598132,0.065970214825746,0.08910971242818377,0.08188089695708255,2
350.086,-0.16,0.06063637863410837,0.05183039641936192,0.07394530526451663,0.06729084194931251,2
350.086,-0.08,0.05146799282469063,0.04258990039161301,0.059490905200902694,0.05547944901279667,2
350.086,0.0,0.048375171046576695,0.0394888171267472,0.046185763270959135,0.047280467158767915,2
350.086,0.08,0.04901331266334563,0.040179391045178064,0.035779371019582173,0.0423963418414639,2
350.086,0.14,0.054695573807810635,0.04593930384967245,0.03231198695651313,0.043503780382161884,2
350.086,0.2,0.06500949536032918,0.05638105194161801,0.02824090884688288,0.04662520210360603,2
350.086,0.25,0.07665873898501145,0.06816855974883398,0.03350980954437423,0.05508427426469284,2
350.086,0.3,0.09910523355549,0.09085783149292449,0.045769542674053636,0.07243738811477182,2
350.086,0.35,0.12098635269505614,0.11297944733773602,0.054829723591660454,0.08790803814335829,2
350.086,0.4,0.14472219942034725,0.13700633253030728,0.07572258869510379,0.11022239405772552,2
350.086,0.45,0.18214556955055097,0.174854950852726,0.10150948790826302,0.141827528729407,2
350.086,0.5,0.21729095185563704,0.2104324999199585,0.13566689892917627,0.17647892539240667,2
350.086,0.53,0.24061804509974474,0.2340634507977767,0.159138195650218,0.19987812037498137,2
350.086,0.5499999999999999,0.25788695447259424,0.25157279563814117,0.17679543120808688,0.21734119284034056,2
350.086,0.57,0.2737723336539246,0.2676454093501212,0.19214246478332325,0.23295739921862393,2
350.086,0.59,0.28863438684365816,0.28270478303914526,0.2082295476042399,0.24843196722394903,2
350.086,0.6,0.2949887211130411,0.28916431627397443,0.21589367767146136,0.25544119939225124,2
350.086,0.61,0.30834435324173404,0.3026873059577567,0.23098938632234553,0.2696668697820398,2
350.086,0.63,0.3250035057137256,0.31956728988331917,0.2472111668612831,0.28610733628750434,2
350.086,0.65,0.3485857685261201,0.3434592748287545,0.2733466027100393,0.3109661856180797,2
350.086,0.66,0.35293271526315007,0.34786644246548026,0.28004419703200534,0.3164884561475777,2
350.086,0.7,0.3815728018095539,0.3769300754074254,0.3116057185468518,0.34658926017820285,2
350.086,0.75,0.4229274371688001,0.41884879482743465,0.36028688986170965,0.3916071635152549,2
350.086,0.85,0.48993606087414143,0.48680324222216576,0.43762174772853013,0.4637789043013358,2
350.086,0.95,0.5423055494872544,0.5399799879293232,0.5062578828993135,0.524281716193284,2
350.086,1.05,0.586130377274501,0.5844223919107076,0.5644956982204411,0.5753130377474711,2
351.486,-0.4,0.11085245393376303,0.10279471443828866,0.11436911825045976,0.11261078609211139,2
351.486,-0.32,0.0903272556020212,0.08203646697197327,0.09779966913826739,0.09406346237014429,2
351.486,-0.24,0.07299117305135946,0.06452910112692355,0.08806922196027606,0.08053019750581776,2
351.486,-0.16,0.05880713275184077,0.050221639511831326,0.07292106432931007,0.06586409854057543,2
351.486,-0.08,0.049466422639549805,0.04080819647344501,0.05858357526580135,0.05402499895267558,2
351.486,0.0,0.04627988130763774,0.037612575919106904,0.045614330257792116,0.04594710578271492,2
351.486,0.08,0.04718003589249889,0.03856572181636398,0.03543230355346749,0.04130616972298319,2
351.486,0.14,0.052848840748917235,0.04430974590520689,0.032238977414188276,0.042543909081552755,2
351.486,0.2,0.06324384236922351,0.05482979666897661,0.028449642543794694,0.045846742456509104,2
351.486,0.25,0.07526391727171573,0.06698828769026716,0.033859490768131495,0.054561704019923614,2
351.486,0.3,0.09820901353795844,0.09017559738656161,0.04643958744585,0.07232430049190422,2
351.486,0.35,0.12067187404714927,0.11287975168215156,0.055592541429772296,0.08813220773846078,2
351.486,0.4,0.14531835642819496,0.13782375592524176,0.07679317243374584,0.1110557644309704,2
351.486,0.45,0.1833411060567769,0.1762699899820843,0.10289132765626727,0.1431162168565221,2
351.486,0.5,0.21933261732675563,0.21269759815686698,0.13720354015199973,0.17826807873937767,2
351.486,0.53,0.24314846884720515,0.23681783438653692,0.16077192697596127,0.2019601979115832,2
351.486,0.5499999999999999,0.26059130981016276,0.25449784188773833,0.17841604922222754,0.21950367951619515,2
351.486,0.57,0.2766788612390273,0.27077049552613774,0.19393386518582623,0.23530636321242676,2
351.486,0.59,0.2918563532183557,0.2861459096142114,0.21009706367316042,0.25097670844575803,2
351.486,0.6,0.2983978324901209,0.2927933160889956,0.21757265491397298,0.25798524370204695,2
351.486,0.61,0.3117800677170911,0.30633896441249164,0.23283754917586483,0.272308808446478,2
351.486,0.63,0.32869753161180976,0.32347657292269105,0.24893739005007026,0.28881746083094,2
351.486,0.65,0.3525865099826003,0.3476718249425145,0.27513451897931485,0.3138605144809576,2
351.486,0.66,0.3569621899905324,0.3521065439965858,0.28208573530415704,0.31952396264734473,2
351.486,0.7,0.38589415039849567,0.3814564185454713,0.3135086390963113,0.34970139474740347,2
351.486,0.75,0.4273835968121781,0.4234972464756629,0.36211828444247707,0.3947509406273276,2
351.486,0.85,0.4946549572463651,0.49169404514153825,0.43945592150126406,0.46705543937381455,2
351.486,0.95,0.5470017941954521,0.5448265545450797,0.5080050056989425,0.5275033999471973,2
351.486,1.05,0.5906560683818123,0.5890768968596827,0.5658584917790621,0.5782572800804372,2
352.891,-0.4,0.11212353128744942,0.10452992529331598,0.11637426441908805,0.11424889785326874,2
352.891,-0.32,0.09163228533076642,0.08381831901824875,0.09980896916912803,0.09572062724994723,2
352.891,-0.24,0.07418077724799568,0.06620384371051405,0.08979579213065905,0.08198828468932737,2
352.891,-0.16,0.060002864851942325,0.051909076846457236,0.07440162126621475,0.06720224305907854,2
352.891,-0.08,0.050494099429829846,0.042329049536791494,0.06016632035061108,0.05533020989022046,2
352.891,0.0,0.047211948863981765,0.03903726480713784,0.046965374939268396,0.047088661901625084,2
352.891,0.08,0.04771048703397161,0.03958288573444696,0.0360894253115672,0.041899956172769405,2
352.891,0.14,0.05327757391245014,0.04522026901739436,0.03286806308923473,0.043072818500842436,2
352.891,0.2,0.06346094856303441,0.05552121995544325,0.028408327628642503,0.04593463809583846,2
352.891,0.25,0.07502001624209251,0.06720724591214544,0.03352324722317988,0.054271631732636195,2
352.891,0.3,0.0977022248383439,0.09011684995164537,0.04578930932179082,0.07174576708006736,2
352.891,0.35,0.11950537885766926,0.11214089235818202,0.054701492367540766,0.08710343561260502,2
352.891,0.4,0.14331960451335338,0.1362236860320511,0.07559819471676547,0.10945889961505942,2
352.891,0.45,0.18056888593080764,0.1738598887199847,0.10111712333465239,0.14084300463273003,2
352.891,0.5,0.21576621737332613,0.20945363328403016,0.13512284484165993,0.17544453110749303,2
352.891,0.53,0.23910963450840386,0.2330744255393517,0.15846264753840972,0.1987861410234068,2
352.891,0.5499999999999999,0.25637026751383674,0.25055438679896413,0.17612370279410522,0.21624698515397098,2
352.891,0.57,0.2722226448134106,0.2665766159877052,0.19140643552316636,0.23181454016828845,2
352.891,0.59,0.2871913091054054,0.28172680914680104,0.20730571149934332,0.24724851030237438,2
352.891,0.6,0.2936208254627636,0.28825371790299936,0.2150768748828277,0.2543488501727956,2
352.891,0.61,0.30684131133797055,0.30162520553978256,0.23018112720710335,0.26851121927253696,2
352.891,0.63,0.3234795170910103,0.31846585944390066,0.24614307477985845,0.28481129593543436,2
352.891,0.65,0.3471566905328228,0.34242669654381386,0.2722308347906681,0.3096937626617454,2
352.891,0.66,0.35149282585778396,0.3468175120467374,0.2791552031918023,0.31532401452479314,2
352.891,0.7,0.3800381081091584,0.3757491682425788,0.31052132314393455,0.34527971562654647,2
352.891,0.75,0.4213219809900536,0.41754825162527365,0.3590706509677003,0.39019631597887694,2
352.891,0.85,0.48827876497945766,0.4853698421918581,0.4361511205268634,0.46221494275316055,2
352.891,0.95,0.5405440840466869,0.538375332398357,0.5046859317771466,0.5226150079119167,2
352.891,1.05,0.5843771895091225,0.5827751126105764,0.5627548265586357,0.5735660080338791,2
354.301,-0.4,0.11523640843040234,0.1081001410337182,0.11888415757407092,0.11706028300223663,2
354.301,-0.32,0.09424558660717253,0.08689468682533923,0.10203356526099028,0.0981395759340814,2
354.301,-0.24,0.07637765451177553,0.06886897037627834,0.09176025277075527,0.0840689536412654,2
354.301,-0.16,0.06153124376937609,0.05390618338866253,0.0761696261083405,0.06885043493885828,2
354.301,-0.08,0.05145409788423065,0.04375766026818487,0.06149637062341459,0.05647523425382262,2
354.301,0.0,0.047245279059710474,0.0395317902286037,0.04761421920674738,0.04742974913322893,2
354.301,0.08,0.046811787470890195,0.03913446581686322,0.036486971242010384,0.041649379356450286,2
354.301,0.14,0.05171236816320573,0.044095358341622704,0.03239674826811258,0.04205455821565915,2
354.301,0.2,0.06102351147550426,0.05350871012516065,0.02751977943171073,0.0442716454536075,2
354.301,0.25,0.07219544005441864,0.06479603458170612,0.032302522677059756,0.052248981365739196,2
354.301,0.3,0.09400485238165893,0.0868107733621965,0.04383648637747424,0.06892066937956659,2
354.301,0.35,0.1153460168536201,0.10835351191099124,0.05242939306279995,0.08388770495821002,2
354.301,0.4,0.13879921786785965,0.13205472483387062,0.07286954688904117,0.10583438237845041,2
354.301,0.45,0.1755989881191185,0.1692132476303185,0.09812819770890882,0.13686359291401368,2
354.301,0.5,0.21059347886948754,0.20457869426462116,0.1317919327259568,0.17119270579772217,2
354.301,0.53,0.23383775471368906,0.22808346203318436,0.15497793208119232,0.1944078433974407,2
354.301,0.5499999999999999,0.25106680986911967,0.24551835569372968,0.17261987178945465,0.21184334082928716,2
354.301,0.57,0.26694229891520543,0.2615548042328991,0.18789231149671554,0.22741730520596048,2
354.301,0.59,0.2818681689603655,0.2766513918899978,0.20380671565526282,0.24283744230781415,2
354.301,0.6,0.2883596896623538,0.28323594105480965,0.21146106153265876,0.24991037559750628,2
354.301,0.61,0.30158331104911196,0.2966020351521994,0.22658789029301707,0.2640856006710645,2
354.301,0.63,0.3183782044185276,0.31358937775501866,0.24262484420381497,0.28050152431117126,2
354.301,0.65,0.34205793238539817,0.3375377321963033,0.2686683647902468,0.3053631485878225,2
354.301,0.66,0.3465157539040313,0.3420489741176771,0.27568618540151435,0.3111009696527728,2
354.301,0.7,0.37533866001715127,0.37123993622707696,0.30720482316245057,0.3412717415898009,2
354.301,0.75,0.416943667205659,0.4133346000513779,0.3559345378566894,0.3864391025311742,2
354.301,0.85,0.48485878334229054,0.4820779176161945,0.43367731879557114,0.45926805106893087,2
354.301,0.95,0.5380233410081161,0.5359493592136968,0.5030170341645146,0.5205201875863154,2
354.301,1.05,0.5825653477399999,0.5810324739173661,0.5617994579051153,0.5721824028225576,2
355.717,-0.4,0.11624638000732958,0.10882809058990742,0.12045568860528987,0.11835103430630972,2
355.717,-0.32,0.09550797071387909,0.08786802060972074,0.10347211607950027,0.09949004339668968,2
355.717,-0.24,0.07797174562144939,0.07016907614696068,0.09331442937479664,0.08564308749812302,2
355.717,-0.16,0.06337230182571962,0.055452127546437815,0.07717080141327601,0.07027155161949782,2
355.717,-0.08,0.05336766190329163,0.04537515082072513,0.06268493055289215,0.05802629622809189,2
355.717,0.0,0.04952419852609906,0.04152041005575578,0.04864510989642312,0.04908465421126109,2
355.717,0.08,0.04920541490017809,0.04124436504697891,0.03747722130695368,0.04334131810356588,2
355.717,0.14,0.05386570693646088,0.04596685687538553,0.033072139242778,0.04346892308961944,2
355.717,0.2,0.062828255494117,0.05503360539100846,0.027800290242753087,0.04531427286843504,2
355.717,0.25,0.07361299748613315,0.06593394005063943,0.03272433616302099,0.05316866682457707,2
355.717,0.3,0.09496268864503768,0.08749168301319563,0.044158229558811025,0.06956045910192435,2
355.717,0.35,0.11583440002103051,0.10856623232659468,0.05240237745640723,0.08411838873871888,2
355.717,0.4,0.1385647002270683,0.13154369086560055,0.07270859421162917,0.10563664721934873,2
355.717,0.45,0.1746919548857782,0.1680326564444508,0.09782998853597252,0.13626097171087537,2
355.717,0.5,0.20866645690594549,0.20237648608701547,0.13142674793963063,0.17004660242278807,2
355.717,0.53,0.2314963738814315,0.2254697276402598,0.15451798406683487,0.19300717897413316,2
355.717,0.5499999999999999,0.24846752420049248,0.24265104036508964,0.17207606476524456,0.21027179448286853,2
355.717,0.57,0.26397500672842145,0.25831963400929625,0.18734561535520217,0.2256603110418118,2
355.717,0.59,0.27871785755119405,0.27323682756094014,0.20326953657159175,0.2409936970613929,2
355.717,0.6,0.28496933750849773,0.2795820239875145,0.2107884660485747,0.24787890177853622,2
355.717,0.61,0.2982076363907672,0.29296833807837297,0.22592242625384423,0.26206503132230574,2
355.717,0.63,0.31468618366664086,0.3096428237815808,0.24198537445524443,0.27833577906094265,2
355.717,0.65,0.3380376092610212,0.3332693021307097,0.2679347016513999,0.30298615545621055,2
355.717,0.66,0.3425097552684707,0.33779617208367896,0.2750217327012081,0.3087657439848394,2
355.717,0.7,0.37102197120696634,0.36668815447908615,0.306640984277187,0.33883147774207667,2
355.717,0.75,0.41236802926473065,0.408541870125056,0.35517775390451545,0.383772891584623,2
355.717,0.85,0.4801108109508043,0.4771475246957759,0.4329962411295365,0.4565535260401704,2
355.717,0.95,0.5338514258507348,0.5316342100974428,0.502404075968512,0.5181277509096234,2
355.717,1.05,0.5790584760553592,0.5774137856877913,0.5613493866814508,0.5702039313684051,2
357.139,-0.4,0.11888558204501018,0.11219863902301647,0.12210765388441154,0.12049661796471087,2
357.139,-0.32,0.09762143115412017,0.09072647556753584,0.10504020123838712,0.10133081619625364,2
357.139,-0.24,0.07962574676243042,0.07257863388194626,0.0945651059568034,0.08709542635961691,2
357.139,-0.16,0.0646093781441722,0.05745092511653054,0.07853961040998358,0.07157449427707789,2
357.139,-0.08,0.05430134624789168,0.04707476819236825,0.06372317723303408,0.05901226174046288,2
357.139,0.0,0.049775060206071246,0.04253300718958674,0.049283738493819354,0.0495293993499453,2
357.139,0.08,0.04877801360708185,0.041570772112818524,0.03764777834166319,0.04321289597437252,2
357.139,0.14,0.05282985222979962,0.04567562425474345,0.03290033967871761,0.042865095954258615,2
357.139,0.2,0.061066656244510506,0.05400135114176059,0.027345681520293097,0.0442061688824018,2
357.139,0.25,0.07118901042756265,0.06422280428620522,0.031993013009576333,0.05159101171856949,2
357.139,0.3,0.09209318161742415,0.08531158464762631,0.042715713059970295,0.06740444733869722,2
357.139,0.35,0.11221357715264432,0.10560706378058193,0.050582919320085046,0.08139824823636468,2
357.139,0.4,0.1347150603465317,0.12832676554700517,0.07064097418572375,0.10267801726612771,2
357.139,0.45,0.1702096066026972,0.16413896946920764,0.09537553683610685,0.13279257171940204,2
357.139,0.5,0.20380392421547516,0.19806001335266998,0.1286575450284052,0.16623073462194018,2
357.139,0.53,0.22662761855064678,0.22112133227694292,0.1515347175589426,0.1890811680547947,2
357.139,0.5499999999999999,0.2433586548923319,0.23803728294474258,0.1690474676413795,0.20620306126685573,2
357.139,0.57,0.25892343639692117,0.2537486537884481,0.18429340050334758,0.22160841845013438,2
357.139,0.59,0.27371082670468244,0.2686935547430401,0.20022395285537603,0.23696738978002924,2
357.139,0.6,0.2799580515066087,0.27502470969847537,0.20763289292258041,0.24379547221459455,2
357.139,0.61,0.2930252286136485,0.28822359695377986,0.2226370679223822,0.25783114826801534,2
357.139,0.63,0.3094917389122963,0.3048671512980496,0.23877301013818936,0.27413237452524286,2
357.139,0.65,0.33284203817283686,0.3284659812984898,0.2645725345042293,0.29870728633853305,2
357.139,0.66,0.33746040288345924,0.33313595448800903,0.2717931137454265,0.30462675831444286,2
357.139,0.7,0.3659681956006734,0.3619881787945428,0.3034253347698248,0.3346967651852491,2
357.139,0.75,0.4074762859274516,0.403958814360421,0.35194061480445316,0.37970845036595235,2
357.139,0.85,0.4762507932636409,0.4735294175355319,0.43037073332905074,0.4533107632963458,2
357.139,0.95,0.530882522060866,0.5288500103081799,0.5003117970247053,0.5155971595427856,2
357.139,1.05,0.5771072272109448,0.5756056360440558,0.5599477360185181,0.5685274816147314,2
358.567,-0.4,0.11686945917684713,0.11029941776088205,0.1212428077863261,0.11905613348158661,2
358.567,-0.32,0.09569861910428726,0.08892645445698985,0.10428174017890314,0.0999901796415952,2
358.567,-0.24,0.07789532088510857,0.07097574967152177,0.09399796377158069,0.08594664232834463,2
358.567,-0.16,0.06297587607597015,0.055948162144965785,0.07780327621965383,0.070389576147812,2
358.567,-0.08,0.05271864886935736,0.04562370662534414,0.06312530701612756,0.05792197794274246,2
358.567,0.0,0.04855615236050441,0.0414481742210935,0.04895932331353385,0.04875773783701913,2
358.567,0.08,0.04794023073792378,0.04086821964242117,0.03774949367716891,0.042844862207546346,2
358.567,0.14,0.05254129273703901,0.04552448080432732,0.033219806502039886,0.04288054961953945,2
358.567,0.2,0.0614691037012311,0.054545589804747836,0.027651755087213507,0.044560429394222306,2
358.567,0.25,0.07198532180907544,0.06516297657007883,0.03239372815738237,0.0521895249832289,2
358.567,0.3,0.09340181570399772,0.08676588556493606,0.04360619646197121,0.06850400608298446,2
358.567,0.35,0.1140030555438519,0.10754515370270826,0.05173700357116049,0.08287002955750619,2
358.567,0.4,0.13664409145750783,0.13040325996741414,0.07195839810506692,0.10430124478128738,2
358.567,0.45,0.1725200607194886,0.16659577600301242,0.09682786245285006,0.13467396158616934,2
358.567,0.5,0.20631236461253522,0.20071120916914095,0.13024675032096572,0.16827955746675047,2
358.567,0.53,0.22895757642332237,0.22358569007667406,0.15321008529601818,0.1910838308596703,2
358.567,0.5499999999999999,0.24593799104702901,0.24075131368529123,0.1708737504115148,0.2084058707292719,2
358.567,0.57,0.26140144581375946,0.2563561693853783,0.1861675148546774,0.22378448033421844,2
358.567,0.59,0.27617171668218904,0.27128047057454785,0.20208036998892573,0.23912604333555737,2
358.567,0.6,0.2823556810206838,0.27754616914817365,0.20954334078384196,0.24594951090226289,2
358.567,0.61,0.2954941060781362,0.2908137331233236,0.22466460684041367,0.26007935645927494,2
358.567,0.63,0.3118387786391862,0.3073289920895905,0.24066254497387782,0.276250661806532,2
358.567,0.65,0.33522102963636735,0.3309548493623413,0.2665516075289638,0.30088631858266557,2
358.567,0.66,0.33962788500514696,0.3354084125855749,0.27368152783861666,0.3066547064218818,2
358.567,0.7,0.36808245766213205,0.3641977360576164,0.30527764394086576,0.3366800508014989,2
358.567,0.75,0.40928805213944963,0.4058498075880048,0.353763648780074,0.38152585045976184,2
358.567,0.85,0.4769125461924206,0.4742358166377315,0.43182956371178344,0.45437105495210206,2
358.567,0.95,0.5306889066766651,0.5286743489450514,0.5014270118122639,0.5160579592444645,2
358.567,1.05,0.5760040155002217,0.57449945516468,0.5604807095924225,0.5682423625463221,2
360.0,-0.4,0.12489220342477236,0.11787791055068075,0.12441564720099287,0.12465392531288261,2
360.0,-0.32,0.10305522636503475,0.09581511094480909,0.10734544442840252,0.10520033539671864,2
360.0,-0.24,0.08431472644468381,0.07690602295732069,0.09666215943233578,0.0904884429385098,2
360.0,-0.16,0.06841999751078542,0.06088483910260336,0.0804125783881163,0.07441628794945086,2
360.0,-0.08,0.056932497908818505,0.0493124117237394,0.0652702158572259,0.0611013568830222,2
360.0,0.0,0.05115281459406985,0.0435025918749222,0.050548516568189,0.050850665581129426,2
360.0,0.08,0.04867812327599638,0.04104869862101062,0.03833199181829397,0.043505057547145176,2
360.0,0.14,0.05189954228044777,0.04431616747801319,0.03317802905131256,0.042538785665880166,2
360.0,0.2,0.059174855214009336,0.051676667252276154,0.02691151428131136,0.04304318474766035,2
360.0,0.25,0.06857418038637832,0.061174420425934795,0.030882940133555116,0.04972856025996672,2
360.0,0.3,0.08843022496583929,0.08121616268796551,0.04082788758631343,0.06462905627607636,2
360.0,0.35,0.10776854831487621,0.10073300857954912,0.04822979242287818,0.0779991703688772,2
360.0,0.4,0.12920544987474486,0.12239043439336195,0.06764457988812649,0.09842501488143568,2
360.0,0.45,0.163828289495654,0.15733992224586107,0.09164805657368477,0.1277381730346694,2
360.0,0.5,0.1970206664333111,0.1908731048245823,0.12434602552141694,0.160683345977364,2
360.0,0.53,0.21931843417279642,0.2134129323515578,0.1469347007704836,0.18312656747164002,2
360.0,0.5499999999999999,0.23596938580625534,0.23025836863977017,0.1642896775091398,0.2001295316576976,2
360.0,0.57,0.251359883346557,0.24580070996776654,0.17935600837971838,0.2153579458631377,2
360.0,0.59,0.2659025249625324,0.2605055870878561,0.19513728073199543,0.23051990284726392,2
360.0,0.6,0.2722577770182691,0.2669512164053115,0.202464859568868,0.23736131829356855,2
360.0,0.61,0.28520984136822625,0.2800389485445187,0.2175826975147403,0.2513962694414833,2
360.0,0.63,0.30161457855693763,0.29662714069161944,0.23354050180739166,0.2675775401821646,2
360.0,0.65,0.3250207919410959,0.3202957422939915,0.25917557391271556,0.2920981829269057,2
360.0,0.66,0.329461094400495,0.3247874393161151,0.266346713596633,0.297903903998564,2
360.0,0.7,0.35811967254555094,0.3538069249685788,0.2978468978971289,0.3279832852213399,2
360.0,0.75,0.3997181187441347,0.3958888807256399,0.3463742768777188,0.37304619781092674,2
360.0,0.85,0.4684313544696239,0.465432971904023,0.4250524965680248,0.44674192551882436,2
360.0,0.95,0.5234191166690745,0.5211461562585524,0.49550976217121084,0.5094644394201426,2
360.0,1.05,0.5698778634086683,0.5681674566620601,0.5556954187335228,0.5627866410710956,2
