temperature,K,JS_contact_full,JS_contact_overlap,JS_rg,combined_score,n_direct_seeds
280.0,-0.4,0.05482918782409285,0.017787977013207414,0.070908337402152,0.06286876261312242,2
280.0,-0.32,0.05972029217328569,0.02300757492798971,0.061721816887687325,0.06072105453048651,2
280.0,-0.24,0.06858366333139627,0.03243101947515878,0.05963121850100074,0.06410744091619851,2
280.0,-0.16,0.0790657070319874,0.043577472762038105,0.05762491023407085,0.06834530863302912,2
280.0,-0.08,0.0983915312917765,0.06403700632693252,0.056023593529523935,0.07720756241065022,2
280.0,0.0,0.12897047521140947,0.09628736045142586,0.05773546190188241,0.09335296855664595,2
280.0,0.08,0.1628150211724252,0.1320320194947347,0.0689858689362432,0.1159004450543342,2
280.0,0.14,0.19181601018114955,0.16262019501255115,0.0826345432884893,0.13722527673481943,2
280.0,0.20000000000000004,0.22288584092897612,0.1953942238365481,0.09224666229395254,0.15756625161146431,2
280.0,0.25,0.25496404989911275,0.2292476933622875,0.11010771229389693,0.18253588109650484,2
280.0,0.3,0.29574449986311213,0.27220803990804954,0.13970542043620715,0.21772496014965964,2
280.0,0.3499999999999999,0.326510289072659,0.30466148369149376,0.1574759659482028,0.2419931275104309,2
280.0,0.4,0.36152805899713797,0.34176694191600415,0.1916458634655442,0.2765869612313411,2
280.0,0.45,0.4034737370136323,0.38594977872786085,0.22740095007316952,0.3154373435434009,2
280.0,0.5,0.43917770039553494,0.4236224273516451,0.26960232788948657,0.35439001414251076,2
280.0,0.53,0.45972364185642,0.44539697113377064,0.2962694771598125,0.3779965595081163,2
280.0,0.55,0.4728467207586211,0.45934604610147556,0.31268340388904425,0.3927650623238327,2
280.0,0.57,0.48751317158730956,0.47476744266687404,0.3298705114009933,0.40869184149415144,2
280.0,0.59,0.4991517136657768,0.48711635673986636,0.34659356039965117,0.422872637032714,2
280.0,0.6,0.5027014938333895,0.49096172622130635,0.3548404761226598,0.4287709849780246,2
280.0,0.61,0.5130533547861169,0.5018878145523327,0.3700419659572759,0.4415476603716964,2
280.0,0.63,0.5254772017760634,0.5149524714799463,0.3839018667558105,0.45468953426593695,2
280.0,0.65,0.542490624216952,0.5328917456597537,0.4085071896171019,0.475498906917027,1
280.0,0.66,0.5449279111172056,0.5355225592583155,0.41482091259989307,0.47987441185854934,2
280.0,0.7,0.5617319468142375,0.5534846142199736,0.4410930705180523,0.501412508666145,2
280.0,0.75,0.5842495542762811,0.5773814994675311,0.4820337357947393,0.5331416450355102,2
280.0,0.85,0.6239168522707892,0.6194250254001317,0.543560240379621,0.5837385463252052,1
280.0,0.95,0.6439957142287014,0.6410024206687628,0.5884631915134186,0.61622945287106,1
280.0,1.05,0.6651976044214638,0.6633778152414792,0.6238932029515311,0.6445454036864975,1
281.119,-0.4,0.05561593800871881,0.019042564829901333,0.07198853219928894,0.06380223510400387,2
281.119,-0.32,0.06025351628596101,0.02399843893038196,0.06263808630453843,0.06144580129524972,2
281.119,-0.24,0.06848352660198709,0.03275501908865466,0.060100918634742276,0.06429222261836468,2
281.119,-0.16,0.0785371933966427,0.04345142142981716,0.057825828657235956,0.06818151102693933,2
281.119,-0.08,0.09719556573867372,0.06320267779523359,0.05568837431724713,0.07644197002796042,2
281.119,0.0,0.12712947157612586,0.09475010786143263,0.05658642279312048,0.09185794718462317,2
281.119,0.08,0.15991359874362407,0.12934535044725784,0.06723704643367431,0.11357532258864919,2
281.119,0.14,0.1881513094771633,0.1590937779472284,0.08040070636791974,0.13427600792254152,2
281.119,0.20000000000000004,0.21849529102287601,0.19106345819206344,0.08931704351701628,0.15390616726994616,2
281.119,0.25,0.24988604181776825,0.22414290374690116,0.1068096584038824,0.17834785011082532,2
281.119,0.3,0.290124631104291,0.26647983353558274,0.13570883243309717,0.21291673176869408,2
281.119,0.3499999999999999,0.32047503065603,0.2984583854937475,0.15324371694981917,0.2368593738029246,2
281.119,0.4,0.35496399637822423,0.33495825179153194,0.18711287693129813,0.2710384366547612,2
281.119,0.45,0.396589429719827,0.3787611382966395,0.2224061651888928,0.3094977974543599,2
281.119,0.5,0.43207380089825304,0.41616800474186133,0.26436673056108223,0.34822026572966763,2
281.119,0.53,0.4526001626633103,0.43790395011639993,0.2908321755907082,0.3717161691270092,2
281.119,0.55,0.46573374387409777,0.45185416224494923,0.3072652696613619,0.3864995067677298,2
281.119,0.57,0.48040340116192076,0.467268682123715,0.3245054341679937,0.40245441766495726,2
281.119,0.59,0.49207638800717257,0.47964566453942137,0.34119650434539583,0.4166364461762842,2
281.119,0.6,0.4956745863428518,0.4835398703914658,0.3493614096368391,0.42251799798984546,2
281.119,0.61,0.5060370762041068,0.4944708346918121,0.36465451591119097,0.4353457960576489,2
281.119,0.63,0.5185751142573777,0.5076528042365542,0.37833092455252104,0.44845301940494936,2
281.119,0.65,0.5356534129082771,0.5256476113766533,0.40286166848527516,0.4692575406967761,1
281.119,0.66,0.5381611196364817,0.5283547566609345,0.40964053927130684,0.4739008294538943,2
281.119,0.7,0.5551883048141786,0.546544978771859,0.4356716854676387,0.49542999514090863,2
281.119,0.75,0.5780592940835259,0.5708102130647708,0.4768242940363969,0.5274417940599614,2
281.119,0.85,0.618675756429309,0.6138435270733347,0.5389417017179017,0.5788087290736054,1
281.119,0.95,0.6397103098632113,0.6364315197571622,0.5845128160236813,0.6121115629434464,1
281.119,1.05,0.6617762965184162,0.6597171693046935,0.6207663026217822,0.6412712995700992,1
282.243,-0.4,0.05557199896809617,0.019525957411337173,0.07304015878213559,0.06430607887511589,2
282.243,-0.32,0.05980713932946067,0.024048076206689945,0.06368229331662695,0.061744716323043805,2
282.243,-0.24,0.06801979472896043,0.032779928525298985,0.061173251862851136,0.06459652329590579,2
282.243,-0.16,0.07772600790261269,0.04310330821794972,0.058780825127524985,0.06825341651506883,2
282.243,-0.08,0.09613016962921322,0.06257807759780887,0.056303263277993565,0.0762167164536034,2
282.243,0.0,0.12588732946764317,0.09392302479731533,0.05726877332366075,0.09157805139565196,2
282.243,0.08,0.15838169228741017,0.12819698128630724,0.06769851897860804,0.1130401056330091,2
282.243,0.14,0.18655504374662538,0.15785700592087254,0.0806825248493792,0.13361878429800228,2
282.243,0.20000000000000004,0.21664592781687375,0.18953645972198313,0.08942514049210229,0.153035534154488,2
282.243,0.25,0.2479185672727,0.2224645670716569,0.10668851527115564,0.17730354127192782,2
282.243,0.3,0.28805416102455195,0.2646509454410564,0.1358412227199285,0.21194769187224022,2
282.243,0.3499999999999999,0.31842157211256905,0.29661840064518713,0.15298899067017172,0.23570528139137037,2
282.243,0.4,0.35294045902285975,0.333108235760069,0.18659953386406503,0.2697699964434624,2
282.243,0.45,0.39457503135627914,0.37687943351808273,0.22181172970715135,0.30819338053171524,2
282.243,0.5,0.4299977414259103,0.4141805417568116,0.2635366306929367,0.34676718605942347,2
282.243,0.53,0.4505104607065964,0.43587560937755754,0.29014042907276416,0.3703254448896803,2
282.243,0.55,0.46368965192699096,0.44985829782012526,0.30633295933690785,0.3850113056319494,2
282.243,0.57,0.4783330998678308,0.46523017939398625,0.3233417493641674,0.4008374246159991,2
282.243,0.59,0.49001662958265435,0.47760359410624353,0.34017312076501427,0.4150948751738343,2
282.243,0.6,0.4935596579081182,0.4814336598340804,0.3482617059655516,0.4209106819368349,2
282.243,0.61,0.5040055696479104,0.49244296928176684,0.36360196202108497,0.4338037658344977,2
282.243,0.63,0.5165141667393756,0.5055813680541716,0.3772308118360651,0.44687248928772033,2
282.243,0.65,0.5334913390059886,0.5234522395489547,0.4016651519130506,0.46757824545951954,1
282.243,0.66,0.5360590257105086,0.526217178453029,0.4083988796791014,0.47222895269480497,2
282.243,0.7,0.5530841784983538,0.5443864578591905,0.4345204280782211,0.49380230328828745,2
282.243,0.75,0.5759981290688874,0.5686765794679618,0.47562350049135416,0.5258108147801208,2
282.243,0.85,0.616519467362491,0.6115799724459643,0.5376498319201295,0.5770846496413102,1
282.243,0.95,0.6378346901152956,0.6344548383103421,0.583370840527006,0.6106027653211508,1
282.243,1.05,0.6602475551836007,0.6581021829750848,0.6196261138328604,0.6399368345082306,1
283.371,-0.4,0.05384255907847556,0.019873364184774298,0.0735742525782535,0.06370840582836453,2
283.371,-0.32,0.05741909987654342,0.023691844179687255,0.06383677755590951,0.060627938716226466,2
283.371,-0.24,0.06491202622431327,0.03164345493644345,0.061080049147360746,0.062996037685837,2
283.371,-0.16,0.07399645346197006,0.041279818809681304,0.05836107361454389,0.06617876353825697,2
283.371,-0.08,0.09173055041804576,0.05998476664357423,0.05582784626602939,0.07377919834203758,2
283.371,0.0,0.12078255025887716,0.09049115159580187,0.056603947812729524,0.08869324903580333,2
283.371,0.08,0.15274396884689612,0.12408957998046227,0.0664726710461568,0.10960831994652645,2
283.371,0.14,0.18067204359931116,0.15339505674584192,0.07899242752625796,0.12983223556278456,2
283.371,0.20000000000000004,0.21063395183211817,0.1848365705616405,0.08777960973560305,0.1492067807838606,2
283.371,0.25,0.2418348305867862,0.21758271644791444,0.10490567921863093,0.17337025490270858,2
283.371,0.3,0.2819461805401996,0.2596177995646901,0.13382375510065647,0.20788496782042803,2
283.371,0.3499999999999999,0.3123529779178338,0.2915265265848688,0.15080505963641622,0.231579018777125,2
283.371,0.4,0.34707244465994835,0.3281044459182966,0.1843951256741252,0.2657337851670368,2
283.371,0.45,0.38895999599069164,0.3720117231688228,0.21952846216984434,0.304244229080268,2
283.371,0.5,0.4247589449196645,0.40960179875902214,0.2613025953150465,0.3430307701173555,2
283.371,0.53,0.4454990619331166,0.4314681557202015,0.2879310828301195,0.36671507238161805,2
283.371,0.55,0.45889553055251586,0.44563359107906986,0.3040849630558564,0.38149024680418614,2
283.371,0.57,0.4737079447919562,0.46114323394819173,0.32118628558250517,0.3974471151872307,2
283.371,0.59,0.48555305324339215,0.47364692415007553,0.3379473348103662,0.4117501940268792,2
283.371,0.6,0.4891975816194337,0.47757059565847315,0.34604142208737454,0.41761950185340413,2
283.371,0.61,0.49977575633783766,0.488685131004557,0.36144076445920237,0.43060826039852,2
283.371,0.63,0.5125344449868211,0.5020541306591951,0.375059445901669,0.4437969454442451,2
283.371,0.65,0.5297924164754232,0.5201743560961148,0.39994052056388607,0.46486646851965463,1
283.371,0.66,0.532447505026493,0.5230205682040803,0.4063913186794437,0.4694194118529683,2
283.371,0.7,0.5498885973393228,0.5415645436014879,0.43270582427698867,0.49129721080815575,2
283.371,0.75,0.5733388513038471,0.566343575310229,0.4741138804327589,0.523726365868303,2
283.371,0.85,0.6150670912436544,0.6103829839952879,0.5364879045833828,0.5757774979135186,1
283.371,0.95,0.6371475555452715,0.6339652625766474,0.5826839413212925,0.609915748433282,1
283.371,1.05,0.6599333775141514,0.6579194040358352,0.6196748672018384,0.6398041223579949,1
284.504,-0.4,0.053453669292500776,0.019624048531393254,0.07285575457856752,0.06315471193553415,2
284.504,-0.32,0.056739357640141985,0.023135376768059407,0.06341722219922712,0.06007828991968455,2
284.504,-0.24,0.06367542742194685,0.03050033970031228,0.06041830628785859,0.06204686685490272,2
284.504,-0.16,0.07257467367370193,0.0399450412708303,0.05758672253577039,0.06508069810473616,2
284.504,-0.08,0.08983059699356101,0.05814651238115123,0.054746718134992045,0.07228865756427652,2
284.504,0.0,0.11863443577036648,0.08840045003860406,0.05482506928115236,0.08672975252575942,2
284.504,0.08,0.1502038784023258,0.12158090898207131,0.06473190671071787,0.10746789255652184,2
284.504,0.14,0.17778588018586394,0.15052086581413804,0.07700868607172609,0.127397283128795,2
284.504,0.20000000000000004,0.20738603863894306,0.18156583684509436,0.08549920831637245,0.14644262347765774,2
284.504,0.25,0.23831950551922115,0.21401152966348774,0.10227178086287146,0.17029564319104631,2
284.504,0.3,0.27823918178373463,0.25582600136689243,0.13096105697173777,0.2046001193777362,2
284.504,0.3499999999999999,0.30844647110581447,0.2875039079342433,0.1477731821226175,0.22810982661421597,2
284.504,0.4,0.3430990664457594,0.32398938617527634,0.18115164885823692,0.2621253576519982,2
284.504,0.45,0.38485693359273965,0.36773483807887475,0.2160787635561776,0.30046784857445863,2
284.504,0.5,0.42060459145686757,0.4052504881930594,0.2577261862796664,0.33916538886826697,2
284.504,0.53,0.44132630044702786,0.42708360508038107,0.28427376553396,0.3628000329904939,2
284.504,0.55,0.4546582059255463,0.44116909487479494,0.3004678021512436,0.37756300403839493,2
284.504,0.57,0.4695198929396681,0.4567230211994756,0.31769080524295223,0.3936053490913102,2
284.504,0.59,0.48145650616147323,0.469317176087227,0.33450833652169065,0.4079824213415819,2
284.504,0.6,0.48511136129047144,0.47324840459676265,0.3426497065645949,0.4138805339275332,2
284.504,0.61,0.4956336915417426,0.4842980962488855,0.3578121847777119,0.4267229381597272,2
284.504,0.63,0.5083167783994835,0.4975802494568743,0.3716127829129225,0.43996478065620304,2
284.504,0.65,0.5257072673173737,0.5158302181723879,0.3962846848372965,0.4609959760773351,1
284.504,0.66,0.528330682009607,0.5186404937122843,0.4030824180194269,0.46570655001451694,2
284.504,0.7,0.5458479973543116,0.5372557912596341,0.4293965128416989,0.4876222550980052,2
284.504,0.75,0.5694518589470875,0.5621858482909983,0.4708252526261233,0.5201385557866054,2
284.504,0.85,0.6113188479495861,0.6063570066184139,0.5336373456023624,0.5724780967759743,1
284.504,0.95,0.6335533344746678,0.6301139871961219,0.5804122550490705,0.6069827947618691,1
284.504,1.05,0.6569001200960374,0.6546720514354778,0.6180557080260458,0.6374779140610416,1
285.641,-0.4,0.05332019294056029,0.020156017646561487,0.07336549071483206,0.06334284182769617,2
285.641,-0.32,0.05625347785826466,0.0232936702429652,0.06352188722867146,0.05988768254346806,2
285.641,-0.24,0.06282226633235467,0.03026283103220053,0.060403103436336786,0.06161268488434573,2
285.641,-0.16,0.07146782051012515,0.039428925817983046,0.05722331822608555,0.06434556936810534,2
285.641,-0.08,0.08854292267022162,0.05741504081219288,0.053985846850703054,0.07126438476046235,2
285.641,0.0,0.11662070817557006,0.08687037666166156,0.05415947860006842,0.08539009338781925,2
285.641,0.08,0.14801497850587675,0.1198246755401783,0.06375288508006896,0.10588393179297285,2
285.641,0.14,0.17518837926791103,0.14829950667119893,0.07584940215642869,0.12551889071216987,2
285.641,0.20000000000000004,0.20461086801044137,0.1791249837412909,0.08408559824424615,0.14434823312734377,2
285.641,0.25,0.2354903337346742,0.21148750663333216,0.10061934140966239,0.1680548375721683,2
285.641,0.3,0.27530997197625473,0.25316704243002996,0.12894525487538316,0.20212761342581895,2
285.641,0.3499999999999999,0.30562627397995046,0.28494091354439144,0.14603815306029921,0.22583221352012484,2
285.641,0.4,0.34044050301856554,0.3215739679361551,0.17931347293081945,0.2598769879746925,2
285.641,0.45,0.382370921515226,0.3654744864704945,0.21416381312319016,0.2982673673192081,2
285.641,0.5,0.4184197834477096,0.4032850078988849,0.25578700212222116,0.33710339278496537,2
285.641,0.53,0.4394243341635384,0.42540241485765756,0.28238696519246953,0.360905649678004,2
285.641,0.55,0.4529054149662849,0.4396355730232191,0.29875653974847227,0.3758309773573786,2
285.641,0.57,0.4679031407149895,0.4553214553887567,0.3159893395578113,0.3919462401364004,2
285.641,0.59,0.47998936124504227,0.4680619384593324,0.33267270195350207,0.4063310315992722,2
285.641,0.6,0.48381265882041147,0.47216653500040073,0.3409152232354604,0.41236394102793594,2
285.641,0.61,0.4944191126599887,0.48329661683685265,0.3563046978062428,0.4253619052331158,2
285.641,0.63,0.5072112382255594,0.4966877161389718,0.3700166828597591,0.4386139605426592,2
285.641,0.65,0.5248839400741132,0.5152159137039947,0.39492140283354815,0.4599026714538307,1
285.641,0.66,0.5275386695434958,0.518059220758274,0.40153927319761135,0.46453897137055356,2
285.641,0.7,0.5453616517374047,0.5369770908480791,0.42830689347875095,0.4868342726080778,2
285.641,0.75,0.5693426801479753,0.5622821974825755,0.46998960882072227,0.5196661444843488,2
285.641,0.85,0.6118674852782262,0.6071012740692802,0.5330927247853392,0.5724801050317827,1
285.641,0.95,0.6345901960403568,0.6313413133086636,0.580283737871297,0.6074369669558268,1
285.641,1.05,0.6583052549657548,0.6562592740057509,0.6183565150320629,0.6383308849989089,1
286.783,-0.4,0.05365090449979886,0.02111678735926063,0.07465961262744747,0.06415525856362317,2
286.783,-0.32,0.05558078769911712,0.023209129548299248,0.06465632891183738,0.06011855830547725,2
286.783,-0.24,0.06119233252325057,0.02917975532441695,0.06114395079765876,0.061168141660454665,2
286.783,-0.16,0.06880220597496331,0.0372569460260898,0.05775687524946593,0.06327954061221462,2
286.783,-0.08,0.08496720299881175,0.05427642404409255,0.054310361499044134,0.06963878224892794,2
286.783,0.0,0.11198381615152575,0.08259101440365856,0.05376587038943843,0.08287484327048208,2
286.783,0.08,0.14251688548656866,0.11460586562161293,0.06285778779405413,0.10268733664031139,2
286.783,0.14,0.16927697503279376,0.14261393036006703,0.07469567714853362,0.12198632609066369,2
286.783,0.20000000000000004,0.1985716400128068,0.17327584995066664,0.08249557574752031,0.14053360788016356,2
286.783,0.25,0.22928090751503202,0.20542416124760549,0.09885128981944571,0.16406609866723887,2
286.783,0.3,0.26916689113435865,0.24713588215946863,0.12701786204818355,0.1980923765912711,2
286.783,0.3499999999999999,0.2994540324508241,0.2788457762081069,0.1434154635224488,0.22143474798663643,2
286.783,0.4,0.33446722065488516,0.3156467723858437,0.176366174483431,0.2554166975691581,2
286.783,0.45,0.3766508385494862,0.35977412041878654,0.21108630820176194,0.2938685733756241,2
286.783,0.5,0.41304797060239995,0.3979225385575572,0.25258507961185894,0.33281652510712945,2
286.783,0.53,0.4342740265482209,0.42025454271778256,0.2791482275710266,0.3567111270596237,2
286.783,0.55,0.4480835454069567,0.43482419468790007,0.29544666941895337,0.37176510741295504,2
286.783,0.57,0.4632009989616692,0.45062609919880436,0.3124718907289625,0.3878364448453159,2
286.783,0.59,0.4754054169419235,0.46347979793795313,0.32936556645483583,0.40238549169837967,2
286.783,0.6,0.47931071058273483,0.46767089945228624,0.3375451499138705,0.4084279302483027,2
286.783,0.61,0.4900905009139284,0.47897412308505827,0.35270769352643183,0.4213990972201801,2
286.783,0.63,0.5032843919459616,0.4927838764720983,0.3667163773882841,0.4350003846671229,2
286.783,0.65,0.5210877543748539,0.5114425820547919,0.39150731161416596,0.4562975329945099,1
286.783,0.66,0.523957321733246,0.5145094863749843,0.3981919196487306,0.4610746206909883,2
286.783,0.7,0.5422637403634358,0.5339244774793981,0.4250002711915031,0.48363200577746945,2
286.783,0.75,0.5667839118948568,0.5597810133952701,0.46687814968588665,0.5168310307903717,2
286.783,0.85,0.6107849548321611,0.6061120424364875,0.5304011191463289,0.570593036989245,1
286.783,0.95,0.634403070196993,0.631249501689916,0.57806130515193,0.6062321876744615,1
286.783,1.05,0.658512854333712,0.6565403767435873,0.6167486311107293,0.6376307427222206,1
287.929,-0.4,0.05369152189683603,0.022193463467720942,0.07408883789276385,0.06389017989479995,2
287.929,-0.32,0.055517755312471315,0.02416419161434001,0.06395742202417436,0.059737588668322836,2
287.929,-0.24,0.061328744592402715,0.03032461863484929,0.060674980986166145,0.06100186278928443,2
287.929,-0.16,0.06877336934016895,0.03820965696445785,0.05715932919329232,0.06296634926673064,2
287.929,-0.08,0.08464300305933105,0.05488904251728112,0.053601826462077284,0.06912241476070416,2
287.929,0.0,0.11142755494659648,0.08290725626684228,0.053301525660065095,0.08236454030333079,2
287.929,0.08,0.1417183212753631,0.11462209265475269,0.06231440668415032,0.10201636397975672,2
287.929,0.14,0.16815136400310596,0.14224502458398425,0.07382852314651313,0.12098994357480955,2
287.929,0.20000000000000004,0.1971832978000884,0.17258673226380122,0.0819143194701955,0.13954880863514196,2
287.929,0.25,0.22775692602114983,0.2045548202186088,0.09823421470871893,0.1629955703649344,2
287.929,0.3,0.26739164185830144,0.24594372499067646,0.12670700226592763,0.19704932206211453,2
287.929,0.3499999999999999,0.29764470628076306,0.2775809643386026,0.14302756008654138,0.22033613318365222,2
287.929,0.4,0.33255092741457715,0.31421942286178695,0.17603355685966823,0.2542922421371227,2
287.929,0.45,0.3748235842744423,0.35839047552806724,0.2107830611837152,0.2928033227290787,2
287.929,0.5,0.41130775151892474,0.39658017451585925,0.2523519248120357,0.33182983816548023,2
287.929,0.53,0.4326764438559615,0.41903021127334494,0.27895552690609204,0.35581598538102677,2
287.929,0.55,0.44652111388668597,0.4336148288222673,0.295181189400679,0.3708511516436825,2
287.929,0.57,0.4616721636324296,0.4494315999333225,0.31224948025164045,0.386960821942035,2
287.929,0.59,0.47395423359170114,0.4623469343749165,0.3291749584978499,0.4015645960447755,2
287.929,0.6,0.477915822067258,0.4665878390551339,0.3373496323220084,0.40763272719463317,2
287.929,0.61,0.4889030290282591,0.4780947930316739,0.3525370490212694,0.4207200390247643,2
287.929,0.63,0.5020332601756647,0.49181835248009376,0.3665078022630003,0.4342705312193325,2
287.929,0.65,0.5199018822001948,0.5105138908069023,0.39162052455428054,0.4557612033772377,1
287.929,0.66,0.5227815302202428,0.5135888096755946,0.39797833698325724,0.46037993360175,2
287.929,0.7,0.5412852901772985,0.5331740053443736,0.42511379507752717,0.4831995426274128,2
287.929,0.75,0.5661288267674678,0.5593294662473829,0.46709644734845324,0.5166126370579605,2
287.929,0.85,0.6101249326631637,0.6055841942677045,0.5306277841984385,0.570376358430801,1
287.929,0.95,0.6341583403231038,0.6311129211545712,0.5784793666362339,0.6063188534796689,1
287.929,1.05,0.6586251009494544,0.656739427048395,0.617373955248788,0.6379995280991212,1
289.08,-0.4,0.054192607281507155,0.023741615484652152,0.07398169451184029,0.06408715089667372,2
289.08,-0.32,0.05522638342649615,0.02488245524129483,0.06384828221724757,0.05953733282187186,2
289.08,-0.24,0.06002180767007317,0.029972809616326975,0.06024654826934231,0.06013417796970774,2
289.08,-0.16,0.06664021314047047,0.036981580872008396,0.056379196420193414,0.06150970478033194,2
289.08,-0.08,0.08161158123567208,0.0526948273420355,0.05246787926411861,0.06703973024989535,2
289.08,0.0,0.10743312535868627,0.07966253831545068,0.05160995979889051,0.07952154257878839,2
289.08,0.08,0.13670297084365293,0.11025776403682996,0.06024973700671226,0.0984763539251826,2
289.08,0.14,0.16247303780384253,0.13714153473359958,0.07121346145002955,0.11684324962693604,2
289.08,0.20000000000000004,0.19100579784618554,0.16691423705512137,0.07909518153740655,0.13505048969179606,2
289.08,0.25,0.22117905439547375,0.19841177358567505,0.09509083496297757,0.15813494467922568,2
289.08,0.3,0.2606227074655708,0.2395372354087913,0.1230743719333011,0.19184853969943597,2
289.08,0.3499999999999999,0.2907444290958012,0.27098876160212987,0.13940291752439798,0.2150736733100996,2
289.08,0.4,0.3257076397239302,0.3076298623193291,0.17211821609599603,0.2489129279099631,2
289.08,0.45,0.36800812641159,0.3517679196648893,0.20666210694795545,0.28733511667977274,2
289.08,0.5,0.40481481350967785,0.3902456587595715,0.24802391266148285,0.32641936308558034,2
289.08,0.53,0.426426614655344,0.41291803257282444,0.2746903149704961,0.3505584648129201,2
289.08,0.55,0.440468810154453,0.4276878284191214,0.29101052836269437,0.3657396692585737,2
289.08,0.57,0.4557874663387299,0.44366076209361704,0.30809829048658144,0.3819428784126557,2
289.08,0.59,0.4682435835540679,0.45673947366352907,0.3249771295995002,0.39661035657678406,2
289.08,0.6,0.4723825588267826,0.4611599697733199,0.33310765486046257,0.4027451068436226,2
289.08,0.61,0.48341520890974393,0.47269695683806845,0.34847958188998795,0.4159473953998659,2
289.08,0.63,0.4968158092761099,0.4866904768929011,0.3624664943624853,0.42964115181929763,2
289.08,0.65,0.515087603447314,0.5057850939228385,0.3877522467482898,0.4514199250978019,1
289.08,0.66,0.5180262522738859,0.5089164973434319,0.3940078777963807,0.4560170650351333,2
289.08,0.7,0.5370007701995119,0.5289637038058979,0.4214125123331611,0.4792066412663365,2
289.08,0.75,0.5623957786668806,0.5556576059850193,0.4636175437045046,0.5130066611856926,2
289.08,0.85,0.6078157827273998,0.6033314414355927,0.527785703254376,0.5678007429908879,1
289.08,0.95,0.6326840603352266,0.6296854896081114,0.5761203293269921,0.6044021948311094,1
289.08,1.05,0.6577688387945939,0.6559207064864643,0.6158805640849305,0.6368247014397622,1
290.235,-0.4,0.05470323188383692,0.025135677060934572,0.07450364123993591,0.06460343656188641,2
290.235,-0.32,0.05541288701658076,0.025938330540023646,0.06408875266517955,0.059750819840880154,2
290.235,-0.24,0.05974156401293719,0.030535161460362496,0.06023691557234592,0.059989239792641556,2
290.235,-0.16,0.06582530047566837,0.036980379322906015,0.055973357317438216,0.06089932889655329,2
290.235,-0.08,0.08011170129240343,0.051958232665405224,0.05182671196288577,0.0659692066276446,2
290.235,0.0,0.10505119672600768,0.07797050399940647,0.050834417176337424,0.07794280695117256,2
290.235,0.08,0.1335326546659106,0.1076958059628979,0.05864097955036931,0.09608681710813996,2
290.235,0.14,0.1586435124739594,0.13385247318059035,0.0693243421055712,0.11398392728976531,2
290.235,0.20000000000000004,0.18653559913357506,0.16290945543735397,0.0769792842482625,0.1317574416909188,2
290.235,0.25,0.21611193102781884,0.19373267890865048,0.0927346399230229,0.15442328547542086,2
290.235,0.3,0.25508561338984015,0.23431285470979896,0.12028010700279015,0.18768286019631514,2
290.235,0.3499999999999999,0.2849226141725335,0.2654224350772223,0.13645042775525942,0.21068652096389645,2
290.235,0.4,0.31968699159923497,0.30180416503864016,0.16898437174741496,0.24433568167332498,2
290.235,0.45,0.3618434383581452,0.3457372613089909,0.2033210405404495,0.28258223944929733,2
290.235,0.5,0.3986710338252674,0.3841899028669675,0.24458784977674164,0.3216294418010045,2
290.235,0.53,0.42033279722512085,0.406884999480546,0.2712169720618192,0.34577488464347006,2
290.235,0.55,0.43449710635717187,0.42176497396595247,0.28749393133283996,0.3609955188450059,2
290.235,0.57,0.4499172771407044,0.4378267324478564,0.3047252983326204,0.3773212877366624,2
290.235,0.59,0.4625025993831121,0.45102529556770943,0.3215361181943591,0.3920193587887356,2
290.235,0.6,0.46669948405403916,0.45549779001095947,0.32960270190481367,0.3981510929794264,2
290.235,0.61,0.4777948165906247,0.4670877933800006,0.34502743590467644,0.4114111262476506,2
290.235,0.63,0.49135275357619546,0.48123340648174473,0.35913243178158516,0.4252425926788903,2
290.235,0.65,0.5098150145346465,0.5005028149336924,0.3842328784376723,0.4470239464861594,1
290.235,0.66,0.5128164377478227,0.5036972110367626,0.3907752423891125,0.4517958400684676,2
290.235,0.7,0.5322369685560139,0.5241857131354934,0.41804451889851446,0.47514074372726417,2
290.235,0.75,0.5581457156807843,0.5513842764446983,0.4604430331378739,0.5092943744093291,2
290.235,0.85,0.6045446427260014,0.6000214945141898,0.5248615869304537,0.5647031148282275,1
290.235,0.95,0.6302952453432238,0.6272584984723206,0.5736236642928416,0.6019594548180327,1
290.235,1.05,0.656076978922862,0.6541888092811133,0.6137916810888757,0.6349343300058689,1
291.395,-0.4,0.053888884227758796,0.02408513196312255,0.0736603428304344,0.06377461352909661,2
291.395,-0.32,0.05434001553863,0.02461998704871152,0.06330215604022633,0.05882108578942817,2
291.395,-0.24,0.05845739456588145,0.02899939168421464,0.059468768118868046,0.05896308134237475,2
291.395,-0.16,0.06465921703753169,0.03556671811640221,0.05526345761240381,0.05996133732496775,2
291.395,-0.08,0.07917081666551604,0.050784651984271054,0.05102451539499566,0.06509766603025585,2
291.395,0.0,0.10417068825184739,0.07687288117241471,0.04980552424947564,0.07698810625066152,2
291.395,0.08,0.13304836019294392,0.10702314967646577,0.0578095353927474,0.09542894779284566,2
291.395,0.14,0.1582861342047064,0.13332239673190024,0.0682959938561839,0.11329106403044516,2
291.395,0.20000000000000004,0.18658084428764343,0.1628141417528836,0.0760664509432894,0.13132364761546642,2
291.395,0.25,0.21641099928055513,0.19391326056087088,0.09197236552740366,0.1541916824039794,2
291.395,0.3,0.2556563722659094,0.23479349864872195,0.11921339529168656,0.187434883778798,2
291.395,0.3499999999999999,0.2856290337249251,0.2660523702504276,0.13557759460117025,0.21060331416304767,2
291.395,0.4,0.3205718518606282,0.3026304081607345,0.1679117111007159,0.24424178148067205,2
291.395,0.45,0.3629092670992351,0.3467627414093053,0.20230561215436915,0.2826074396268021,2
291.395,0.5,0.39988792513984805,0.38538376447252054,0.24357847552150153,0.32173320033067476,2
291.395,0.53,0.42160437915585325,0.4081404929319102,0.2700741906834481,0.34583928491965066,2
291.395,0.55,0.4357840360873343,0.423039444572641,0.2866323729437662,0.36120820451555025,2
291.395,0.57,0.45121317870018196,0.4391130225040855,0.3038323942670214,0.3775227864836017,2
291.395,0.59,0.4637419699282952,0.4522519882246397,0.3206946393803479,0.39221830465432156,2
291.395,0.6,0.46799527562896853,0.45678643566165134,0.32870370646228364,0.3983494910456261,2
291.395,0.61,0.4790718016250196,0.4683579406594087,0.34419786807574504,0.4116348348503823,2
291.395,0.63,0.49258329135475704,0.4824553505025279,0.35836763014382345,0.4254754607492902,2
291.395,0.65,0.5110737528621916,0.5017579775190185,0.3836224015415306,0.4473480772018611,1
291.395,0.66,0.5140610720673723,0.5049387928971225,0.38987204396623476,0.4519665580168035,2
291.395,0.7,0.5333027411645856,0.525240072006022,0.4173518906916941,0.47532731592813987,2
291.395,0.75,0.5590230674527122,0.5522441263679438,0.4597621237367845,0.5093925955947484,2
291.395,0.85,0.6050891643892997,0.600536647669546,0.5242951800612443,0.564692172225272,1
291.395,0.95,0.6304144046884579,0.6273344484027141,0.5731700133441958,0.6017922090163268,1
291.395,1.05,0.655832502192726,0.6538922068119057,0.6136029813175401,0.6347177417551331,1
292.56,-0.4,0.05361797622520466,0.02544895819071509,0.07341230686944723,0.06351514154732595,2
292.56,-0.32,0.05331410576382027,0.0251924731678625,0.06286637941463612,0.058090242589228194,2
292.56,-0.24,0.05659010964940554,0.028681238289374605,0.0586105053299803,0.05760030748969292,2
292.56,-0.16,0.062105071561685626,0.034514960050887264,0.05393396299466302,0.058019517278174323,2
292.56,-0.08,0.07567888619218412,0.048718129932203987,0.04925482855921973,0.06246685737570192,2
292.56,0.0,0.09992827363160664,0.07396345688152758,0.04757865397399304,0.07375346380279985,2
292.56,0.08,0.12784786151182664,0.10304431114454982,0.054664823243255514,0.09125634237754107,2
292.56,0.14,0.15247164575007477,0.12864172100263735,0.06472672258927048,0.10859918416967262,2
292.56,0.20000000000000004,0.17990460685283058,0.1571578170917951,0.07205309172537022,0.12597884928910041,2
292.56,0.25,0.20938130515157272,0.18781162214771524,0.08745138939363462,0.14841634727260367,2
292.56,0.3,0.24800029427505235,0.22793341099816938,0.11426341119001862,0.1811318527325355,2
292.56,0.3499999999999999,0.277773449380212,0.2589065127652658,0.13039069218488164,0.2040820707825468,2
292.56,0.4,0.31251544394246605,0.2951778878354557,0.16263705999492695,0.2375762519686965,2
292.56,0.45,0.3548514256597842,0.3392068086576222,0.19676409956045463,0.2758077626101194,2
292.56,0.5,0.3920903894836245,0.37801015364388213,0.238084853642203,0.31508762156291376,2
292.56,0.53,0.41398966434696577,0.40090010048585584,0.2644660216808368,0.3392278430139013,2
292.56,0.55,0.42821950770133344,0.41580942217644423,0.28110124867193004,0.35466037818663176,2
292.56,0.57,0.4438081426085442,0.4320147219032072,0.2984264375585204,0.3711172900835323,2
292.56,0.59,0.456510342328774,0.44530311392914546,0.31524990946641296,0.38588012589759346,2
292.56,0.6,0.4608736341186429,0.449935469505944,0.32328559186337213,0.3920796129910075,2
292.56,0.61,0.4721215008088959,0.4616593775087712,0.33881345845336586,0.4054674796311309,2
292.56,0.63,0.48574306367706066,0.4758395214652208,0.35310442283803745,0.41942374325754905,2
292.56,0.65,0.50464850316401,0.49552775990878184,0.37860943516489487,0.44162896916445243,1
292.56,0.66,0.5075981984833323,0.49866124985803095,0.38485690377203996,0.44622755112768614,2
292.56,0.7,0.5273496826628716,0.5194349412114034,0.412795601507412,0.4700726420851418,2
292.56,0.75,0.5536087011194868,0.5469280321505012,0.45543134208656316,0.504520021603025,2
292.56,0.85,0.6007493245736317,0.5962257537591704,0.5206700774132159,0.5607097009934239,1
292.56,0.95,0.6269477870711316,0.6238607986986433,0.5701079215185895,0.5985278542948606,1
292.56,1.05,0.6531349151780071,0.6511677822908872,0.6113495173172436,0.6322422162476253,1
293.729,-0.4,0.05272215624456712,0.025235953875784038,0.07341061745789837,0.06306638685123275,2
293.729,-0.32,0.05066072665979525,0.02314526406946385,0.06267601753974664,0.05666837209977094,2
293.729,-0.24,0.05277631322235271,0.0254189470742249,0.058556491776631026,0.05566640249949187,2
293.729,-0.16,0.057345318742430984,0.03025525973553196,0.053306393102218394,0.05532585592232469,2
293.729,-0.08,0.06998153281606698,0.04346314175091644,0.04858969126364715,0.059285612039857064,2
293.729,0.0,0.0933033472535475,0.06772301693174808,0.046593654972584865,0.06994850111306618,2
293.729,0.08,0.12081629273914117,0.09636237042357557,0.05345198739120238,0.08713414006517178,2
293.729,0.14,0.14543842817982466,0.12194288864240377,0.0633491246269827,0.10439377640340368,2
293.729,0.20000000000000004,0.17319319999746385,0.1507813733543366,0.07047674197938884,0.12183497098842636,2
293.729,0.25,0.202836313623305,0.18158884989168958,0.08582615818379051,0.14433123590354777,2
293.729,0.3,0.24191782599035358,0.22216519483178987,0.11239013669861672,0.17715398134448515,2
293.729,0.3499999999999999,0.27214914193987694,0.2535936907355198,0.12839574268888276,0.20027244231437985,2
293.729,0.4,0.3076889489491952,0.2906575471463285,0.16039132834518194,0.23404013864718856,2
293.729,0.45,0.35078006187647703,0.3354314255159808,0.19440414397944633,0.27259210292796165,2
293.729,0.5,0.3887316919502869,0.37493724793932615,0.23571348383108587,0.31222258789068635,2
293.729,0.53,0.41115342387349074,0.3983402215203978,0.26206446073098544,0.3366089423022381,2
293.729,0.55,0.4257503864411914,0.4136105598611428,0.2788113486893302,0.3522808675652608,2
293.729,0.57,0.4415580875211068,0.43002467246289766,0.2962111690983994,0.3688846283097531,2
293.729,0.59,0.454556016232375,0.44359753521049966,0.31278420570662496,0.3836701109695,2
293.729,0.6,0.45900151406339074,0.44830873342307376,0.32093479812092157,0.3899681560921562,2
293.729,0.61,0.47055177164930984,0.46032955258801955,0.3365062904617845,0.40352903105554716,2
293.729,0.63,0.4842524923260125,0.47457614307480533,0.3507729138299071,0.4175127030779598,2
293.729,0.65,0.5034629952878852,0.4945572214663274,0.3764551333823607,0.43995906433512294,1
293.729,0.66,0.5064513568418442,0.497721267470871,0.38249068198572833,0.44447101941378625,2
293.729,0.7,0.5265046333949136,0.5187730853760438,0.41062664690536477,0.4685656401501392,2
293.729,0.75,0.5530031806695762,0.5464699071635609,0.4532100758252525,0.5031066282474144,2
293.729,0.85,0.600374146424864,0.5959326594466834,0.5185342100404466,0.5594541782326553,1
293.729,0.95,0.6265070984008072,0.6234562212514176,0.5681462884444854,0.5973266934226463,1
293.729,1.05,0.6525828482295358,0.6506190063383032,0.6098724844519701,0.631227666340753,1
294.903,-0.4,0.05195251909623474,0.02620783112413539,0.07469023230460414,0.06332137570041944,2
294.903,-0.32,0.04995556141224697,0.024188181420972676,0.06384108448658532,0.056898322949416144,2
294.903,-0.24,0.051803934500680104,0.026175736189295425,0.05921322144155515,0.05550857797111763,2
294.903,-0.16,0.05622259695733429,0.030839588037706093,0.05382286291796469,0.05502272993764949,2
294.903,-0.08,0.06865066958135022,0.04379372945297941,0.04899555208639996,0.05882311083387509,2
294.903,0.0,0.09179742402143225,0.06780793291272028,0.04702969135916879,0.06941355769030053,2
294.903,0.08,0.11881576483392209,0.09585477308510745,0.05338660136292945,0.08610118309842577,2
294.903,0.14,0.14322744540169535,0.1211515583408494,0.06305093191917714,0.10313918866043625,2
294.903,0.20000000000000004,0.17054792112144138,0.1494638172906,0.07015292764008078,0.12035042438076107,2
294.903,0.25,0.19992389974041067,0.17991256225988844,0.08543401750675317,0.14267895862358193,2
294.903,0.3,0.23873989885388086,0.2201080734361547,0.1121462752816569,0.17544308706776887,2
294.903,0.3499999999999999,0.26884775973510827,0.25132760941995047,0.12783122456597992,0.19833949215054408,2
294.903,0.4,0.3042015491934399,0.2880963717587286,0.1597522827305032,0.23197691596197156,2
294.903,0.45,0.3471445087304261,0.3326052260665043,0.19375947323506804,0.2704519909827471,2
294.903,0.5,0.3851130275153656,0.37202877946451496,0.23503242914508,0.3100727283302228,2
294.903,0.53,0.4074904831549284,0.3953214172436018,0.261361474268934,0.33442597871193125,2
294.903,0.55,0.42213961880300477,0.4106044060731601,0.27811308084590586,0.35012634982445534,2
294.903,0.57,0.4380424309974844,0.4270802305027812,0.29545478554898275,0.3667486082732336,2
294.903,0.59,0.4510450815441357,0.4406210701797041,0.3121413379310882,0.38159320973761196,2
294.903,0.6,0.45554601765219394,0.4453725773841699,0.3203046441741778,0.3879253309131859,2
294.903,0.61,0.46703441901806886,0.45729937930467685,0.33579921391443446,0.40141681646625166,2
294.903,0.63,0.48088595134107115,0.471670481203382,0.3502819003678106,0.41558392585444087,2
294.903,0.65,0.5002261921080814,0.49173709479043815,0.37585498211139645,0.4380405871097389,1
294.903,0.66,0.5031909252089128,0.49486533545605704,0.3819608855575126,0.44257590538321273,2
294.903,0.7,0.5234777454565405,0.5160989330346117,0.410093381994505,0.4667855637255227,2
294.903,0.75,0.5501962144177142,0.5439486604635455,0.4529035610046779,0.501549887711196,2
294.903,0.85,0.5982655230989468,0.5940009331152244,0.5183294867535025,0.5582975049262247,1
294.903,0.95,0.6247201322279766,0.6217687438221344,0.5681244434439336,0.5964222878359551,1
294.903,1.05,0.6510678532232201,0.649143928546018,0.6102038794857326,0.6306358663544764,1
296.082,-0.4,0.052932090040552576,0.027651868259746484,0.0759739437169284,0.06445301687874049,2
296.082,-0.32,0.0499717904970499,0.024629069135116134,0.06475822013250403,0.057365005314776965,2
296.082,-0.24,0.05111897928667376,0.025883935793465263,0.06042403027489755,0.05577150478078566,2
296.082,-0.16,0.054854754909838384,0.02983589747290247,0.05466227988008273,0.05475851739496056,2
296.082,-0.08,0.06634543239951424,0.041810811746830025,0.049352743120462714,0.057849087759988475,2
296.082,0.0,0.08862562654013043,0.06491644231507114,0.04678174472315248,0.06770368563164145,2
296.082,0.08,0.1150036947346004,0.09229066768036306,0.052988613359797654,0.08399615404719903,2
296.082,0.14,0.1386985168976904,0.11683394320696869,0.062398744631195206,0.1005486307644428,2
296.082,0.20000000000000004,0.16558237698785666,0.14467810852591265,0.06874878414603527,0.11716558056694597,2
296.082,0.25,0.19442200302540882,0.17455088004134187,0.08372659130776905,0.13907429716658892,2
296.082,0.3,0.23314045776623016,0.21462385698368414,0.11026032044817956,0.17170038910720486,2
296.082,0.3499999999999999,0.2629846167201349,0.24554577576773012,0.12550440124331538,0.19424450898172513,2
296.082,0.4,0.2984144876282346,0.28236523488555354,0.15728129059215323,0.2278478891101939,2
296.082,0.45,0.3413996187231205,0.32688639407914843,0.1909163901390951,0.2661580044311078,2
296.082,0.5,0.3794906144344019,0.36640584969719026,0.2320221554863698,0.3057563849603859,2
296.082,0.53,0.4020931414369753,0.3899113471339338,0.25835577803128396,0.3302244597341296,2
296.082,0.55,0.41683259602510025,0.4052729008187074,0.27506025483723645,0.3459464254311684,2
296.082,0.57,0.4327789482395366,0.4217794251228301,0.2922907044909121,0.3625348263652244,2
296.082,0.59,0.4460177294122213,0.4355534388265717,0.3089985908920707,0.377508160152146,2
296.082,0.6,0.45058639486513274,0.440370198756312,0.3172733046450697,0.38392984975510125,2
296.082,0.61,0.4622119048350388,0.45242835424699357,0.3326756515475433,0.39744377819129106,2
296.082,0.63,0.4759863339227477,0.4667084620956832,0.347025366160981,0.41150585004186435,2
296.082,0.65,0.49555664077034556,0.48699646201627106,0.37257328906583387,0.4340649649180897,1
296.082,0.66,0.49857358624661174,0.49017702106592154,0.3788911615916451,0.43873237391912845,2
296.082,0.7,0.5190451188181785,0.5115804229523239,0.40723883635538993,0.4631419775867842,2
296.082,0.75,0.5461091770234228,0.5397658885695229,0.4500558819100372,0.49808252946673,2
296.082,0.85,0.5945983546198789,0.5902245316675112,0.5160044482190314,0.555301401419455,1
296.082,0.95,0.6216883450231054,0.6186453082240979,0.5661786699535578,0.5939335074883316,1
296.082,1.05,0.6487317967632494,0.6467380436109833,0.608734414695393,0.6287331057293213,1
297.266,-0.4,0.0545607539028512,0.02898238871560082,0.0774720818430553,0.06601641787295326,2
297.266,-0.32,0.051302348223864126,0.02565347020904684,0.06593398209802878,0.05861816516094645,2
297.266,-0.24,0.05204603120292675,0.026496359372068318,0.06131626470607299,0.05668114795449987,2
297.266,-0.16,0.05530018744480504,0.02995358991934427,0.05529824071233712,0.05529921407857108,2
297.266,-0.08,0.06641397783107013,0.04154409590745901,0.05004999792878251,0.05823198787992632,2
297.266,0.0,0.08813223669398879,0.06407694786043519,0.04725296195744214,0.06769259932571546,2
297.266,0.08,0.11362084620303595,0.09053791495021962,0.053021383747647005,0.08332111497534148,2
297.266,0.14,0.13704016296203134,0.1147994194261661,0.06233701886765411,0.09968859091484272,2
297.266,0.20000000000000004,0.16330370184521503,0.14200685202115745,0.06863622184810264,0.11596996184665884,2
297.266,0.25,0.19194628852755233,0.1716888781956808,0.08348713212432897,0.13771671032594066,2
297.266,0.3,0.2298119025802458,0.21088264701410314,0.10941441793246837,0.1696131602563571,2
297.266,0.3499999999999999,0.2595536534356082,0.24171112152130955,0.12465848390785231,0.19210606867173025,2
297.266,0.4,0.29454346968710055,0.27808171812142085,0.15629484727868237,0.22541915848289146,2
297.266,0.45,0.33724284075055144,0.3223229262304203,0.18988125607509068,0.26356204841282105,2
297.266,0.5,0.3753446826793187,0.36187463985708385,0.23086304697518295,0.3031038648272508,2
297.266,0.53,0.3978743849992123,0.3853191936432394,0.2571780794363082,0.3275262322177602,2
297.266,0.55,0.4125848878281575,0.400658422342421,0.27384110814783874,0.3432129979879981,2
297.266,0.57,0.42859537308693435,0.41724254073839706,0.29112878164085865,0.3598620773638965,2
297.266,0.59,0.44174622204109903,0.4309328101552079,0.30780786884630307,0.37477704544370105,2
297.266,0.6,0.4464348328988237,0.43587923667702677,0.31603045954005604,0.38123264621943986,2
297.266,0.61,0.45802865860865793,0.44791215069537826,0.3313971625796506,0.39471291059415425,2
297.266,0.63,0.4719825093003029,0.4623873123496728,0.3459390052530332,0.40896075727666803,2
297.266,0.65,0.49161220457070987,0.4827483589288992,0.37121559520890396,0.43141389988980694,1
297.266,0.66,0.49469644534923973,0.48600332632647064,0.3778759148462756,0.43628618009775766,2
297.266,0.7,0.5154226614306622,0.5076864819550284,0.405992020808181,0.4607073411194216,2
297.266,0.75,0.5427454397723143,0.5361584354013441,0.4489566768156701,0.4958510582939922,2
297.266,0.85,0.5919764089644732,0.5874097189784169,0.5150617386090248,0.553519073786749,1
297.266,0.95,0.6193840681543588,0.6161741950083877,0.5653755819643058,0.5923798250593323,1
297.266,1.05,0.6467597680042088,0.6446205322032854,0.6082861087283868,0.6275229383662978,1
298.454,-0.4,0.054620666558856154,0.02941994055293743,0.0768576670855903,0.06573916682222322,2
298.454,-0.32,0.05118805570716238,0.02591015887296835,0.06546198075346919,0.05832501823031579,2
298.454,-0.24,0.051851180854244866,0.026665887384630806,0.06049810681589489,0.05617464383506988,2
298.454,-0.16,0.05508128111379404,0.030096763723875368,0.0542454868747399,0.05466338399426697,2
298.454,-0.08,0.06608190351791446,0.041565073589715396,0.04878427698466878,0.05743309025129162,2
298.454,0.0,0.08746869655833985,0.06374287616157194,0.045917762754359354,0.0666932296563496,2
298.454,0.08,0.11280627046281425,0.09003632552073607,0.051219964662451004,0.08201311756263263,2
298.454,0.14,0.135971094056421,0.11402368766607097,0.060277411790798194,0.0981242529236096,2
298.454,0.20000000000000004,0.16199261647627722,0.14096371327802926,0.06623955423794521,0.11411608535711121,2
298.454,0.25,0.1902986493081861,0.1702758010388533,0.0807380032756417,0.1355183262919139,2
298.454,0.3,0.2282378455628814,0.20952757280983736,0.10664159432355155,0.1674397199432165,2
298.454,0.3499999999999999,0.25777013888475286,0.24011961153916522,0.12163029137231558,0.18970021512853422,2
298.454,0.4,0.292710886637269,0.2764202393987877,0.1533383780799822,0.22302463235862563,2
298.454,0.45,0.3354378487636177,0.3206674624278404,0.18668272133554262,0.2610602850495802,2
298.454,0.5,0.3734548357976097,0.36010561240427785,0.227564068662575,0.30050945223009234,2
298.454,0.53,0.3961462021481243,0.38370371911962164,0.2538394155801463,0.3249928088641353,2
298.454,0.55,0.4108450760089686,0.39902078383111794,0.2705446728403953,0.34069487442468194,2
298.454,0.57,0.4268321272780172,0.4155692060823311,0.28783202409104036,0.3573320756845288,2
298.454,0.59,0.44011100125372826,0.42938466295041566,0.30443377262964677,0.3722723869416875,2
298.454,0.6,0.44479463276044395,0.4343201538331763,0.3127732373314219,0.37878393504593294,2
298.454,0.61,0.45649322448267105,0.4464546904631894,0.32823609916332447,0.3923646618229978,2
298.454,0.63,0.4703229297043716,0.4607924257214211,0.34267445846250777,0.4064986940834397,2
298.454,0.65,0.4900783542161742,0.4812699449869165,0.36802468427943347,0.4290515192478038,1
298.454,0.66,0.49311252292515845,0.48447145934278035,0.3746564132387984,0.43388446808197845,2
298.454,0.7,0.5138591855267468,0.5061599947846713,0.4029967225881116,0.4584279540574292,2
298.454,0.75,0.5413333839795118,0.5347733267174589,0.4460799256894953,0.49370665483450354,2
298.454,0.85,0.5905177525818891,0.5859554419887634,0.5125766132491443,0.5515471829155167,1
298.454,0.95,0.6184095678460807,0.6152098844909961,0.5633143021443074,0.590861934995194,1
298.454,1.05,0.646207248733417,0.6440858317181147,0.6063326418802015,0.6262699453068092,1
299.647,-0.4,0.055679698834969094,0.031212435082119475,0.07837970631339862,0.06702970257418386,2
299.647,-0.32,0.05164342227877813,0.02708315896473382,0.06654359793999094,0.05909351010938453,2
299.647,-0.24,0.05161172297857814,0.02712094831768485,0.06143699299960027,0.05652435798908921,2
299.647,-0.16,0.05416930566904306,0.029852405830480745,0.05483727909820696,0.05450329238362501,2
299.647,-0.08,0.06427958522994731,0.040384609853095894,0.04896156719852639,0.05662057621423685,2
299.647,0.0,0.08476516180825795,0.06160580050546734,0.045376897907998384,0.06507102985812817,2
299.647,0.08,0.10913548173337184,0.08686699999178263,0.04990325692019919,0.07951936932678552,2
299.647,0.14,0.13169343955327426,0.11019795973629459,0.058495343107191636,0.09509439133023295,2
299.647,0.20000000000000004,0.1570612723682378,0.1364285597886683,0.06420421399723435,0.11063274318273608,2
299.647,0.25,0.18504664121094905,0.16537790911299582,0.07848028919429165,0.13176346520262033,2
299.647,0.3,0.22233322982021242,0.20390810072889481,0.10384586822133107,0.16308954902077175,2
299.647,0.3499999999999999,0.2516214063980714,0.23421436168845727,0.11845966666863067,0.18504053653335104,2
299.647,0.4,0.28643002057383005,0.2703369903596926,0.1497775929932303,0.21810380678353017,2
299.647,0.45,0.32909222691763546,0.3144738906610666,0.18299133071542417,0.2560417788165298,2
299.647,0.5,0.3673051333149488,0.3540796034929623,0.22375491418719118,0.29553002375106996,2
299.647,0.53,0.3900860489296692,0.3777471563672973,0.2500171882547093,0.3200516185921892,2
299.647,0.55,0.40490855974293993,0.3931758686520341,0.2665527700070619,0.3357306648750009,2
299.647,0.57,0.42100896283829026,0.40982900331288696,0.28378934193875727,0.35239915238852376,2
299.647,0.59,0.4343999122092711,0.42374788234876226,0.300568439393779,0.36748417580152504,2
299.647,0.6,0.4391477214691505,0.42874391298206393,0.3088646805002896,0.37400620098472004,2
299.647,0.61,0.4509864763608147,0.4410119904050888,0.32425120506530003,0.38761884071305736,2
299.647,0.63,0.4650555818823613,0.4555877987275221,0.3388782133439411,0.4019668976131512,2
299.647,0.65,0.4850589047451773,0.47630461828331866,0.3640200431260758,0.4245394739356265,1
299.647,0.66,0.4881806451642005,0.4795934306773605,0.37102592077953067,0.42960328297186556,2
299.647,0.7,0.5094200369603756,0.5017695016603673,0.3993982526589005,0.45440914480963807,2
299.647,0.75,0.5373448246576477,0.5308195228690074,0.44290769202372027,0.49012625834068396,2
299.647,0.85,0.5877785667012309,0.5832463335489558,0.5099409747725487,0.5488597707368899,1
299.647,0.95,0.6164581096773396,0.6132781748699538,0.5613945422649598,0.5889263259711497,1
299.647,1.05,0.6448078912062927,0.6426971607536571,0.6052263807208648,0.6250171359635788,1
300.845,-0.4,0.05533218634845439,0.03143590927649605,0.07789803875364598,0.06661511255105018,2
300.845,-0.32,0.05102279970475532,0.027025896288720277,0.06610658380783152,0.05856469175629342,2
300.845,-0.24,0.05072840516165992,0.02678850133379608,0.060969886952842195,0.05584914605725105,2
300.845,-0.16,0.053155136847600974,0.02937914896982471,0.05444205310042795,0.05379859497401446,2
300.845,-0.08,0.06329151838203873,0.03993049158947705,0.04860593424231395,0.05594872631217634,2
300.845,0.0,0.08376727914071516,0.06112522960477848,0.04534638598229324,0.0645568325615042,2
300.845,0.08,0.10804655899530774,0.08627633755568845,0.05002431667481788,0.07903543783506281,2
300.845,0.14,0.13052767586039662,0.10951077611071791,0.0584101168847167,0.09446889637255666,2
300.845,0.20000000000000004,0.15595448826631764,0.13578682873424447,0.06426981742232865,0.11011215284432314,2
300.845,0.25,0.18382864253934317,0.16459876513360155,0.07864858276440098,0.1312386126518721,2
300.845,0.3,0.2212027102066776,0.2031876749634352,0.10403246344538969,0.16261758682603364,2
300.845,0.3499999999999999,0.25058717755993,0.23356934359028228,0.11885126314254094,0.18471922035123545,2
300.845,0.4,0.28531941869879096,0.2695747629896118,0.15028110034189446,0.2178002595203427,2
300.845,0.45,0.3279569028348831,0.31364546231791407,0.18351996885249097,0.25573843584368705,2
300.845,0.5,0.3661272389796443,0.3531676590939921,0.22429892872600937,0.29521308385282685,2
300.845,0.53,0.38891186111215326,0.37681226132013906,0.25059062378215036,0.3197512424471518,2
300.845,0.55,0.4037626534467705,0.39225404661194424,0.2672261623885378,0.33549440791765417,2
300.845,0.57,0.4198822333793232,0.4089110582140417,0.28451347925613873,0.35219785631773093,2
300.845,0.59,0.4332319119581822,0.42276973817537156,0.3012038199487906,0.3672178659534864,2
300.845,0.6,0.43798977759506796,0.42776868303362087,0.30945847226348605,0.373724124929277,2
300.845,0.61,0.4497910156722704,0.43998711194799606,0.32496117943700203,0.3873760975546362,2
300.845,0.63,0.4638760764258083,0.4545663715857162,0.33951260638861,0.40169434140720917,2
300.845,0.65,0.48377920360208476,0.47515670619298517,0.36476617717885673,0.4242726903904708,1
300.845,0.66,0.48693105940410747,0.4784725007680976,0.371616626124356,0.42927384276423175,2
300.845,0.7,0.5081322997542814,0.5005848763507517,0.3999245402236569,0.45402841998896915,2
300.845,0.75,0.53592384404574,0.5294660574062899,0.4433994588416459,0.48966165144369295,2
300.845,0.85,0.586290969747619,0.581766364589552,0.5103034986729338,0.5482972342102763,1
300.845,0.95,0.6147959556025637,0.6115890904527295,0.5616876303413287,0.5882417929719462,1
300.845,1.05,0.6432227306564808,0.6410694757463771,0.605191637998196,0.6242071843273385,1
302.047,-0.4,0.057245365386068635,0.03312089035005805,0.07880127393179073,0.06802331965892969,2
302.047,-0.32,0.052045268412839824,0.0277880402173632,0.06692863625750044,0.05948695233517013,2
302.047,-0.24,0.05089088737716579,0.026665880329894587,0.06146640425350823,0.056178645815337006,2
302.047,-0.16,0.05240534310963961,0.028318478677524003,0.054567543836891955,0.05348644347326578,2
302.047,-0.08,0.06155948858390834,0.03785830876346484,0.04844131536825594,0.055000401976082136,2
302.047,0.0,0.08090879971279531,0.05790176120460684,0.04451743379096931,0.06271311675188232,2
302.047,0.08,0.10423944823219178,0.08208010105022219,0.048628530271190025,0.0764339892516909,2
302.047,0.14,0.12613483934073313,0.10471911935862163,0.056567505579659734,0.09135117246019643,2
302.047,0.20000000000000004,0.15101628534225164,0.13043753241705253,0.06185792930726857,0.10643710732476011,2
302.047,0.25,0.17838014546505992,0.15872498317589562,0.07586519803549091,0.12712267175027542,2
302.047,0.3,0.21529964329292287,0.1968548252881835,0.10081603506074031,0.15805783917683158,2
302.047,0.3499999999999999,0.24440481833333394,0.22695232546105612,0.115251756073036,0.17982828720318497,2
302.047,0.4,0.27912842068184124,0.26296028094712454,0.14626443521151306,0.21269642794667715,2
302.047,0.45,0.32179041802149666,0.30707124347480924,0.1790776702034869,0.25043404411249176,2
302.047,0.5,0.360106234342156,0.3467584312080214,0.21962449434557804,0.289865364343867,2
302.047,0.53,0.3830207132854411,0.37054828893238756,0.24554948869691595,0.3142851009911785,2
302.047,0.55,0.3979983506938122,0.38612818073674304,0.26236103194133054,0.33017969131757136,2
302.047,0.57,0.4142298025213085,0.4029088986363658,0.27958726848234106,0.34690853550182477,2
302.047,0.59,0.4277515795529724,0.4169542448238076,0.2962883527607992,0.3620199661568858,2
302.047,0.6,0.4325485307968757,0.42199562697598286,0.3044162047715817,0.3684823677842287,2
302.047,0.61,0.4444716416563109,0.4343445123079196,0.31987284750209866,0.3821722445792048,2
302.047,0.63,0.45874733940019663,0.4491295059439241,0.3345928129487121,0.3966700761744544,2
302.047,0.65,0.4789180155086322,0.47000651452976894,0.3596219396617444,0.4192699775851883,1
302.047,0.66,0.4820302372670478,0.4732832602370931,0.3664507848248147,0.42424051104593125,2
302.047,0.7,0.5037237028102864,0.495919489810261,0.3949267573147899,0.44932523006253816,2
302.047,0.75,0.5321122714665818,0.5254336554951895,0.4384592043843888,0.4852857379254853,2
302.047,0.85,0.5834067767318847,0.5787236613258956,0.5056276328605782,0.5445172047962314,1
302.047,0.95,0.6127863212638374,0.6094698568479945,0.5574196516680645,0.5851029864659509,1
302.047,1.05,0.6419818636046626,0.6397606557758959,0.6015720365310379,0.6217769500678503,1
303.254,-0.4,0.05647613836349994,0.033868596601852714,0.08019589855372317,0.06833601845861155,2
303.254,-0.32,0.05088420790804206,0.028141050820761494,0.0679469163606928,0.05941556213436743,2
303.254,-0.24,0.04934778593089163,0.026621221387271955,0.06259305144765508,0.055970418689273355,2
303.254,-0.16,0.05064788235137943,0.028041798033861497,0.05530820236810029,0.05297804235973986,2
303.254,-0.08,0.05951468974497605,0.037258930797175654,0.049038550709708306,0.05427662022734218,2
303.254,0.0,0.07848138463074594,0.056860249090412124,0.04462155909515905,0.0615514718629525,2
303.254,0.08,0.10145704922159379,0.08061671511322328,0.048249496175121864,0.07485327269835783,2
303.254,0.14,0.12326947743094674,0.10312208034731882,0.05577987005142168,0.08952467374118421,2
303.254,0.20000000000000004,0.1479471568501365,0.12857752581621437,0.06070003093000301,0.10432359389006976,2
303.254,0.25,0.17515176104101032,0.1566430391869952,0.07448435126713202,0.12481805615407117,2
303.254,0.3,0.21183350612569335,0.19444781750974444,0.09898711474869867,0.155410310437196,2
303.254,0.3499999999999999,0.24094534547301014,0.22449005066251404,0.1131660026397856,0.17705567405639788,2
303.254,0.4,0.27560940391229266,0.26035168485599675,0.14398613280082048,0.20979776835655656,2
303.254,0.45,0.3182606620849161,0.30435541726572124,0.17657242984095395,0.24741654596293502,2
303.254,0.5,0.35680813946833767,0.3441962422658882,0.2168277937924632,0.28681796663040043,2
303.254,0.53,0.3797662543425494,0.3679711905021232,0.24286578647158358,0.3113160204070665,2
303.254,0.55,0.39485765117487903,0.38363057440306325,0.2594818002579924,0.3271697257164357,2
303.254,0.57,0.4111293392314359,0.40041578964637004,0.2767824746452122,0.34395590693832406,2
303.254,0.59,0.42469616590514564,0.41447156520342526,0.2934288649405806,0.35906251542286316,2
303.254,0.6,0.4295901829501261,0.4195980009029527,0.3014475679659351,0.3655188754580306,2
303.254,0.61,0.4415769314920669,0.43198412177683704,0.316952619752051,0.37926477562205896,2
303.254,0.63,0.45589581799903367,0.44678021422699443,0.3315143815261392,0.39370509976258644,2
303.254,0.65,0.47622198934111154,0.46777039421887623,0.35658708453775984,0.4164045369394357,1
303.254,0.66,0.4793406108548235,0.4710441854964197,0.3638243153348679,0.4215824630948457,2
303.254,0.7,0.5011885401100604,0.49377537518136405,0.3920174986329137,0.44660301937148705,2
303.254,0.75,0.5296520919800132,0.523289576569238,0.43563365326135994,0.48264287262068656,2
303.254,0.85,0.5813074640029601,0.5768163074489714,0.5031250402972058,0.542216252150083,1
303.254,0.95,0.6108350288080407,0.6076303152533589,0.5553376985984544,0.5830863637032475,1
303.254,1.05,0.6401019369489624,0.6379287158435599,0.5995456837487884,0.6198238103488753,1
304.467,-0.4,0.059747426305896446,0.03709777477921504,0.08055093222147512,0.07014917926368579,2
304.467,-0.32,0.053057764264110574,0.030236491423535506,0.0684212160756911,0.06073949016990084,2
304.467,-0.24,0.05036164747525457,0.027524546302959446,0.06266779189764886,0.05651471968645171,2
304.467,-0.16,0.05048832739118521,0.027739412144202197,0.05546045547996742,0.052974391435576314,2
304.467,-0.08,0.05797051892442559,0.03553129960896227,0.0484450402562534,0.053207779590339496,2
304.467,0.0,0.07537006539472696,0.05352172701060806,0.043593257433888685,0.05948166141430782,2
304.467,0.08,0.09683557101694323,0.0757226789283457,0.046523208781051144,0.07167938989899719,2
304.467,0.14,0.1174993140485326,0.0970451353506582,0.05352312857121461,0.0855112213098736,2
304.467,0.20000000000000004,0.14134358835238647,0.12163825650495352,0.058019925984117496,0.09968175716825198,2
304.467,0.25,0.16781590339901592,0.14894768357772536,0.0713472769931148,0.11958159019606536,2
304.467,0.3,0.20402762097237392,0.18627236862495972,0.09552320204838222,0.14977541151037807,2
304.467,0.3499999999999999,0.23267330247141302,0.21583162735945838,0.10910243830420434,0.17088787038780867,2
304.467,0.4,0.2672435916071852,0.25159870031739984,0.13935558404448822,0.2032995878258367,2
304.467,0.45,0.3098699091950709,0.2955854164859853,0.17165712137014943,0.24076351528261017,2
304.467,0.5,0.3485296517308026,0.3355484384605393,0.2117086746983378,0.2801191632145702,2
304.467,0.53,0.3717466972138913,0.35959838421340024,0.23747665900586912,0.3046116781098802,2
304.467,0.55,0.38703087074883924,0.375460292251059,0.2540285831842298,0.3205297269665345,2
304.467,0.57,0.4034715104443475,0.39242506240454667,0.2711610998847993,0.3373163051645734,2
304.467,0.59,0.41729321380901707,0.4067488680651902,0.2879376016560678,0.3526154077325424,2
304.467,0.6,0.4223247675440217,0.4120201056457493,0.2959128977966756,0.35911883267034866,2
304.467,0.61,0.4344417242745984,0.4245437190124389,0.3113659539992364,0.3729038391369174,2
304.467,0.63,0.4490001258417431,0.43959476402161807,0.32608771467321485,0.38754392025747897,2
304.467,0.65,0.46963976734225316,0.4609140633717037,0.350925899990781,0.4102828336665171,1
304.467,0.66,0.4728978088338026,0.4643339702130676,0.35807368579185594,0.4154857473128293,2
304.467,0.7,0.4952949905620102,0.4876421015728817,0.38667621898808324,0.4409856047750467,2
304.467,0.75,0.5246094295179484,0.5180501396350504,0.43053177745584903,0.4775706034868987,2
304.467,0.85,0.5778132471044151,0.5731962320319732,0.49844586582551376,0.5381295564649644,1
304.467,0.95,0.6086444398903947,0.6053695400673298,0.5513062406849569,0.5799753402876758,1
304.467,1.05,0.6389570813455989,0.636751507120159,0.5964933376555304,0.6177252095005646,1
305.683,-0.4,0.06197241214457449,0.03947330857521651,0.07972172769866506,0.07084706992161978,2
305.683,-0.32,0.054880350588484894,0.03220106492550998,0.06752343366535621,0.06120189212692055,2
305.683,-0.24,0.051654057832847725,0.0289448293614731,0.061573211495340605,0.056613634664094165,2
305.683,-0.16,0.05121504228381196,0.028577077090422884,0.054039010635800966,0.052627026459806464,2
305.683,-0.08,0.05807785806608226,0.035728050521241804,0.04663018570647917,0.052354021886280716,2
305.683,0.0,0.0746125999409538,0.05281907216779444,0.041143571309437445,0.05787808562519563,2
305.683,0.08,0.09509889822600062,0.07400640439565712,0.04354252587788706,0.06932071205194384,2
305.683,0.14,0.11507558098037693,0.09460806299949194,0.05010914038505524,0.08259236068271608,2
305.683,0.20000000000000004,0.13820650995878112,0.11846094517195174,0.054395892046963754,0.09630120100287243,2
305.683,0.25,0.16408988517820022,0.14515577919783423,0.06736916413382188,0.11572952465601105,2
305.683,0.3,0.19948803800710724,0.1816268278891532,0.09093628823721431,0.1452121631221608,2
305.683,0.3499999999999999,0.22790151234299366,0.21094362852992538,0.10470880010274636,0.16630515622287,2
305.683,0.4,0.26194574404978666,0.24615593691572568,0.13443922364182959,0.19819248384580812,2
305.683,0.45,0.3042280044600431,0.2897787722985572,0.16670655039719995,0.23546727742862153,2
305.683,0.5,0.34285913785746613,0.3297086796245027,0.20652847718980305,0.2746938075236346,2
305.683,0.53,0.36606594166110457,0.3537446499504645,0.23246314140315416,0.29926454153212934,2
305.683,0.55,0.38141477180913397,0.3696721619022118,0.249009271360557,0.3152120215848455,2
305.683,0.57,0.3979186835317025,0.3867021485202597,0.26632547726082106,0.3321220803962618,2
305.683,0.59,0.41170674286000813,0.4009879690772349,0.2830495768336788,0.3473781598468435,2
305.683,0.6,0.41680316285097674,0.40632538510432414,0.2910177500097071,0.3539104564303419,2
305.683,0.61,0.42898240764745416,0.4189124513471345,0.3065767342528256,0.3677795709501399,2
305.683,0.63,0.4437592314600267,0.4341911558938518,0.3214521966339382,0.38260571404698246,2
305.683,0.65,0.46450060996126585,0.4556121645412312,0.3465333624288246,0.4055169861950452,1
305.683,0.66,0.46784725012364126,0.4591245583355439,0.35368839774839567,0.41076782393601846,2
305.683,0.7,0.4906253057366584,0.48282500151520535,0.3824971534020063,0.43656122956933235,2
305.683,0.75,0.5202163474998746,0.5135146289345384,0.42665191932739965,0.4734341334136371,2
305.683,0.85,0.5744066103841973,0.5696698627187979,0.49505509743994036,0.5347308539120688,1
305.683,0.95,0.6058662849972486,0.6024835722921871,0.548498925843292,0.5771826054202702,1
305.683,1.05,0.6366761565021818,0.6343767859830944,0.5944014108429112,0.6155387836725466,1
306.905,-0.4,0.06194746834994302,0.04062454238807477,0.080547639239225,0.07124755379458401,2
306.905,-0.32,0.0546887824121766,0.03318670734287528,0.06832577692990299,0.06150727967103979,2
306.905,-0.24,0.05129324235151416,0.029753224836184318,0.0626668591590269,0.05698005075527053,2
306.905,-0.16,0.05073267437417195,0.02925313639505559,0.054818171889390074,0.05277542313178101,2
306.905,-0.08,0.05737889237569346,0.0361656115034609,0.047457311776800244,0.05241810207624685,2
306.905,0.0,0.07396692043341029,0.05327971584141566,0.041976990889889744,0.05797195566165002,2
306.905,0.08,0.09395808442473888,0.07392390100536256,0.04427655134682377,0.06911731788578132,2
306.905,0.14,0.11388341048781728,0.09444436526535609,0.050671776908737205,0.08227759369827724,2
306.905,0.20000000000000004,0.1365010445164805,0.11773071667651419,0.05473007436776467,0.09561555944212259,2
306.905,0.25,0.16216461613060004,0.14416128658755906,0.06758898344040261,0.11487679978550133,2
306.905,0.3,0.19725997099857323,0.1802587332079989,0.0908631486117544,0.14406155980516383,2
306.905,0.3499999999999999,0.22547224237014515,0.20931811180915227,0.10452825688920302,0.16500024962967408,2
306.905,0.4,0.259216677248556,0.24415490540495904,0.13441979667305332,0.19681823696080467,2
306.905,0.45,0.3012768156321525,0.28747340205194205,0.16645804907191114,0.2338674323520318,2
306.905,0.5,0.3398229248836691,0.32724084123530883,0.2061221973481949,0.272972561115932,2
306.905,0.53,0.3630112138546249,0.35120910155957275,0.23176327458491097,0.2973872442197679,2
306.905,0.55,0.37822361845880914,0.3669609882896543,0.2485289646982689,0.313376291578539,2
306.905,0.57,0.394723566820631,0.38395631685763176,0.26574584116458994,0.33023470399261046,2
306.905,0.59,0.4085418481784436,0.3982449999733958,0.28242118698117136,0.3454815175798075,2
306.905,0.6,0.41371442415078497,0.40364635071488986,0.29038481587845344,0.3520496200146192,2
306.905,0.61,0.42584431308167187,0.41615929399317697,0.30590404282153805,0.36587417795160493,2
306.905,0.63,0.44047230975588547,0.431254329755372,0.32060759404166195,0.3805399518987737,2
306.905,0.65,0.46132666362525804,0.4527511797133446,0.34567651890981077,0.4035015912675344,1
306.905,0.66,0.46456264470107994,0.4561415276504831,0.3527329731096821,0.408647808905381,2
306.905,0.7,0.4873165394445339,0.4797632810802148,0.3814879738699013,0.4344022566572176,2
306.905,0.75,0.5169356370566224,0.5104190592133006,0.42541208587354734,0.4711738614650849,2
306.905,0.85,0.571059004077513,0.5663992207196517,0.49359265289482357,0.5323258284861683,1
306.905,0.95,0.6025451961390265,0.5991784476291147,0.5471131035866255,0.574829149862826,1
306.905,1.05,0.6336751905678237,0.6313524321743254,0.592772897933808,0.6132240442508159,1
308.132,-0.4,0.06202590189646949,0.041582281709420375,0.0810768883007429,0.0715513950986062,2
308.132,-0.32,0.05428462156304005,0.033658517701836387,0.06853283146805168,0.06140872651554587,2
308.132,-0.24,0.05057349607702898,0.029906147010942165,0.06250594619581393,0.05653972113642146,2
308.132,-0.16,0.049582968841291555,0.028964127389733633,0.05450036246203424,0.0520416656516629,2
308.132,-0.08,0.05575395767721468,0.035376342537500105,0.04687374568257123,0.051313851679892955,2
308.132,0.0,0.07157893411843438,0.05168278546043919,0.0413042761459064,0.05644160513217039,2
308.132,0.08,0.09136196019870674,0.07208198483552677,0.043381874785251046,0.06737191749197889,2
308.132,0.14,0.1108177770231156,0.09208914634369147,0.04931609932234506,0.08006693817273033,2
308.132,0.20000000000000004,0.13327071013586075,0.11517621989628551,0.05340824533368198,0.09333947773477136,2
308.132,0.25,0.15883916544203028,0.14147477014720344,0.06617023755034632,0.1125047014961883,2
308.132,0.3,0.19380134849564867,0.17739515901084707,0.08935902693645388,0.14158018771605127,2
308.132,0.3499999999999999,0.2219251117290409,0.20632708774669728,0.10285645634456426,0.16239078403680257,2
308.132,0.4,0.25575980548328386,0.24121097963045773,0.13271706882648346,0.19423843715488365,2
308.132,0.45,0.2980219394762548,0.28468925679449975,0.16478150634147382,0.23140172290886432,2
308.132,0.5,0.33678034234679655,0.32462923979650316,0.20450254549323232,0.27064144392001444,2
308.132,0.53,0.3601347499422688,0.3487398652914899,0.23021636728564632,0.29517555861395756,2
308.132,0.55,0.375590689905143,0.36472379120258663,0.24704106746566906,0.311315878685406,2
308.132,0.57,0.392135300424451,0.3817454314984346,0.2642451321892295,0.32819021630684025,2
308.132,0.59,0.4060222111188721,0.3960860094816254,0.28105153209036327,0.34353687160461766,2
308.132,0.6,0.4112733446433961,0.40156188967793394,0.2890300242970594,0.3501516844702277,2
308.132,0.61,0.4236087598932702,0.4142720892623193,0.30455476289236516,0.36408176139281767,2
308.132,0.63,0.43839193601737025,0.4295100269564064,0.31947034048031026,0.3789311382488403,2
308.132,0.65,0.45933016652911424,0.4510681137943815,0.34446068056224377,0.401895423545679,1
308.132,0.66,0.46277576870909654,0.4546683369772229,0.35164519925559856,0.40721048398234755,2
308.132,0.7,0.4857991652246002,0.4785325202996399,0.3806659275471673,0.43323254638588377,2
308.132,0.75,0.5158457204788124,0.5095916826926512,0.4249641088933959,0.4704049146861041,2
308.132,0.85,0.5706073025384453,0.5661515980656622,0.4938225618386787,0.532214932188562,1
308.132,0.95,0.6027312244040401,0.5995261972457102,0.5477552740919802,0.5752432492480102,1
308.132,1.05,0.6340201692841196,0.631809598772227,0.5937501331446216,0.6138851512143706,1
309.364,-0.4,0.0625983276850894,0.04235029885926678,0.08055732021479009,0.07157782394993975,2
309.364,-0.32,0.054498243605593626,0.0340583668200344,0.06780340158591927,0.06115082259575645,2
309.364,-0.24,0.05027905500598591,0.029783604516479253,0.06184580115141615,0.05606242807870103,2
309.364,-0.16,0.048883712362749146,0.028426428003326988,0.053547579895462966,0.051215646129106056,2
309.364,-0.08,0.05461775746115138,0.03438972221128854,0.04559571221354526,0.050106734837348316,2
309.364,0.0,0.07013071866281048,0.05037336288390287,0.03968759444173381,0.054909156552272145,2
309.364,0.08,0.08943588005929537,0.07027611079919846,0.04159677114873063,0.06551632560401299,2
309.364,0.14,0.10875712873343879,0.09014169397322352,0.04744999724068924,0.07810356298706402,2
309.364,0.20000000000000004,0.13087033608882015,0.11287160271764735,0.051235802047956164,0.09105306906838816,2
309.364,0.25,0.1562680618319885,0.13898472745717677,0.06389411763788742,0.11008108973493796,2
309.364,0.3,0.19107151852238174,0.1747296878314276,0.08701890602682759,0.13904521227460467,2
309.364,0.3499999999999999,0.21926064823764727,0.20372124663837704,0.10033394454638675,0.159797296392017,2
309.364,0.4,0.25311373469867393,0.23861553093150137,0.13015060923352328,0.1916321719660986,2
309.364,0.45,0.2953602167365633,0.28206506253575914,0.16216937347450677,0.22876479510553505,2
309.364,0.5,0.3342682088732136,0.3221494023389565,0.201980978464321,0.2681245936687673,2
309.364,0.53,0.3577145028977592,0.34634791824639055,0.22780458778491275,0.29275954534133597,2
309.364,0.55,0.3731889944503597,0.3623460254132249,0.24448292903400165,0.30883596174218064,2
309.364,0.57,0.38983065059264793,0.3794638205239038,0.26180997221828195,0.32582031140546497,2
309.364,0.59,0.40384033885117204,0.3939290677584527,0.2786679517084023,0.34125414527978715,2
309.364,0.6,0.40913224657925595,0.39944375823481615,0.2867405048885584,0.3479363757339072,2
309.364,0.61,0.42145713968299237,0.41213986806763314,0.3021925291815125,0.36182483443225244,2
309.364,0.63,0.43634092857521967,0.42747820158730043,0.3174236636011786,0.3768822960881991,2
309.364,0.65,0.45752239755686874,0.449281665896029,0.3422787705968875,0.3999005840768781,1
309.364,0.66,0.4608920902355198,0.45280363301979043,0.349648615294221,0.4052703527648704,2
309.364,0.7,0.4841720327161061,0.4769265857970969,0.37895435885106277,0.43156319578358443,2
309.364,0.75,0.5144415045759158,0.5082052287893732,0.42356509919518776,0.4690033018855517,2
309.364,0.85,0.5697284050239197,0.5652948885690501,0.49295663412508595,0.5313425195745028,1
309.364,0.95,0.6022160463486321,0.5990362567059693,0.5473102378321253,0.5747631420903787,1
309.364,1.05,0.6338570609522978,0.6316770458331955,0.5938407164476956,0.6138488886999967,1
310.6,-0.4,0.06332828553951836,0.04405799896335812,0.0829663956796938,0.07314734060960608,2
310.6,-0.32,0.054833662055991154,0.03537057468900989,0.07013412746642933,0.062483894761210246,2
310.6,-0.24,0.050293528239752645,0.030770141988944608,0.06377708389196388,0.05703530606585826,2
310.6,-0.16,0.048565564598939084,0.029069740856212584,0.05539386994459704,0.05197971727176806,2
310.6,-0.08,0.05378694466569442,0.034493883759083584,0.046694156509380656,0.05024055058753754,2
310.6,0.0,0.06858437097762585,0.0497202623842615,0.04037641673864563,0.05448039385813574,2
310.6,0.08,0.08729739356597387,0.06898747691479737,0.04139900085354843,0.06434819720976115,2
310.6,0.14,0.10607351526965567,0.08826827137324456,0.046880862922939914,0.07647718909629779,2
310.6,0.20000000000000004,0.12794658929660313,0.11072352067914562,0.04995018251751466,0.08894838590705889,2
310.6,0.25,0.15276595351026168,0.13620655719972985,0.06186605607157125,0.10731600479091646,2
310.6,0.3,0.18719275948331468,0.1715174589484264,0.08425457782269999,0.13572366865300733,2
310.6,0.3499999999999999,0.21490356429582597,0.19997406385343053,0.09729241909073222,0.1560979916932791,2
310.6,0.4,0.24839680667252378,0.23444029196083874,0.12653838272351628,0.18746759469802005,2
310.6,0.45,0.2904846383015727,0.27766447464138566,0.15805516872419828,0.22426990351288548,2
310.6,0.5,0.32919179360456474,0.3174793012245205,0.19748137346359673,0.26333658353408074,2
310.6,0.53,0.3525926766514932,0.34159085126197275,0.22304760788881922,0.2878201422701562,2
310.6,0.55,0.3680963674379954,0.35759170355585834,0.23961946559199415,0.3038579165149948,2
310.6,0.57,0.384740096404688,0.3746883755540538,0.2568952072916084,0.3208176518481482,2
310.6,0.59,0.3987313712628334,0.38910900850813257,0.2736554207878145,0.33619339602532394,2
310.6,0.6,0.4039754521782467,0.3945630767591082,0.2816827581634347,0.3428291051708407,2
310.6,0.61,0.41641755177859724,0.4073601223107318,0.2970815540113417,0.35674955289496946,2
310.6,0.63,0.4313279934416227,0.4227040908340144,0.312206650920843,0.3717673221812329,2
310.6,0.65,0.4524840987442073,0.44445009346039793,0.33698111289629507,0.39473260582025116,1
310.6,0.66,0.4559035742438873,0.4480153905891068,0.344644447219766,0.40027401073182667,2
310.6,0.7,0.4793191379656472,0.4722350961057588,0.37386848108122184,0.4265938095234345,2
310.6,0.75,0.5097925330195333,0.5036736272965452,0.4185430224751065,0.4641677777473199,2
310.6,0.85,0.5654913484428907,0.561100022134502,0.4881984172196838,0.5268448828312873,1
310.6,0.95,0.5984459441375451,0.5952620934586359,0.5432397090381713,0.5708428265878582,1
310.6,1.05,0.6305133046123748,0.6282984293940972,0.5904315854912717,0.6104724450518233,1
311.842,-0.4,0.06473353807416601,0.04488335479730989,0.08336331399669691,0.07404842603543146,2
311.842,-0.32,0.05559111893423972,0.03552225749826365,0.07053227433872998,0.06306169663648485,2
311.842,-0.24,0.05051316984432447,0.030364556604172088,0.06433268837657823,0.05742292911045135,2
311.842,-0.16,0.04840789139329428,0.028273656579460744,0.056073785273539165,0.05224083833341672,2
311.842,-0.08,0.05313245333311868,0.03318972320778187,0.04744271600488316,0.05028758466900092,2
311.842,0.0,0.06745706111678335,0.04794362933483087,0.04106897121531916,0.05426301616605125,2
311.842,0.08,0.08594080394144907,0.06699432946877051,0.041991357340808444,0.06396608064112876,2
311.842,0.14,0.10446055439398669,0.08603013964384018,0.04754292966534092,0.07600174202966381,2
311.842,0.20000000000000004,0.12617886171062057,0.10834806210860894,0.050617649480328236,0.0883982555954744,2
311.842,0.25,0.15094542914110887,0.13380264999852393,0.06270313963837486,0.10682428438974187,2
311.842,0.3,0.18529695938938975,0.16906822200285565,0.08476362600153989,0.13503029269546482,2
311.842,0.3499999999999999,0.21309636131041726,0.19764354680288054,0.09771287522967176,0.1554046182700445,2
311.842,0.4,0.24680528335800148,0.23236729459655325,0.12706460078947837,0.18693494207373992,2
311.842,0.45,0.28899226319852334,0.2757324144037714,0.1585128040233744,0.22375253361094888,2
311.842,0.5,0.3280525878881664,0.31595076883503903,0.1976725163627908,0.2628625521254786,2
311.842,0.53,0.3516012925422542,0.34023659758849634,0.22322260048977188,0.28741194651601304,2
311.842,0.55,0.36719831850876183,0.3563488558303808,0.23993765368179854,0.3035679860952802,2
311.842,0.57,0.38388557771109316,0.37350304819924446,0.2571327834626825,0.3205091805868878,2
311.842,0.59,0.39799089149821953,0.38805398712689154,0.2738396613869763,0.3359152764425979,2
311.842,0.6,0.4033400990496441,0.3936230883793699,0.28181922868923925,0.34257966386944166,2
311.842,0.61,0.4158385547345329,0.40648822365245885,0.2972797271288906,0.35655914093171176,2
311.842,0.63,0.4307129640678879,0.4218078208825211,0.31222980041999293,0.3714713822439404,2
311.842,0.65,0.452126349924252,0.4438356088394998,0.33715725666026003,0.394641803292256,1
311.842,0.66,0.45551792619425646,0.44737609826151714,0.34456496047803115,0.4000414433361438,2
311.842,0.7,0.4790592362593118,0.47174655098711726,0.3737150183499305,0.42638712730462114,2
311.842,0.75,0.509546481429165,0.5032241969465285,0.4182519310355457,0.46389920623235537,2
311.842,0.85,0.5653380572659821,0.5607967693282422,0.4876943233684863,0.5265161903172342,1
311.842,0.95,0.5982536202205117,0.59496264884553,0.5425881267679125,0.570420873494212,1
311.842,1.05,0.6303936951684629,0.6281119396731116,0.5896067095754366,0.6100002023719497,1
313.088,-0.4,0.06633920015914306,0.0473759966088699,0.08409960789066952,0.07521940402490629,2
313.088,-0.32,0.056694770884801717,0.03750806301190911,0.07118762625242714,0.06394119856861442,2
313.088,-0.24,0.05111918211755245,0.03184469758810355,0.06483865852570542,0.057978920321628935,2
313.088,-0.16,0.0482506647876529,0.02897378647328542,0.0561460281407639,0.0521983464642084,2
313.088,-0.08,0.05236947746474589,0.033264332545191774,0.04704935673345012,0.049709417099098006,2
313.088,0.0,0.06581328619689147,0.04709706082311352,0.04025068383488685,0.05303198501588916,2
313.088,0.08,0.08321131418338093,0.0650095013796899,0.04063225827624625,0.06192178622981359,2
313.088,0.14,0.10127483282369237,0.08355195147917124,0.04566081858465079,0.07346782570417158,2
313.088,0.20000000000000004,0.12217891516059964,0.10500617721979934,0.04842754931889506,0.08530323223974735,2
313.088,0.25,0.14635468495913095,0.12981758126780174,0.059955169562359564,0.10315492726074527,2
313.088,0.3,0.18036434341687704,0.1646884392673434,0.08187187867647601,0.13111811104667653,2
313.088,0.3499999999999999,0.2078826131214737,0.19293618722446854,0.09448844297836463,0.15118552804991917,2
313.088,0.4,0.24130879986737588,0.2273197859818436,0.12325475757259108,0.18228177871998347,2
313.088,0.45,0.28329266837990097,0.27042150638427437,0.15437663793656609,0.21883465315823353,2
313.088,0.5,0.32216343283999527,0.31038961767640794,0.19335369413576864,0.25775856348788195,2
313.088,0.53,0.3458055431235215,0.3347394299296769,0.21887779980120853,0.282341671462365,2
313.088,0.55,0.361472029000316,0.35090095374599395,0.23541731729092447,0.29844467314562023,2
313.088,0.57,0.3782608988188013,0.36814061944657916,0.2525982137805003,0.3154295562996508,2
313.088,0.59,0.39246465018043714,0.3827739916780023,0.269167062297326,0.33081585623888154,2
313.088,0.6,0.3978285194592457,0.3883476144069833,0.2772902755574851,0.3375593975083654,2
313.088,0.61,0.4103357496277328,0.40120692100960453,0.29273397325380374,0.3515348614407683,2
313.088,0.63,0.42541971263842593,0.41672603954584936,0.3077980451979724,0.36660887891819915,2
313.088,0.65,0.44690869473120043,0.43880597689839834,0.3325354466788816,0.389722070705041,1
313.088,0.66,0.45039065272957646,0.4424339858121533,0.34005390502036165,0.3952222788749691,2
313.088,0.7,0.4742828415821797,0.4671350821214051,0.3693252515771822,0.42180404657968096,2
313.088,0.75,0.5052887361488736,0.4991087980763456,0.4140076182441289,0.45964817719650125,2
313.088,0.85,0.5621396242439295,0.557699843784111,0.48380332550372734,0.5229714748738284,1
313.088,0.95,0.5959598143432647,0.5927391210976015,0.5390935831099599,0.5675266987266123,1
313.088,1.05,0.6288459476828785,0.6266069244123799,0.5867676965449511,0.6078068221139148,1
314.34,-0.4,0.06528330666528613,0.04716876376250752,0.08493390305261383,0.07510860485894999,2
314.34,-0.32,0.055599559609185834,0.03727040489701426,0.07184210463405269,0.06372083212161926,2
314.34,-0.24,0.04994251395627021,0.031526717805277056,0.06544723101900483,0.05769487248763752,2
314.34,-0.16,0.047215487538442735,0.028801617942403546,0.05642789074131196,0.05182168913987735,2
314.34,-0.08,0.051335683506490384,0.03308701398670426,0.04742748760896437,0.04938158555772738,2
314.34,0.0,0.0648800521262242,0.047007708156731755,0.04053906455604156,0.05270955834113288,2
314.34,0.08,0.08244405881796549,0.06506870238258894,0.0408854851286812,0.061664771973323346,2
314.34,0.14,0.10040901089603446,0.08349179335948193,0.045906149380315724,0.0731575801381751,2
314.34,0.20000000000000004,0.12126657265681673,0.10487181918589018,0.048357311466090055,0.0848119420614534,2
314.34,0.25,0.1454802355994424,0.12969254314645157,0.05988579735077858,0.1026830164751105,2
314.34,0.3,0.17946401633934742,0.16449548901803124,0.08163927176877599,0.1305516440540617,2
314.34,0.3499999999999999,0.2069812832558443,0.19270783734013625,0.09427207753746429,0.1506266803966543,2
314.34,0.4,0.24054510997011935,0.22718760811826738,0.1230118362424529,0.18177847310628614,2
314.34,0.45,0.2825812323334882,0.2702892809609378,0.15407114801245475,0.21832619017297147,2
314.34,0.5,0.3214509290210377,0.31020354665541494,0.19309237489153996,0.25727165195628887,2
314.34,0.53,0.3450799396097022,0.3345042916746561,0.21848445444996878,0.2817821970298355,2
314.34,0.55,0.36073170905009944,0.3506265840516959,0.23524086234038905,0.2979862856952442,2
314.34,0.57,0.37756248233094136,0.36788766344084045,0.25232556973506653,0.314944026033004,2
314.34,0.59,0.39183081382550733,0.38256687266701517,0.26888228490139165,0.3303565493634495,2
314.34,0.6,0.397172069696758,0.3881068163785136,0.27697842929195604,0.337075249494357,2
314.34,0.61,0.4096872762385815,0.40095753894752495,0.29253949372917964,0.35111338498388056,2
314.34,0.63,0.4247011460371339,0.4163840856964479,0.3074915312663084,0.36609633865172114,2
314.34,0.65,0.4462232804755226,0.43846892243400126,0.33229116530196123,0.3892572228887419,1
314.34,0.66,0.4496855319734334,0.4420695804328828,0.3397390698073824,0.3947123008904079,2
314.34,0.7,0.4735666651290494,0.4667218593405078,0.36911241617681806,0.4213395406529337,2
314.34,0.75,0.5045650270273392,0.4986437407229896,0.4138915527917117,0.45922828990952547,2
314.34,0.85,0.5615122533471546,0.5572603391778888,0.4838873826964961,0.5226998180218254,1
314.34,0.95,0.5954825316614443,0.5924058700270598,0.5392625418356709,0.5673725367485576,1
314.34,1.05,0.6285426928865878,0.6264129593489574,0.5868165540901225,0.6076796234883551,1
315.596,-0.4,0.06778079995326877,0.049992702547452236,0.08615583795999489,0.07696831895663184,2
315.596,-0.32,0.05745727035383441,0.03944348868011916,0.07285243507438487,0.06515485271410965,2
315.596,-0.24,0.0510968643580063,0.03298374538467525,0.06604351766672859,0.05857019101236744,2
315.596,-0.16,0.047662145920058366,0.029539259958976646,0.05665737110255028,0.05215975851130432,2
315.596,-0.08,0.051144300630469375,0.03317352730602404,0.04745814922866937,0.04930122492956937,2
315.596,0.0,0.06351152758791292,0.04588967682335096,0.04017762193305458,0.05184457476048375,2
315.596,0.08,0.08002807633672909,0.062873581928638,0.039717886119549614,0.05987298122813935,2
315.596,0.14,0.09711380359858279,0.08038800390262776,0.04423091463340698,0.07067235911599488,2
315.596,0.20000000000000004,0.11709708197575477,0.1008596163048328,0.046642463951721724,0.08186977296373825,2
315.596,0.25,0.14056523875219584,0.12489944593453338,0.057840228404573854,0.09920273357838486,2
315.596,0.3,0.17365091054548404,0.15876052020414905,0.07896991017961161,0.1263104103625478,2
315.596,0.3499999999999999,0.20083890620453126,0.1866195771805166,0.09166261879727325,0.14625076250090224,2
315.596,0.4,0.2338632282320055,0.22052282841728232,0.1199646737269093,0.1769139509794574,2
315.596,0.45,0.2755528274860347,0.26324519907900656,0.1508506173705372,0.21320172242828594,2
315.596,0.5,0.3141361528538891,0.30284335560178044,0.1896642223015279,0.2519001875777085,2
315.596,0.53,0.3378216710483374,0.32719222792512975,0.21512853150150207,0.2764751012749197,2
315.596,0.55,0.3534596735034219,0.34329129631775535,0.2317550445552944,0.29260735902935814,2
315.596,0.57,0.3703013220339039,0.36055719353390603,0.24887251442909986,0.30958691823150186,2
315.596,0.59,0.3846579399264205,0.37532229713699555,0.26538559682073526,0.3250217683735779,2
315.596,0.6,0.38996069505853265,0.38081835205839204,0.27355059501233947,0.3317556450354361,2
315.596,0.61,0.4025798974550009,0.3937716166520556,0.2890036146399797,0.3457917560474903,2
315.596,0.63,0.4178392261736768,0.40944676220282183,0.30419346239564166,0.36101634428465923,2
315.596,0.65,0.43940004145865397,0.4315636738375389,0.3292461271881913,0.38432308432342266,1
315.596,0.66,0.4429350194244459,0.43523756838502237,0.3365982548654688,0.38976663714495735,2
315.596,0.7,0.46728167642999296,0.4603627133355123,0.36616736357289914,0.41672452000144605,2
315.596,0.75,0.49871505157876733,0.4927216701328786,0.41117903980407156,0.4549470456914194,2
315.596,0.85,0.5570183500256893,0.5527174224897997,0.4815019927737477,0.5192601713997185,1
315.596,0.95,0.5922658616469203,0.5891632301812754,0.5373799308179239,0.5648228962324221,1
315.596,1.05,0.6266531223866026,0.6245252996671349,0.5860160741015661,0.6063345982440844,1
316.858,-0.4,0.07063014271989876,0.053351068194279684,0.08663817894885265,0.0786341608343757,2
316.858,-0.32,0.05924207217143181,0.04171603569251386,0.07320775457941277,0.06622491337542229,2
316.858,-0.24,0.051614316551706875,0.03396326386955821,0.06594419225812267,0.05877925440491477,2
316.858,-0.16,0.04692555787901135,0.02923432928789766,0.05642422001633021,0.05167488894767078,2
316.858,-0.08,0.04887486320983535,0.03129367975729972,0.04674632277589022,0.047810592992862784,2
316.858,0.0,0.05998412590027395,0.04270966723538472,0.038893312665949045,0.0494387192831115,2
316.858,0.08,0.07498845057579455,0.058126570311584455,0.037900895091469655,0.0564446728336321,2
316.858,0.14,0.09139617734096027,0.07493355776891766,0.04190413967316992,0.0666501585070651,2
316.858,0.20000000000000004,0.1107060283334797,0.09470130886851283,0.04387433918827402,0.07729018376087686,2
316.858,0.25,0.13395678612518253,0.11850636400221806,0.0545823421866347,0.09426956415590862,2
316.858,0.3,0.1668738786253326,0.1521771431581282,0.07531171986805162,0.12109279924669211,2
316.858,0.3499999999999999,0.19380069183626497,0.17975136222074317,0.08757555446903828,0.1406881231526516,2
316.858,0.4,0.22709692304298057,0.21391629956809932,0.11580161028708855,0.17144926666503457,2
316.858,0.45,0.26896713106474457,0.2568036047973164,0.14637394805428278,0.20767053955951367,2
316.858,0.5,0.3082621825794938,0.2971162282310489,0.1851011731209871,0.24668167785024042,2
316.858,0.53,0.3322333005383533,0.3217441794812289,0.2104239926395659,0.2713286465889596,2
316.858,0.55,0.34822247511656246,0.3381955640372153,0.2271080030143503,0.2876652390654564,2
316.858,0.57,0.3652902796780675,0.3556851503707872,0.24446789383218787,0.30487908675512765,2
316.858,0.59,0.3798893392327498,0.3706906183043335,0.26103117291545574,0.3204602560741028,2
316.858,0.6,0.3855260258394526,0.3765279548388558,0.26906939011974257,0.32729770797959756,2
316.858,0.61,0.3982245354242284,0.38955377809260594,0.2844699969713153,0.3413472661977719,2
316.858,0.63,0.41382697202073304,0.40557267654870144,0.29996293437906707,0.35689495319990006,2
316.858,0.65,0.435841422643876,0.42814244575729127,0.32464981336799237,0.38024561800593415,1
316.858,0.66,0.4395366584300241,0.4319814071178975,0.33236798627768716,0.3859523223538556,2
316.858,0.7,0.4644817325656236,0.4576994134073708,0.36217361498850564,0.4133276737770646,2
316.858,0.75,0.49678502425835747,0.49092774195440275,0.4076575587528537,0.4522212915056056,2
316.858,0.85,0.5564319188970621,0.5522479796342367,0.478563517139294,0.5174977180181781,1
316.858,0.95,0.5922876246320677,0.5892789028940182,0.5353254191557588,0.5638065218939132,1
316.858,1.05,0.6269286979687247,0.6248618232355505,0.5845549362266298,0.6057418170976773,1
318.124,-0.4,0.07052069043450179,0.05397870123890643,0.08738886690767919,0.07895477867109049,2
318.124,-0.32,0.05869467936900549,0.04190613020252393,0.07371221740447129,0.06620344838673839,2
318.124,-0.24,0.05083444052112321,0.03392015763467336,0.06656036001984841,0.05869740027048581,2
318.124,-0.16,0.04595336492912741,0.02899579750553362,0.056372024610089375,0.05116269476960839,2
318.124,-0.08,0.0477396840810109,0.030882190703881554,0.04677426537070006,0.04725697472585548,2
318.124,0.0,0.05834446486907077,0.04176875882146291,0.03861243175219511,0.04847844831063294,2
318.124,0.08,0.07331096068323945,0.057130227233867695,0.03760598019640318,0.055458470439821314,2
318.124,0.14,0.08950166459737274,0.07369796818068683,0.04146117429348463,0.06548141944542868,2
318.124,0.20000000000000004,0.10881153467447414,0.09344807147638118,0.04297913941897512,0.07589533704672463,2
318.124,0.25,0.13184547249917092,0.11700677744575319,0.05387182765316249,0.0928586500761667,2
318.124,0.3,0.16487560422748831,0.15076454771847625,0.07438884232996504,0.11963222327872668,2
318.124,0.3499999999999999,0.19186555725797722,0.17837681272101452,0.08663744600767342,0.13925150163282532,2
318.124,0.4,0.22532315618990925,0.2126701220517363,0.11449738497634543,0.16991027058312735,2
318.124,0.45,0.2673377176210888,0.255662479265026,0.14492890142741616,0.2061333095242525,2
318.124,0.5,0.30667744526739293,0.2959759829905274,0.1836823882000167,0.24517991673370482,2
318.124,0.53,0.33083576496057493,0.320767431121447,0.20916911478842082,0.2700024398744979,2
318.124,0.55,0.3469206370396563,0.33729625242612005,0.22583319857884165,0.286376917809249,2
318.124,0.57,0.36405779166765684,0.3548382641482185,0.2429969118852477,0.3035273517764523,2
318.124,0.59,0.378736071173386,0.36990543491227035,0.2595160708463627,0.31912607100987433,2
318.124,0.6,0.3843642361202063,0.37572498467027116,0.26765668510567414,0.32601046061294026,2
318.124,0.61,0.39714687875550675,0.3888222497877646,0.28314671521328993,0.3401467969843983,2
318.124,0.63,0.4127478806533734,0.4048226562125249,0.29865211891645316,0.3556999997849133,2
318.124,0.65,0.4348993427618961,0.4275087844776542,0.3235185117709314,0.37920892726641375,1
318.124,0.66,0.4385958910357532,0.43133996479490627,0.3310740651876775,0.38483497811171535,2
318.124,0.7,0.46361208187102776,0.4570968473374717,0.36118278943798954,0.41239743565450865,2
318.124,0.75,0.4959725442257229,0.49034361411420047,0.4065038405787069,0.4512381924022149,2
318.124,0.85,0.5558454354507052,0.5518240592139144,0.47797780054440736,0.5169116179975562,1
318.124,0.95,0.5918584003688259,0.5889626574921876,0.5346489420127745,0.5632536711908002,1
318.124,1.05,0.6264943167724224,0.6245011956520287,0.5842684449340665,0.6053813808532444,1
319.396,-0.4,0.0725799038887821,0.05668681387262738,0.08872973730711228,0.0806548205979472,2
319.396,-0.32,0.05999752114025111,0.04384984439965662,0.07480646445906745,0.06740199279965928,2
319.396,-0.24,0.05142065133301653,0.03513711757130478,0.0674339706517698,0.059427310992393165,2
319.396,-0.16,0.045761329116330234,0.029420771647948533,0.05728979119680227,0.05152556015656625,2
319.396,-0.08,0.046822783204966065,0.0305653404863699,0.04762746701808991,0.04722512511152799,2
319.396,0.0,0.05648950790348857,0.04048643006092646,0.03919598352500303,0.0478427457142458,2
319.396,0.08,0.07063306318378657,0.05499381369502515,0.037760483222232716,0.05419677320300964,2
319.396,0.14,0.08608753241060071,0.0707959307052082,0.041308609269791415,0.06369807084019606,2
319.396,0.20000000000000004,0.1046594565456892,0.08977465184988567,0.042821345650722806,0.07374040109820601,2
319.396,0.25,0.12720937061487772,0.11281695111696893,0.05339328235312091,0.09030132648399931,2
319.396,0.3,0.15958383397243583,0.14587269469243352,0.07371182216211229,0.11664782806727406,2
319.396,0.3499999999999999,0.18622894141782081,0.1731043657107228,0.085628468580318,0.1359287049990694,2
319.396,0.4,0.21935980322728107,0.20702717918646904,0.11355281383839923,0.16645630853284016,2
319.396,0.45,0.2611569044191458,0.24975633163918387,0.14374439070030515,0.20245064755972547,2
319.396,0.5,0.30046112770122513,0.2899943262731943,0.18238975967574622,0.24142544368848567,2
319.396,0.53,0.32465106168418933,0.31479350603466905,0.20773781377874379,0.26619443773146656,2
319.396,0.55,0.3407949463074861,0.33136547979292746,0.22450123169896313,0.2826480890032246,2
319.396,0.57,0.35793956782685876,0.3488993492415319,0.24162908045626164,0.2997843241415602,2
319.396,0.59,0.3726525672039252,0.36398773609837465,0.2580803977513981,0.31536648247766164,2
319.396,0.6,0.37835055174757687,0.36987162213840225,0.2662970849382038,0.32232381834289037,2
319.396,0.61,0.39122617338894045,0.38305248525299407,0.2817341277681876,0.33648015057856406,2
319.396,0.63,0.4069923908614757,0.39920702166730077,0.2970177216481016,0.3520050562547886,2
319.396,0.65,0.4292138833348307,0.421944004196115,0.32217022974703163,0.3756920565409312,1
319.396,0.66,0.43301986384064617,0.42588416815770425,0.32953886998208454,0.3812793669113653,2
319.396,0.7,0.4583936801649977,0.45198031530151805,0.35970941081994334,0.4090515454924705,2
319.396,0.75,0.4911225818698425,0.48557182974327223,0.40510953704981445,0.44811605945982846,2
319.396,0.85,0.551899847307679,0.5479204087757645,0.4766532431238804,0.5142765452157797,1
319.396,0.95,0.5887722830462473,0.5859019557083267,0.5336185310761259,0.5611954070611866,1
319.396,1.05,0.6242860670597179,0.62230907485916,0.5835577370475902,0.603921902053654,1
320.672,-0.4,0.07134346833514929,0.056009179214432464,0.08938574120386945,0.08036460476950938,2
320.672,-0.32,0.059251320376976294,0.04368241962170098,0.07542206370984122,0.06733669204340875,2
320.672,-0.24,0.05103431186345861,0.03534263379066036,0.06810778201102712,0.05957104693724286,2
320.672,-0.16,0.04579189095870098,0.03005591440424251,0.0575074878476588,0.05164968940317989,2
320.672,-0.08,0.04714407153828944,0.03149576546745278,0.047753617435626436,0.047448844486957936,2
320.672,0.0,0.05718788286955337,0.041794243211147004,0.03919187964178833,0.04818988125567085,2
320.672,0.08,0.07148315983057632,0.05644535169925374,0.03774814103820712,0.05461565043439172,2
320.672,0.14,0.08721773603070482,0.07252096866454737,0.041222982455171364,0.06422035924293809,2
320.672,0.20000000000000004,0.10585902902613537,0.09155593160547593,0.04241912218601364,0.0741390756060745,2
320.672,0.25,0.12841202678893188,0.11458036101403946,0.05291439899158414,0.09066321289025801,2
320.672,0.3,0.1608924949651927,0.14771899125940352,0.07322723084657465,0.11705986290588367,2
320.672,0.3499999999999999,0.1872973872640969,0.1746797199171088,0.08500331425359677,0.13615035075884682,2
320.672,0.4,0.22009531554801706,0.20822829490168482,0.11284956371350874,0.16647243963076291,2
320.672,0.45,0.2617837003568686,0.25080899168157783,0.1430924685709818,0.2024380844639252,2
320.672,0.5,0.3007162763334589,0.2906275127374993,0.18164643067132447,0.24118135350239167,2
320.672,0.53,0.32468816762029484,0.31517755745961873,0.20710247804449522,0.26589532283239503,2
320.672,0.55,0.3407328602371754,0.3316315416445571,0.2237215952283294,0.28222722773275244,2
320.672,0.57,0.357831261340836,0.3491036398827587,0.24100060491753894,0.29941593312918746,2
320.672,0.59,0.3724727857706406,0.3641036917415,0.2574558876963169,0.31496433673347873,2
320.672,0.6,0.3780222011983734,0.36982765815121954,0.26568952385713307,0.3218558625277532,2
320.672,0.61,0.3908642736741076,0.3829631293429009,0.2811238878975456,0.3359940807858266,2
320.672,0.63,0.40650341610765683,0.39897278810516207,0.29652604544336203,0.35151473077550943,2
320.672,0.65,0.4285674383561142,0.42152967945724235,0.3214445752633671,0.37500600680974067,1
320.672,0.66,0.43235859135666677,0.42544933155499787,0.32931735043283583,0.3808379708947513,2
320.672,0.7,0.4574709754817101,0.45125093762882285,0.35932419075317523,0.4083975831174427,2
320.672,0.75,0.4901441250187733,0.4847554850191326,0.40482379333641144,0.44748395917759237,2
320.672,0.85,0.5506885746364572,0.546812328389328,0.4765467151170118,0.5136176448767344,1
320.672,0.95,0.5875833781505136,0.5847753549080926,0.5337619963315992,0.5606726872410563,1
320.672,1.05,0.6230197223223446,0.6210693900564088,0.5836782821568416,0.6033490022395931,1
321.954,-0.4,0.07232251379159882,0.05728982704577921,0.08929534610823303,0.08080892994991593,2
321.954,-0.32,0.059565695893018494,0.04428864904728938,0.07505028281650893,0.0673079893547637,2
321.954,-0.24,0.0507528193425754,0.03534389086666959,0.06780863084620743,0.05928072509439142,2
321.954,-0.16,0.04493585357750235,0.02947245931982749,0.05703139385877559,0.05098362371813897,2
321.954,-0.08,0.04578459603597601,0.030398693990281844,0.04701432824593908,0.04639946214095755,2
321.954,0.0,0.055142794895838385,0.039994618161228734,0.038355038105671715,0.04674891650075505,2
321.954,0.08,0.06911876784677193,0.05431226576643179,0.03664860401825844,0.05288368593251518,2
321.954,0.14,0.08434562917078117,0.06986298146092107,0.03966070790523715,0.06200316853800916,2
321.954,0.20000000000000004,0.10292609990234933,0.08882617949912616,0.041067293869783375,0.07199669688606636,2
321.954,0.25,0.12529820910910017,0.11165732548008964,0.05165472664653803,0.0884764678778191,2
321.954,0.3,0.15773014890296058,0.14473475445079048,0.07154457195137734,0.11463736042716896,2
321.954,0.3499999999999999,0.1842047675035684,0.17175677575639228,0.0835013558900829,0.13385306169682565,2
321.954,0.4,0.2171781954938225,0.20547066715205997,0.11115284503943657,0.16416552026662953,2
321.954,0.45,0.25894769850971244,0.2481169831682309,0.1414440830726964,0.20019589079120442,2
321.954,0.5,0.29818375745221837,0.2882316706979749,0.179981120539104,0.23908243899566117,2
321.954,0.53,0.32245000781792893,0.31307578715910733,0.2054336014465043,0.2639418046322166,2
321.954,0.55,0.33862359479982906,0.32965445720075237,0.22220675546770435,0.2804151751337667,2
321.954,0.57,0.35573412255673664,0.3471313045087525,0.2394364692709145,0.29758529591382554,2
321.954,0.59,0.37048879529530454,0.3622418988508089,0.2560346750831002,0.31326173518920236,2
321.954,0.6,0.37626713782535703,0.3681997136729165,0.26416860946034654,0.3202178736428518,2
321.954,0.61,0.38915702591114,0.38137791551234324,0.2796337824243593,0.33439540416774965,2
321.954,0.63,0.40494305406023756,0.397531044635301,0.295321281977981,0.3501321680191093,2
321.954,0.65,0.42719764909154534,0.4202746571266468,0.32018863853999924,0.3736931438157723,1
321.954,0.66,0.4311276644685301,0.42433615375508843,0.3279426395746201,0.3795351520215751,2
321.954,0.7,0.4564698080433468,0.4503600953673613,0.35819866423494295,0.4073342361391449,2
321.954,0.75,0.489501584897644,0.4842172188940419,0.4039265919730115,0.4467140884353278,2
321.954,0.85,0.5505296510016096,0.5467363899573059,0.4758409784683999,0.5131853147350047,1
321.954,0.95,0.5878604726098307,0.5851224975039038,0.5333477032559382,0.5606040879328844,1
321.954,1.05,0.6235511502486054,0.6216555100715088,0.5835899968129145,0.6035705735307599,1
323.241,-0.4,0.07347353062034125,0.05943933933468326,0.09108429668504435,0.0822789136526928,2
323.241,-0.32,0.06061238356520304,0.04634780320248305,0.0767671790960633,0.06868978133063317,2
323.241,-0.24,0.05162445247101266,0.03723416625012681,0.06922874995499828,0.06042660121300547,2
323.241,-0.16,0.04551983241928014,0.031074284302867128,0.05800242441504656,0.05176112841716335,2
323.241,-0.08,0.04595474954866359,0.03157429365495827,0.04784664241296331,0.04690069598081345,2
323.241,0.0,0.054794322903788384,0.04062637297449079,0.03892341407796917,0.04685886849087878,2
323.241,0.08,0.0680380887289179,0.05417598074373049,0.03660717129052897,0.05232263000972343,2
323.241,0.14,0.08276950312723624,0.06920024024220708,0.03937924879190159,0.06107437595956892,2
323.241,0.20000000000000004,0.10074814428529025,0.08752554506202634,0.040226456804808325,0.07048730054504929,2
323.241,0.25,0.12248874286189752,0.10968018516248568,0.05069354590738012,0.08659114438463883,2
323.241,0.3,0.1544765200242086,0.14226011525887722,0.07055295840553855,0.11251473921487358,2
323.241,0.3499999999999999,0.18030322325227716,0.1685803205205485,0.08200075672107554,0.13115198998667635,2
323.241,0.4,0.21289940455504947,0.20185557585232708,0.10959768922815524,0.16124854689160234,2
323.241,0.45,0.25426186873493284,0.24402513489035066,0.13967302087271272,0.19696744480382278,2
323.241,0.5,0.2931850438898771,0.2837588517692948,0.17811197478328855,0.23564850933658282,2
323.241,0.53,0.3172178179383698,0.30832241506927427,0.20339555539615994,0.26030668666726486,2
323.241,0.55,0.33344266320648264,0.324927216929685,0.22022678663465312,0.2768347249205679,2
323.241,0.57,0.35056185169689325,0.3423888770690282,0.23745731385917723,0.29400958277803524,2
323.241,0.59,0.3652843526321672,0.3574416848243739,0.25405592489584444,0.30967013876400584,2
323.241,0.6,0.37104862315942305,0.36337296851686185,0.26218982800027274,0.3166192255798479,2
323.241,0.61,0.38390365129956006,0.376496422612741,0.2776364952099946,0.33077007325477736,2
323.241,0.63,0.3997192673871706,0.39265594624508127,0.2933202032246013,0.346519735305886,2
323.241,0.65,0.4219549232189814,0.4153477399960742,0.31807498122286804,0.37001495222092473,1
323.241,0.66,0.42597743197932003,0.41949497737785324,0.3262064380066149,0.37609193499296745,2
323.241,0.7,0.4514401596365525,0.44559753184280454,0.35633353003676554,0.40388684483665904,2
323.241,0.75,0.4847362036140884,0.47967193755592796,0.40217964461187194,0.4434579241129802,2
323.241,0.85,0.5463699675267017,0.5427130391718546,0.47418482182940846,0.5102773946780551,1
323.241,0.95,0.5844117047370139,0.5817600333039978,0.5321378494949917,0.5582747771160028,1
323.241,1.05,0.6206898874897926,0.6188406708732339,0.5822779582779591,0.6014839228838759,1
324.533,-0.4,0.07597445221797863,0.061753290213150756,0.09290613775866488,0.08444029498832176,2
324.533,-0.32,0.06241610096237465,0.0479450590467007,0.07861796555167672,0.07051703325702569,2
324.533,-0.24,0.05291421412861783,0.03830508636442079,0.07086173121886188,0.061887972673739855,2
324.533,-0.16,0.04625097228705967,0.031573652973766034,0.059602065076416244,0.05292651868173796,2
324.533,-0.08,0.04611440596977745,0.03149177309571595,0.049408440589776004,0.04776142327977673,2
324.533,0.0,0.05424722328944254,0.03982691538710675,0.03997733580675242,0.04711227954809748,2
324.533,0.08,0.06667429064703785,0.052553001633741436,0.03768707262757158,0.052180681637304716,2
324.533,0.14,0.08105156998410243,0.06722171357338841,0.040020078798487624,0.060535824391295026,2
324.533,0.20000000000000004,0.09842355724527803,0.08493488796857325,0.040390278024866,0.06940691763507201,2
324.533,0.25,0.11980091747364055,0.10672837935918317,0.05062752484345402,0.0852142211585473,2
324.533,0.3,0.15102101350515812,0.13853274576863503,0.06991047196794278,0.11046574273655045,2
324.533,0.3499999999999999,0.17677957144825895,0.1647927473389499,0.08116479058424969,0.12897218101625432,2
324.533,0.4,0.2089897863910073,0.1976801358406884,0.10825007236290335,0.15861992937695532,2
324.533,0.45,0.2501247568535268,0.23962754555708693,0.1378180685365678,0.1939714126950473,2
324.533,0.5,0.2889795849891886,0.2793015962117701,0.17597873738930436,0.23247916118924647,2
324.533,0.53,0.31306832597370476,0.30393001026504063,0.20108985634851484,0.25707909116110983,2
324.533,0.55,0.32920515851537213,0.32044765325300306,0.21792704068651172,0.2735660996009419,2
324.533,0.57,0.34635393600259456,0.33794485953940656,0.23500198916350212,0.29067796258304834,2
324.533,0.59,0.36112221337189954,0.3530487141614618,0.25151073464461904,0.3063164740082593,2
324.533,0.6,0.36692019123340436,0.35901628509768785,0.2595117306172897,0.31321596092534704,2
324.533,0.61,0.379845443786922,0.3722149946963319,0.2748723929519849,0.3273589183694534,2
324.533,0.63,0.39567488371600745,0.3883939134468402,0.2904447597339629,0.34305982172498517,2
324.533,0.65,0.418024683396084,0.41120887192855127,0.31527782751016264,0.3666512554531233,1
324.533,0.66,0.42198499487639496,0.4152935857706763,0.32321375517627393,0.37259937502633445,2
324.533,0.7,0.4476240598579566,0.4415858139797811,0.35351116144558675,0.4005676106517717,2
324.533,0.75,0.4811015881606428,0.47585737118143084,0.39906715703340323,0.44008437259702304,2
324.533,0.85,0.5432473468694974,0.5394464880333936,0.4711545381162432,0.5072009424928703,1
324.533,0.95,0.5816950521046933,0.5789259500117211,0.5291644446657571,0.5554297483852252,1
324.533,1.05,0.618416323920622,0.6164741297234135,0.5800630260240217,0.5992396749723219,1
325.83,-0.4,0.07727808818881404,0.06341348400537124,0.09317530845468752,0.08522669832175078,2
325.83,-0.32,0.06359496177386006,0.04948499531010881,0.0785474689726761,0.07107121537326808,2
325.83,-0.24,0.05361957987719745,0.03936574775662332,0.07077623341484122,0.06219790664601933,2
325.83,-0.16,0.04658779578490667,0.032260207535600605,0.059375939948188544,0.052981867866547606,2
325.83,-0.08,0.04578543980854458,0.03149647098779191,0.0489660446006516,0.04737574220459809,2
325.83,0.0,0.05353944676369805,0.039437603337562535,0.03941512492899483,0.04647728584634644,2
325.83,0.08,0.0652561702769446,0.05142845781859898,0.036818212631752056,0.051037191454348325,2
325.83,0.14,0.07924152082797778,0.06568995717876734,0.03918165624606596,0.05921158853702187,2
325.83,0.20000000000000004,0.09622226619906404,0.08299655098341643,0.0395280834599602,0.06787517482951212,2
325.83,0.25,0.1173589002445433,0.10453479302828567,0.049790842912745256,0.08357487157864428,2
325.83,0.3,0.14827151350444823,0.13600969675063007,0.06878487460455227,0.10852819405450025,2
325.83,0.3499999999999999,0.17389530509901904,0.16212170224704903,0.08005348552169525,0.12697439531035715,2
325.83,0.4,0.20597827958594203,0.19486635276573366,0.10719224789186521,0.15658526373890364,2
325.83,0.45,0.24704113357324037,0.23672392951999321,0.13683473065443386,0.1919379321138371,2
325.83,0.5,0.2860513378379521,0.2765405307807539,0.17502081871082392,0.23053607827438802,2
325.83,0.53,0.3100870987182694,0.30110120577491073,0.20025911860057016,0.2551731086594198,2
325.83,0.55,0.3263501293731212,0.31774047298008545,0.21703709843483848,0.27169361390397984,2
325.83,0.57,0.3436252116611853,0.33535973607791514,0.23414339251546756,0.28888430208832644,2
325.83,0.59,0.3583999470702586,0.3504617198851927,0.25068465243407173,0.3045422997521652,2
325.83,0.6,0.36423681208983116,0.3564645334087948,0.25874925841761864,0.3114930352537249,2
325.83,0.61,0.377200165035055,0.36969634040522187,0.2742099565657531,0.32570506080040407,2
325.83,0.63,0.3931957312297927,0.3860377510459599,0.28965904277431737,0.341427387002055,2
325.83,0.65,0.41568130273824794,0.4089791887139916,0.31459965778621624,0.3651404802622321,1
325.83,0.66,0.4196184342492905,0.41303749070324025,0.3228003004848569,0.3712093673670737,2
325.83,0.7,0.4456154560569875,0.4396790016313974,0.3530677686850302,0.39934161237100885,2
325.83,0.75,0.4793466198972308,0.47418841462975114,0.39873862064422266,0.4390426202707267,2
325.83,0.85,0.5420279133412946,0.5382844031295766,0.4711346840960969,0.5065812987186957,1
325.83,0.95,0.5806265536565702,0.5778929004974055,0.5293194134297967,0.5549729835431835,1
325.83,1.05,0.617528050927532,0.615606108152426,0.5803860384427189,0.5989570446851255,1
327.132,-0.4,0.07930958352629199,0.06613694466227275,0.09582058077922606,0.08756508215275902,2
327.132,-0.32,0.06500546451821765,0.051587564229584965,0.08098921899796828,0.07299734175809297,2
327.132,-0.24,0.05443305290409559,0.040868077539648405,0.0729826058762538,0.06370782939017469,2
327.132,-0.16,0.046821155465297956,0.033177289121053555,0.06135162203333565,0.0540863887493168,2
327.132,-0.08,0.04536089435595597,0.03174355131802629,0.05050267141014435,0.04793178288305016,2
327.132,0.0,0.052159050362314455,0.03870510222133644,0.040518780738829877,0.046338915550572166,2
327.132,0.08,0.06309804850853551,0.04989317112890525,0.03714974039046519,0.05012389444950035,2
327.132,0.14,0.07639727083545145,0.06344241024331965,0.038863144724987024,0.05763020778021924,2
327.132,0.20000000000000004,0.09283612948918703,0.08018153007286723,0.03880218860231931,0.06581915904575317,2
327.132,0.25,0.11333212431587722,0.10104615332487701,0.048529516010198344,0.08093082016303778,2
327.132,0.3,0.14387831174038215,0.13212036047071063,0.06704647937817397,0.10546239555927805,2
327.132,0.3499999999999999,0.1689648189157626,0.15765756900454886,0.07793397363307661,0.1234493962744196,2
327.132,0.4,0.20061721846579822,0.18992640573243869,0.10463655483108991,0.15262688664844407,2
327.132,0.45,0.2414257303667788,0.2314827053793298,0.1337282259984668,0.1875769781826228,2
327.132,0.5,0.28019294990267585,0.27100820643069623,0.17161473470525263,0.22590384230396424,2
327.132,0.53,0.30430710718444387,0.2956228807571156,0.19655904206894861,0.25043307462669623,2
327.132,0.55,0.3206244057673448,0.31229855504240067,0.2133831902833534,0.2670037980253491,2
327.132,0.57,0.33782393363794144,0.3298225443928431,0.23036657239964722,0.28409525301879435,2
327.132,0.59,0.35267029011049156,0.34498153901884915,0.24680577273052415,0.29973803142050787,2
327.132,0.6,0.35855520371088145,0.35102572164390045,0.25483945328662627,0.30669732849875386,2
327.132,0.61,0.37159607789044,0.36432290169148074,0.2701817529048569,0.32088891539764847,2
327.132,0.63,0.3876687181520554,0.3807264309726484,0.2855990034106773,0.33663386078136637,2
327.132,0.65,0.41021436461207406,0.4037066357087765,0.3104153746682782,0.3603148696401761,1
327.132,0.66,0.4142868662669167,0.40789790589242814,0.31883838259371244,0.36656262443031457,2
327.132,0.7,0.44043255450233537,0.4346593351703391,0.3491100517985467,0.39477130315044107,2
327.132,0.75,0.47454064261207274,0.4695171704112718,0.394999217128011,0.43476992987004187,2
327.132,0.85,0.5379122407617458,0.5342483065801504,0.4678218263363899,0.5028670335490679,1
327.132,0.95,0.5773389556376505,0.5746502684920707,0.5265149110435381,0.5519269333405943,1
327.132,1.05,0.6148246997520983,0.6129180789158267,0.5781672713006532,0.5964959855263757,1
328.44,-0.4,0.08007319472360391,0.06722046235834447,0.09734873020776261,0.08871096246568326,2
328.44,-0.32,0.06535751326925801,0.05225726604095185,0.08252500503580512,0.07394125915253157,2
328.44,-0.24,0.054418071989370584,0.04116650102220512,0.07414527173946611,0.06428167186441835,2
328.44,-0.16,0.046578452875290485,0.03324451803177278,0.0621922450082005,0.054385348941745494,2
328.44,-0.08,0.044834632107275486,0.03152037852785144,0.05101191759828473,0.04792327485278011,2
328.44,0.0,0.05129701727388242,0.03813573463397649,0.04056398363107991,0.04593050045248116,2
328.44,0.08,0.06201816274449834,0.04909781667204312,0.036431491008809394,0.04922482687665387,2
328.44,0.14,0.0751852767634,0.06250728503085634,0.037632011807935836,0.05640864428566792,2
328.44,0.20000000000000004,0.09137053204398159,0.07898279007510403,0.03722829981709683,0.0642994159305392,2
328.44,0.25,0.11171418749787161,0.09968675941773086,0.04639361074302002,0.07905389912044582,2
328.44,0.3,0.14182999995695933,0.13031146764134494,0.06386175306308321,0.10284587651002128,2
328.44,0.3499999999999999,0.16688303765170726,0.1558045948023809,0.07464579583042531,0.12076441674106628,2
328.44,0.4,0.19817765782907068,0.18769151226536135,0.100863177419686,0.14952041762437834,2
328.44,0.45,0.23876718864392482,0.2290039475025526,0.12957399007861042,0.18417058936126762,2
328.44,0.5,0.27754358406826396,0.26851872538795263,0.16701783841673956,0.22228071124250176,2
328.44,0.53,0.30160966024397995,0.29306979974891323,0.19181534155457802,0.24671250089927899,2
328.44,0.55,0.3178584992818455,0.3096652204379461,0.20870462662475348,0.2632815629532995,2
328.44,0.57,0.33502021287105865,0.32714066416466303,0.22561236404588142,0.28031628845847,2
328.44,0.59,0.3498356799551132,0.34225871590038914,0.24184706398714728,0.29584137197113025,2
328.44,0.6,0.35578998023811526,0.34836912502840284,0.25004576766151654,0.3029178739498159,2
328.44,0.61,0.3688443255134628,0.3616732157935497,0.26550450085427246,0.31717441318386763,2
328.44,0.63,0.384785511988574,0.3779327069802958,0.2807928297045873,0.33278917084658066,2
328.44,0.65,0.40740549645083457,0.40097480284794373,0.30545586025214777,0.35643067835149117,1
328.44,0.66,0.4114514946054488,0.40513699363863476,0.3139220831514454,0.3626867888784471,2
328.44,0.7,0.43758893434062496,0.43187132659999494,0.34435874619986334,0.3909738402702442,2
328.44,0.75,0.47168076980070894,0.4666910433288192,0.3903645347319702,0.43102265226633957,2
328.44,0.85,0.534882213240289,0.5312126768206317,0.4635512531905498,0.4992167332154194,1
328.44,0.95,0.5743539690555527,0.5716406948748096,0.5227742898591288,0.5485641294573407,1
328.44,1.05,0.6120296931716083,0.6100869216192664,0.5751285683049054,0.5935791307382569,1
329.753,-0.4,0.08394016290666809,0.07168859830806112,0.0984782402602524,0.09120920158346024,2
329.753,-0.32,0.06804713952829813,0.0555385353595782,0.08321745407667633,0.07563229680248723,2
329.753,-0.24,0.055793896912381714,0.04311836818004437,0.07497840053757529,0.0653861487249785,2
329.753,-0.16,0.04682652460576152,0.03405260046627536,0.06241176626434276,0.05461914543505214,2
329.753,-0.08,0.04377465692281879,0.030995308851762306,0.05102774126821111,0.04740119909551495,2
329.753,0.0,0.04858710429806272,0.03592429757787,0.04002558750229954,0.04430634590018113,2
329.753,0.08,0.05779071683414476,0.0453310500465321,0.0355034519228658,0.04664708437850528,2
329.753,0.14,0.07003970421916955,0.05779507384178334,0.0362786938209359,0.05315919902005273,2
329.753,0.20000000000000004,0.08533209507908465,0.07335025680412155,0.03526202413626191,0.06029705960767328,2
329.753,0.25,0.10505043565100763,0.09340248469201118,0.0440794646363617,0.07456495014368467,2
329.753,0.3,0.13455611088530678,0.123386221912054,0.061030069432492604,0.0977930901588997,2
329.753,0.3499999999999999,0.1592816529240963,0.14852898976205176,0.07169771877756875,0.11548968585083252,2
329.753,0.4,0.19059903262642192,0.18041719695220992,0.09750895859446768,0.1440539956104448,2
329.753,0.45,0.2311951738448443,0.22170952577040487,0.12589827039150395,0.17854672211817413,2
329.753,0.5,0.27038539214061086,0.26161800217765696,0.16318895885970164,0.21678717550015625,2
329.753,0.53,0.29474566768292837,0.28644908821912696,0.18789707184066218,0.24132136976179527,2
329.753,0.55,0.3112269031872581,0.3032677117484948,0.20464950341983446,0.2579382033035463,2
329.753,0.57,0.32862106920333284,0.32096767170324864,0.22169093115840505,0.27515600018086894,2
329.753,0.59,0.34368689694338683,0.3363285848624748,0.23788043999679373,0.2907836684700903,2
329.753,0.6,0.3498315997499004,0.34262550229237343,0.24603728954888182,0.2979344446493911,2
329.753,0.61,0.36297722030486,0.35601117974620833,0.26131462799072536,0.3121459241477927,2
329.753,0.63,0.37919329859634243,0.37253882497773383,0.2768330764268468,0.3280131875115946,2
329.753,0.65,0.40238039162512185,0.39613995556657133,0.3015828131329248,0.3519816023790233,1
329.753,0.66,0.4064046953921118,0.4002756713858855,0.3100931586112861,0.35824892700169897,2
329.753,0.7,0.4332398101324922,0.42769466117496213,0.3407542422603867,0.38699702619643944,2
329.753,0.75,0.4678669652785814,0.4630251730474139,0.3869441875600468,0.4274055764193141,2
329.753,0.85,0.53247669884134,0.5289206086844473,0.46062965622192115,0.49655317753163053,1
329.753,0.95,0.5726591683020089,0.5700275240325713,0.5203476762014678,0.5465034222517384,1
329.753,1.05,0.6108421120739207,0.6089569600856183,0.5733358763329445,0.5920889942034326,1
331.071,-0.4,0.0842064973296741,0.0721300425076209,0.09958694793811795,0.09189672263389603,2
331.071,-0.32,0.06817154436855716,0.05583966075062475,0.08429231437931661,0.07623192937393689,2
331.071,-0.24,0.055879304725429305,0.04338316460463164,0.07586868087229968,0.0658739927988645,2
331.071,-0.16,0.0466822760999298,0.034086881128298,0.06311094549704184,0.05489661079848582,2
331.071,-0.08,0.04358726072245792,0.03098798014762008,0.05117619704760022,0.047381728885029076,2
331.071,0.0,0.04797711378983071,0.03548673619165857,0.0401600619434736,0.04406858786665216,2
331.071,0.08,0.057129691913277846,0.04483639424138261,0.03545068848769713,0.04629019020048748,2
331.071,0.14,0.06914288583549069,0.05705702295726403,0.036114971590660114,0.0526289287130754,2
331.071,0.20000000000000004,0.08455012568570727,0.0727236631982335,0.034971338772703336,0.059760732229205304,2
331.071,0.25,0.10411027046184297,0.09260788825287225,0.043734514383036216,0.07392239242243959,2
331.071,0.3,0.13397051211216332,0.12294775302731184,0.06056796184946439,0.09726923698081386,2
331.071,0.3499999999999999,0.15855602795293067,0.14794026738414764,0.07102035123162277,0.11478818959227671,2
331.071,0.4,0.18987919452944768,0.17982785187035116,0.09683519407491806,0.14335719430218286,2
331.071,0.45,0.2307202897742641,0.2213631482119564,0.12517489148666316,0.17794759063046361,2
331.071,0.5,0.26989678649174653,0.26124821242140406,0.16245044679104947,0.216173616641398,2
331.071,0.53,0.2944280841695203,0.28624953786462937,0.18714030925897177,0.24078419671424606,2
331.071,0.55,0.31111176670649293,0.30327215155612797,0.2040184431332681,0.2575651049198805,2
331.071,0.57,0.32849113476414976,0.3209529621349484,0.22101878405280406,0.27475495940847694,2
331.071,0.59,0.3435853726891065,0.33633956467701276,0.23733879282754716,0.29046208275832686,2
331.071,0.6,0.34981498059412386,0.3427220637257743,0.2454300901496531,0.2976225353718885,2
331.071,0.61,0.3630481462569575,0.3561947847825616,0.26075624126746055,0.31190219376220907,2
331.071,0.63,0.37934463207872293,0.3728000297744773,0.27655735779301194,0.32795099493586743,2
331.071,0.65,0.4024893179210406,0.3963525802078366,0.301170734673602,0.3518300262973213,1
331.071,0.66,0.4066796246539258,0.40065797707190265,0.30978979715226307,0.35823471090309444,2
331.071,0.7,0.4335112689448186,0.42806446923584796,0.3404641250481081,0.38698769699646335,2
331.071,0.75,0.46844214696716224,0.4636965255847493,0.38683286752135415,0.4276375072442582,2
331.071,0.85,0.5332500985796218,0.5297729180637292,0.46093289053652664,0.4970914945580742,1
331.071,0.95,0.5736961234476579,0.571128379969084,0.520851570987763,0.5472738472177104,1
331.071,1.05,0.6117019105199797,0.609858791435388,0.5742154426220667,0.5929586765710232,1
332.394,-0.4,0.08671843635917822,0.07460354825762891,0.1002354184497748,0.09347692740447651,2
332.394,-0.32,0.07021545859964785,0.057834478461313746,0.08492511180996953,0.07757028520480869,2
332.394,-0.24,0.05745567248786751,0.04489988365160005,0.07635152952504945,0.06690360100645848,2
332.394,-0.16,0.04785936586344724,0.035196095485286766,0.06351059937256928,0.055684982618008264,2
332.394,-0.08,0.044052294002675164,0.03137087604608728,0.05143013166945165,0.047741212836063404,2
332.394,0.0,0.047941822484430255,0.03536019881187906,0.04025249021311483,0.044097156348772544,2
332.394,0.08,0.056289100481639515,0.04389554039073011,0.03497751852995417,0.045633309505796846,2
332.394,0.14,0.06793133608745396,0.05573962187846471,0.03515577307944926,0.05154355458345161,2
332.394,0.20000000000000004,0.08270063090868121,0.07076228532965922,0.03391663229320069,0.05830863160094095,2
332.394,0.25,0.10191425710853519,0.09029814305233039,0.042179250329654465,0.07204675371909483,2
332.394,0.3,0.1311056884991735,0.11995905888151283,0.058475912562178364,0.09479080053067593,2
332.394,0.3499999999999999,0.15553990420425975,0.14480260585775623,0.06868765692727091,0.11211378056576533,2
332.394,0.4,0.18659334958601542,0.17641688679387516,0.09416888339854153,0.14038111649227847,2
332.394,0.45,0.2270090284497857,0.21752000233752086,0.1221505571827256,0.17457979281625566,2
332.394,0.5,0.2659903283601064,0.25720829270189616,0.1592019243594992,0.2125961263598028,2
332.394,0.53,0.2903765766503843,0.2820601269696497,0.18372728453085557,0.23705193059061994,2
332.394,0.55,0.30702688985206683,0.29904885626397076,0.20046388638749774,0.2537453881197823,2
332.394,0.57,0.32440176229425227,0.3167259741561639,0.21744128324401363,0.27092152276913295,2
332.394,0.59,0.3394844209857871,0.33209980767438485,0.23365059219315887,0.286567506589473,2
332.394,0.6,0.34566835958995284,0.33843615306121977,0.2416730328778773,0.29367069623391506,2
332.394,0.61,0.35889019684929346,0.3518963318123553,0.2569711372433499,0.30793066704632166,2
332.394,0.63,0.3751472675882272,0.3684633244428069,0.27283857883865953,0.32399292321344336,2
332.394,0.65,0.39834982716196327,0.39207654039862966,0.2971823483770736,0.34776608776951845,1
332.394,0.66,0.40246672372195974,0.39630450812216866,0.3058446046084998,0.3541556641652298,2
332.394,0.7,0.42950131782889056,0.42392105696364374,0.33658626592502405,0.3830437918769573,2
332.394,0.75,0.4644106949997043,0.45953272546754337,0.3830233350596222,0.42371701502966325,2
332.394,0.85,0.5294806936447175,0.5258822845260387,0.4573855727109003,0.4934331331778089,1
332.394,0.95,0.5701478213938264,0.5674702802848756,0.5175493023241557,0.543848561858991,1
332.394,1.05,0.6085913286403117,0.6066546119961085,0.5712007863345188,0.5898960574874152,1
333.723,-0.4,0.08850715255537588,0.07700342025598843,0.10242049698710998,0.09546382477124293,2
333.723,-0.32,0.07172194596201739,0.05995970710044231,0.0868909084789827,0.07930642722050005,2
333.723,-0.24,0.05876860445636495,0.046837534545503975,0.07808624348364851,0.06842742397000673,2
333.723,-0.16,0.0488355488343043,0.03679777479424386,0.06487291006734454,0.05685422945082442,2
333.723,-0.08,0.04464048062495442,0.0325811181784689,0.052604389785472175,0.048622435205213296,2
333.723,0.0,0.04805255303246479,0.036081970739327784,0.04094990450666945,0.04450122876956712,2
333.723,0.08,0.05578781640296021,0.0439892617096737,0.03540757733522451,0.04559769686909236,2
333.723,0.14,0.06687199998103154,0.05525837786505253,0.03516402948969673,0.05101801473536413,2
333.723,0.20000000000000004,0.08095538503149076,0.06957139628047324,0.03348949386324358,0.05722243944736717,2
333.723,0.25,0.09961890506979405,0.08853258092243055,0.04143098716752085,0.07052494611865745,2
333.723,0.3,0.1281115998787533,0.11745740669462192,0.05730665184471939,0.09270912586173635,2
333.723,0.3499999999999999,0.15200445482095648,0.1417271877995907,0.06726402405680856,0.10963423943888252,2
333.723,0.4,0.18245770149593338,0.17269905954071132,0.09234397192564935,0.13740083671079137,2
333.723,0.45,0.22251876872434684,0.2134045875225622,0.12002851133987294,0.17127364003210988,2
333.723,0.5,0.26100687600516925,0.25255057293621497,0.15680574343844822,0.20890630972180874,2
333.723,0.53,0.2853266481674933,0.27731172668095916,0.18119630472937215,0.23326147644843273,2
333.723,0.55,0.3017810607471607,0.2940815697429151,0.1980131564617477,0.2498971086044542,2
333.723,0.57,0.31907829867315024,0.3116642431484822,0.21477560435577323,0.2669269515144617,2
333.723,0.59,0.334194160780818,0.32705818647210405,0.2310392925022894,0.2826167266415537,2
333.723,0.6,0.34022010554129206,0.3332242383212325,0.23912666918315756,0.2896733873622248,2
333.723,0.61,0.3535554752115093,0.34678934347131823,0.25443740524581143,0.30399644022866035,2
333.723,0.63,0.36989864134710015,0.36342946374954704,0.270257562493894,0.32007810192049707,2
333.723,0.65,0.3929436130938605,0.38686066046320744,0.2945294737621747,0.3437365434280176,1
333.723,0.66,0.3971577543188004,0.3911826433137864,0.3032826176999478,0.3502201860093741,2
333.723,0.7,0.4242706069541362,0.41885038602470614,0.33404368689732433,0.37915714692573027,2
333.723,0.75,0.45935930400126834,0.45461249665879266,0.38055552742639387,0.4199574157138311,2
333.723,0.85,0.5252481031991388,0.5217385520778731,0.45510625142821826,0.49017717731367855,1
333.723,0.95,0.5666341159609143,0.5640157054669637,0.5157066856142589,0.5411704007875866,1
333.723,1.05,0.605732156587091,0.6038325900723227,0.5698561312418468,0.5877941439144689,1
335.057,-0.4,0.0909164873959265,0.079970413547724,0.10197431687405606,0.09644540213499128,2
335.057,-0.32,0.07361699716646548,0.06241697186199554,0.08657309958416065,0.08009504837531306,2
335.057,-0.24,0.05974972219818235,0.048375437918501324,0.07780473030396165,0.068777226251072,2
335.057,-0.16,0.04918864567151592,0.03770314525616027,0.06470752418447781,0.05694808492799687,2
335.057,-0.08,0.04423214044599955,0.03271286411039966,0.052435745750677706,0.04833394309833863,2
335.057,0.0,0.04655090001049482,0.03510000690198686,0.04050622561758931,0.04352856281404206,2
335.057,0.08,0.05334579240991081,0.04204121329852596,0.03502362477641065,0.04418470859316073,2
335.057,0.14,0.06388150208760095,0.052744527362586086,0.0345666817626038,0.049224091925102374,2
335.057,0.20000000000000004,0.07749337435228854,0.06656917539694762,0.032651713248821046,0.05507254380055479,2
335.057,0.25,0.09544479592475125,0.08479196442297018,0.040569141169546005,0.06800696854714863,2
335.057,0.3,0.12350443729623342,0.11325919510907931,0.0562652373323974,0.0898848373143154,2
335.057,0.3499999999999999,0.1470415369233482,0.13715005714885053,0.06620954979133035,0.10662554335733929,2
335.057,0.4,0.1773469195554786,0.1679491956600327,0.09113485060667618,0.1342408850810774,2
335.057,0.45,0.21703503669573448,0.20824495726812686,0.11854323827264654,0.1677891374841905,2
335.057,0.5,0.25577706275320944,0.24762105216613703,0.15527033534628448,0.20552369904974696,2
335.057,0.53,0.28004377576079653,0.272306405999509,0.17952189121224432,0.22978283348652043,2
335.057,0.55,0.29671345272290395,0.28928231704920193,0.196367549668219,0.24654050119556148,2
335.057,0.57,0.31410083927889076,0.306943166672189,0.2132864591031416,0.2636936491910162,2
335.057,0.59,0.32923014600792583,0.3223370775302906,0.22942094628611376,0.27932554614701977,2
335.057,0.6,0.3355114378161519,0.32875676541449467,0.2373158100867544,0.28641362395145314,2
335.057,0.61,0.34867896934290465,0.3421388283030705,0.2526322152227453,0.300655592282825,2
335.057,0.63,0.36514738105022193,0.35889213414861143,0.26837296848952735,0.3167601747698746,2
335.057,0.65,0.3886700570581069,0.38279081048570845,0.2929690070339479,0.34081953204602744,1
335.057,0.66,0.39274005613983476,0.3869618050938265,0.30144637523806106,0.3470932156889479,2
335.057,0.7,0.4202522399493951,0.4150081020351214,0.33240365464167176,0.3763279472955334,2
335.057,0.75,0.4556807052901368,0.45108010930632236,0.378736773073708,0.4172087391819224,2
335.057,0.85,0.5221548159859101,0.5187366964010328,0.4533508730458975,0.4877528445159038,1
335.057,0.95,0.5639577372206657,0.5613958658245205,0.5139528468991104,0.538955292059888,1
335.057,1.05,0.603465083198595,0.6015977671341344,0.5683413141756626,0.5859031986871288,1
336.396,-0.4,0.09294987253776218,0.08228324193296278,0.10385709055797102,0.0984034815478666,2
336.396,-0.32,0.07503460522922716,0.06410708897327365,0.08835154273339148,0.08169307398130932,2
336.396,-0.24,0.06088437962766027,0.04978094558612953,0.07939193880867806,0.07013815921816917,2
336.396,-0.16,0.049891224971272866,0.038671776787363873,0.06610064127510096,0.05799593312318691,2
336.396,-0.08,0.044455508177191086,0.03319670757593806,0.05383257746541237,0.04914404282130173,2
336.396,0.0,0.04632369561878365,0.03512720768489078,0.041602542279030895,0.04396311894890727,2
336.396,0.08,0.05271211010771672,0.041657012270815544,0.035673461481964666,0.04419278579484069,2
336.396,0.14,0.06286024491564325,0.05196689917998695,0.034878743421463625,0.048869494168553435,2
336.396,0.20000000000000004,0.07606769553865728,0.06537821044761673,0.03257032215954947,0.05431900884910337,2
336.396,0.25,0.09371586172616458,0.08328964181348998,0.04006777642252278,0.06689181907434369,2
336.396,0.3,0.12116096297598614,0.11112302403716945,0.05550836498259926,0.0883346639792927,2
336.396,0.3499999999999999,0.14428698619230004,0.1345869165130174,0.06482424856020447,0.10455561737625226,2
336.396,0.4,0.17407568420962544,0.16484378541877487,0.08934582406364444,0.13171075413663494,2
336.396,0.45,0.21340038879555565,0.20475089536992047,0.11650876069019198,0.1649545747428738,2
336.396,0.5,0.25159375677412515,0.24354680388063932,0.15274887733871848,0.20217131705642183,2
336.396,0.53,0.27565936285928394,0.2680138589451699,0.17695975779880557,0.22630956032904476,2
336.396,0.55,0.29213120091526207,0.28477809713132196,0.19348062040973102,0.24280591066249654,2
336.396,0.57,0.30935544145683347,0.3022645935409192,0.21011754616428366,0.2597364938105586,2
336.396,0.59,0.32439169324912337,0.31755503524383244,0.22633820717495007,0.2753649502120367,2
336.396,0.6,0.3306034594129361,0.3239004567272373,0.23425306607041255,0.2824282627416743,2
336.396,0.61,0.34380765457325513,0.3373131954943629,0.24963745779386248,0.2967225561835588,2
336.396,0.63,0.360075207756568,0.353853212807982,0.2650928031016063,0.31258400542908715,2
336.396,0.65,0.3833512613862161,0.37749046416763044,0.2892615607595808,0.3363064110728985,1
336.396,0.66,0.3875176920604049,0.38175704403891775,0.29814957567226935,0.34283363386633714,2
336.396,0.7,0.4148514757222884,0.4096070742225311,0.3288152145023955,0.37183334511234195,2
336.396,0.75,0.4503128713733912,0.44569699624750625,0.3750284229654598,0.4126706471694255,2
336.396,0.85,0.516746926132734,0.5132872936060286,0.4498948325654562,0.48332087934909507,1
336.396,0.95,0.5590220510288455,0.5564105326640056,0.5110288088176314,0.5350254299232384,1
336.396,1.05,0.5991210011886492,0.5971994758679742,0.5654992740793092,0.5823101376339792,1
337.741,-0.4,0.09358706557917634,0.08292079158098364,0.10435887898086141,0.09897297228001888,2
337.741,-0.32,0.07581594065698948,0.06489204206358169,0.08883825904984127,0.08232709985341538,2
337.741,-0.24,0.061771729043760534,0.05067444263763071,0.07990388228722439,0.07083780566549247,2
337.741,-0.16,0.05084448621767668,0.039633453819250174,0.06646520767670408,0.05865484694719038,2
337.741,-0.08,0.04560530475879855,0.03435968007812708,0.053750323334175745,0.04967781404648715,2
337.741,0.0,0.047284841630653565,0.03609974660643292,0.041535858894048254,0.044410350262350906,2
337.741,0.08,0.05360039287682395,0.04255604688146522,0.03501807048057459,0.04430923167869927,2
337.741,0.14,0.06341358498188582,0.052525820343945734,0.03397334521177907,0.04869346509683244,2
337.741,0.20000000000000004,0.07639463021379114,0.06570522858053642,0.03181388882996514,0.05410425952187814,2
337.741,0.25,0.0937365155244107,0.08330526506202998,0.038919033103034004,0.06632777431372236,2
337.741,0.3,0.12074798367510685,0.11069724982689232,0.054072956004183784,0.08741046983964532,2
337.741,0.3499999999999999,0.14390243094700705,0.13418844988990852,0.06322148125386493,0.10356195610043599,2
337.741,0.4,0.173102653279398,0.16384625199815248,0.0876439470617757,0.13037330017058685,2
337.741,0.45,0.2121693430519695,0.203490939986896,0.11463177898361682,0.16340056101779316,2
337.741,0.5,0.2500819625007677,0.2420009308390792,0.15067646267433663,0.20037921258755215,2
337.741,0.53,0.27409835527496723,0.26641918222444005,0.17478511861964366,0.22444173694730546,2
337.741,0.55,0.2903828132050544,0.28299247134258987,0.19135041721485735,0.24086661520995586,2
337.741,0.57,0.3075319782897036,0.30040206122273705,0.20803619562030468,0.2577840869550041,2
337.741,0.59,0.3224447703140617,0.31556689506488583,0.22426439049515737,0.2733545804046095,2
337.741,0.6,0.3287185750667049,0.32197600838001844,0.2321301696896858,0.28042437237819534,2
337.741,0.61,0.34188129315571747,0.33534762733736834,0.24733068643892067,0.29460598979731906,2
337.741,0.63,0.3581454127605307,0.35188379558929006,0.263125427115904,0.3106354199382173,2
337.741,0.65,0.3812976363494323,0.37539497979547704,0.28733444190047075,0.33431603912495156,1
337.741,0.66,0.38538078359541506,0.37957578570540135,0.296005377127826,0.3406930803616205,2
337.741,0.7,0.41262742673882713,0.4073369287031414,0.3267600058043102,0.36969371627156866,2
337.741,0.75,0.4481596283495348,0.44350078044110913,0.37320171598833196,0.4106806721689334,2
337.741,0.85,0.5147225548000203,0.511222687530355,0.4479162136500995,0.4813193842250599,1
337.741,0.95,0.5572147409689978,0.5545651094922411,0.5093048184157455,0.5332597796923717,1
337.741,1.05,0.5975010366396967,0.5955432558702148,0.5641887647755006,0.5808449007075986,1
339.091,-0.4,0.09679875353956333,0.0866819193574982,0.10573155930162656,0.10126515642059494,2
339.091,-0.32,0.07813416672658757,0.06775772132447805,0.09014678984659136,0.08414047828658947,2
339.091,-0.24,0.06309022455697648,0.05253398671521133,0.0806961469515223,0.07189318575424938,2
339.091,-0.16,0.05121407529712799,0.04053632135381126,0.06723408958433491,0.05922408244073145,2
339.091,-0.08,0.04484624355158286,0.0341191861039366,0.05440393439999536,0.04962508897578911,2
339.091,0.0,0.045351430278393605,0.03466651791210809,0.04169146970802049,0.04352144999320705,2
339.091,0.08,0.050484377486195955,0.039917029220384884,0.03485350820824807,0.042668942847222016,2
339.091,0.14,0.059518135614691096,0.04908854462300129,0.03341109357862082,0.04646461459665596,2
339.091,0.20000000000000004,0.07181465809064147,0.061564493346819266,0.031088926022775618,0.051451792056708544,2
339.091,0.25,0.08869195069709172,0.07867980860780155,0.0379374819551785,0.06331471632613511,2
339.091,0.3,0.1153536057277473,0.10569890500746996,0.0525448361294374,0.08394922092859236,2
339.091,0.3499999999999999,0.13835204285890562,0.12901541861045454,0.06174686745718037,0.10004945515804299,2
339.091,0.4,0.1676872615089514,0.158789943118322,0.08589493463645873,0.12679109807270506,2
339.091,0.45,0.20682847523393683,0.19848447129637775,0.1125876282802934,0.1597080517571151,2
339.091,0.5,0.24509538580053156,0.2373293366399406,0.14861965138795763,0.1968575185942446,2
339.091,0.53,0.2693948649871649,0.2620174105968964,0.17257003390159614,0.22098244944438053,2
339.091,0.55,0.28592704217337594,0.2788299901551439,0.18919732218817514,0.23756218218077554,2
339.091,0.57,0.3032593575634436,0.2964146385461168,0.20591965380652827,0.25458950568498595,2
339.091,0.59,0.318385327765565,0.31178511006899273,0.22214880246950763,0.2702670651175363,2
339.091,0.6,0.32474544858723753,0.3182755260725918,0.2299841782829931,0.2773648134351153,2
339.091,0.61,0.3380789179753353,0.33181154300738747,0.24522659863809837,0.29165275830671683,2
339.091,0.63,0.35467597710587295,0.34867522170883325,0.2610613740711496,0.3078686755885113,2
339.091,0.65,0.37809730220609317,0.3724430706588123,0.28552345221524644,0.3318103772106698,1
339.091,0.66,0.3823681105175818,0.3768109991274038,0.2940447198216549,0.33820641516961836,2
339.091,0.7,0.410180501517202,0.40512374843472587,0.3249452362764226,0.3675628688968123,2
339.091,0.75,0.44627851034733934,0.44183302050867523,0.37170849465095385,0.40899350249914657,2
339.091,0.85,0.5140588503891299,0.5107353801015803,0.4471108580711324,0.48058485423013114,1
339.091,0.95,0.5573921907915086,0.554891574040802,0.508807520442425,0.5330998556169668,1
339.091,1.05,0.5983522856706804,0.596520543419063,0.5645407617837688,0.5814465237272246,1
340.446,-0.4,0.10082041350671861,0.09089041411472737,0.10641155456599774,0.10361598403635817,2
340.446,-0.32,0.08171329263648851,0.07152127471858608,0.09061344273024188,0.08616336768336519,2
340.446,-0.24,0.06600543073098136,0.05562823545735913,0.08140435340793563,0.07370489206945849,2
340.446,-0.16,0.053472038423576534,0.04296630353856219,0.06756247444884315,0.060517256436209844,2
340.446,-0.08,0.04637397445137766,0.03580959051296846,0.05432282678340901,0.05034840061739333,2
340.446,0.0,0.04590934099111224,0.035372059830678274,0.04123477637492078,0.043572058683016515,2
340.446,0.08,0.04973479993336482,0.03929518523787591,0.034060641971029745,0.04189772095219728,2
340.446,0.14,0.057996596289316756,0.04768119901384975,0.03270747477232743,0.045352035530822093,2
340.446,0.20000000000000004,0.06942727440609128,0.059277054402164284,0.02979926485132834,0.04961326962870981,2
340.446,0.25,0.08552319236512165,0.07559766558568047,0.03625781423218816,0.060890503298654905,2
340.446,0.3,0.11111449782390673,0.10152495339634883,0.05037767111057591,0.08074608446724132,2
340.446,0.3499999999999999,0.1335668609790451,0.12428388552202199,0.059513123580358776,0.09653999227970195,2
340.446,0.4,0.1620576211025276,0.1531925808137382,0.08318254573793696,0.12262008342023228,2
340.446,0.45,0.20051720668837913,0.19218561438023457,0.109571401512329,0.15504430410035408,2
340.446,0.5,0.23836675137266838,0.23059524707755308,0.1452658874414695,0.19181631940706895,2
340.446,0.53,0.2624594130068822,0.2550661985826474,0.16933097219889043,0.2158951926028863,2
340.446,0.55,0.2790230356984965,0.27190552509993304,0.18577920195314468,0.2324011188258206,2
340.446,0.57,0.2963207524381902,0.2894512924948236,0.20252384924472083,0.24942230084145553,2
340.446,0.59,0.31135957386937674,0.30472867712143437,0.21863701858245044,0.2649982962259136,2
340.446,0.6,0.31778484628481185,0.31128255423458684,0.22649077018377006,0.27213780823429096,2
340.446,0.61,0.3310546454248421,0.32475018704682185,0.24166717497188078,0.2863609101983614,2
340.446,0.63,0.34777003043703025,0.34172972587726336,0.25772493432772103,0.30274748238237564,2
340.446,0.65,0.3713290253079991,0.36563187099225136,0.2818461515832106,0.32658758844560487,1
340.446,0.66,0.3755488476115689,0.36994597909595994,0.2905985099977305,0.3330736788046497,2
340.446,0.7,0.4036993010438665,0.3985942109784579,0.3215873749892034,0.3626433380165349,2
340.446,0.75,0.4399574311555079,0.43545468873101445,0.3684033407009757,0.4041803859282418,2
340.446,0.85,0.5086879181367342,0.5053010505427503,0.444226528269854,0.4764572232032941,1
340.446,0.95,0.5525556896387147,0.5499863251932016,0.506189768624834,0.5293727291317744,1
340.446,1.05,0.5939861061760237,0.5920840504396981,0.562284718636768,0.5781354124063958,1
341.807,-0.4,0.10110499441486576,0.09157911282663467,0.10824082476372676,0.10467290958929626,2
341.807,-0.32,0.08219249761412056,0.07241635275652014,0.09258135957640923,0.0873869285952649,2
341.807,-0.24,0.06663985587350377,0.05668653197965917,0.08304547185955746,0.07484266386653061,2
341.807,-0.16,0.05427266505045254,0.04419874619627043,0.0692801789168368,0.06177642198364467,2
341.807,-0.08,0.047193779020455615,0.0370652917669837,0.056058881874806565,0.05162633044763109,2
341.807,0.0,0.046920767477415054,0.03682317452844816,0.04244279483173698,0.044681781154576015,2
341.807,0.08,0.05073079559101888,0.04073029396012253,0.035159828943002264,0.04294531226701057,2
341.807,0.14,0.058936274641352704,0.049056957610863844,0.03330751767063106,0.04612189615599188,2
341.807,0.20000000000000004,0.0699396619234793,0.06021425105113629,0.030177251697294842,0.050058456810387064,2
341.807,0.25,0.08566449154159902,0.07614936116140109,0.036413799363060495,0.06103914545232976,2
341.807,0.3,0.1108674138441432,0.10166828763373925,0.05026222948341373,0.08056482166377846,2
341.807,0.3499999999999999,0.13291714633527696,0.12400358439975986,0.058795402629661986,0.09585627448246947,2
341.807,0.4,0.16076729954712343,0.15224191086566546,0.08198103647366162,0.12137416801039252,2
341.807,0.45,0.19865113324676548,0.19062418574108997,0.10814112064180545,0.15339612694428545,2
341.807,0.5,0.23588044540133762,0.22837655424815478,0.1435196449776314,0.18970004518948452,2
341.807,0.53,0.2595935003220222,0.2524428396047067,0.16735896768129666,0.21347623400165944,2
341.807,0.55,0.27583636120582966,0.268943361206357,0.1837648960844796,0.22980062864515463,2
341.807,0.57,0.29290782941657023,0.28624694812155566,0.20037962996227227,0.24664372968942125,2
341.807,0.59,0.3078512808445877,0.3014167307442025,0.216429560752321,0.26214042079845434,2
341.807,0.6,0.3141866935497203,0.30787377750898914,0.22423494113263875,0.2692108173411795,2
341.807,0.61,0.32737653484046225,0.3212517864354895,0.23929815253110231,0.2833373436857823,2
341.807,0.63,0.3437323006262569,0.3378530591124017,0.25516450771688626,0.2994484041715716,2
341.807,0.65,0.3672064711627512,0.36165496561413346,0.2793501230252565,0.32327829709400385,1
341.807,0.66,0.3712520034892549,0.36578684047939547,0.2880561923218662,0.32965409790556055,2
341.807,0.7,0.3991257435988005,0.3941328750446277,0.3190168324479735,0.359071288023387,2
341.807,0.75,0.4353907049942541,0.4309762978932531,0.36556772943329285,0.40047921721377344,2
341.807,0.85,0.5038248835062203,0.500481538839269,0.441484436935665,0.4726546602209427,1
341.807,0.95,0.548147239499566,0.5456001232813161,0.5034704449242723,0.5258088422119191,1
341.807,1.05,0.5901861789862861,0.588289789255481,0.5601426117366942,0.5751643953614902,1
343.173,-0.4,0.102544582397806,0.09343917384308881,0.10801044934428669,0.10527751587104635,2
343.173,-0.32,0.08345819729846965,0.07411215195848825,0.09219387039624632,0.08782603384735799,2
343.173,-0.24,0.06740287451635696,0.05788214905091042,0.08287030150546212,0.07513658801090954,2
343.173,-0.16,0.05475353071931813,0.045113523158839534,0.06859633074137537,0.06167493073034675,2
343.173,-0.08,0.04698884265521487,0.03728622577462477,0.05532019412464058,0.051154518389927725,2
343.173,0.0,0.04625153556364757,0.03657073699972354,0.04168688098498133,0.04396920827431445,2
343.173,0.08,0.04951062249271902,0.039912523478994225,0.03438169593737249,0.041946159215045756,2
343.173,0.14,0.05715326275737646,0.04766360210548766,0.03238960104987298,0.04477143190362472,2
343.173,0.20000000000000004,0.06791069426886327,0.05856445338308017,0.029296339747622392,0.048603517008242836,2
343.173,0.25,0.0833871960107132,0.07424049505894512,0.03554310844270086,0.059465152226707035,2
343.173,0.3,0.10843584053977193,0.09958913526169004,0.0493953183675328,0.07891557945365237,2
343.173,0.3499999999999999,0.13015042115484726,0.12157348181948444,0.05790406289822407,0.09402724202653567,2
343.173,0.4,0.15798410008102934,0.1497803802011392,0.08130750487057234,0.11964580247580084,2
343.173,0.45,0.1958595263108053,0.18813527928073184,0.10746172593890532,0.1516606261248553,2
343.173,0.5,0.23339438984090027,0.22617806120746345,0.14293882470637043,0.18816660727363535,2
343.173,0.53,0.25721250296769055,0.2503374701893881,0.16697998780003454,0.21209624538386254,2
343.173,0.55,0.27355319524408406,0.2669269807571092,0.18329049622608104,0.22842184573508256,2
343.173,0.57,0.29072416447860433,0.2843223229584948,0.19999094095405723,0.24535755271633078,2
343.173,0.59,0.30571640439808045,0.29953210406085334,0.21606070313024084,0.26088855376416065,2
343.173,0.6,0.3122366424291941,0.3061723996253806,0.22389539925183471,0.2680660208405144,2
343.173,0.61,0.32542464317689024,0.3195403612692981,0.23896424185993048,0.28219444251841036,2
343.173,0.63,0.34190173165236803,0.33625450203351703,0.2549479014117504,0.2984248165320592,2
343.173,0.65,0.36556220745258144,0.36023025700599354,0.279336117552205,0.3224491625023932,1
343.173,0.66,0.36971623162242,0.3644700304337512,0.28797061648353084,0.3288434240529754,2
343.173,0.7,0.39776767438832616,0.3929738778091808,0.3190748666824431,0.35842127053538464,2
343.173,0.75,0.4343151812129761,0.430078466834798,0.36571297205140874,0.4000140766321924,2
343.173,0.85,0.5032813414359876,0.5000736366268184,0.44198676959773003,0.4726340555168588,1
343.173,0.95,0.5478025185625417,0.5453593915445304,0.5042411146904333,0.5260218166264875,1
343.173,1.05,0.589887135250467,0.5880674793302929,0.5608656614669596,0.5753763983587132,1
344.545,-0.4,0.10497338090169701,0.0961730100676332,0.10996009773284066,0.10746673931726883,2
344.545,-0.32,0.08548858847789013,0.07644932278626344,0.09389974194744233,0.08969416521266624,2
344.545,-0.24,0.06928123465984319,0.060070687017939786,0.084398235639595,0.07683973514971909,2
344.545,-0.16,0.05612106309286684,0.04679004937992842,0.06986871276941822,0.06299488793114252,2
344.545,-0.08,0.04788092512389133,0.03848437116945017,0.05611254049329224,0.05199673280859179,2
344.545,0.0,0.0462037303614474,0.036818286168656233,0.042320494622630614,0.044262112492039006,2
344.545,0.08,0.04869074924073576,0.03937806575197557,0.034301436746008857,0.04149609299337231,2
344.545,0.14,0.05583727352913226,0.046622633240671014,0.03185681959508358,0.043847046562107916,2
344.545,0.20000000000000004,0.06591912645064989,0.056835669721145385,0.028492591002234058,0.04720585872644197,2
344.545,0.25,0.0807606780486457,0.07186020056656331,0.03442610492404298,0.05759339148634434,2
344.545,0.3,0.10522936698221237,0.0966122052230188,0.04788072904887383,0.07655504801554311,2
344.545,0.3499999999999999,0.1264452826967103,0.1180814156487838,0.0562006236982697,0.09132295319749,2
344.545,0.4,0.15405560226323234,0.14604852457514036,0.07927636479759287,0.1166659835304126,2
344.545,0.45,0.1916167561739163,0.18406823236753628,0.10521954971496504,0.14841815294444066,2
344.545,0.5,0.22896905550594773,0.22190956572840936,0.14050262533929173,0.18473584042261973,2
344.545,0.53,0.2527705008972505,0.24604141186739634,0.16425062990241113,0.20851056539983082,2
344.545,0.55,0.2692025011921252,0.2627160138877016,0.18078437504802866,0.22499343812007694,2
344.545,0.57,0.2863936345661168,0.28012574704205745,0.19740074459371976,0.24189718957991826,2
344.545,0.59,0.30154703660050597,0.2954936144691669,0.2135926748879553,0.25756985574423064,2
344.545,0.6,0.3079162396523508,0.3019763344806812,0.2213016782450872,0.264608958948719,2
344.545,0.61,0.32124100762163776,0.31547725612862815,0.2364926395676349,0.2788668235946363,2
344.545,0.63,0.33799043160729747,0.3324628602993087,0.2526235452753751,0.2953069884413363,2
344.545,0.65,0.3616335229760713,0.3564123998658068,0.27674930662305125,0.31919141479956126,1
344.545,0.66,0.3660088274473735,0.3608748964720603,0.2855458503379191,0.3257773388926463,2
344.545,0.7,0.3944909933016986,0.38980488653950096,0.31682128295029316,0.3556561381259959,2
344.545,0.75,0.43142312584975795,0.42728420777123965,0.3638925132156211,0.3976578195326895,2
344.545,0.85,0.5013924869924636,0.4982696517202729,0.4405323831127647,0.47096243505261415,1
344.545,0.95,0.5469402923401616,0.5445719596721852,0.5033396035990618,0.5251399479696117,1
344.545,1.05,0.5898163960055696,0.5880637895938079,0.5604756244159652,0.5751460102107674,1
345.922,-0.4,0.10613353630524497,0.09794276478129897,0.11192432892098252,0.10902893261311375,2
345.922,-0.32,0.08659651696939949,0.0781829303741377,0.09559733930088204,0.09109692813514077,2
345.922,-0.24,0.07003863896750728,0.06146176722881189,0.0860081572408169,0.07802339810416209,2
345.922,-0.16,0.05679392318741201,0.04810354884668916,0.07107188118136058,0.0639329021843863,2
345.922,-0.08,0.04840765480992943,0.0396546860077235,0.057626375788066654,0.05301701529899804,2
345.922,0.0,0.04653878857764107,0.037793863109117816,0.0433599880000281,0.04494938828883459,2
345.922,0.08,0.048518327636063646,0.039835857876993584,0.03526423456631472,0.041891281101189184,2
345.922,0.14,0.055181367819988086,0.04658632244801847,0.03248444982539897,0.04383290882269353,2
345.922,0.20000000000000004,0.0648854190056346,0.05640781960328424,0.02874400242345801,0.046814710714546307,2
345.922,0.25,0.07925174091204314,0.07093966321731371,0.03455737289479388,0.05690455690341851,2
345.922,0.3,0.10312647267874843,0.09506932520692885,0.047827006463097024,0.07547673957092273,2
345.922,0.3499999999999999,0.12418620492076718,0.11636346993396704,0.05565572648070291,0.08992096570073504,2
345.922,0.4,0.15120781082666435,0.14370825201654516,0.07857130496851655,0.11488955789759045,2
345.922,0.45,0.1885431056694214,0.1814679863215194,0.10420726758087986,0.14637518662515064,2
345.922,0.5,0.22571889480867185,0.21909632665471263,0.13930711368325627,0.18251300424596406,2
345.922,0.53,0.24944942294240777,0.24313329742780804,0.16312981261976814,0.20628961778108795,2
345.922,0.55,0.2658561907666539,0.2597657599888905,0.17941255448377552,0.2226343726252147,2
345.922,0.57,0.2831191050194779,0.2772338239936749,0.19595950249631477,0.23953930375789634,2
345.922,0.59,0.29822761631606487,0.29254132899872354,0.21206579431190317,0.25514670531398403,2
345.922,0.6,0.3046833935496134,0.2991032939385251,0.2197615841417745,0.26222248884569394,2
345.922,0.61,0.31799706899681346,0.3125821460492992,0.23482887097457583,0.27641296998569465,2
345.922,0.63,0.334773706774965,0.3295794247701437,0.25091252956883303,0.292843118171899,2
345.922,0.65,0.35846258229485317,0.3535526938426159,0.2750128208979531,0.31673770159640313,1
345.922,0.66,0.3627661045918506,0.35793765745780237,0.2840820572374217,0.32342408091463615,2
345.922,0.7,0.39133422466519197,0.386924239224852,0.31509588321788407,0.353215053941538,2
345.922,0.75,0.42848016112921766,0.4245842162113991,0.3619898298814014,0.3952349955053095,2
345.922,0.85,0.4990340697754052,0.49609516507375584,0.43878800058858203,0.4689110351819936,1
345.922,0.95,0.5452423702016024,0.5430216205894236,0.5019255047818676,0.523583937491735,1
345.922,1.05,0.5887875847022694,0.5871535365280175,0.5592869259613211,0.5740372553317953,1
347.305,-0.4,0.10785552355903474,0.09968735484149902,0.11272707319151219,0.11029129837527346,2
347.305,-0.32,0.08774002714077193,0.07934071132488395,0.09643305148980602,0.09208653931528898,2
347.305,-0.24,0.07082099044510096,0.062253382900901176,0.08647554317829109,0.07864826681169602,2
347.305,-0.16,0.05715340825764689,0.04846626000588525,0.07154997610732464,0.06435169218248576,2
347.305,-0.08,0.0483070017015408,0.03955122986772908,0.05783936706103,0.0530731843812854,2
347.305,0.0,0.04602409764143987,0.0372714804083914,0.04372524827035354,0.044874672955896706,2
347.305,0.08,0.04765073035352232,0.03895790294894214,0.0353910021852183,0.04152086626937031,2
347.305,0.14,0.05412148320099224,0.04551301751687635,0.032629403084426925,0.04337544314270958,2
347.305,0.20000000000000004,0.06344136125313764,0.054947795317908735,0.028896876475946912,0.04616911886454227,2
347.305,0.25,0.0779029594578704,0.06957788884433252,0.03464229866311096,0.05627262906049068,2
347.305,0.3,0.10169546644920512,0.09362583633884769,0.04783912518109118,0.07476729581514815,2
347.305,0.3499999999999999,0.1225740274159624,0.1147369783087574,0.05581423957159619,0.0891941334937793,2
347.305,0.4,0.1496501677319314,0.14213638969175355,0.07878115933301494,0.11421566353247317,2
347.305,0.45,0.18683553913608938,0.17974288138905908,0.10452579728923592,0.14568066821266265,2
347.305,0.5,0.22408952209616448,0.21745007912309028,0.13977779916774535,0.18193366063195493,2
347.305,0.53,0.24785589059621332,0.24152210579160371,0.16353345330166053,0.20569467194893692,2
347.305,0.55,0.26424604915973704,0.2581365636909007,0.18002533972163876,0.2221356944406879,2
347.305,0.57,0.2814360834035685,0.2755298053265422,0.19670331845435865,0.23906970092896357,2
347.305,0.59,0.296524551734517,0.2908155504695875,0.212852933798102,0.2546887427663095,2
347.305,0.6,0.30306290012357895,0.2974619362784675,0.2205041809982239,0.2617835405609014,2
347.305,0.61,0.3163868362329547,0.31094990080855245,0.23569963715361225,0.27604323669328346,2
347.305,0.63,0.33309761093724954,0.3278793367882784,0.2518311983792745,0.292464404658262,2
347.305,0.65,0.35675304643057026,0.3518186300991899,0.27564375084629417,0.31619839863843224,1
347.305,0.66,0.3612544793543584,0.35640395514276635,0.2849163883055579,0.32308543382995814,2
347.305,0.7,0.38974458701252684,0.3853096953005335,0.31610396956812253,0.3529242782903247,2
347.305,0.75,0.42688548214745475,0.4229636929605169,0.3632496085474255,0.39506754534744015,2
347.305,0.85,0.49750199537101947,0.4945348026980565,0.4402411638128622,0.4688715795919408,1
347.305,0.95,0.543678399815752,0.5414270888121007,0.5036462422686347,0.5236623210421933,1
347.305,1.05,0.5872360352982264,0.5855688396882511,0.5609268325810914,0.5740814339396589,1
348.693,-0.4,0.11033982662281619,0.10220904832555212,0.11380041433957191,0.11207012048119405,2
348.693,-0.32,0.09020578775136964,0.08184362241287081,0.09735073458465426,0.09377826116801195,2
348.693,-0.24,0.07313568530733554,0.0646045265303363,0.08776562326893433,0.08045065428813494,2
348.693,-0.16,0.059202468300011385,0.050549902791075685,0.0725761570946836,0.06588931269734749,2
348.693,-0.08,0.050063999336126465,0.041340231156494434,0.05864582941430578,0.054354914375216126,2
348.693,0.0,0.047145333845845655,0.03841838455299438,0.044114322026149747,0.0456298279359977,2
348.693,0.08,0.048146463923743235,0.039472024945608905,0.035572050831993496,0.041859257377868365,2
348.693,0.14,0.054153186759569524,0.045559056292811095,0.03236758783252326,0.04326038729604639,2
348.693,0.20000000000000004,0.06308871451747486,0.05460426769378637,0.028262868583260943,0.0456757915503679,2
348.693,0.25,0.07667043111526466,0.06834390353239637,0.03371698590120122,0.055193708508232936,2
348.693,0.3,0.0998377946943476,0.09175915524786493,0.04635189121614923,0.07309484295524842,2
348.693,0.3499999999999999,0.12001475964236923,0.11215860508539995,0.05408205489091071,0.08704840726663997,2
348.693,0.4,0.14634880119018046,0.13880393765785265,0.07652271760510174,0.1114357593976411,2
348.693,0.45,0.18297126244870127,0.1758382171298551,0.10192705359755416,0.14244915802312771,2
348.693,0.5,0.219543758477298,0.21285003788539977,0.13671174833187527,0.17812775340458664,2
348.693,0.53,0.2430226582848338,0.23662967075206243,0.16035654316612466,0.20168960072547923,2
348.693,0.55,0.25914223409573267,0.2529678793877144,0.17675871711840363,0.21795047560706815,2
348.693,0.57,0.2762909113094594,0.2703181532719563,0.19320252337373178,0.23474671734159558,2
348.693,0.59,0.29133751421350473,0.2855614085696417,0.20934817643672782,0.2503428453251163,2
348.693,0.6,0.2976813460100557,0.29200813587709323,0.21696205204983693,0.2573216990299463,2
348.693,0.61,0.31090457698705876,0.305394412414308,0.23206514825304425,0.2714848626200515,2
348.693,0.63,0.3276762581251462,0.32238497320111603,0.24828100278438206,0.28797863045476413,2
348.693,0.65,0.3512012101671242,0.3461897669401003,0.2720341148699279,0.3116176625185261,1
348.693,0.66,0.3555959972293973,0.3506663344111741,0.2811208448000596,0.31835842101472844,2
348.693,0.7,0.38418163393042337,0.3796670483008969,0.3124672866394205,0.3483244602849219,2
348.693,0.75,0.4214557613037328,0.4174537261572324,0.35948119191804156,0.3904684766108872,2
348.693,0.85,0.4924206452831162,0.48937530586645756,0.4365304999513244,0.4644755726172203,1
348.693,0.95,0.5389711883462202,0.5366445164812832,0.5001304022673193,0.5195507953067697,1
348.693,1.05,0.5831330527931053,0.5814011970545409,0.5580201768743445,0.5705766148337249,1
350.086,-0.4,0.11175401956359016,0.10347739251532079,0.1156041955197879,0.11367910754168903,2
350.086,-0.32,0.09159854037873824,0.08308700922078659,0.09912430554692905,0.09536142296283365,2
350.086,-0.24,0.07465208148598132,0.065970214825746,0.08910971242818377,0.08188089695708255,2
350.086,-0.16,0.06063637863410837,0.05183039641936192,0.07394530526451663,0.06729084194931251,2
350.086,-0.08,0.05146799282469063,0.04258990039161301,0.059490905200902694,0.05547944901279667,2
350.086,0.0,0.048256495559389316,0.039371222054910775,0.04496518001578792,0.04661083778758862,2
350.086,0.08,0.04901331266334563,0.040179391045178064,0.035779371019582173,0.0423963418414639,2
350.086,0.14,0.054695573807810635,0.04593930384967245,0.03231198695651313,0.043503780382161884,2
350.086,0.20000000000000004,0.06334117657876503,0.054693210486437174,0.028219141885561995,0.04578015923216351,2
350.086,0.25,0.07665873898501145,0.06816855974883398,0.03350980954437423,0.05508427426469284,2
350.086,0.3,0.09910523355549,0.09085783149292449,0.045769542674053636,0.07243738811477182,2
350.086,0.3499999999999999,0.11898467633325462,0.11096056160857465,0.053375038519550534,0.08617985742640258,2
350.086,0.4,0.14472219942034725,0.13700633253030728,0.07572258869510379,0.11022239405772552,2
350.086,0.45,0.181070486938539,0.17377038428461966,0.1009378953011164,0.1410041911198277,2
350.086,0.5,0.21729095185563704,0.2104324999199585,0.13566689892917627,0.17647892539240667,2
350.086,0.53,0.24061804509974474,0.2340634507977767,0.159138195650218,0.19987812037498137,2
350.086,0.55,0.2567241788186589,0.2503923541178342,0.17577560504432227,0.21624989193149058,2
350.086,0.57,0.2737723336539246,0.2676454093501212,0.19214246478332325,0.23295739921862393,2
350.086,0.59,0.28863438684365816,0.28270478303914526,0.2082295476042399,0.24843196722394903,2
350.086,0.6,0.2949887211130411,0.28916431627397443,0.21589367767146136,0.25544119939225124,2
350.086,0.61,0.30834435324173404,0.3026873059577567,0.23098938632234553,0.2696668697820398,2
350.086,0.63,0.3250035057137256,0.31956728988331917,0.2472111668612831,0.28610733628750434,2
350.086,0.65,0.34855194207123286,0.3434017823671687,0.27105100945411953,0.3098014757626762,1
350.086,0.66,0.35293271526315007,0.34786644246548026,0.28004419703200534,0.3164884561475777,2
350.086,0.7,0.3815728018095539,0.3769300754074254,0.3116057185468518,0.34658926017820285,2
350.086,0.75,0.4189296903344637,0.41481051417595816,0.35883883324906274,0.3888842617917632,2
350.086,0.85,0.48996678404423527,0.4868249473489957,0.43595501182703766,0.46296089793563644,1
350.086,0.95,0.5370572066453001,0.534655115687314,0.49985885008002234,0.5184580283626612,1
350.086,1.05,0.5815314199749727,0.5797403964366843,0.5582387793327265,0.5698850996538496,1
351.486,-0.4,0.11085245393376303,0.10279471443828866,0.11436911825045976,0.11261078609211139,2
351.486,-0.32,0.0903272556020212,0.08203646697197327,0.09779966913826739,0.09406346237014429,2
351.486,-0.24,0.07299117305135946,0.06452910112692355,0.08806922196027606,0.08053019750581776,2
351.486,-0.16,0.05880713275184077,0.050221639511831326,0.07292106432931007,0.06586409854057543,2
351.486,-0.08,0.049466422639549805,0.04080819647344501,0.05858357526580135,0.05402499895267558,2
351.486,0.0,0.04622452331139364,0.03755885987333647,0.04429235770981149,0.045258440510602564,2
351.486,0.08,0.04718003589249889,0.03856572181636398,0.03543230355346749,0.04130616972298319,2
351.486,0.14,0.052848840748917235,0.04430974590520689,0.032238977414188276,0.042543909081552755,2
351.486,0.20000000000000004,0.06152763485316123,0.05309380331756795,0.028275706857372657,0.044901670855266945,2
351.486,0.25,0.07526391727171573,0.06698828769026716,0.033859490768131495,0.054561704019923614,2
351.486,0.3,0.09820901353795844,0.09017559738656161,0.04643958744585,0.07232430049190422,2
351.486,0.3499999999999999,0.11869199773960117,0.11088310690091602,0.054065739750969496,0.08637886874528533,2
351.486,0.4,0.14531835642819496,0.13782375592524176,0.07679317243374584,0.1110557644309704,2
351.486,0.45,0.1821894950392991,0.1751078616469554,0.10223137698979048,0.1422104360145448,2
351.486,0.5,0.21933261732675563,0.21269759815686698,0.13720354015199973,0.17826807873937767,2
351.486,0.53,0.24314846884720515,0.23681783438653692,0.16077192697596127,0.2019601979115832,2
351.486,0.55,0.2594236124354921,0.2533130103015799,0.17739145485102098,0.21840753364325655,2
351.486,0.57,0.2766788612390273,0.27077049552613774,0.19393386518582623,0.23530636321242676,2
351.486,0.59,0.2918563532183557,0.2861459096142114,0.21009706367316042,0.25097670844575803,2
351.486,0.6,0.2983978324901209,0.2927933160889956,0.21757265491397298,0.25798524370204695,2
351.486,0.61,0.3117800677170911,0.30633896441249164,0.23283754917586483,0.272308808446478,2
351.486,0.63,0.32869753161180976,0.32347657292269105,0.24893739005007026,0.28881746083094,2
351.486,0.65,0.35251012136810106,0.3475713986243013,0.2730170576429717,0.3127635895055364,1
351.486,0.66,0.3569621899905324,0.3521065439965858,0.28208573530415704,0.31952396264734473,2
351.486,0.7,0.38589415039849567,0.3814564185454713,0.3135086390963113,0.34970139474740347,2
351.486,0.75,0.42338683096851404,0.41946149895470475,0.3606430682088352,0.3920149495886746,2
351.486,0.85,0.49479211265721135,0.49182421718432134,0.4378997992858082,0.46634595597150974,1
351.486,0.95,0.541757317836641,0.5395079085563896,0.5017112366897467,0.5217342772631939,1
351.486,1.05,0.5861005190653947,0.5844420756681541,0.5595998936264364,0.5728502063459155,1
352.891,-0.4,0.11212353128744942,0.10452992529331598,0.11637426441908805,0.11424889785326874,2
352.891,-0.32,0.09163228533076642,0.08381831901824875,0.09980896916912803,0.09572062724994723,2
352.891,-0.24,0.07418077724799568,0.06620384371051405,0.08979579213065905,0.08198828468932737,2
352.891,-0.16,0.060002864851942325,0.051909076846457236,0.07440162126621475,0.06720224305907854,2
352.891,-0.08,0.050494099429829846,0.042329049536791494,0.06016632035061108,0.05533020989022046,2
352.891,0.0,0.04714902283412904,0.03897599027407883,0.045677366500864486,0.046413194667496764,2
352.891,0.08,0.04771048703397161,0.03958288573444696,0.0360894253115672,0.041899956172769405,2
352.891,0.14,0.05327757391245014,0.04522026901739436,0.03286806308923473,0.043072818500842436,2
352.891,0.20000000000000004,0.06182788177342482,0.05387031852985766,0.02831278815726451,0.04507033496534466,2
352.891,0.25,0.07502001624209251,0.06720724591214544,0.03352324722317988,0.054271631732636195,2
352.891,0.3,0.0977022248383439,0.09011684995164537,0.04578930932179082,0.07174576708006736,2
352.891,0.3499999999999999,0.11755026442976439,0.11017018350360491,0.05323575350384564,0.08539300896680502,2
352.891,0.4,0.14331960451335338,0.1362236860320511,0.07559819471676547,0.10945889961505942,2
352.891,0.45,0.1794694272521399,0.1727513173216731,0.10051284256298161,0.13999113490756077,2
352.891,0.5,0.21576621737332613,0.20945363328403016,0.13512284484165993,0.17544453110749303,2
352.891,0.53,0.23910963450840386,0.2330744255393517,0.15846264753840972,0.1987861410234068,2
352.891,0.55,0.2552194200770158,0.24938769350448825,0.17506619313946242,0.21514280660823912,2
352.891,0.57,0.2722226448134106,0.2665766159877052,0.19140643552316636,0.23181454016828845,2
352.891,0.59,0.2871913091054054,0.28172680914680104,0.20730571149934332,0.24724851030237438,2
352.891,0.6,0.2936208254627636,0.28825371790299936,0.2150768748828277,0.2543488501727956,2
352.891,0.61,0.30684131133797055,0.30162520553978256,0.23018112720710335,0.26851121927253696,2
352.891,0.63,0.3234795170910103,0.31846585944390066,0.24614307477985845,0.28481129593543436,2
352.891,0.65,0.34714453007250734,0.3423934484822572,0.2699895285613656,0.30856702931693647,1
352.891,0.66,0.35149282585778396,0.3468175120467374,0.2791552031918023,0.31532401452479314,2
352.891,0.7,0.3800381081091584,0.3757491682425788,0.31052132314393455,0.34527971562654647,2
352.891,0.75,0.4172889964361257,0.41347775633336553,0.3576540581255282,0.38747152728082696,2
352.891,0.85,0.48835240017665776,0.48543594116456495,0.4345245696825,0.46143848492957884,1
352.891,0.95,0.5352930097125987,0.533054085096774,0.4984224715788813,0.51685774064574,1
352.891,1.05,0.5797742760372588,0.5780963888159307,0.5565337663730076,0.5681540212051333,1
354.301,-0.4,0.11523640843040234,0.1081001410337182,0.11888415757407092,0.11706028300223663,2
354.301,-0.32,0.09424558660717253,0.08689468682533923,0.10203356526099028,0.0981395759340814,2
354.301,-0.24,0.07637765451177553,0.06886897037627834,0.09176025277075527,0.0840689536412654,2
354.301,-0.16,0.06153124376937609,0.05390618338866253,0.0761696261083405,0.06885043493885828,2
354.301,-0.08,0.05145409788423065,0.04375766026818487,0.06149637062341459,0.05647523425382262,2
354.301,0.0,0.047160654252628526,0.03944864515478025,0.04643689997741318,0.046798777115020854,2
354.301,0.08,0.046811787470890195,0.03913446581686322,0.036486971242010384,0.041649379356450286,2
354.301,0.14,0.05171236816320573,0.044095358341622704,0.03239674826811258,0.04205455821565915,2
354.301,0.20000000000000004,0.059396050251313684,0.05186434285241407,0.0275226711224205,0.04345936068686709,2
354.301,0.25,0.07219544005441864,0.06479603458170612,0.032302522677059756,0.052248981365739196,2
354.301,0.3,0.09400485238165893,0.0868107733621965,0.04383648637747424,0.06892066937956659,2
354.301,0.3499999999999999,0.11344598611489365,0.10643945758522017,0.05097895292588543,0.08221246952038955,2
354.301,0.4,0.13879921786785965,0.13205472483387062,0.07286954688904117,0.10583438237845041,2
354.301,0.45,0.17452224674057235,0.16812812230458513,0.09753444001391358,0.13602834337724296,2
354.301,0.5,0.21059347886948754,0.20457869426462116,0.1317919327259568,0.17119270579772217,2
354.301,0.53,0.23383775471368906,0.22808346203318436,0.15497793208119232,0.1944078433974407,2
354.301,0.55,0.24993446447101017,0.24437134266027524,0.17157348620337196,0.21075397533719106,2
354.301,0.57,0.26694229891520543,0.2615548042328991,0.18789231149671554,0.22741730520596048,2
354.301,0.59,0.2818681689603655,0.2766513918899978,0.20380671565526282,0.24283744230781415,2
354.301,0.6,0.2883596896623538,0.28323594105480965,0.21146106153265876,0.24991037559750628,2
354.301,0.61,0.30158331104911196,0.2966020351521994,0.22658789029301707,0.2640856006710645,2
354.301,0.63,0.3183782044185276,0.31358937775501866,0.24262484420381497,0.28050152431117126,2
354.301,0.65,0.3419644876571599,0.3374232806465176,0.2663574015860252,0.3041609446215926,1
354.301,0.66,0.3465157539040313,0.3420489741176771,0.27568618540151435,0.3111009696527728,2
354.301,0.7,0.37533866001715127,0.37123993622707696,0.30720482316245057,0.3412717415898009,2
354.301,0.75,0.4129506558805007,0.40930707065096283,0.3545608898058087,0.3837557728431547,2
354.301,0.85,0.4850034516658052,0.4822157406543754,0.4319054735682159,0.45845446261701056,1
354.301,0.95,0.5326923758413917,0.5305518445475821,0.4965224624556492,0.5146074191485205,1
354.301,1.05,0.5778458627985412,0.5762402062705343,0.5553297248956501,0.5665877938470957,1
355.717,-0.4,0.11624638000732958,0.10882809058990742,0.12045568860528987,0.11835103430630972,2
355.717,-0.32,0.09550797071387909,0.08786802060972074,0.10347211607950027,0.09949004339668968,2
355.717,-0.24,0.07797174562144939,0.07016907614696068,0.09331442937479664,0.08564308749812302,2
355.717,-0.16,0.06337230182571962,0.055452127546437815,0.07717080141327601,0.07027155161949782,2
355.717,-0.08,0.05336766190329163,0.04537515082072513,0.06268493055289215,0.05802629622809189,2
355.717,0.0,0.04933876339800748,0.0413353156948541,0.04741493250892319,0.048376847953465335,2
355.717,0.08,0.04920541490017809,0.04124436504697891,0.03747722130695368,0.04334131810356588,2
355.717,0.14,0.05386570693646088,0.04596685687538553,0.033072139242778,0.04346892308961944,2
355.717,0.20000000000000004,0.061281665902263985,0.053469982399410046,0.027808811884531225,0.04454523889339761,2
355.717,0.25,0.07361299748613315,0.06593394005063943,0.03272433616302099,0.05316866682457707,2
355.717,0.3,0.09496268864503768,0.08749168301319563,0.044158229558811025,0.06956045910192435,2
355.717,0.3499999999999999,0.11403117445418579,0.10674936179252756,0.05105158766791359,0.08254138106104969,2
355.717,0.4,0.1385647002270683,0.13154369086560055,0.07270859421162917,0.10563664721934873,2
355.717,0.45,0.17359063689376042,0.16692236306640468,0.09725755351922168,0.13542409520649104,2
355.717,0.5,0.20866645690594549,0.20237648608701547,0.13142674793963063,0.17004660242278807,2
355.717,0.53,0.2314963738814315,0.2254697276402598,0.15451798406683487,0.19300717897413316,2
355.717,0.55,0.24734635468420854,0.24151481655969964,0.17107163854234722,0.20920899661327788,2
355.717,0.57,0.26397500672842145,0.25831963400929625,0.18734561535520217,0.2256603110418118,2
355.717,0.59,0.27871785755119405,0.27323682756094014,0.20326953657159175,0.2409936970613929,2
355.717,0.6,0.28496933750849773,0.2795820239875145,0.2107884660485747,0.24787890177853622,2
355.717,0.61,0.2982076363907672,0.29296833807837297,0.22592242625384423,0.26206503132230574,2
355.717,0.63,0.31468618366664086,0.3096428237815808,0.24198537445524443,0.27833577906094265,2
355.717,0.65,0.33790366360470936,0.3331124428108888,0.2654982192231861,0.30170094141394777,1
355.717,0.66,0.3425097552684707,0.33779617208367896,0.2750217327012081,0.3087657439848394,2
355.717,0.7,0.37102197120696634,0.36668815447908615,0.306640984277187,0.33883147774207667,2
355.717,0.75,0.4084916736375278,0.40463064950423194,0.3537722487945987,0.38113196121606324,2
355.717,0.85,0.48004477721711447,0.47707210312485354,0.4311951257550717,0.4556199514860931,1
355.717,0.95,0.528434749739056,0.5261464802937561,0.4958949404073061,0.512164845073181,1
355.717,1.05,0.5742719945154369,0.5725501806230133,0.5547739252534272,0.564522959884432,1
357.139,-0.4,0.11888558204501018,0.11219863902301647,0.12210765388441154,0.12049661796471087,2
357.139,-0.32,0.09762143115412017,0.09072647556753584,0.10504020123838712,0.10133081619625364,2
357.139,-0.24,0.07962574676243042,0.07257863388194626,0.0945651059568034,0.08709542635961691,2
357.139,-0.16,0.0646093781441722,0.05745092511653054,0.07853961040998358,0.07157449427707789,2
357.139,-0.08,0.05430134624789168,0.04707476819236825,0.06372317723303408,0.05901226174046288,2
357.139,0.0,0.049596721358121196,0.04235536452682008,0.048057217149462955,0.048826969253792075,2
357.139,0.08,0.04877801360708185,0.041570772112818524,0.03764777834166319,0.04321289597437252,2
357.139,0.14,0.05282985222979962,0.04567562425474345,0.03290033967871761,0.042865095954258615,2
357.139,0.20000000000000004,0.059520575247060545,0.052439944876011946,0.027444788331609165,0.04348268178933486,2
357.139,0.25,0.07118901042756265,0.06422280428620522,0.031993013009576333,0.05159101171856949,2
357.139,0.3,0.09209318161742415,0.08531158464762631,0.042715713059970295,0.06740444733869722,2
357.139,0.3499999999999999,0.11043348613473915,0.10381511003895166,0.049313430218845086,0.07987345817679212,2
357.139,0.4,0.1347150603465317,0.12832676554700517,0.07064097418572375,0.10267801726612771,2
357.139,0.45,0.169235397509164,0.16315838364167579,0.09473956385557235,0.13198748068236818,2
357.139,0.5,0.20380392421547516,0.19806001335266998,0.1286575450284052,0.16623073462194018,2
357.139,0.53,0.22662761855064678,0.22112133227694292,0.1515347175589426,0.1890811680547947,2
357.139,0.55,0.24222277787403285,0.23688756246578183,0.16808876180062982,0.20515576983733133,2
357.139,0.57,0.25892343639692117,0.2537486537884481,0.18429340050334758,0.22160841845013438,2
357.139,0.59,0.27371082670468244,0.2686935547430401,0.20022395285537603,0.23696738978002924,2
357.139,0.6,0.2799580515066087,0.27502470969847537,0.20763289292258041,0.24379547221459455,2
357.139,0.61,0.2930252286136485,0.28822359695377986,0.2226370679223822,0.25783114826801534,2
357.139,0.63,0.3094917389122963,0.3048671512980496,0.23877301013818936,0.27413237452524286,2
357.139,0.65,0.33274197576576936,0.3283461388076411,0.2622179478307381,0.29747996179825376,1
357.139,0.66,0.33746040288345924,0.33313595448800903,0.2717931137454265,0.30462675831444286,2
357.139,0.7,0.3659681956006734,0.3619881787945428,0.3034253347698248,0.3346967651852491,2
357.139,0.75,0.4035950741938531,0.40004601270491225,0.3505812889893817,0.3770881815916174,2
357.139,0.85,0.47627596762293684,0.47354755359533635,0.428463782206259,0.4523698749145979,1
357.139,0.95,0.5253447187133149,0.5232461142302051,0.49352358212513947,0.5094341504192272,1
357.139,1.05,0.5721223496715647,0.5705487899547587,0.5532135112955907,0.5626679304835778,1
358.567,-0.4,0.11686945917684713,0.11029941776088205,0.1212428077863261,0.11905613348158661,2
358.567,-0.32,0.09569861910428726,0.08892645445698985,0.10428174017890314,0.0999901796415952,2
358.567,-0.24,0.07789532088510857,0.07097574967152177,0.09399796377158069,0.08594664232834463,2
358.567,-0.16,0.06297587607597015,0.055948162144965785,0.07780327621965383,0.070389576147812,2
358.567,-0.08,0.05271864886935736,0.04562370662534414,0.06312530701612756,0.05792197794274246,2
358.567,0.0,0.0483477607643337,0.04123993754477108,0.047783220214587176,0.04806549048946043,2
358.567,0.08,0.04794023073792378,0.04086821964242117,0.03774949367716891,0.042844862207546346,2
358.567,0.14,0.05254129273703901,0.04552448080432732,0.033219806502039886,0.04288054961953945,2
358.567,0.20000000000000004,0.05989763137682493,0.052959010710092416,0.02769875947321785,0.04379819542502139,2
358.567,0.25,0.07198532180907544,0.06516297657007883,0.03239372815738237,0.0521895249832289,2
358.567,0.3,0.09340181570399772,0.08676588556493606,0.04360619646197121,0.06850400608298446,2
358.567,0.3499999999999999,0.11216213013425289,0.10569168860073912,0.050410340231966125,0.08128623518310951,2
358.567,0.4,0.13664409145750783,0.13040325996741414,0.07195839810506692,0.10430124478128738,2
358.567,0.45,0.17152129025862006,0.16559056219981336,0.09623266517961407,0.13387697771911705,2
358.567,0.5,0.20631236461253522,0.20071120916914095,0.13024675032096572,0.16827955746675047,2
358.567,0.53,0.22895757642332237,0.22358569007667406,0.15321008529601818,0.1910838308596703,2
358.567,0.55,0.24481957953569733,0.2396196528351056,0.1698893662724641,0.2073544729040807,2
358.567,0.57,0.26140144581375946,0.2563561693853783,0.1861675148546774,0.22378448033421844,2
358.567,0.59,0.27617171668218904,0.27128047057454785,0.20208036998892573,0.23912604333555737,2
358.567,0.6,0.2823556810206838,0.27754616914817365,0.20954334078384196,0.24594951090226289,2
358.567,0.61,0.2954941060781362,0.2908137331233236,0.22466460684041367,0.26007935645927494,2
358.567,0.63,0.3118387786391862,0.3073289920895905,0.24066254497387782,0.276250661806532,2
358.567,0.65,0.3351382168251954,0.33085337366272394,0.2642341890999733,0.29968620296258436,1
358.567,0.66,0.33962788500514696,0.3354084125855749,0.27368152783861666,0.3066547064218818,2
358.567,0.7,0.36808245766213205,0.3641977360576164,0.30527764394086576,0.3366800508014989,2
358.567,0.75,0.40535232343431077,0.40188229445428614,0.3523410867109652,0.37884670507263796,2
358.567,0.85,0.4769740938635293,0.4742904793170103,0.430040795659813,0.45350744476167115,1
358.567,0.95,0.5253099702060579,0.5232326662226392,0.4948973020391022,0.51010363612258,1
358.567,1.05,0.5711892341688274,0.5696158966194508,0.5538443658511998,0.5625168000100136,1
360.0,-0.4,0.12489220342477236,0.11787791055068075,0.12441564720099287,0.12465392531288261,2
360.0,-0.32,0.10305522636503475,0.09581511094480909,0.10734544442840252,0.10520033539671864,2
360.0,-0.24,0.08431472644468381,0.07690602295732069,0.09666215943233578,0.0904884429385098,2
360.0,-0.16,0.06841999751078542,0.06088483910260336,0.0804125783881163,0.07441628794945086,2
360.0,-0.08,0.056932497908818505,0.0493124117237394,0.0652702158572259,0.0611013568830222,2
360.0,0.0,0.050950292527174944,0.04330060323002209,0.04942072221664476,0.050185507371909854,2
360.0,0.08,0.04867812327599638,0.04104869862101062,0.03833199181829397,0.043505057547145176,2
360.0,0.14,0.05189954228044777,0.04431616747801319,0.03317802905131256,0.042538785665880166,2
360.0,0.20000000000000004,0.05774704336750056,0.05023371330148063,0.027099572860374573,0.04242330811393757,2
360.0,0.25,0.06857418038637832,0.061174420425934795,0.030882940133555116,0.04972856025996672,2
360.0,0.3,0.08843022496583929,0.08121616268796551,0.04082788758631343,0.06462905627607636,2
360.0,0.3499999999999999,0.10602962290040133,0.09898134837934677,0.04698164501525857,0.07650563395782994,2
360.0,0.4,0.12920544987474486,0.12239043439336195,0.06764457988812649,0.09842501488143568,2
360.0,0.45,0.16286679011342772,0.15637194709752927,0.09106772605805022,0.12696725808573897,2
360.0,0.5,0.1970206664333111,0.1908731048245823,0.12434602552141694,0.160683345977364,2
360.0,0.53,0.21931843417279642,0.2134129323515578,0.1469347007704836,0.18312656747164002,2
360.0,0.55,0.23487153161382127,0.22914667663304733,0.16332899252178879,0.199100262067805,2
360.0,0.57,0.251359883346557,0.24580070996776654,0.17935600837971838,0.2153579458631377,2
360.0,0.59,0.2659025249625324,0.2605055870878561,0.19513728073199543,0.23051990284726392,2
360.0,0.6,0.2722577770182691,0.2669512164053115,0.202464859568868,0.23736131829356855,2
360.0,0.61,0.28520984136822625,0.2800389485445187,0.2175826975147403,0.2513962694414833,2
360.0,0.63,0.30161457855693763,0.29662714069161944,0.23354050180739166,0.2675775401821646,2
360.0,0.65,0.3249800619207103,0.3202356932444985,0.2569388670328916,0.29095946447680093,1
360.0,0.66,0.329461094400495,0.3247874393161151,0.266346713596633,0.297903903998564,2
360.0,0.7,0.35811967254555094,0.3538069249685788,0.2978468978971289,0.3279832852213399,2
360.0,0.75,0.39578647877638296,0.39192352008854625,0.3449992412770765,0.3703928600267297,2
360.0,0.85,0.4684628911977647,0.4654563067746141,0.4232190589885404,0.44584097509315257,1
360.0,0.95,0.5178452516598819,0.5155017876082068,0.4886913216934742,0.503268286676678,1
360.0,1.05,0.5648136907635101,0.5630255513506773,0.5488566569507225,0.5568351738571162,1
